# Resource object code (Python 3)
# Created by: object code
# Created by: The Resource Compiler for Qt version 6.10.1
# WARNING! All changes made in this file will be lost!

from PySide6 import QtCore

qt_resource_data = b"\
\x00\x00\x00\xf9\
<\
?xml version=\x221.\
0\x22 standalone=\x22n\
o\x22?>\x0a<!DOCTYPE s\
vg PUBLIC \x22-//W3\
C//DTD SVG 1.1//\
EN\x22 \x22http://www.\
w3.org/Graphics/\
SVG/1.1/DTD/svg1\
1.dtd\x22>\x0a<svg vie\
wBox=\x220 0 24 24\x22\
 xmlns=\x22http://w\
ww.w3.org/2000/s\
vg\x22>\x0a    <path d\
=\x22M8 5v14l11-7z\x22\
 fill=\x22#202124\x22/\
>\x0a</svg>\
\x00\x00\x00\xf9\
<\
svg xmlns=\x22http:\
//www.w3.org/200\
0/svg\x22 width=\x2224\
\x22 height=\x2224\x22 vi\
ewBox=\x220 0 24 24\
\x22 fill=\x22none\x22 st\
roke=\x22currentCol\
or\x22 stroke-width\
=\x222\x22 stroke-line\
cap=\x22round\x22 stro\
ke-linejoin=\x22rou\
nd\x22><rect x=\x223\x22 \
y=\x223\x22 width=\x2218\x22\
 height=\x2218\x22 rx=\
\x222\x22 ry=\x222\x22></rec\
t></svg>\
\x00\x00\x01\x0b\
<\
?xml version=\x221.\
0\x22 standalone=\x22n\
o\x22?>\x0a<!DOCTYPE s\
vg PUBLIC \x22-//W3\
C//DTD SVG 1.1//\
EN\x22 \x22http://www.\
w3.org/Graphics/\
SVG/1.1/DTD/svg1\
1.dtd\x22>\x0a<svg vie\
wBox=\x220 0 24 24\x22\
 xmlns=\x22http://w\
ww.w3.org/2000/s\
vg\x22>\x0a    <path d\
=\x22M6 19h4V5H6v14\
zm8-14v14h4V5h-4\
z\x22 fill=\x22#202124\
\x22/>\x0a</svg>\
\x00\x00n\x19\
\xff\
\xd8\xff\xe0\x00\x10JFIF\x00\x01\x01\x00\x00\x01\x00\
\x01\x00\x00\xff\xdb\x00C\x00\x03\x02\x02\x03\x02\x02\x03\x03\
\x03\x03\x04\x03\x03\x04\x05\x08\x05\x05\x04\x04\x05\x0a\x07\x07\
\x06\x08\x0c\x0a\x0c\x0c\x0b\x0a\x0b\x0b\x0d\x0e\x12\x10\x0d\x0e\
\x11\x0e\x0b\x0b\x10\x16\x10\x11\x13\x14\x15\x15\x15\x0c\x0f\x17\
\x18\x16\x14\x18\x12\x14\x15\x14\xff\xdb\x00C\x01\x03\x04\x04\
\x05\x04\x05\x09\x05\x05\x09\x14\x0d\x0b\x0d\x14\x14\x14\x14\x14\
\x14\x14\x14\x14\x14\x14\x14\x14\x14\x14\x14\x14\x14\x14\x14\x14\
\x14\x14\x14\x14\x14\x14\x14\x14\x14\x14\x14\x14\x14\x14\x14\x14\
\x14\x14\x14\x14\x14\x14\x14\x14\x14\x14\x14\x14\x14\xff\xc0\x00\
\x11\x08\x01\x02\x01\x02\x03\x01\x22\x00\x02\x11\x01\x03\x11\x01\
\xff\xc4\x00\x1f\x00\x00\x01\x05\x01\x01\x01\x01\x01\x01\x00\x00\
\x00\x00\x00\x00\x00\x00\x01\x02\x03\x04\x05\x06\x07\x08\x09\x0a\
\x0b\xff\xc4\x00\xb5\x10\x00\x02\x01\x03\x03\x02\x04\x03\x05\x05\
\x04\x04\x00\x00\x01}\x01\x02\x03\x00\x04\x11\x05\x12!1\
A\x06\x13Qa\x07\x22q\x142\x81\x91\xa1\x08#B\
\xb1\xc1\x15R\xd1\xf0$3br\x82\x09\x0a\x16\x17\x18\
\x19\x1a%&'()*456789:C\
DEFGHIJSTUVWXYZc\
defghijstuvwxyz\x83\
\x84\x85\x86\x87\x88\x89\x8a\x92\x93\x94\x95\x96\x97\x98\x99\x9a\
\xa2\xa3\xa4\xa5\xa6\xa7\xa8\xa9\xaa\xb2\xb3\xb4\xb5\xb6\xb7\xb8\
\xb9\xba\xc2\xc3\xc4\xc5\xc6\xc7\xc8\xc9\xca\xd2\xd3\xd4\xd5\xd6\
\xd7\xd8\xd9\xda\xe1\xe2\xe3\xe4\xe5\xe6\xe7\xe8\xe9\xea\xf1\xf2\
\xf3\xf4\xf5\xf6\xf7\xf8\xf9\xfa\xff\xc4\x00\x1f\x01\x00\x03\x01\
\x01\x01\x01\x01\x01\x01\x01\x01\x00\x00\x00\x00\x00\x00\x01\x02\
\x03\x04\x05\x06\x07\x08\x09\x0a\x0b\xff\xc4\x00\xb5\x11\x00\x02\
\x01\x02\x04\x04\x03\x04\x07\x05\x04\x04\x00\x01\x02w\x00\x01\
\x02\x03\x11\x04\x05!1\x06\x12AQ\x07aq\x13\x22\
2\x81\x08\x14B\x91\xa1\xb1\xc1\x09#3R\xf0\x15b\
r\xd1\x0a\x16$4\xe1%\xf1\x17\x18\x19\x1a&'(\
)*56789:CDEFGHIJ\
STUVWXYZcdefghij\
stuvwxyz\x82\x83\x84\x85\x86\x87\x88\x89\
\x8a\x92\x93\x94\x95\x96\x97\x98\x99\x9a\xa2\xa3\xa4\xa5\xa6\xa7\
\xa8\xa9\xaa\xb2\xb3\xb4\xb5\xb6\xb7\xb8\xb9\xba\xc2\xc3\xc4\xc5\
\xc6\xc7\xc8\xc9\xca\xd2\xd3\xd4\xd5\xd6\xd7\xd8\xd9\xda\xe2\xe3\
\xe4\xe5\xe6\xe7\xe8\xe9\xea\xf2\xf3\xf4\xf5\xf6\xf7\xf8\xf9\xfa\
\xff\xda\x00\x0c\x03\x01\x00\x02\x11\x03\x11\x00?\x00\xfdS\
\xa2\x8a(\x00\xa2\x934f\x80\x16\x8aL\xd1\x9a\x00Z\
)3Fh\x01h\xa2\x934\x00\xb4QE\x00\x14R\
Q\x91\xeb@\x0bE%\x19\xa0\x05\xa2\x934f\x80\x16\
\x8aL\xd2\xd0\x01E\x14\x99\xa0\x05\xa2\x93#\xd6\x8a\x00\
Z)(\xc8\xf5\xa0\x05\xa2\x934f\x80\x16\x8aL\xd1\
\x9a\x00Z(\xa2\x80\x0a(\xa2\x80\x0aC\xc8\xa5\xa4=\
(\x03\xf2\x03\xf6\xf4\xfd\xbc\xfe:\xfc\x15\xfd\xac|u\
\xe0\xdf\x06x\xe7\xfb\x1b\xc3zo\xd8~\xcbe\xfd\x91\
a?\x97\xe6X[\xca\xff\x00<\xb03\x9c\xbc\x8ey\
c\x8c\xe0p\x00\xaf\x00\xff\x00\x87\xa3~\xd3\xbf\xf4S\
?\xf2\x81\xa5\xff\x00\xf25/\xfc\x15\x1f\xfeO\xb3\xe2\
o\xfd\xc3?\xf4\xd7i_\xba\x7f\x14\xbe)\xf8c\xe0\
\xb7\x815?\x19x\xcbS\xfe\xc7\xf0\xde\x9b\xe5}\xaa\
\xf7\xec\xf2\xcf\xe5\xf9\x92\xa4I\xf2D\xac\xe7/\x22\x0e\
\x14\xe39<\x02h\x03\xf0\xaf\xfe\x1e\x8d\xfbN\xff\x00\
\xd1L\xff\x00\xca\x06\x97\xff\x00\xc8\xd4\x7f\xc3\xd1\xbfi\
\xdf\xfa)\x9f\xf9@\xd2\xff\x00\xf9\x1a\xbfU\x8f\xfc\x15\
\x17\xf6c\x07\x07\xe2Y\xcf\xfd\x805O\xfeF\xa4\xff\
\x00\x87\xa2\xfe\xcc\x7f\xf4S\x0f\xfe\x085O\xfeF\xa0\
\x0f\xca\xaf\xf8z7\xed;\xff\x00E3\xff\x00(\x1a\
_\xff\x00#W\xdf\xff\x00\xf0JO\xda\x8f\xe2w\xed\
(~(\xff\x00\xc2\xc7\xf17\xfc$_\xd8\xbf\xd9\x7f\
`\xff\x00@\xb5\xb5\xf2|\xef\xb5\xf9\xbf\xea\x22M\xd9\
\xf2\xa3\xfb\xd9\xc6\xde1\x93\x9fV\xff\x00\x82\xa3\xff\x00\
\xc9\x89\xfcM\xff\x00\xb8g\xfe\x9d-+\xe5O\xf8!\
\x91\xc7\xfc.\xc2z\x0f\xecO\xfd\xbf\xa0\x0f\xd5Z\xfc\
\x7f\xfd\x82\xff\x00o?\x8e\xbf\x1a\xbfk\x1f\x02\xf87\
\xc6~9\xfe\xd9\xf0\xde\xa5\xf6\xef\xb5Y\x7fdXA\
\xe6yv\x17\x12\xa7\xcf\x14\x0a\xe3\x0f\x1a\x1e\x18g\x18\
<\x12+\xf4\x07\xe2\x8f\xed\xe9\xf0+\xe0\xbf\x8e\xb5?\
\x06\xf8\xcb\xc7\x07F\xf1&\x9b\xe5}\xaa\xcb\xfb\x22\xfe\
\x7f/\xcc\x89%O\x9e(\x19\x0eRD<1\xc6p\
pA\x14\x9f\xb7\xaf\xc2\xef\x13\xfch\xfd\x93\xbcs\xe0\
\xdf\x06\xe9\x9f\xdb>$\xd4\xfe\xc3\xf6K/\xb4E\x07\
\x99\xe5\xdf\xdb\xca\xff\x00<\xac\xa80\x91\xb9\xe5\x86q\
\x81\xc9\x02\x80=\xfcp)k\xf2\xab\xf6\x17\xff\x00\x8d\
m\x7f\xc2m\xff\x00\x0d\x1b\xff\x00\x16\xef\xfe\x13_\xb0\
\xff\x00`\xff\x00\xccS\xed\x9fd\xfbG\xda\x7f\xe3\xc7\
\xce\xf2\xf6}\xae\xdf\xfdf\xdd\xdb\xfe\x5c\xedl|W\
\xfbz\xfcQ\xf0\xc7\xc6\x8f\xda\xc7\xc7>2\xf0n\xa7\
\xfd\xb1\xe1\xbdO\xec?d\xbd\xfb<\xb0y\x9e]\x85\
\xbcO\xf2J\xaa\xe3\x0f\x1b\x8eTg\x19\x1c\x10h\x03\
\xf6\xa7\xf6\xf5\xf8\xa3\xe2\x7f\x82\xff\x00\xb2w\x8e|e\
\xe0\xddO\xfb\x1b\xc4\x9ag\xd8~\xc9{\xf6x\xa7\xf2\
\xfc\xcb\xfbx\x9f\xe4\x95Y\x0eRG\x1c\xa9\xc6r9\
\x00\xd7\xe4\x07\xfc=\x17\xf6\x9c\xc6?\xe1fq\xd3\x1f\
\xd8\x1a_\xff\x00#W\x80\xfc-\xf8[\xe2\x7f\x8d>\
;\xd3<\x1b\xe0\xdd3\xfbg\xc4\x9a\x97\x9b\xf6[/\
>(<\xcf.'\x95\xfeyYPa#s\xcb\x0c\
\xe3\x03\x92\x05~\x94~\xc2\xe7\xfe\x1d\xb3\xff\x00\x09\xb1\
\xfd\xa3\x7f\xe2\xdd\x8f\x1a}\x87\xfb\x07\xfeb\x9fl\xfb\
'\xda>\xd3\xff\x00\x1e>\x7f\x97\xb3\xedv\xff\x00\xeb\
6\xee\xdf\xf2\xe7k`\x03\xed_\xd8+\xe2\x8f\x89\xfe\
4~\xc9\xde\x06\xf1\x97\x8c\xb5?\xed\x9f\x12j\x7fn\
\xfb]\xef\xd9\xe2\x83\xcc\xf2\xef\xee\x22O\x92%T\x18\
H\xd0p\xa38\xc9\xe4\x93_\x90\x1f\xf0\xf4o\xdaw\
\xfe\x8ag\xfeP4\xbf\xfeF\xaf\xd5_\xf8z/\xec\
\xc7\xff\x00E0\xff\x00\xe0\x83T\xff\x00\xe4j\xf8\xa7\
\xf6\x0b\xfd\x83>:\xfc\x15\xfd\xac|\x0b\xe3/\x19\xf8\
\x1b\xfb\x1b\xc3zo\xdb\xbe\xd5{\xfd\xafa?\x97\xe6\
X\x5cD\x9f$S\xb3\x9c\xbc\x888S\x8c\xe4\xf0\x09\
\xa0\x0f\x00\xff\x00\x87\xa3~\xd3\xbf\xf4S?\xf2\x81\xa5\
\xff\x00\xf25\x1f\xf0\xf4o\xdaw\xfe\x8ag\xfeP4\
\xbf\xfeF\xaf\xdf\xe1\xc8\xa5\xa0\x0f\xc7\xff\x00\xd8/\xf6\
\xf3\xf8\xeb\xf1\xab\xf6\xb1\xf0/\x83|g\xe3\x9f\xed\x9f\
\x0d\xea_n\xfbU\x97\xf6E\x84\x1eg\x97aq*\
|\xf1@\xae0\xf1\xa1\xe1\x86q\x83\xc1\x22\xbf_\xc7\
\x02\xbc\x07\xe1w\xed\xe9\xf0+\xe3G\x8e\xb4\xcf\x06\xf8\
7\xc7\x07Y\xf1&\xa5\xe6\xfd\x96\xcb\xfb\x22\xfe\x0f3\
\xcb\x89\xe5\x7f\x9eX\x15\x06\x127<\xb0\xce02H\
\x15\xf3\xef\xfc\x15k\xf6^\xf8\x9b\xfbJ\x0f\x85\xc7\xe1\
\xc7\x86\x7f\xe1\x22\x1a(\xd5\x0d\xf9\xfb}\xad\xaf\x93\xe7\
}\x93\xca\xff\x00_*n\xcf\x95'\xdd\xce6\xf3\x8c\
\x8c\x80~\x80\xd7\xe0\x07\xfc=\x1b\xf6\x9d\xff\x00\xa2\x99\
\xff\x00\x94\x0d/\xff\x00\x91\xab\xc0~)|-\xf1?\
\xc1o\x1d\xea~\x0d\xf1\x96\x99\xfd\x8d\xe2M7\xca\xfb\
U\x97\x9f\x14\xfe_\x99\x12J\x9f<L\xc8r\x92!\
\xe1\x8e3\x83\xc8\x22\xbe\xd4\xfd\x96\xff\x00e\xcf\x89\xdf\
\xb1\x7f\xc7o\x0c\xfcd\xf8\xc9\xe1\x9f\xf8C\xbe\x1b\xf8\
k\xed_\xda\xba\xd7\xdb\xedo\xbe\xcd\xf6\x8bYma\
\xfd\xcd\xac\xb2\xcc\xfb\xa6\xb8\x89>D8\xdd\x93\x85\x04\
\x80\x0f)\xff\x00\x87\xa2\xfe\xd3\x87\x83\xf13\x8f\xfb\x00\
i\x7f\xfc\x8d_\xaf\xff\x00\xb0W\xc5\x1f\x13\xfch\xfd\
\x93\xbc\x0d\xe3/\x19j\x7f\xdb>$\xd4\xfe\xdd\xf6\xbb\
\xdf\xb3\xc5\x07\x99\xe5\xdf\xdcD\x9f$J\xa80\x91\xa0\
\xe1Fq\x93\xc9&\xba\xaf\x81\xbf\xb5'\xc3\x0f\xdaH\
k\x7f\xf0\xae|M\xff\x00\x09\x17\xf6/\x91\xf6\xff\x00\
\xf4\x0b\xab_'\xce\xf3<\xbf\xf5\xf1&\xec\xf9R}\
\xdc\xe3o8\xc8\xcf-\xf1G\xf6\xf4\xf8\x15\xf0_\xc7\
Z\x9f\x83|e\xe3\x83\xa3x\x93M\xf2\xbe\xd5e\xfd\
\x91\x7f?\x97\xe6D\x92\xa7\xcf\x14\x0c\x87)\x22\x1e\x18\
\xe388 \x8a\x00O\xdb\xd7\xe2\x8f\x89\xfe\x0b\xfe\xc9\
\xde9\xf1\x97\x83u?\xeco\x12i\x9fa\xfb%\xef\
\xd9\xe2\x9f\xcb\xf3/\xed\xe2\x7f\x92Ud9I\x1cr\
\xa7\x19\xc8\xe4\x03_\x90\x1f\xf0\xf4_\xdapp>&\
q\xff\x00`\x0d/\xff\x00\x91\xab\xf5W\xfe\x0a\x8f\xff\
\x00&'\xf17\xfe\xe1\x9f\xfat\xb4\xaf\x95?\xe0\x86\
G\x1f\xf0\xbb\x09\xe8?\xb1?\xf6\xfe\x80>U\xff\x00\
\x87\xa3~\xd3\xbf\xf4S?\xf2\x81\xa5\xff\x00\xf25\x1f\
\xf0\xf4o\xdaw\xfe\x8ag\xfeP4\xbf\xfeF\xaf\xd8\
\x0f\x8a?\xb7\xa7\xc0\xaf\x82\xfe:\xd4\xfc\x1b\xe3/\x1c\
\x1d\x1b\xc4\x9ao\x95\xf6\xab/\xec\x8b\xf9\xfc\xbf2$\
\x95>x\xa0d9I\x10\xf0\xc7\x19\xc1\xc1\x04W)\
\xff\x00\x0fE\xfd\x98\xff\x00\xe8\xa6\x1f\xfc\x10j\x9f\xfc\
\x8d@\x1f\x95_\xf0\xf4o\xdaw\xfe\x8ag\xfeP4\
\xbf\xfeF\xa3\xfe\x1e\x8d\xfbN\xff\x00\xd1L\xff\x00\xca\
\x06\x97\xff\x00\xc8\xd5\xfbS\xf07\xf6\xa4\xf8c\xfbI\
\xff\x00m\x8f\x87\x1e&\xff\x00\x84\x8b\xfb\x17\xc8\xfb\x7f\
\xfa\x05\xd5\xaf\x93\xe7y\x9eW\xfa\xf8\x93v|\xa9>\
\xeeq\xb7\x9cdg\xf1_\xfe\x0a\x8f\xff\x00'\xd9\xf1\
7\xfe\xe1\x9f\xfak\xb4\xa0\x0f\xdf\xea(\xa2\x80\x0a(\
\xa2\x80\x0aC\xd2\x96\x90\xf4\xa0\x0f\xc0/\xf8*?\xfc\
\x9fg\xc4\xdf\xfb\x86\x7f\xe9\xae\xd2\xbfU?\xe0\xa8\xff\
\x00\xf2b\x9f\x13?\xee\x19\xff\x00\xa7;J\xfc\xab\xff\
\x00\x82\xa3\xff\x00\xc9\xf6|M\xff\x00\xb8g\xfe\x9a\xed\
+\xf5S\xfe\x0a\x8f\xff\x00&'\xf17\xfe\xe1\x9f\xfa\
t\xb4\xa0\x0f\xc0\x1c\xd1\x9a(\xa0\x0f\xdf\xef\xf8*?\
\xfc\x98\x9f\xc4\xdf\xfb\x86\x7f\xe9\xd2\xd2\xbeT\xff\x00\x82\
\x19\x7f\xcdl\xff\x00\xb8'\xfe\xdf\xd7\xd5\x7f\xf0T\x7f\
\xf91?\x89\xbf\xf7\x0c\xff\x00\xd3\xa5\xa5|\xa9\xff\x00\
\x042\xe7\xfe\x17g\xfd\xc1?\xf6\xfe\x80=W\xf6\xa2\
\xff\x00\x82S\x7f\xc3I\xfcu\xf17\xc4\x7f\xf8Z?\
\xf0\x8e\x7fm}\x9b\xfe%\x9f\xf0\x8f\xfd\xab\xc9\xf2m\
b\x83\xfdo\xda\x93v|\xad\xdftcv9\xc6O\
\x95\x7f\xc3\xf3\x7f\xea\x89\xff\x00\xe5\xd7\xff\x00\xdcU\xca\
~\xde\x9f\xb7\x9f\xc7_\x82\xbf\xb5\x8f\x8e\xbc\x1b\xe0\xcf\
\x1c\xff\x00cxoM\xfb\x0f\xd9l\xbf\xb2,'\xf2\
\xfc\xcb\x0by_\xe7\x96\x06s\x97\x91\xcf,q\x9c\x0e\
\x00\x15\xf9\xaf@\x1fU~\xdc\xdf\xb77\xfc6\x88\xf0\
N<\x13\xff\x00\x08w\xfc#_m\xff\x00\x98\xaf\xdb\
\xbe\xd1\xf6\x8f\xb3\xff\x00\xd3\x18\xb6m\xfb?\xbewv\
\xc7?*\xf3_\x7f\xff\x00\xc1)?e\xdf\x86?\xb4\
\xa7\xfc-\x1f\xf8X\xfe\x19\xff\x00\x84\x8b\xfb\x17\xfb/\
\xec\x1f\xe9\xf7V\xbeO\x9d\xf6\xbf7\xfdD\xa9\xbb>\
T\x7f{8\xdb\xc62s\xf7\xff\x00\xfc:\xeb\xf6c\
\xff\x00\xa2f\x7f\xf0\x7f\xaa\x7f\xf2M\x00~U\xff\x00\
\xc1.G\xfcg_\xc3<\xff\x00\xd4O\xff\x00M\x97\
u\xf5O\xfc\x17/\x9f\xf8Rx\xff\x00\xa8\xdf\xfe\xd8\
W\xab~\xd4\x9f\xb2\xe7\xc3\x1f\xd8\xbf\xe0O\x89\xbe2\
|\x1b\xf0\xcf\xfc!\xdf\x12<5\xf6_\xec\xadk\xfb\
B\xea\xfb\xec\xdfh\xba\x8a\xd6o\xdc\xddK,/\xba\
\x1b\x89S\xe7C\x8d\xd9\x18`\x08\xf2\x9f\xd8c\xfe6\
O\xff\x00\x09\xb7\xfc4o\xfc\x5c_\xf8B\xfe\xc5\xfd\
\x83\xff\x000\xbf\xb1\xfd\xaf\xed\x1fi\xff\x00\x8f/'\
\xcc\xdf\xf6K\x7f\xf5\x9b\xb1\xb3\xe5\xc6\xe6\xc8\x07\x95\xfe\
\xcb\xbf\xf0Jo\xf8i?\x81^\x19\xf8\x8f\xff\x00\x0b\
G\xfe\x11\xcf\xed\xaf\xb5\x7f\xc4\xb3\xfe\x11\xff\x00\xb5y\
>M\xd4\xb0\x7f\xad\xfbRn\xcf\x95\xbb\xee\x8cn\xc7\
8\xc9\xf5O\xf8~o\xfdQ?\xfc\xba\xff\x00\xfb\x8a\
\xbc\xaf\xf6\xa4\xfd\xa8\xfe'~\xc5\xff\x00\x1d\xbcM\xf0\
o\xe0\xdf\x89\xbf\xe1\x0e\xf8o\xe1\xaf\xb2\xff\x00eh\
\xbf`\xb5\xbe\xfb7\xda-b\xba\x9b\xf7\xd7QK3\
\xee\x9a\xe2W\xf9\xdc\xe3v\x06\x14\x00>\x7f\xfd\x82\xbe\
\x17xc\xe3G\xedc\xe0o\x06\xf8\xcbL\xfe\xd8\xf0\
\xde\xa7\xf6\xef\xb5\xd9}\xa2X<\xcf.\xc2\xe2T\xf9\
\xe2eq\x87\x8d\x0f\x0c3\x8c\x1e\x09\x14\x01\xf6\xaf\xfc\
?7\x1f\xf3D\xff\x00\xf2\xeb\xff\x00\xee*?\xe1\xf9\
\xdf\xf5D\xff\x00\xf2\xeb\xff\x00\xee*\xf2\xaf\xf8*\xdf\
\xec\xbb\xf0\xc7\xf6l\xff\x00\x85]\xff\x00\x0a\xe7\xc3?\
\xf0\x8e\xff\x00m\x7fj}\xbf\xfd>\xea\xeb\xce\xf2~\
\xc9\xe5\xff\x00\xaf\x95\xf6\xe3\xcd\x93\xee\xe3;\xb9\xce\x06\
>\x00\xa0\x0f\xda\x8f\xd9w\xfe\x09J\x7ff\xcf\x8e\xbe\
\x19\xf8\x8f\xff\x00\x0bG\xfe\x12?\xec_\xb4\xff\x00\xc4\
\xb3\xfe\x11\xff\x00\xb2\xf9\xdeu\xac\xb0\x7f\xad\xfbS\xed\
\xc7\x9b\xbb\xee\x9c\xed\xc7\x19\xc8\xfb\xfb\x8csN\xaf\xcf\
\xff\x00\xf8*\xdf\xedE\xf1;\xf6l\xff\x00\x85^>\
\x1c\xf8\x9b\xfe\x11\xd1\xad\x7fj}\xbf\xfd\x02\xd6\xeb\xce\
\xf2~\xc9\xe5\xff\x00\xaf\x89\xf6\xe3\xcd\x93\xee\xe3;\xb9\
\xce\x06\x00>\x00\xff\x00\x82\xa3\x7f\xc9\xf5\xfcM\xff\x00\
\xb8g\xfe\x9b-+\xea\xbf\xf8n\x7f\xf8y?\xfcc\
\x97\xfc!?\xf0\xae\xbf\xe14\xff\x00\x99\x97\xfbW\xfb\
S\xec\x7fd\xff\x00O\xff\x00\x8fo\x22\x1f3\x7f\xd9\
<\xbf\xf5\x8b\xb7~\xeev\xed?\x9a\xdf\x14\xbe)x\
\x9f\xe3O\x8e\xf5?\x19x\xcbS\xfe\xd9\xf1&\xa5\xe5\
}\xaa\xf7\xc8\x8a\x0f3\xcb\x89\x22O\x92%T\x18H\
\xd0p\xa38\xc9\xe4\x93_\xbf\xdf\x0b\xbf`\xbf\x81_\
\x05\xfcu\xa6x\xcb\xc1\xbe\x07:7\x894\xdf7\xec\
\xb7\xbf\xda\xf7\xf3\xf9~dO\x13\xfc\x92\xce\xc8r\x92\
8\xe5N3\x91\x82\x01\xa0\x0f\x8aO\xfci\x83\xfe\xab\
\x17\xfc,\xaf\xfb\x81\xff\x00g\x7fg\xff\x00\xe0O\x9b\
\xe6}\xbf\xfd\x8d\xbeW\xf1n\xf9W\xfe\x18c\xfe\x1e\
O\xff\x00\x19\x1b\xff\x00\x09\xb7\xfc+\xaf\xf8M?\xe6\
Z\xfe\xca\xfe\xd4\xfb\x1f\xd9?\xd0?\xe3\xe7\xcf\x87\xcc\
\xdf\xf6O3\xfdZ\xed\xdf\xb7\x9d\xbb\x8a\x7f\xc1s>\
_\xf8RX\xe3\x1f\xdbx\xff\x00\xc9\x0a\xf8\xaf\xe1w\
\xed\xe9\xf1\xd7\xe0\xb7\x81t\xcf\x06\xf83\xc7\x03F\xf0\
\xde\x9b\xe6\xfd\x96\xcb\xfb\x22\xc2\x7f/\xcc\x95\xe5\x7f\x9e\
X\x19\xce^G<\xb1\xc6p0\x00\x14\x01\xfa\xff\x00\
\xff\x00\x05G\xff\x00\x93\x13\xf8\x9b\xff\x00p\xcf\xfd:\
ZW\xca\x9f\xf0C/\xf9\xad\x9f\xf7\x04\xff\x00\xdb\xfa\
\xfa\xaf\xfe\x0a\x8f\xff\x00&'\xf17\xfe\xe1\x9f\xfat\
\xb4\xaf\x95?\xe0\x86_\xf3[?\xee\x09\xff\x00\xb7\xf4\
\x01\xf2\xb7\xfc\x15\x1b\x8f\xdb\xaf\xe2g\xfd\xc3?\xf4\xd9\
i_*\xe6\xbe\xaa\xff\x00\x82\xa3\xff\x00\xc9\xf6|M\
\xff\x00\xb8g\xfe\x9a\xed+\xe5Z\x00\xfdS\xff\x00\x82\
\x19\x7f\xcdl\xff\x00\xb8'\xfe\xdf\xd7\xca\xdf\xf0T\x7f\
\xf9>\xcf\x89\xbf\xf7\x0c\xff\x00\xd3]\xa5}S\xff\x00\
\x042\xff\x00\x9a\xd9\xff\x00pO\xfd\xbf\xaf\x95\xbf\xe0\
\xa8\xff\x00\xf2}\x9f\x13\x7f\xee\x19\xff\x00\xa6\xbbJ\x00\
\xfd\xfe\xa2\x8a(\x00\xa2\x8a(\x00\xa4=)i\x0fJ\
\x00\xfc\x02\xff\x00\x82\xa3\xff\x00\xc9\xf6|M\xff\x00\xb8\
g\xfe\x9a\xed+\xf5S\xfe\x1e\x8b\xfb1\xff\x00\xd1L\
?\xf8 \xd5?\xf9\x1a\xbc\xa7\xf6\xa2\xff\x00\x82R\xff\
\x00\xc3J|u\xf17\xc4\x7f\xf8Z?\xf0\x8e\x7fm\
}\x97\xfe%\xbf\xf0\x8f\xfd\xab\xc9\xf2mb\x83\xfdo\
\xda\x93v|\xad\xdftcv9\xc6O\x95\xff\x00\xc3\
\x8c\xff\x00\xea\xb6\x7f\xe5\xa9\xff\x00\xdd\xb4\x01\xf5W\xfc\
=\x17\xf6c\xff\x00\xa2\x98\x7f\xf0A\xaa\x7f\xf25\x1f\
\xf0\xf4_\xd9\x8f\xfe\x8aa\xff\x00\xc1\x06\xa9\xff\x00\xc8\
\xd5\xf2\xaf\xfc8\xcb\x8f\xf9-\x9f\xf9j\x7f\xf7m\x1f\
\xf0\xe3?\xfa\xad\x9f\xf9j\x7f\xf7m\x00u\x7f\xb7\xaf\
\xed\xe7\xf0+\xe3O\xec\x9d\xe3\xaf\x06\xf83\xc7\x07Y\
\xf1&\xa5\xf6\x1f\xb2\xd9\x7fd_\xc1\xe6yw\xf6\xf2\
\xbf\xcf,\x0a\x83\x09\x1b\x9eXg\x18\x1c\x90+\x94\xff\
\x00\x82\x19\x8c\x7f\xc2\xec\xff\x00\xb8'\xfe\xdf\xd1\xff\x00\
\x0e2\xff\x00\xaa\xd9\xff\x00\x96\xa7\xff\x00v\xd7\xd5\x1f\
\xb0\xcf\xec5\xff\x00\x0c]\xff\x00\x09\xb7\xfcV\xdf\xf0\
\x98\xff\x00\xc2K\xf6/\xf9\x84\xfd\x87\xec\xdfg\xfbG\
\xfd7\x97~\xef?\xdb\x1b{\xe7\x80\x0f\xca\xdf\xf8*\
?\xfc\x9fg\xc4\xdf\xfb\x86\x7f\xe9\xae\xd2\xb9O\x8a?\
\xb0_\xc7_\x82\xde\x05\xd4\xfce\xe3?\x03\x8d\x1b\xc3\
zo\x95\xf6\xab\xdf\xed{\x09\xfc\xbf2T\x89>H\
\xa7g9y\x10p\xa7\x19\xc9\xc0\x04\xd7\xe9O\xedE\
\xff\x00\x04\xa5\xff\x00\x86\x94\xf8\xeb\xe2o\x88\xff\x00\xf0\
\xb4\x7f\xe1\x1c\xfe\xda\xfb/\xfcK\x7f\xe1\x1f\xfbW\x93\
\xe4\xda\xc5\x07\xfa\xdf\xb5&\xec\xf9[\xbe\xe8\xc6\xecs\
\x8c\x9f+\xff\x00\x86\xe7\xff\x00\x87\x93\xff\x00\xc69\x7f\
\xc2\x13\xff\x00\x0a\xeb\xfe\x13O\xf9\x99\x7f\xb5\x7f\xb5>\
\xc7\xf6O\xf4\xff\x00\xf8\xf6\xf2!\xf37\xfd\x93\xcb\xff\
\x00X\xbbw\xee\xe7n\xd2\x01\xf0\x07\xc0\xdf\xd9k\xe2\
\x7f\xed%\xfd\xb7\xff\x00\x0a\xe7\xc3?\xf0\x91\x7fb\xf9\
\x1fo\xff\x00O\xb5\xb5\xf2|\xef3\xcb\xff\x00_*\
n\xcf\x95'\xdd\xce6\xf3\x8c\x8c\xfe\xaa~\xcb\x7f\xb5\
\x1f\xc3\x1f\xd8\xbf\xe0O\x86~\x0d\xfcd\xf17\xfc!\
\xdf\x12<5\xf6\xaf\xed]\x17\xfb>\xea\xfb\xec\xdfh\
\xba\x96\xea\x1f\xdfZ\xc5,/\xba\x1b\x88\x9f\xe4s\x8d\
\xd88`@\xf5?\xd8k\xf6\x1a\x1f\xb1\x7f\xfc&\xd9\
\xf1\xb7\xfc&?\xf0\x92\xfd\x8b\xfea?a\xfb7\xd9\
\xfe\xd1\xff\x00M\xe5\xdf\xbb\xcf\xf6\xc6\xde\xf9\xe3\xf2\xb7\
\xfe\x0a\x8d\xff\x00'\xd7\xf13\x1d?\xe2Y\xff\x00\xa6\
\xcbJ\x00\xe5>(\xfe\xc1\x7f\x1d~\x0bx\x17S\xf1\
\x97\x8c\xfc\x0e4o\x0d\xe9\xbeW\xda\xaf\x7f\xb5\xec'\
\xf2\xfc\xc9R$\xf9\x22\x9d\x9c\xe5\xe4A\xc2\x9cg'\
\x00\x13_j\x7f\xc1\x0c\xfe_\xf8]\xb9\xe3\x1f\xd8\x99\
\xff\x00\xc9\xfa\xfa\xaf\xfe\x0a\x8d\xc7\xec)\xf13\xfe\xe1\
\x9f\xfas\xb4\xaf\xca\xbf\xd8g\xf6\xe6\xff\x00\x86/\xff\
\x00\x84\xdb\xfe(\x9f\xf8L\x7f\xe1%\xfb\x17\xfc\xc5~\
\xc3\xf6\x7f\xb3\xfd\xa3\xfe\x98\xcb\xbfw\x9f\xed\x8d\xbd\xf3\
\xc0\x07\xeb\xff\x00\xc5\x1f\xdb\xd3\xe0W\xc1\x7f\x1dj~\
\x0d\xf1\x97\x8e\x0e\x8d\xe2M7\xca\xfbU\x97\xf6E\xfc\
\xfe_\x99\x12J\x9f<P2\x1c\xa4\x88xc\x8c\xe0\
\xe0\x82+\xd5>)|S\xf0\xc7\xc1o\x02j~2\
\xf1\x96\xa7\xfd\x8f\xe1\xbd7\xca\xfbU\xef\xd9\xe5\x9f\xcb\
\xf3%H\x93\xe4\x89Y\xce^D\x1c)\xc6rx\x04\
\xd7\xe6\xb7\xfc0\xc7\xfc<\x9f\xfe27\xfe\x13o\xf8\
W_\xf0\x9a\x7f\xcc\xb5\xfd\x95\xfd\xa9\xf6?\xb2\x7f\xa0\
\x7f\xc7\xcf\x9f\x0f\x99\xbf\xec\x9eg\xfa\xb5\xdb\xbfo;\
w\x13\xfe\x1b\x9f\xfe\x1eO\xff\x00\x18\xe3\xff\x00\x08O\
\xfc+\xaf\xf8M?\xe6e\xfe\xd5\xfe\xd4\xfb\x1f\xd9?\
\xd3\xff\x00\xe3\xdb\xc9\x87\xcc\xdf\xf6O/\xfdb\xed\xdf\
\xbb\x9d\xbbH\x01\xfbt\x0f\xf8y1\xf0O\xfc3\x97\
\xfc\x5cC\xe0\xbf\xb7\x7fo\x7f\xcc/\xec\x7fk\xfb?\
\xd9\xbf\xe3\xfb\xc9\xf37\xfd\x92\xe3\xfd^\xed\xbb>l\
n\x5c\xfa\xaf\xec\xb7\xfbQ\xfc1\xfd\x8b\xfe\x04\xf8g\
\xe0\xdf\xc6O\x13\x7f\xc2\x1d\xf1#\xc3_j\xfe\xd5\xd1\
\x7f\xb3\xee\xaf\xbe\xcd\xf6\x8b\xa9n\xa1\xfd\xf5\xacR\xc2\
\xfb\xa1\xb8\x89\xfeG8\xdd\x83\x86\x04\x0fS\xfd\x86\xbf\
a\x9f\xf8b\xff\x00\xf8M\xb3\xe3o\xf8L\x7f\xe1%\
\xfb\x17\xfc\xc2~\xc3\xf6\x7f\xb3\xfd\xa3\xfe\x9b\xcb\xbfw\
\xda=\xb1\xb7\xbex\xf2\xbf\xda\x8b\xfe\x09M\xff\x00\x0d\
'\xf1\xd7\xc4\xdf\x11\xff\x00\xe1h\xff\x00\xc29\xfd\xb5\
\xf6o\xf8\x96\x7f\xc2?\xf6\xaf'\xc9\xb5\x8a\x0f\xf5\xbf\
jM\xd9\xf2\xb7}\xd1\x8d\xd8\xe7\x19 \x1f+~\xcb\
\x7f\xb2\xe7\xc4\xef\xd8\xbf\xe3\xb7\x86~2|d\xf0\xcf\
\xfc!\xdf\x0d\xfc5\xf6\xaf\xed]k\xed\xf6\xb7\xdff\
\xfbE\xac\xb6\xb0\xfe\xe6\xd6Yf}\xd3\x5cD\x9f\x22\
\x1cn\xc9\xc2\x82G\xea\x9f\xc0\xdf\xda\x93\xe1\x87\xed$\
5\xbf\xf8W>&\xff\x00\x84\x8b\xfb\x17\xc8\xfb\x7f\xfa\
\x05\xd5\xaf\x93\xe7y\x9e_\xfa\xf8\x93v|\xa9>\xee\
q\xb7\x9cdg\xf2\xb3\xf6\xa2\xff\x00\x82\xad\x7f\xc3I\
\xfc\x0a\xf17\xc3\x9f\xf8U\xdf\xf0\x8e\x7fm}\x97\xfe\
&\x7f\xf0\x90}\xab\xc9\xf2n\xa2\x9f\xfdW\xd9Sv\
|\xad\xbfxcvy\xc6\x0f\xaa\xff\x00\xc1\x0c\xf9\xff\
\x00\x85\xdb\x9f\xfa\x82u\xff\x00\xb7\xfa\x00\xfbW\xe2\x8f\
\xed\xe9\xf0+\xe0\xbf\x8e\xb5?\x06\xf8\xcb\xc7\x07F\xf1\
&\x9b\xe5}\xaa\xcb\xfb\x22\xfe\x7f/\xcc\x89%O\x9e\
(\x19\x0eRD<1\xc6ppA\x15\xea\x9f\x14\xbe\
)\xf8c\xe0\xb7\x815?\x19x\xcbS\xfe\xc7\xf0\xde\
\x9b\xe5}\xaa\xf7\xec\xf2\xcf\xe5\xf9\x92\xa4I\xf2D\xac\
\xe7/\x22\x0e\x14\xe39<\x02k\xf0\xb3\xfe\x0a\x8d\xff\
\x00'\xd7\xf13\x1f\xf5\x0c\xff\x00\xd3e\xa5}U\xff\
\x00\x0d\xcf\xff\x00\x0f'\xff\x00\x8cq\xff\x00\x84'\xfe\
\x15\xd7\xfc&\x9f\xf32\xff\x00j\xff\x00j}\x8f\xec\
\x9f\xe9\xff\x00\xf1\xed\xe4\xc3\xe6o\xfb'\x97\xfe\xb1v\
\xef\xdd\xce\xdd\xa4\x03\xef\xef\x81\xbf\xb5\x1f\xc3\x1f\xdaH\
\xebc\xe1\xcf\x89\xbf\xe1\x22:/\x93\xf6\xfc\xd8]Z\
\xf9>w\x99\xe5\xff\x00\xaf\x897g\xca\x93\xee\xe7\x1b\
y\xc6F\x7f\x15\xff\x00\xe0\xa8\xff\x00\xf2}\x9f\x13\x7f\
\xee\x19\xff\x00\xa6\xbbJ\xfdS\xfd\x86\x7fa\xaf\xf8b\
\xff\x00\xf8M\xbf\xe2\xb6\xff\x00\x84\xc7\xfe\x12_\xb1\x7f\
\xcc'\xec?g\xfb?\xda?\xe9\xbc\xbb\xf7}\xa3\xdb\
\x1b{\xe7\x8f*\xfd\xa8\xbf\xe0\x94\xbf\xf0\xd2\x9f\x1d|\
M\xf1\x1f\xfe\x16\x8f\xfc#\x9f\xdb_e\xff\x00\x89o\
\xfc#\xff\x00j\xf2|\x9bX\xa0\xff\x00[\xf6\xa4\xdd\
\x9f+w\xdd\x18\xdd\x8eq\x92\x01\xea\xdf\xf0T\x7f\xf9\
1?\x89\xbf\xf7\x0c\xff\x00\xd3\xa5\xa5|\x01\xff\x00\x04\
\xa5\xfd\xa8\xbe\x18\xfe\xcd\x7f\xf0\xb4\x7f\xe1c\xf8\x9b\xfe\
\x11\xdf\xed\xaf\xec\xbf\xb0\x7f\xa0]]y\xdeO\xda\xfc\
\xdf\xf5\x11>\xdcy\xb1\xfd\xecgw\x19\xc1\xc7\xea\x9f\
\xedG\xf07\xfe\x1aO\xe0W\x89\xbe\x1c\x7fm\xff\x00\
\xc2;\xfd\xb5\xf6_\xf8\x99}\x93\xed^O\x93u\x14\
\xff\x00\xea\xb7\xa6\xec\xf9[~\xf0\xc6\xec\xf3\x8c\x1f\x80\
\x07\xfc\x10\xcf\xfe\xabg\xfeZ\x9f\xfd\xdb@\x1fU\xff\
\x00\xc3\xd1\x7ff?\xfa)\x87\xff\x00\x04\x1a\xa7\xff\x00\
#Q\xff\x00\x0fE\xfd\x98\xff\x00\xe8\xa6\x1f\xfc\x10j\
\x9f\xfc\x8d_*\xff\x00\xc3\x8c\xbf\xea\xb6\x7f\xe5\xa9\xff\
\x00\xdd\xb4\x7f\xc3\x8c\xbf\xea\xb6\x7f\xe5\xa9\xff\x00\xdd\xb4\
\x01\xf5W\xfc=\x17\xf6c<\x0f\x89g?\xf6\x00\xd5\
?\xf9\x1a\xbf ?o_\x8a>\x18\xf8\xd1\xfbX\xf8\
\xe7\xc6^\x0d\xd4\xff\x00\xb6<7\xa9\xfd\x87\xec\x97\xbf\
g\x96\x0f3\xcb\xb0\xb7\x89\xfeIU\x5ca\xe3q\xca\
\x8c\xe3#\x82\x0d}\xa8?\xe0\x86y\xff\x00\x9a\xd9\xff\
\x00\x96\xa7\xff\x00v\xd2\xff\x00\xc3\x8c\x7f\xea\xb6\x7f\xe5\
\xa9\xff\x00\xdd\xb4\x01\xfa\xa9E\x14P\x01E\x14P\x01\
E\x14\x87\xa5\x00-~?\xfe\xc1\x7f\xb7\x9f\xc7_\x8d\
_\xb5\x8f\x81|\x1b\xe3?\x1c\xff\x00l\xf8oR\xfb\
w\xda\xac\xbf\xb2, \xf3<\xbb\x0b\x89S\xe7\x8a\x05\
q\x87\x8d\x0f\x0c3\x8c\x1e\x09\x15\xe0?\xf0T\x7f\xf9\
>\xcf\x89\xbf\xf7\x0c\xff\x00\xd3]\xa5}\xab\xfbz\xfe\
\xde\x7f\x02\xbe4\xfe\xc9\xde:\xf0o\x83<pu\x9f\
\x12j_a\xfb-\x97\xf6E\xfc\x1eg\x97\x7fo+\
\xfc\xf2\xc0\xa80\x91\xb9\xe5\x86q\x81\xc9\x02\x80?J\
1\xf2\xe2\xbf ?oO\xdb\xcf\xe3\xaf\xc1_\xda\xc7\
\xc7^\x0d\xf0g\x8e\x7f\xb1\xbc7\xa6\xfd\x87\xec\xb6_\
\xd9\x16\x13\xf9~e\x85\xbc\xaf\xf3\xcb\x039\xcb\xc8\xe7\
\x968\xce\x07\x00\x0a\xeb?\xe0\x86C\x07\xe3g\xfd\xc1\
?\xf6\xfe\xbfU(\x03\xe7\xff\x00\xdb\xd7\xe2\x8f\x89\xfe\
\x0b\xfe\xc9\xde9\xf1\x97\x83u?\xeco\x12i\x9fa\
\xfb%\xef\xd9\xe2\x9f\xcb\xf3/\xed\xe2\x7f\x92Ud9\
I\x1cr\xa7\x19\xc8\xe4\x03_?\x7f\xc1)\x7fj/\
\x89\xdf\xb4\x98\xf8\xa2>#\xf8\x9b\xfe\x12!\xa2\xff\x00\
e\xfd\x83\xfd\x02\xd6\xd7\xc9\xf3\xbe\xd7\xe6\x7f\xa8\x897\
g\xca\x8f\xefg\x1bx\xc6N~W\xfd\x96\xff\x00e\
\xcf\x89\xdf\xb1\x7f\xc7o\x0c\xfcd\xf8\xc9\xe1\x9f\xf8C\
\xbe\x1b\xf8k\xed_\xda\xba\xd7\xdb\xedo\xbe\xcd\xf6\x8b\
Yma\xfd\xcd\xac\xb2\xcc\xfb\xa6\xb8\x89>D8\xdd\
\x93\x85\x04\x8f\xd5?\x81\x9f\xb5\x1f\xc3\x1f\xdaO\xfbl\
|9\xf17\xfc$_\xd8\xbeG\xdb\xff\x00\xd0.\xad\
|\x9f;\xcc\xf2\xbf\xd7\xc4\x9b\xb3\xe5I\xf7s\x8d\xbc\
\xe3# \x1f\x9a\xbf\xb7\xa7\xed\xe7\xf1\xd7\xe0\xaf\xedc\
\xe3\xaf\x06\xf83\xc7?\xd8\xde\x1b\xd3~\xc3\xf6[/\
\xec\x8b\x09\xfc\xbf2\xc2\xdeW\xf9\xe5\x81\x9c\xe5\xe4s\
\xcb\x1cg\x03\x80\x05~\x80\xfc.\xfd\x82\xfe\x05|\x17\
\xf1\xd6\x99\xe3/\x06\xf8\x1c\xe8\xde$\xd3|\xdf\xb2\xde\
\xff\x00k\xdf\xcf\xe5\xf9\x91<O\xf2K;!\xcaH\
\xe3\x958\xceF\x08\x06\xbf ?\xe0\xa8\xff\x00\xf2}\
\x9f\x13\x7f\xee\x19\xff\x00\xa6\xbbJ\xfdT\xff\x00\x82\xa3\
\xff\x00\xc9\x89\xfcM\xff\x00\xb8g\xfe\x9d-(\x03\xca\
\x7f\xe0\xab?\xb5\x17\xc4\xef\xd9\xab\xfe\x15p\xf8q\xe2\
o\xf8G\x06\xb5\xfd\xa9\xf6\xff\x00\xf4\x0b[\xaf;\xc9\
\xfb'\x95\xfe\xbe'\xdb\x8f6O\xbb\x8c\xee\xe78\x18\
_\xd9o\xf6\x5c\xf8c\xfbh|\x09\xf0\xcf\xc6O\x8c\
\x9e\x19\xff\x00\x84\xc7\xe2G\x89~\xd5\xfd\xab\xad\x7fh\
]X\xfd\xa7\xec\xf7R\xda\xc3\xfb\x9bYb\x856\xc3\
o\x12|\x883\xb7',I?\x8a\xc0d\xd7\xeb\xff\
\x00\xec\x15\xfby\xfc\x0a\xf8-\xfb'x\x17\xc1\xbe3\
\xf1\xc1\xd1\xbcI\xa6\xfd\xbb\xedV_\xd9\x17\xf3\xf9~\
e\xfd\xc4\xa9\xf3\xc5\x03!\xcaH\x87\x868\xce\x0f \
\x8a\x00\xf7\xff\x00\xf8*?\xfc\x98\x9f\xc4\xdf\xfb\x86\x7f\
\xe9\xd2\xd2\xbf\x00A\xc1\xc8\xeb_\xd1O\xc2\xef\xdb\xd3\
\xe0W\xc6\x8f\x1di\x9e\x0d\xf0o\x8e\x0e\xb3\xe2MK\
\xcd\xfb-\x97\xf6E\xfc\x1eg\x97\x13\xca\xff\x00<\xb0\
*\x0c$nya\x9c`d\x90+\xe2\x9f\xf8.i\
\xc8\xf8&GO\xf8\x9d\xff\x00\xed\x85\x00|W\xf0\xbb\
\xf6\xf4\xf8\xeb\xf0[\xc0\xbag\x83|\x19\xe3\x81\xa3x\
oM\xf3~\xcbe\xfd\x91a?\x97\xe6J\xf2\xbf\xcf\
,\x0c\xe7/#\x9eX\xe38\x18\x00\x0a\xea\xff\x00\xe0\
\x97\x1f\xf2}\x9f\x0c\xbf\xee'\xff\x00\xa6\xbb\xba\xf9V\
\xbf\xa2\x9f\x85\xdf\xb7\xa7\xc0\xaf\x8d\x1e:\xd3<\x1b\xe0\
\xdf\x1c\x1dg\xc4\x9a\x97\x9b\xf6[/\xec\x8b\xf8<\xcf\
.'\x95\xfey`T\x18H\xdc\xf2\xc38\xc0\xc9 \
P\x07\xcf\xdf\xf0U\xaf\xda\x8f\xe2w\xec\xd7\xff\x00\x0a\
\xbb\xfe\x15\xc7\x89\xbf\xe1\x1d\xfe\xda\xfe\xd4\xfb\x7f\xfa\x05\
\xad\xd7\x9d\xe4\xfd\x93\xca\xff\x00_\x13\xed\xc7\x9b'\xdd\
\xc6ws\x9c\x0c|\x01\xff\x00\x0fF\xfd\xa7\x7f\xe8\xa6\
\x7f\xe5\x03K\xff\x00\xe4j\xfa\xab\xfe\x0b\x9as\xff\x00\
\x0aL\x8e\x87\xfbo\xff\x00l+\xea\xbf\xf8%\xc7\xfc\
\x98\x9f\xc3/\xfb\x89\xff\x00\xe9\xd2\xee\x80<\x03\xf6\xf5\
\xfd\x83>\x05|\x16\xfd\x93\xbcu\xe3/\x06x\x1c\xe8\
\xde$\xd3~\xc3\xf6[\xdf\xed{\xf9\xfc\xbf2\xfe\xde\
'\xf9%\x9d\x90\xe5$q\xca\x9cg#\x90\x0dr\x7f\
\xf0C?\x9b\xfe\x17n{\xff\x00b\x7f\xed\xfd|W\
\xfb\x05|Q\xf0\xc7\xc1\x7f\xda\xc7\xc0\xde2\xf1\x96\xa7\
\xfd\x8f\xe1\xbd3\xed\xdfk\xbd\xfb<\xb3\xf9~e\x85\
\xc4I\xf2D\xac\xe7/\x22\x0e\x14\xe39<\x02k\xe8\
\x0f\xf8*\xdf\xedE\xf0\xc7\xf6\x93\xff\x00\x85]\xff\x00\
\x0a\xe7\xc4\xdf\xf0\x91\x7fb\xff\x00j}\xbf\xfd\x02\xea\
\xd7\xc9\xf3\xbe\xc9\xe5\xff\x00\xaf\x897g\xca\x93\xee\xe7\
\x1by\xc6F@?J\xbe(\xfe\xc1\x7f\x02\xbe4x\
\xebS\xf1\x97\x8c\xbc\x0eu\x9f\x12j^W\xda\xaf\x7f\
\xb5\xef\xe0\xf3<\xb8\x92$\xf9\x22\x9dPa#A\xc2\
\x8c\xe3'$\x93_\x90\x1f\xf0K\x8f\xf9>\xcf\x86_\
\xf7\x13\xff\x00\xd3]\xdd|\xabE\x00~\xd4\x7f\xc1V\
\xbfj?\x89\xdf\xb3_\xfc*\xef\xf8W\x1e&\xff\x00\
\x84w\xfbk\xfbS\xed\xff\x00\xe8\x16\xb7^w\x93\xf6\
O+\xfd|O\xb7\x1el\x9fw\x19\xdd\xcep1\xf0\
\x07\xfc=\x1b\xf6\x9d\xff\x00\xa2\x99\xff\x00\x94\x0d/\xff\
\x00\x91\xab\xd5\xbf\xe0\x94\x9f\xb5\x17\xc3\x1f\xd9\xb0\xfcP\
\xff\x00\x85\x8d\xe2o\xf8G\x7f\xb6\xbf\xb2\xfe\xc1\x8b\x0b\
\xab\xaf;\xc9\xfb_\x99\xfe\xa2'\xdb\x8f6?\xbd\x8c\
\xee\xe388\xfd~\xf8[\xf1O\xc3\x1f\x1a|\x09\xa6\
x\xcb\xc1\xba\x9f\xf6\xc7\x86\xf5/7\xec\xb7\xbfg\x96\
\x0f3\xcb\x95\xe2\x7f\x92UW\x18x\xdcr\xa38\xc8\
\xe0\x83@\x1f\x95_\xb0_\xed\xe7\xf1\xd7\xe3W\xedc\
\xe0_\x06\xf8\xcf\xc7?\xdb>\x1b\xd4\xbe\xdd\xf6\xab/\
\xec\x8b\x08<\xcf.\xc2\xe2T\xf9\xe2\x81\x5ca\xe3C\
\xc3\x0c\xe3\x07\x82E}\x01\xff\x00\x05Y\xfd\xa8\xbe'\
~\xcd\x7f\xf0\xab\xbf\xe1\x5cx\x9b\xfe\x11\xdf\xed\xaf\xed\
O\xb7\xff\x00\xa0Z\xddy\xdeO\xd9<\xbf\xf5\xf1>\
\xdcy\xb2}\xdcgw9\xc0\xc2\xfe\xd4\x9f\xb5\x1f\xc3\
\x1f\xdbC\xe0O\x89\xbe\x0d\xfc\x1b\xf17\xfc&?\x12\
<K\xf6_\xec\xad\x17\xfb>\xea\xc7\xed?g\xba\x8a\
\xeao\xdf]E\x14)\xb6\x1by_\xe7q\x9d\xb8\x19\
b\x01O\xf8%7\xec\xbb\xf1;\xf6j\xff\x00\x85\xa2\
~#\xf8g\xfe\x11\xc1\xad\x7fe\xfd\x83\xfd>\xd6\xeb\
\xce\xf2~\xd7\xe6\xff\x00\xa8\x95\xf6\xe3\xcd\x8f\xefc;\
\xb8\xce\x0e\x00>\x00\xff\x00\x87\xa3~\xd3\xbf\xf4S?\
\xf2\x81\xa5\xff\x00\xf25~\xbf\xfe\xde\xbf\x14|O\xf0\
_\xf6N\xf1\xcf\x8c\xbc\x1b\xa9\xff\x00cx\x93L\xfb\
\x0f\xd9/~\xcf\x14\xfe_\x99\x7fo\x13\xfc\x92\xab!\
\xcaH\xe3\x958\xceG \x1a_\x8a?\xb7\xa7\xc0\xaf\
\x82\xfe:\xd4\xfc\x1b\xe3/\x1c\x1d\x1b\xc4\x9ao\x95\xf6\
\xab/\xec\x8b\xf9\xfc\xbf2$\x95>x\xa0d9I\
\x10\xf0\xc7\x19\xc1\xc1\x04R~\xde\xbf\x0b\xbcO\xf1\xa3\
\xf6N\xf1\xcf\x83|\x1b\xa6\x7fl\xf8\x93S\xfb\x0f\xd9\
,\xbe\xd1\x14\x1eg\x97\x7fo+\xfc\xf2\xb2\xa0\xc2F\
\xe7\x96\x19\xc6\x07$\x0a\x00\xf9\xff\x00\xfe\x09I\xfbQ\
|N\xfd\xa4\xff\x00\xe1h\x0f\x88\xde&\xff\x00\x84\x88\
h\xbf\xd9\x7f`\xff\x00@\xb5\xb5\xf2|\xef\xb5\xf9\x9f\
\xea\x22M\xd9\xf2\xa3\xfb\xd9\xc6\xde1\x93\x9f\xd0\x0a\xfc\
\x00\xff\x00\x87]~\xd3\x87\x91\xf0\xcf\x8f\xfb\x0f\xe9\x7f\
\xfc\x93G\xfc:\xe7\xf6\x9d\xff\x00\xa2g\xff\x00\x95\xfd\
/\xff\x00\x92h\x03\xf7\xfe\x8a(\xa0\x02\x8a(\xa0\x02\
\x90\xf4\xa5\xa4<\x8a\x00\xf8\x03\xf6\xa2\xff\x00\x82R\xff\
\x00\xc3J|u\xf17\xc4\x7f\xf8Z?\xf0\x8e\x7fm\
}\x97\xfe%\xbf\xf0\x8f\xfd\xab\xc9\xf2mb\x83\xfdo\
\xda\x93v|\xad\xdftcv9\xc6O\xca\xff\x00\xb5\
\x17\xfc\x12\x97\xfe\x19\xaf\xe0W\x89\xbe#\x9f\x8a?\xf0\
\x91\xff\x00b\xfd\x97\xfe%\xbf\xf0\x8f\xfd\x97\xce\xf3\xae\
\xa2\x83\xfdo\xda\x9fn<\xdd\xdft\xe7n8\xceG\
Q\xfbz~\xde\x7f\x1d~\x0a\xfe\xd6>:\xf0o\x83\
<s\xfd\x8d\xe1\xbd7\xec?e\xb2\xfe\xc8\xb0\x9f\xcb\
\xf3,-\xe5\x7f\x9eX\x19\xce^G<\xb1\xc6p8\
\x00W\xda\xdf\xf0T\x7f\xf91?\x89\xbf\xf7\x0c\xff\x00\
\xd3\xa5\xa5\x00~U\xfe\xc3?\xb7?\xfc1w\xfc&\
\xdf\xf1D\xff\x00\xc2c\xff\x00\x09/\xd8\xbf\xe6-\xf6\
\x1f\xb3}\x9f\xed\x1f\xf4\xc6]\xfb\xbc\xff\x00lm\xef\
\x9e?j\x7fe\xcf\x8e\x7f\xf0\xd2\x7f\x02\xbc3\xf1\x1f\
\xfb\x13\xfe\x11\xdf\xed\xaf\xb5\x7f\xc4\xb7\xed\x7fj\xf2|\
\x9b\xa9`\xff\x00[\xb17g\xca\xdd\xf7F7c\x9c\
d\xff\x005\x9d\xeb\xf7\xfb\xfe\x09q\xff\x00&'\xf0\
\xcb\xfe\xe2\x7f\xfat\xbb\xa0\x0f\x95\x7f\xe1\xb9\xff\x00\xe1\
\xe4\xff\x00\xf1\x8e_\xf0\x84\xff\x00\xc2\xba\xff\x00\x84\xd3\
\xfef_\xed_\xedO\xb1\xfd\x93\xfd;\xfe=\xbc\x98\
|\xcd\xff\x00d\xf2\xff\x00\xd6.7\xee\xe7\x1bO\xd5\
\x1f\xb0\xcf\xec7\xff\x00\x0c_\xff\x00\x09\xb1\xff\x00\x84\
\xdb\xfe\x13\x1f\xf8I~\xc5\xff\x000\x9f\xb0\xfd\x9b\xec\
\xff\x00h\xff\x00\xa6\xf2\xef\xdd\xe7\xfbco|\xf1\xe5\
\x9f\xb5'\xec\xb9\xf0\xc7\xf6/\xf8\x13\xe2o\x8c\x9f\x06\
\xfc3\xff\x00\x08w\xc4\x8f\x0d}\x97\xfb+Z\xfe\xd0\
\xba\xbe\xfb7\xda.\xa2\xb5\x9b\xf77R\xcb\x0b\xee\x86\
\xe2T\xf9\xd0\xe3vF\x18\x02\x13\xfe\x09M\xfbQ|\
N\xfd\xa5?\xe1h\xff\x00\xc2\xc7\xf17\xfc$_\xd8\
\xbf\xd9\x7f`\xff\x00@\xb5\xb5\xf2|\xef\xb5\xf9\x9f\xea\
\x22M\xd9\xf2\xa3\xfb\xd9\xc6\xde1\x93\x90\x03\xf6\xa2\xff\
\x00\x82R\xff\x00\xc3J|u\xf17\xc4\x7f\xf8Z?\
\xf0\x8e\x7fm}\x97\xfe%\xbf\xf0\x8f\xfd\xab\xc9\xf2m\
b\x83\xfdo\xda\x93v|\xad\xdftcv9\xc6O\
\xd5\x7f\xb5\x1f\xc0\xcf\xf8i?\x81^&\xf8q\xfd\xb7\
\xff\x00\x08\xef\xf6\xd7\xd9\x7f\xe2e\xf6O\xb5y>M\
\xd4S\xff\x00\xaa\xde\x9b\xb3\xe5m\xfb\xc3\x1b\xb3\xce0\
\x7f5?oO\xdb\xcf\xe3\xaf\xc1_\xda\xc7\xc7^\x0d\
\xf0g\x8e\x7f\xb1\xbc7\xa6\xfd\x87\xec\xb6_\xd9\x16\x13\
\xf9~e\x85\xbc\xaf\xf3\xcb\x039\xcb\xc8\xe7\x968\xce\
\x07\x00\x0a\xfd\x80\xa0\x0f\xca\xaf\xf8q\x96\x0f\xfc\x96\xce\
\x7f\xecT\xff\x00\xee\xda_\xf8q\x97\xfdV\xcf\xfc\xb5\
?\xfb\xb6\xbdS\xfe\x0a\xb7\xfbQ\xfcN\xfd\x9a\xcf\xc2\
\xef\xf8W\x1e&\xff\x00\x84w\xfbk\xfbS\xed\xff\x00\
\xe8\x16\xb7^w\x93\xf6O+\xfd|O\xb7\x1el\x9f\
w\x19\xdd\xcep1\xf0\x07\xfc=\x1b\xf6\x9d\xff\x00\xa2\
\x99\xff\x00\x94\x0d/\xff\x00\x91\xa8\x03\xea\xbf\xf8a\x8f\
\xf8v\xc7\xfcdw\xfc&\xdf\xf0\xb1\x7f\xe1\x0b\xff\x00\
\x99k\xfb+\xfb/\xed\x9fk\xff\x00@\xff\x00\x8f\x9f\
:o/g\xda\xfc\xcf\xf5m\xbbf\xde7n\x09\x8f\
\xf8}\x07\xfdQ\xdf\xf8V\xbf\xf7\x1c\xfe\xd1\xfe\xd0\xff\
\x00\xc0o+\xcb\xfb\x07\xfb{\xbc\xdf\xe1\xdb\xf3~\x95\
|R\xf8Y\xe1\x8f\x8d>\x04\xd4\xfc\x1b\xe3-3\xfb\
c\xc3z\x97\x95\xf6\xab/\xb4K\x07\x99\xe5\xca\x92\xa7\
\xcf\x13+\x8c<hxa\x9c`\xf0H\xaeS\xe0w\
\xec\xb7\xf0\xc7\xf6m\xfe\xdb?\x0e|3\xff\x00\x08\xe9\
\xd6\xbc\x8f\xb7\xe6\xfe\xea\xeb\xce\xf2|\xcf/\xfd|\xaf\
\xb7\x1el\x9fw\x19\xdd\xcep0\x01\xf0\x07\xfc8\xcb\
\xfe\xabg\xfeZ\x9f\xfd\xdbK\xff\x00\x0c1\xff\x00\x0e\
\xd8\xff\x00\x8c\x8d\xff\x00\x84\xdb\xfe\x16/\xfc!\x7f\xf3\
-\x7fe\x7fe\xfd\xb3\xed\x7f\xe8\x1f\xf1\xf3\xe7\xcd\xe5\
\xec\xfb_\x99\xfe\xad\xb7l\xdb\xc6\xed\xc3\x93\xfd\xbd?\
o?\x8e\xbf\x05\x7fk\x1f\x1dx7\xc1\x9e9\xfe\xc6\
\xf0\xde\x9b\xf6\x1f\xb2\xd9\x7fdXO\xe5\xf9\x96\x16\xf2\
\xbf\xcf,\x0c\xe7/#\x9eX\xe38\x1c\x00+\x96\xfd\
\x96\xff\x00j?\x89\xdf\xb6\x87\xc7o\x0c\xfc\x1b\xf8\xc9\
\xe2o\xf8L~\x1b\xf8\x97\xed_\xda\xba/\xd8-l\
~\xd3\xf6{Yn\xa1\xfd\xf5\xacQL\x9bf\xb7\x89\
\xfeG\x19\xdb\x83\x95$\x10\x0fT#\xfe\x1f@?\xe8\
\x8e\xff\x00\xc2\xb5\xff\x00\xb8\xe7\xf6\x8f\xf6\x87\xfe\x03y\
^_\xd8?\xdb\xdd\xe6\xff\x00\x0e\xdf\x9b\xef\xff\x00\xd9\
s\xe0o\xfc3g\xc0\xaf\x0c\xfc8\xfe\xdb\xff\x00\x84\
\x8b\xfb\x17\xed_\xf12\xfb'\xd9|\xef:\xeaY\xff\
\x00\xd5o}\xb8\xf3v\xfd\xe3\x9d\xb9\xe38\x07\xc0\xdf\
\xd9o\xe1\x87\xec\xda5\xbf\xf8W>\x19\xff\x00\x84w\
\xfbk\xc8\xfb\x7f\xfa}\xd5\xd7\x9d\xe4\xf9\x9eW\xfa\xf9\
_n<\xd9>\xee3\xbb\x9c\xe0c\xf3W\xf6\xf4\xfd\
\xbc\xfe:\xfc\x15\xfd\xac|u\xe0\xdf\x06x\xe7\xfb\x1b\
\xc3zo\xd8~\xcbe\xfd\x91a?\x97\xe6X[\xca\
\xff\x00<\xb03\x9c\xbc\x8eyc\x8c\xe0p\x00\xa0\x0f\
\x8b?e\xbf\x81\x9f\xf0\xd2\x7f\x1d|3\xf0\xe3\xfbo\
\xfe\x11\xdf\xed\xaf\xb5\x7f\xc4\xcb\xec\x9fj\xf2|\x9bY\
g\xff\x00U\xbd7g\xca\xdb\xf7\x867g\x9c`\xfd\
\xfe\x7f\xe0\x86~\xbf\x1b?\xf2\xd4\xff\x00\xee\xda\xf9W\
\xfe\x09q\xff\x00'\xd9\xf0\xcb\xfe\xe2\x7f\xfak\xbb\xaf\
\xbf\xbf\xe0\xab_\xb5\x17\xc4\xef\xd9\xb0|.\x1f\x0e|\
M\xff\x00\x08\xe8\xd6\xbf\xb5>\xdf\xfe\x81ku\xe7y\
?d\xf2\xff\x00\xd7\xc4\xfbq\xe6\xc9\xf7q\x9d\xdc\xe7\
\x03\x00\x1f\x95\x7f\xb5\x1f\xc0\xcf\xf8f\xcf\x8e\xbe&\xf8\
q\xfd\xb7\xff\x00\x09\x17\xf6/\xd9\x7f\xe2e\xf6O\xb2\
\xf9\xdeu\xacS\xff\x00\xaa\xde\xfbq\xe6\xed\xfb\xc7;\
s\xc6p>\xab\xfd\xa8\xbf\xe0\x94\x9f\xf0\xcd\x7f\x02\xbc\
M\xf1\x1f\xfe\x16\x8f\xfc$\x7f\xd8\xbfe\xff\x00\x89g\
\xfc#\xff\x00e\xf3\xbc\xeb\xa8\xa0\xff\x00[\xf6\xa7\xdb\
\x8f7w\xdd9\xdb\x8e3\x91\xf1_\xc5/\x8a^'\
\xf8\xd3\xe3\xbdO\xc6^2\xd4\xff\x00\xb6|I\xa9y\
_j\xbd\xf2\x22\x83\xcc\xf2\xe2H\x93\xe4\x89U\x06\x12\
4\x1c(\xce2y$\xd7\xf4\xa5\xf1K\xe1g\x86>\
4\xf8\x13S\xf0o\x8c\xb4\xcf\xed\x8f\x0d\xea^W\xda\
\xac\xbe\xd1,\x1eg\x97*J\x9f<L\xae0\xf1\xa1\
\xe1\x86q\x83\xc1\x22\x80?\x98>s\xe9_\x7f\xfe\xcb\
\xbf\xf0U\xaf\xf8f\xbf\x81^\x19\xf8q\xff\x00\x0a\xbb\
\xfe\x12?\xec_\xb4\xff\x00\xc4\xcf\xfe\x12\x0f\xb2\xf9\xde\
u\xd4\xb3\xff\x00\xaa\xfb+\xed\xc7\x9b\xb7\xef\x1c\xed\xcf\
\x19\xc0\xfb\xfc\xff\x00\xc1.\xff\x00fL\xe7\xfe\x15\xa1\
\xcf\x5c\xff\x00o\xea\x9f\xfc\x93_\x8f\xff\x00\xb7\xaf\xc2\
\xef\x0c|\x17\xfd\xac|s\xe0\xdf\x06\xe9\x9f\xd8\xfe\x1b\
\xd3>\xc3\xf6K/\xb4K?\x97\xe6X[\xca\xff\x00\
<\xac\xcer\xf29\xe5\x8e3\x81\xc0\x02\x80:\xbf\xf8\
%\xcf\xfc\x9f_\xc3<\xf4\xff\x00\x89\x9f\xfe\x9b.\xeb\
\xf5K\xf6\xe5\xfd\xb9\x87\xec_\xff\x00\x08O\xfcQ?\
\xf0\x98\xff\x00\xc2K\xf6\xdf\xf9\x8b}\x87\xec\xdfg\xfb\
?\xfd0\x97~\xef?\xdb\x1b{\xe7\x8f,\xfd\xa9?\
e\xcf\x86?\xb1\x7f\xc0\x9f\x13|d\xf87\xe1\x9f\xf8\
C\xbe$xk\xec\xbf\xd9Z\xd7\xf6\x85\xd5\xf7\xd9\xbe\
\xd1u\x15\xac\xdf\xb9\xba\x96X_t7\x12\xa7\xce\x87\
\x1b\xb20\xc0\x11\xf9W\xf1\xcf\xf6\xa4\xf8\x9d\xfbI\x8d\
\x14|G\xf17\xfc$_\xd8\xbe\x7f\xd8?\xd0-m\
|\x9f;\xcb\xf3\x7f\xd4D\x9b\xb3\xe5G\xf7\xb3\x8d\xbc\
c' \x07\xedG\xf1\xcf\xfe\x1aO\xe3\xaf\x89\xbe#\
\x8d\x17\xfe\x11\xdf\xed\xaf\xb2\xff\x00\xc4\xb3\xed\x7fj\xf2\
|\x9bX\xa0\xff\x00[\xb17g\xca\xdd\xf7F7c\
\x9cd\xfd\xff\x00\xff\x00\x0f\xcd\xff\x00\xaa'\xff\x00\x97\
_\xff\x00qW\xe5]~\xff\x00\x7f\xc3\xae\xbff?\
\xfa&g\xff\x00\x07\xfa\xa7\xff\x00$\xd0\x03\x7fa\x9f\
\xdb\x98~\xda\x1f\xf0\x9b\x7f\xc5\x13\xff\x00\x08w\xfc#\
_b\xff\x00\x98\xaf\xdb\xbe\xd1\xf6\x8f\xb4\x7f\xd3\x08\xb6\
m\xfb?\xbewv\xc7>W\xfbQ\x7f\xc1V\xbf\xe1\
\x9b>:\xf8\x9b\xe1\xc7\xfc*\xef\xf8H\xff\x00\xb1~\
\xcb\xff\x00\x13/\xf8H>\xcb\xe7y\xd6\xb1O\xfe\xab\
\xec\xaf\xb7\x1en\xdf\xbcs\xb7<g\x03\xca\xbfn\x81\
\xff\x00\x0e\xd9\xff\x00\x84$~\xce_\xf1n\xc7\x8d>\
\xdd\xfd\xbd\xff\x001O\xb6}\x93\xec\xff\x00f\xff\x00\
\x8f\xef?\xcb\xd9\xf6\xbb\x8f\xf5{wo\xf9\xb3\xb5q\
\xf9\xaf\xf1K\xe2\x97\x89\xfe4\xf8\xefS\xf1\x97\x8c\xb5\
?\xed\x9f\x12j^W\xda\xaf|\x88\xa0\xf3<\xb8\x92\
$\xf9\x22UA\x84\x8d\x07\x0a3\x8c\x9eI4\x01\xfd\
>\xd1E\x14\x00QE\x14\x00R\x13\x80I\xe8)i\
\x0fJ\x00\xf0\x1f\x8a?\xb7\xa7\xc0\xaf\x82\xfe:\xd4\xfc\
\x1b\xe3/\x1c\x1d\x1b\xc4\x9ao\x95\xf6\xab/\xec\x8b\xf9\
\xfc\xbf2$\x95>x\xa0d9I\x10\xf0\xc7\x19\xc1\
\xc1\x04W\xaa|R\xf8\xa7\xe1\x8f\x82\xde\x04\xd4\xfce\
\xe3-O\xfb\x1f\xc3zo\x95\xf6\xab\xdf\xb3\xcb?\x97\
\xe6J\x91'\xc9\x12\xb3\x9c\xbc\x888S\x8c\xe4\xf0\x09\
\xaf\x8a\xbfj/\xf8%7\xfc4\x9f\xc7_\x13|G\
\xff\x00\x85\xa3\xff\x00\x08\xe7\xf6\xd7\xd9\xbf\xe2Y\xff\x00\
\x08\xff\x00\xda\xbc\x9f&\xd6(?\xd6\xfd\xa97g\xca\
\xdd\xf7F7c\x9cd\xf9_\xfc7?\xfc<\x9f\xfe\
1\xc7\xfe\x10\x9f\xf8W_\xf0\x9a\x7f\xcc\xcb\xfd\xab\xfd\
\xa9\xf6?\xb2\x7f\xa7\xff\x00\xc7\xb7\x93\x0f\x99\xbf\xec\x9e\
_\xfa\xc5\xdb\xbfw;v\x90\x0f+\xff\x00\x82\xad~\
\xd4?\x0c\xbfiF\xf8\x5c>\x1cx\x9b\xfe\x12#\xa2\
\xff\x00j\x0b\xf1\xf6\x0b\xab_'\xce\xfb'\x97\xfe\xbe\
$\xdd\x9f*O\xbb\x9cm\xe7\x19\x19\xf9\xfb\xe1w\xec\
\x17\xf1\xd7\xe3O\x81t\xcf\x19x3\xc0\xe3Y\xf0\xde\
\xa5\xe6\xfd\x96\xf7\xfb^\xc2\x0f3\xcb\x95\xe2\x7f\x92Y\
\xd5\xc6\x1e7\x1c\xa8\xce22\x085\xf6\xaf\xfc8\xcc\
\xe3?\xf0\xbb?\xf2\xd4\xff\x00\xee\xda?\xe1\xb9\xff\x00\
\xe1\xdb\x1f\xf1\x8e_\xf0\x84\xff\x00\xc2\xc5\xff\x00\x84/\
\xfef_\xed_\xec\xbf\xb6}\xaf\xfd?\xfe=\xbc\x89\
\xbc\xbd\x9fk\xf2\xff\x00\xd66\xed\x9b\xb8\xdd\xb4\x00~\
\x94\xfcR\xf8\xa7\xe1\x8f\x82\xde\x04\xd4\xfce\xe3-O\
\xfb\x1f\xc3zo\x95\xf6\xab\xdf\xb3\xcb?\x97\xe6J\x91\
'\xc9\x12\xb3\x9c\xbc\x888S\x8c\xe4\xf0\x09\xaeS\xe0\
o\xedG\xf0\xc7\xf6\x92:\xd8\xf8s\xe2o\xf8H\x8e\
\x8b\xe4\xfd\xbf6\x17V\xbeO\x9d\xe6y\x7f\xeb\xe2M\
\xd9\xf2\xa4\xfb\xb9\xc6\xdeq\x91\x9f\x80\x7f\xe1\xb9\xff\x00\
\xe1\xe4\xff\x00\xf1\x8e?\xf0\x84\xff\x00\xc2\xba\xff\x00\x84\
\xd3\xfef_\xed_\xedO\xb1\xfd\x93\xfd;\xfe=\xbc\
\x98|\xcd\xff\x00d\xf2\xff\x00\xd6.\xdd\xfb\xb9\xdb\xb4\
\xfdQ\xfb\x0c\xfe\xc3_\xf0\xc5\xff\x00\xf0\x9b\x7f\xc5m\
\xff\x00\x09\x8f\xfc$\xbfb\xff\x00\x98W\xd8~\xcd\xf6\
\x7f\xb4\x7f\xd3yw\xee\xfbG\xb66\xf7\xcf\x00\x1f\x95\
\xbf\xf0T\x7f\xf9>\xcf\x89\xbf\xf7\x0c\xff\x00\xd3]\xa5\
{\xf7\xec\x17\xfb\x06|u\xf8+\xfbX\xf8\x17\xc6^\
3\xf07\xf67\x86\xf4\xdf\xb7}\xaa\xf7\xfb^\xc2\x7f\
/\xcc\xb0\xb8\x89>H\xa7g9y\x10p\xa7\x19\xc9\
\xe0\x13^\x03\xff\x00\x05F\xe7\xf6\xeb\xf8\x99\xff\x00p\
\xcf\xfd6ZW\xedG\xedG\xf1\xcb\xfe\x19\xb3\xe0W\
\x89\xbe#\xff\x00b\x7f\xc2E\xfd\x8b\xf6_\xf8\x96\xfd\
\xaf\xec\xbew\x9du\x14\x1f\xebv>\xdcy\xbb\xbe\xe9\
\xce\xdcq\x9c\x80\x0f\x95\x7f\xe0\xab?\xb2\xef\xc4\xef\xda\
S\xfe\x15w\xfc+\x8f\x0c\xff\x00\xc2E\xfd\x8b\xfd\xa9\
\xf6\xff\x00\xf4\xfb[_'\xce\xfb'\x97\xfe\xbeT\xdd\
\x9f*O\xbb\x9cm\xe7\x19\x19\xf8\x03\xfe\x1ds\xfbN\
\xff\x00\xd13\xff\x00\xca\xfe\x97\xff\x00\xc95\xfa\xa7\xfb\
\x0c\xfe\xdc\xc3\xf6\xd0\xff\x00\x84\xd7\xfe(\x9f\xf8C\xbf\
\xe1\x1a\xfb\x17\xfc\xc5\xbe\xdd\xf6\x9f\xb4}\xa3\xfe\x98E\
\xb3o\x91\xef\x9d\xdd\xb1\xcf\xd5|P\x07\xc3\x1f\x1f\xfe\
?\xfc8\xfd\xbc\xfe\x0ax\xb3\xe0\xd7\xc1\x9f\x15\xa7\x88\
\xfcu\xad-\x9c\xd0[\x5ciw\xf6\x90E\x0c7\xd6\
\xd2\xcd4\xb3K\x02\xa2\x22\xa2\x13\xc9\xc98U\x0c\xcc\
\xaaw\xff\x00c\xcf\xd9\x93\xc2\x9f\xb0'\x87\xbcc\xa8\
k\xbf\x12\xac\xf55\xd6\xcd\x94W\xf7\x97v\xebek\
i,\x06|\x22\xb1\x91\xb2I\x9c\x8eH?'A\x9c\
\x0f\x9a?\xe0\x90\xd7zO\x83~\x0d\xfcq\xf1\x8e\xa0\
\xcdh\x96f\xd4]^B\xa4\xcd\x1d\xb4qL\xec\x10\
\xf6?1#\x1d\xf1\xe81\xf3\xa7\xc7\x8f\x8f\x1e\x22\xf8\
\xf5\xe3\x1b\x8dkY\xb8h\xacQ\x8cz~\x95\x11\xc5\
\xbd\x8c\x1f\xc3\x1a/L\xe3\xabu'=\xb0\x07\xa5\x82\
\xc1K\x17'\xad\x929\xab\xd6T\x97\x99\xfb\x14\x7fl\
\x0f\x82\xa3\xaf\xc4\xcf\x0e}E\xea\x9a\xf8k\xf6n\xfd\
\x9c\xbfg\x1f\xd9\xc3\xe3G\x87~\x22i\xff\x00\xb4E\
\x8e\xb3w\xa3}\xa3e\x8d\xc8\x868\xe5\xf3\xad\xa5\x80\
\xe5\x83d`JO\xe1_\x06\xb7>\xf4\xc2\x07\xafz\
\xf6\x1eOM}\xb7\xf8\x1c\x9f[\x97c\xf7_\xfe\x1b\
\x0f\xe0\x90\x5c\x7f\xc2\xce\xf0\xe7\xfe\x06\xad|9\xfbH\
\xfe\xce\xdf\xb3\x7f\xed\x1f\xf1\xa3\xc4_\x11u\x0f\xda&\
\xc3F\xbb\xd6~\xcf\xbe\xca\xdb\xc9\x928\xfc\xabh\xa0\
\x18fl\x9c\x88\x81\xfck\xe0\x86\x035\x1b\x80:z\
\xf4\xac\xdeSM}\xb6Z\xc5K\xb1\xfbu\xf1\x90\xfc\
7\xfd\xb4\xfe\x09x\xaf\xe1\xde\x85\xf1\x0fN\x92\x0dA\
m\x9e\xea\xf7Ht\xbb\x96\xd5b\xb9\x8a`\xcd\x18a\
\x80L[rq\xd4\xd7\xe3\x7f\xed\x81\xfb\x0f\xf8\xbb\xf6\
J\xd4l///\xad\xfcM\xe0\xbdVO/L\xf1\
\x1d\x9ayk+\xec\xdf\xe5\xcb\x1e\xe6\xf2\xdc\x8c\xb0\x1b\
\x99YA!\x8e\x18.\x17\x86\xbcQ\xab\xf8+_\xb2\
\xd6\xf4\x1dF\xe7J\xd5\xac\xe4\x12Awi&\xc7F\
\x1f\xe7\xa1\xe0\xf7\xe2\xbfG\xfe\x22|\x5c\xb4\xfd\xa7?\
\xe0\x99\x9f\x12\xb5\xbdJ\x08\xce\xada\x0cCP\x84&\
#\x8a\xfa\x19\xe2\x7f2!\x9f\x94:\xec|\x0c\x0c\xc8\
\xe3\xb9\xcf\x95\x8b\xc1\xbc2RN\xe8\xe9\xa5[\xdah\
\xd6\xa7\xb6\x7f\xc1.?\xe4\xc4\xfe\x19\x7f\xdcO\xff\x00\
N\x97u\xe0\x1f\xb7\xaf\xed\xe7\xf0+\xe3O\xec\x9d\xe3\
\xaf\x06\xf83\xc7\x07Y\xf1&\xa5\xf6\x1f\xb2\xd9\x7fd\
_\xc1\xe6yw\xf6\xf2\xbf\xcf,\x0a\x83\x09\x1b\x9eX\
g\x18\x1c\x90+\xdf\xff\x00\xe0\x97?\xf2b\x9f\x0c\xff\
\x00\xee'\xff\x00\xa7;\xba\xf8\x07\xf6\xa2\xff\x00\x82R\
\xff\x00\xc36|\x0a\xf17\xc4s\xf1G\xfe\x12?\xec\
_\xb2\xff\x00\xc4\xb3\xfe\x11\xff\x00\xb2\xf9\xdeu\xd4P\
\x7f\xad\xfbS\xed\xc7\x9b\xbb\xee\x9c\xed\xc7\x19\xc8\xf3\x8e\
\x81?\xe0\x94\xdf\xb5\x17\xc3\x1f\xd9\xaf\xfe\x16\x8f\xfc,\
\x7f\x13\x7f\xc2;\xfd\xb5\xfd\x97\xf6\x0f\xf4\x0b\xab\xaf;\
\xc9\xfb_\x99\xfe\xa2'\xdb\x8f6?\xbd\x8c\xee\xe38\
8?jO\xd9s\xe2w\xed\xa1\xf1\xdb\xc4\xdf\x19>\
\x0d\xf8g\xfe\x13\x1f\x86\xfe%\xfb/\xf6V\xb5\xf6\xfb\
[\x1f\xb4\xfd\x9e\xd6+Y\xbfsu,S&\xd9\xad\
\xe5O\x9d\x06v\xe4eH'\xe0\x1eA\xf4\xaf\xbf\xbf\
e\xdf\xf8*\xd0\xfd\x9b>\x05xg\xe1\xc7\xfc*\xef\
\xf8H\xff\x00\xb1~\xd5\xff\x00\x13?\xf8H>\xcb\xe7\
y\xd7R\xcf\xfe\xab\xec\xaf\xb7\x1en\xdf\xbcs\xb7<\
g\x00\x00\xfd\x96\xff\x00e\xcf\x89\xdf\xb1\x7f\xc7o\x0c\
\xfcd\xf8\xc9\xe1\x9f\xf8C\xbe\x1b\xf8k\xed_\xda\xba\
\xd7\xdb\xedo\xbe\xcd\xf6\x8bYma\xfd\xcd\xac\xb2\xcc\
\xfb\xa6\xb8\x89>D8\xdd\x93\x85\x04\x8f\xd5?\x81\x9f\
\xb5\x1f\xc3\x1f\xdaO\xfbl|9\xf17\xfc$_\xd8\
\xbeG\xdb\xff\x00\xd0.\xad|\x9f;\xcc\xf2\xbf\xd7\xc4\
\x9b\xb3\xe5I\xf7s\x8d\xbc\xe3#>U\xff\x00\x05F\
\xff\x00\x93\x14\xf8\x99\x8e\xbf\xf1,\xff\x00\xd3\x9d\xa5|\
\xab\xff\x00\x043?\xf2[3\xff\x00PO\xfd\xbf\xa0\
\x0f\x95\xbf\xe0\xa8\xff\x00\xf2}\x9f\x13\x7f\xee\x19\xff\x00\
\xa6\xbbJ\xfbW\xf6\xf5\xfd\xbc\xfe\x05|i\xfd\x93\xbc\
u\xe0\xdf\x06x\xe0\xeb>$\xd4\xbe\xc3\xf6[/\xec\
\x8b\xf8<\xcf.\xfe\xdeW\xf9\xe5\x81Pa#s\xcb\
\x0c\xe3\x03\x92\x05|U\xff\x00\x05F\xe7\xf6\xeb\xf8\x99\
\xff\x00p\xcf\xfd6ZW\xaa\xfe\xd4_\xf0J_\xf8\
f\xcf\x81^&\xf8\x8d\xff\x00\x0bG\xfe\x12?\xec_\
\xb2\xff\x00\xc4\xb3\xfe\x11\xff\x00\xb2\xf9\xdeu\xd4P\x7f\
\xad\xfbS\xed\xc7\x9b\xbb\xee\x9c\xed\xc7\x19\xc8\x00\xf9W\
\xe0o\xec\xb7\xf1;\xf6\x92\xfe\xdb?\x0e|3\xff\x00\
\x09\x10\xd1|\x8f\xb7\xff\x00\xa7\xda\xda\xf9>w\x99\xe5\
\xff\x00\xaf\x957g\xca\x93\xee\xe7\x1by\xc6F\x7ft\
\xff\x00`\xaf\x85\xde'\xf8/\xfb'x\x1b\xc1\xbe2\
\xd3?\xb1\xbcI\xa6}\xbb\xedv_h\x8a\x7f/\xcc\
\xbf\xb8\x95>x\x99\x90\xe5$C\xc3\x1cg\x07\x90E\
|W\xff\x00\x043\xe4\xfcl\xcf\xfdA?\xf6\xfe\xbf\
T\xf8\xa0\x05\xa2\x8a(\x00\xa2\x8a(\x00\xa4<\x8aZ\
C\xd2\x80? ?oO\xdb\xcf\xe3\xaf\xc1_\xda\xc7\
\xc7^\x0d\xf0g\x8e\x7f\xb1\xbc7\xa6\xfd\x87\xec\xb6_\
\xd9\x16\x13\xf9~e\x85\xbc\xaf\xf3\xcb\x039\xcb\xc8\xe7\
\x968\xce\x07\x00\x0a\xf0\x1f\xf8%\xc7\xfc\x9fg\xc3/\
\xfb\x89\xff\x00\xe9\xae\xee\x8f\xf8*?\xfc\x9fg\xc4\xdf\
\xfb\x86\x7f\xe9\xae\xd2\xb9O\x8a?\xb0_\xc7_\x82\xde\
\x05\xd4\xfce\xe3?\x03\x8d\x1b\xc3zo\x95\xf6\xab\xdf\
\xed{\x09\xfc\xbf2T\x89>H\xa7g9y\x10p\
\xa7\x19\xc9\xc0\x04\xd0\x07\xf4Q\x8c\xae\x0fC^\x03\xf1\
G\xf6\x0b\xf8\x15\xf1\xa3\xc7Z\x9f\x8c\xbce\xe0s\xac\
\xf8\x93R\xf2\xbe\xd5{\xfd\xaf\x7f\x07\x99\xe5\xc4\x91'\
\xc9\x14\xea\x83\x09\x1a\x0e\x14g\x199$\x9a\xfc\xd5\xff\
\x00\x82R\xfe\xd4?\x0c\x7ff\xa3\xf1D|G\xf17\
\xfc#\xa7Z\xfe\xcb\xfb\x07\xfa\x05\xd5\xd7\x9d\xe4\xfd\xaf\
\xcd\xff\x00Q\x13\xed\xc7\x9b\x1f\xde\xc6wq\x9c\x1c}\
\xff\x00\xff\x00\x0fE\xfd\x98\xff\x00\xe8\xa6\x1f\xfc\x10j\
\x9f\xfc\x8d@\x1eU\xfbR~\xcb\x9f\x0c\x7fb\xff\x00\
\x81>&\xf8\xc9\xf0o\xc3?\xf0\x87|H\xf0\xd7\xd9\
\x7f\xb2\xb5\xaf\xed\x0b\xab\xef\xb3}\xa2\xea+Y\xbfs\
u,\xb0\xbe\xe8n%O\x9d\x0e7da\x80!?\
\xe0\x94\xdf\xb5\x17\xc4\xef\xdaW\xfe\x16\x88\xf8\x8f\xe2o\
\xf8H\xc6\x8b\xfd\x97\xf6\x0f\xf4\x0b[_'\xce\xfb_\
\x9b\xfe\xa2$\xdd\x9f*?\xbd\x9cm\xe3\x199\xfc\xd6\
\xfd\x82\xbe(\xf8c\xe0\xbf\xedc\xe0o\x19x\xcbS\
\xfe\xc7\xf0\xde\x99\xf6\xef\xb5\xde\xfd\x9eY\xfc\xbf2\xc2\
\xe2$\xf9\x22Vs\x97\x91\x07\x0aq\x9c\x9e\x015\xfb\
\xa7\xf07\xf6\xa3\xf8c\xfbI\x7fm\x8f\x87>&\xff\
\x00\x84\x88\xe8\xbeG\xdb\xff\x00\xd0.\xad|\x9f;\xcc\
\xf2\xff\x00\xd7\xc4\x9b\xb3\xe5I\xf7s\x8d\xbc\xe3# \
\x1c\xb7\xc5\x1f\xd8/\xe0W\xc6\x8f\x1dj~2\xf1\x97\
\x81\xce\xb3\xe2MK\xca\xfbU\xef\xf6\xbd\xfc\x1eg\x97\
\x12D\x9f$S\xaa\x0c$h8Q\x9cd\xe4\x92k\
\x94\xff\x00\x82\xa3\xff\x00\xc9\x89\xfcM\xff\x00\xb8g\xfe\
\x9d-+\xe2\x9f\xdb\xd3\xf6\x0c\xf8\xeb\xf1\xab\xf6\xb1\xf1\
\xd7\x8c\xbc\x19\xe0o\xed\x9f\x0d\xea_a\xfb-\xef\xf6\
\xbd\x84\x1eg\x97ao\x13\xfc\x92\xce\xae0\xf1\xb8\xe5\
Fq\x91\xc1\x06\xbf@~\x17~\xde\x9f\x02\xbe4x\
\xebL\xf0o\x83|pu\x9f\x12j^o\xd9l\xbf\
\xb2/\xe0\xf3<\xb8\x9eW\xf9\xe5\x81Pa#s\xcb\
\x0c\xe3\x03$\x81@\x1f\x85\x7f\x03\x7fj?\x89\xdf\xb3\
h\xd6\xc7\xc3\x9f\x13\x7f\xc2:5\xaf#\xed\xff\x00\xe8\
\x16\xb7^w\x93\xe6y\x7f\xeb\xe2}\xb8\xf3d\xfb\xb8\
\xce\xees\x81\x8f\xdd?\xd8+\xe2\x8f\x89\xfe4~\xc9\
\xde\x06\xf1\x97\x8c\xb5?\xed\x9f\x12j\x7fn\xfb]\xef\
\xd9\xe2\x83\xcc\xf2\xef\xee\x22O\x92%T\x18H\xd0p\
\xa38\xc9\xe4\x93_\x15\x7f\xc1s>o\xf8RX\xe7\
?\xdbx\xff\x00\xc9\x0a\xf8\xaf\xe1w\xec\x17\xf1\xd7\xe3\
O\x81t\xcf\x19x3\xc0\xe3Y\xf0\xde\xa5\xe6\xfd\x96\
\xf7\xfb^\xc2\x0f3\xcb\x95\xe2\x7f\x92Y\xd5\xc6\x1e7\
\x1c\xa8\xce22\x084\x01\xfa\xf5\xf1?\xf6q\xf8w\
\xfb8~\xca\x7f\x18\xac>\x1d\xf8{\xfe\x11\xebMK\
H\x92k\xb8\xfe\xddss\xe6\xba\xa1U9\x9aG#\
\x82F\x01\x02\xbf\x1d\xdd\xba\x0a\xfb\xc7\xf6q\xfd\x9c>\
\x22\xfe\xce\x1f\xb1W\xed\x13\xa7\xfcD\xf0\xef\xfc#\xd7\
z\x95\xa7\x9fi\x1f\xdbm\xae\xbc\xc4XYX\xe6\x09\
\x1c\x0c\x12885\xf0il\x0e\x95\xf5y7\xf0\xe7\
\xeb\xfa\x1eV1^H\xfaw\xe1\x7f\xfc\x13\xf7\xe2\x0f\
\xc5/\x07i>#\xb7\xd6<;\xa3[j\xb0\xa5\xcd\
\xad\xb6\xa3q?\x9c\xd1;\x15G>\x5c.\xa01\x1c\
\x02s\xea\x05v\xb0\xff\x00\xc1'\xfe)\xdc\xc3\x1c\xb1\
\xf8\x9f\xc1\xcc\x8e\x03)\xfbM\xd8\xc8=?\xe5\xde\xba\
\xbf\xd9'L\xf1\xcf\xc5m\x02\xc3\xc3\xbaG\x8e\xf5]\
\x094\xfd\x10\x5c\xc1\x1a\xdeO\xe4\xfc\xa5\x15c\x0a\xae\
6\xaeXr\x01\xc7\xa1\xad\x0f\x8a\x93\xfcc\xf85\x1c\
\xf3\xf8\x8f\x5c\xf12Y\xc7\x90\x97v\x9a\x94\xf2\xc39\
\xc1\xc2\xa3\x06\xc1c\x8e\x14\xe0\xfb\x0a\xfaO\xec\xaa\xee\
\xb4\xa9K\x19N2\xb2\x95\x9ai\xa4\xd5\xfa\xef\xa7c\
\xc2y\x94yT\xa1\x87\x93W\xb5\xd5\x9e\xbb\x1c#\x7f\
\xc1%\xfe+\x12\x7f\xe2\xa6\xf0q\xff\x00\xb7\xab\xbf\xfe\
G\xac\xbf\x12\x7f\xc1+>-\xe8\x1a\x0d\xf6\xa3\x1e\xb1\
\xe1]M\xeday\x85\xa5\xa5\xdd\xc7\x9d.\xd1\x92\xa9\
\xbe\x05\x5c\x908\xcb\x0f\xadn]|U\xf1n\x95*\
\xdbk\x9e>\xf1\x8d\xc6\xa6@ym\xf4\xbdU\xe2\x86\
\xd8\x91\x9d\x81\x98\xee\x90\x8e\xe4\xf1\xec:T7\xff\x00\
\x15\xbcw`\x22\x85\xbcy\xe2\x0dCN\xd4 \x95\xed\
.g\xd4eI\x89N$\x86UV\x03p\xdc\x08 \
\x00\xc3<\x0cs\xf3X\x1a\x95\xb1\xd5\xe9\xd3\xe7p\x85\
K\xfb9\xca\x0dBvW\xf7^\xfa\xa5ut\xae\xb5\
G\xbd\x8b\x87\xd5)N\xa5\x94\xa5N\xdc\xf1\x8c\x93\x94\
/\xa6\xab\xc9\xbb;^\xc7\xc3,1\xcd}\x9b\xf0%\
\xb7\x7f\xc15?h\xeex\x13\xaf\x1f\xf0\x08+\xe2\xe7\
j\xfd-\xff\x00\x82e\xf8\xfbB\xf8c\xfb3|Q\
\xf1W\x89\xaf\xbf\xb34\x1d/XI\xee\xee\xfc\x99%\
\xf2\x93\xc9\x88gdj\xccy#\x80\x09\xa31\xfe\x0b\
O\xba+\x0f\xac\x93=\xdf\xfe\x09s\xff\x00&)\xf0\
\xcf\xfe\xe2\x7f\xfas\xbb\xaf\x7f\xf8\xa5\xf0\xb3\xc3\x1f\x1a\
|\x09\xa9\xf87\xc6Zg\xf6\xc7\x86\xf5/+\xedV\
_h\x96\x0f3\xcb\x95%O\x9e&W\x18x\xd0\xf0\
\xc38\xc1\xe0\x91_\x80\x1f\xb7\x9f\xc5\x0f\x0c|g\xfd\
\xab\xfcq\xe3/\x07j\x7f\xdb\x1e\x1c\xd4\x85\x8f\xd9o\
~\xcf,\x1eg\x97ao\x13\xfc\x92\xaa\xb8\xc3\xc6\xe3\
\x95\x19\xc6G\x04\x1a\xfd\xaa\xfd\xbd~\x17x\x9f\xe3G\
\xec\x9d\xe3\x9f\x06\xf87L\xfe\xd9\xf1&\xa7\xf6\x1f\xb2\
Y}\xa2(<\xcf.\xfe\xdeW\xf9\xe5eA\x84\x8d\
\xcf,3\x8c\x0eH\x15\xf2\xa7\xa4~k\x7f\xc1V\xff\
\x00e\xdf\x86?\xb3a\xf8_\xff\x00\x0a\xe7\xc3?\xf0\
\x8e\xff\x00m\x7fj}\xbf7\xf7W^w\x93\xf6O\
/\xfd|\xaf\xb7\x1el\x9fw\x19\xdd\xcep1\xf0\x05\
z\xaf\xc7/\xd9o\xe2\x7f\xec\xdd\xfd\x89\xff\x00\x0b\x1b\
\xc3?\xf0\x8e\xff\x00my\xdf`\xff\x00O\xb5\xba\xf3\
\xbc\x9f/\xcc\xff\x00Q+\xed\xc7\x9b\x1f\xde\xc6wq\
\x9c\x1cu_\x0b\xbf`\xbf\x8e\xbf\x1a|\x0b\xa6x\xcb\
\xc1\x9e\x07\x1a\xcf\x86\xf5/7\xec\xb7\xbf\xda\xf6\x10y\
\x9e\x5c\xaf\x13\xfc\x92\xce\xae0\xf1\xb8\xe5Fq\x91\x90\
A\xa0\x03\xe2\x8f\xed\xe9\xf1\xd7\xe3O\x81u?\x06\xf8\
\xcf\xc7\x03Y\xf0\xde\xa5\xe5}\xaa\xcb\xfb\x22\xc2\x0f3\
\xcb\x95%O\x9e(\x15\xc6\x1e4<0\xce0r\x09\
\x15\xca\xfc\x0d\xfd\xa9~'\xfe\xcd\xbf\xdb\x7f\xf0\xae|\
M\xff\x00\x08\xef\xf6\xd7\x91\xf6\xff\x00\xf4\x0b[\xaf;\
\xc9\xf3<\xbf\xf5\xf1>\xdcy\xb2}\xdcgw9\xc0\
\xc7\xf4\xa7^S\xf1\xcf\xf6\xa3\xf8c\xfb6\x9d\x10|\
F\xf17\xfc#\xa7Z\xf3\xfe\xc1\xfe\x81uu\xe7y\
>_\x99\xfe\xa2'\xdb\x8f6?\xbd\x8c\xee\xe388\
\x00\xf9[\xf6[\xfd\x97>\x18\xfe\xda\x1f\x02|3\xf1\
\x93\xe3'\x86\x7f\xe11\xf8\x91\xe2_\xb5\x7fj\xeb_\
\xda\x17V?i\xfb=\xd4\xb6\xb0\xfe\xe6\xd6X\xa1M\
\xb0\xdb\xc4\x9f\x22\x0c\xed\xc9\xcb\x12O\xe6\xaf\xc5\x1f\xdb\
\xd3\xe3\xaf\xc6\x9f\x02\xea~\x0d\xf1\x9f\x8e\x06\xb3\xe1\xbd\
K\xca\xfbU\x97\xf6E\x84\x1eg\x97*J\x9f<P\
+\x8c<hxa\x9c`\xe4\x12(\xfd\xbd~(\xf8\
c\xe3G\xedc\xe3\x9f\x19x7S\xfe\xd8\xf0\xde\xa7\
\xf6\x1f\xb2^\xfd\x9eX<\xcf.\xc2\xde'\xf9%U\
q\x87\x8d\xc7*3\x8c\x8e\x085\xfb\xfd\xf1K\xe2\x9f\
\x86>\x0bx\x13S\xf1\x97\x8c\xb5?\xec\x7f\x0d\xe9\xbe\
W\xda\xaf~\xcf,\xfe_\x99*D\x9f$J\xcer\
\xf2 \xe1N3\x93\xc0&\x80?5\x7f\xe0\x86\x7f7\
\xfc.\xdc\xf7\xfe\xc4\xff\x00\xdb\xfa\xe5?oO\xdb\xcf\
\xe3\xaf\xc1_\xda\xc7\xc7^\x0d\xf0g\x8e\x7f\xb1\xbc7\
\xa6\xfd\x87\xec\xb6_\xd9\x16\x13\xf9~e\x85\xbc\xaf\xf3\
\xcb\x039\xcb\xc8\xe7\x968\xce\x07\x00\x0a\xfd+\xf8\x1b\
\xfbQ\xfc1\xfd\xa4\x8e\xb6>\x1c\xf8\x9b\xfe\x12#\xa2\
\xf9\x1fo\xcd\x85\xd5\xaf\x93\xe7y\x9e_\xfa\xf8\x93v\
|\xa9>\xeeq\xb7\x9cdg\xd5h\x00\xa2\x8a(\x00\
\xa2\x8a(\x00\xa4=)h\xa0\x0f\xcf\xff\x00\xda\x8b\xfe\
\x09K\xff\x00\x0d)\xf1\xd7\xc4\xdf\x11\xff\x00\xe1h\xff\
\x00\xc29\xfd\xb5\xf6_\xf8\x96\xff\x00\xc2?\xf6\xaf'\
\xc9\xb5\x8a\x0f\xf5\xbfjM\xd9\xf2\xb7}\xd1\x8d\xd8\xe7\
\x19?+~\xd4_\xf0U\xaf\xf8iO\x81^&\xf8\
q\xff\x00\x0a\xbb\xfe\x11\xcf\xed\xaf\xb3\x7f\xc4\xcf\xfe\x12\
\x0f\xb5y>M\xd4S\xff\x00\xaa\xfb*n\xcf\x95\xb7\
\xef\x0cn\xcf8\xc1\xfd\xa9\xaf\xe7[\xf6\x0a\xf8]\xe1\
\x8f\x8d\x1f\xb5\x8f\x81\xbc\x1b\xe3-3\xfbc\xc3z\x9f\
\xdb\xbe\xd7e\xf6\x89`\xf3<\xbb\x0b\x89S\xe7\x89\x95\
\xc6\x1e4<0\xce0x$P\x07Y\xfb\x0d~\xc3\
?\xf0\xda\x1f\xf0\x9b\x7f\xc5m\xff\x00\x08w\xfc#_\
b\xff\x00\x98W\xdb\xbe\xd3\xf6\x8f\xb4\x7f\xd3h\xb6m\
\xfb?\xbewv\xc7?T\xff\x00\xc3\x8c\xff\x00\xea\xb6\
\x7f\xe5\xa9\xff\x00\xdd\xb5\xf7\xf7\xc0\xdf\xd9s\xe1\x8f\xec\
\xdb\xfd\xb6~\x1c\xf8g\xfe\x11\xd3\xady\x1fo\xff\x00\
O\xba\xba\xf3\xbc\x9f3\xcb\xff\x00_+\xed\xc7\x9b'\
\xdd\xc6ws\x9c\x0c~j\xfe\xde\x9f\xb7\x9f\xc7_\x82\
\xbf\xb5\x8f\x8e\xbc\x1b\xe0\xcf\x1c\xff\x00cxoM\xfb\
\x0f\xd9l\xbf\xb2,'\xf2\xfc\xcb\x0by_\xe7\x96\x06\
s\x97\x91\xcf,q\x9c\x0e\x00\x14\x01\xf1g\xec\xb9\xf0\
3\xfe\x1aO\xe3\xaf\x86~\x1c\x7fm\xff\x00\xc29\xfd\
\xb5\xf6\xaf\xf8\x99\xfd\x93\xed^O\x93k,\xff\x00\xea\
\xb7\xa6\xec\xf9[~\xf0\xc6\xec\xf3\x8c\x1f\xbf\xb3\xff\x00\
\x0e_\x1f\xf4X\xbf\xe1d\xff\x00\xdc\x0f\xfb;\xfb?\
\xff\x00\x02|\xdf3\xed\xff\x00\xecm\xf2\xbf\x8bw\xcb\
\xea\xdf\xb5'\xec\xb9\xf0\xc7\xf6/\xf8\x13\xe2o\x8c\x9f\
\x06\xfc3\xff\x00\x08w\xc4\x8f\x0d}\x97\xfb+Z\xfe\
\xd0\xba\xbe\xfb7\xda.\xa2\xb5\x9b\xf77R\xcb\x0b\xee\
\x86\xe2T\xf9\xd0\xe3vF\x18\x02?*\xfe9\xfe\xd4\
\x9f\x13\xff\x00i?\xecA\xf1\x1f\xc4\xdf\xf0\x91\x7fb\
\xf9\xff\x00`\xff\x00@\xb5\xb5\xf2|\xef/\xcd\xff\x00\
Q\x12n\xcf\x95\x1f\xde\xce6\xf1\x8c\x9c\x80~\xfe\xfe\
\xcb\x9f\x1c\xbf\xe1\xa4\xfe\x05xg\xe2?\xf6'\xfc#\
\xbf\xdb_j\xff\x00\x89o\xda\xfe\xd5\xe4\xf97R\xc1\
\xfe\xb7bn\xcf\x95\xbb\xee\x8cn\xc78\xc9\xf9W\xf6\
]\xff\x00\x82R\xff\x00\xc36|u\xf0\xcf\xc4\x7f\xf8\
Z?\xf0\x91\xff\x00b\xfd\xa7\xfe%\x9f\xf0\x8f\xfd\x97\
\xce\xf3\xade\x83\xfdo\xda\x9fn<\xdd\xdft\xe7n\
8\xceG\xab\x7f\xc1.?\xe4\xc4\xfe\x19\x7f\xdcO\xff\
\x00N\x97u\xf9U\xff\x00\x0fF\xfd\xa7\x7f\xe8\xa6\x7f\
\xe5\x03K\xff\x00\xe4j\x00\xfa\xab\xfe\x0b\x99\xff\x004\
O\x1f\xf5\x1b\xff\x00\xdb\x0a\xfa\xaf\xfe\x09s\xff\x00&\
)\xf0\xcf\xfe\xe2\x7f\xfas\xbb\xaf\x95\x7fas\xff\x00\
\x0f'>6?\xb4o\xfc\x5cC\xe0\xbf\xb0\xff\x00`\
\xff\x00\xcc/\xec\x7fk\xfbG\xda\x7f\xe3\xc7\xc8\xf37\
\xfd\x92\xdf\xfdf\xed\xbb>\x5cnl\xfe\x94\xfc-\xf8\
Y\xe1\x8f\x82\xde\x04\xd3<\x1b\xe0\xdd3\xfb\x1f\xc3z\
o\x9b\xf6[/\xb4K?\x97\xe6J\xf2\xbf\xcf+3\
\x9c\xbc\x8eyc\x8c\xe0p\x00\xa0\x0f\x8b\xf4\x1f\xdb/\
\xfe\x1b\x1f\xf6>\xf8\xed\xab\x7f\xc2\x1f\xff\x00\x08\x87\xf6\
.\x9c\xd6\xbeO\xf6\x9f\xdb|\xed\xf13n\xcf\x93\x1e\
\xdcc\x18\xc1\xaf\xcc\x02q_\xb1?\x14\xbff\xff\x00\
\x87_\xb3\x97\xec\xa1\xf1\x8e\xc3\xe1\xdf\x87\x7f\xe1\x1e\xb4\
\xd4\xb4\x89'\xbb\x8f\xed\xb77>c\xaa\x15S\x99\xa4\
r0\x09\xe0\x10+\xf1\xc5\xdcu5\xf59>\x94\xe7\
\xeb\xfa\x1e^-{\xc8\xfd0\xff\x00\x82j\x8c\xeb\xa7\
\xd4\xf8o\x19\xff\x00\xb6\xb1Wi\xf1gY\x83\xe1?\
\xc0\xbf\x16x3\xc5~>_\x13x\xb2\xfe\x15}3\
H\x84y\xff\x00d\x91\x1f|A\x98\xfc\xc1\x0b*g\
y\x18\x0b\x85\x1e\xbf\x04|5\xfd\xa5%\xf8q\xa1\xc3\
o\xa7\xddk:6\xa0-\x0d\x94\xb7:aP^<\
\x8e\xfb\x81\x1d\x01\xf5\x18\xe0\xd6x\xf8\xd5\xe1\xef9\xe5\
\x96\xdfU\x96Y\x18\xbb\xc8\xf1\xa1gbrI%\xfa\
\x9a\xfb\xda\xf9~\x072\xaf*\x98\x9cLU9F\x09\
\xab{\xde\xea\xb6\xf6\xd3\xe5\xb9\xf2T\xab\xe2\xf0p\xb5\
*-\xce2\x93O\xa6\xaf\xb5\xf5=\x8fn\x97\xe3\xab\
\x995\x8d7R\xb5\x8aI\xb0\xd76Ws,S\xdb\
I\x8f\x99]O\xbf~\x87\x1cq\xd6\x97\x8d\xad\xe1\x1a\
>\x87}\xa7\xcf\x16\xa3\xa2\xe9\xf2]\x0b\xcdF\xd2@\
\xf1\xc5;\x00\x80\x1cr\x14|\xc0\xb7c\xb78\x1c\xd7\
\x91\xdf|\x5c\xf0N\xa2\xc8\xf7z5\xf5\xc3 \xc2\x99\
-bl~oRi\x9f\xb4.\x9b\xe0\xfb\xc9\xa7\xd0\
l.\xe6\xb5\xb9\x05n\xb4\xab\xb4T\xb7\x9b\xe5\xc0p\
C6\xc6\x1c\x02pw\x01\x83\xd0\x11\xf2\x19\xb6\x0b3\
\xc1ap\xcf\x01\x8e\x85xa$\xa5\x0ar\x8f+\x92\
I\xc5'$\xf5q\x8b\xd3E\xe7s\xea\xf2\xec^\x03\
\x15^\xba\xc6a'JX\x88\xb5)\xa7t\x9bi\xdd\
G\xb3k]_\x91\xe1\xef&G\xb8\x15\xf6\x9f\xc0#\
\x9f\xf8&\x9f\xed\x1f\xff\x00_\x09\xff\x00\xa0A_\x16\
_]\x0b\xbb\xb9\xee<\xa8\xe0\xf3\x1d\x9cE\x10\xc2&\
Nv\xa8\xec\x07A_\xa5\xdf\xf0LO\x02h_\x14\
\x7ffO\x8a^\x16\xf1=\x8f\xf6\x9e\x83\xaak)\x05\
\xe5\xa7\x9d$^jy1\x1co\x8d\x95\x87 r\x08\
\xaf3\x1d'*7\x92\xb3v7\xa2\x94gd\xee|\
\xfb\xfb.\xff\x00\xc1)\x7f\xe1\xa5~\x05xg\xe2?\
\xfc-\x1f\xf8G?\xb6~\xd3\xff\x00\x12\xcf\xf8G\xfe\
\xd5\xe4\xf97R\xc1\xfe\xb7\xedI\xbb>V\xef\xba1\
\xbb\x1c\xe3'\xf5K\xf6\xa4\xf8\xe7\xff\x00\x0c\xd9\xf0+\
\xc4\xdf\x11\xbf\xb1?\xe1\x22\xfe\xc5\xfb/\xfcK>\xd7\
\xf6_;\xce\xba\x8a\x0f\xf5\xbb\x1fn<\xdd\xdft\xe7\
n8\xceGU\xf0\xab\xe1w\x86~\x0cx\x0bK\xf0\
w\x83\xb4\xdf\xec\x7f\x0d\xe9\xbeo\xd9l\xbe\xd1,\xfe\
_\x99+\xca\xff\x00<\xac\xcer\xf29\xe5\x8e3\x81\
\xc0\x02\x97\xe2\x97\xc2\xcf\x0c|i\xf0&\xa7\xe0\xdf\x19\
i\x9f\xdb\x1e\x1b\xd4\xbc\xaf\xb5Y}\xa2X<\xcf.\
T\x95>x\x99\x5ca\xe3C\xc3\x0c\xe3\x07\x82E|\
\xd9\xde~j\xff\x00\xcah?\xea\x8e\xff\x00\xc2\xb6\xff\
\x00\xb8\xe7\xf6\x8f\xf6\x87\xfe\x03y^_\xd8?\xdb\xdd\
\xe6\xff\x00\x0e\xdf\x9b\xef\xff\x00\xd9s\xe0g\xfc3o\
\xc0\xaf\x0c\xfc9\xfe\xdb\xff\x00\x84\x8b\xfb\x17\xed_\xf1\
3\xfb'\xd9|\xef:\xeaY\xff\x00\xd5o}\xb8\xf3\
v\xfd\xe3\x9d\xb9\xe38\x1f\x00~\xdd\x1f\xf1\xad\x93\xe0\
\xaf\xf8g/\xf8\xb7\x7f\xf0\x9a}\xbb\xfb{?\xf14\
\xfbg\xd9>\xcf\xf6o\xf8\xfe\xf3\xfc\xbd\x9fk\xb8\xff\
\x00W\xb7v\xff\x00\x9b;W\x1fj\xfe\xc1_\x14|\
O\xf1\xa3\xf6N\xf07\x8c\xbce\xa9\xff\x00l\xf8\x93\
S\xfbw\xda\xef~\xcf\x14\x1eg\x97\x7fq\x12|\x91\
*\xa0\xc2F\x83\x85\x19\xc6O$\x9a\x00\xf7\xfc\xd7\xca\
\xbf\xb77\xec3\xff\x00\x0d\xa2|\x13\x8f\x1b\x7f\xc2\x1d\
\xff\x00\x08\xd7\xdb\x7f\xe6\x13\xf6\xef\xb4\xfd\xa3\xec\xff\x00\
\xf4\xde-\x9b~\xcf\xef\x9d\xdd\xb1\xcf\xe5_\xfc=\x1b\
\xf6\x9d\xff\x00\xa2\x99\xff\x00\x94\x0d/\xff\x00\x91\xab\xef\
\xff\x00\xf8%'\xedG\xf1;\xf6\x94?\x14\x7f\xe1c\
\xf8\x9b\xfe\x12/\xec_\xec\xbf\xb0\x7f\xa0Z\xda\xf9>\
w\xda\xfc\xdf\xf5\x11&\xec\xf9Q\xfd\xec\xe3o\x18\xc9\
\xc8\x07\x95\xff\x00\xc3\x8c\x7f\xea\xb6\x7f\xe5\xa9\xff\x00\xdd\
\xb5\xe5\x7f\xb5\x17\xfc\x15k\xfe\x1aO\xe0W\x89\xbe\x1c\
\x1f\x85\xdf\xf0\x8e\x7fm}\x97\xfe&\x7f\xf0\x90}\xab\
\xc9\xf2n\xa2\x9f\xfdW\xd9Sv|\xad\xbfxcv\
y\xc6\x0f\xedE~k~\xde\xbf\xb0g\xc0\xaf\x82\xdf\
\xb2w\x8e\xbce\xe0\xcf\x03\x9d\x1b\xc4\x9ao\xd8~\xcb\
{\xfd\xaf\x7f?\x97\xe6_\xdb\xc4\xff\x00$\xb3\xb2\x1c\
\xa4\x8e9S\x8c\xe4r\x01\xa0\x0f\x8a\xff\x00a\x9f\xdb\
\x9f\xfe\x18\xb8\xf8\xdb\xfe(\x9f\xf8LO\x89~\xc5\xff\
\x001o\xb0\xfd\x9b\xec\xff\x00h\xff\x00\xa6\x12\xef\xdd\
\xf6\x8flm\xef\x9e>\xa9\xff\x00\x87\xe6\xff\x00\xd5\x13\
\xff\x00\xcb\xaf\xff\x00\xb8\xab\xf2\xaf<\xe6\xbf_\xff\x00\
`\xaf\xd83\xe0W\xc6\x9f\xd9;\xc0\xbe2\xf1\x9f\x81\
\xce\xb3\xe2MK\xed\xdfj\xbd\xfe\xd7\xbf\x83\xcc\xf2\xef\
\xee\x22O\x92)\xd5\x06\x124\x1c(\xce2y$\xd0\
\x07\xe9M\x14Q@\x05\x14Q@\x05!\xe9KHz\
P\x07\xe0\x17\xfc\x15\x1f\xfeO\xb3\xe2o\xfd\xc3?\xf4\
\xd7iG\xfc\x12\xe3\xfeO\xb3\xe1\x97\xfd\xc4\xff\x00\xf4\
\xd7wG\xfc\x15\x1b\x9f\xdb\xaf\xe2g\xfd\xc3?\xf4\xd9\
i_U\x7f\xc3\x0c\x7f\xc3\xb5\xff\x00\xe3#\xbf\xe16\
\xff\x00\x85\x8b\xff\x00\x08_\xfc\xcb_\xd9?\xd9\x7fl\
\xfbg\xfa\x07\xfc|\xf9\xd3y{>\xd7\xe6\x7f\xabm\
\xdb6\xf1\xbbp\x00\xfb\xfb\xe3\x9f\xedG\xf0\xc7\xf6l\
\xfe\xc4\x1f\x11\xbcM\xff\x00\x08\xef\xf6\xd7\x9f\xf6\x0f\xf4\
\x0b\xab\xaf;\xc9\xf2\xfc\xdf\xf5\x11>\xdcy\xb1\xfd\xec\
gw\x19\xc1\xc7\xe5g\xedI\xfb.|N\xfd\xb4>\
;x\x9b\xe3'\xc1\xbf\x0c\xff\x00\xc2c\xf0\xdf\xc4\xbf\
e\xfe\xca\xd6\xbe\xdfkc\xf6\x9f\xb3\xda\xc5k7\xee\
n\xa5\x8ad\xdb5\xbc\xa9\xf3\xa0\xce\xdc\x8c\xa9\x04\xfa\
\xa6\x7f\xe1\xf3\xff\x00\xf5G\x7f\xe1[\x7f\xdcs\xfbG\
\xfbC\xff\x00\x01\xbc\xaf/\xec\x1f\xed\xee\xf3\x7f\x87o\
+\xff\x00\x0d\xcf\xff\x00\x0e\xd8\xff\x00\x8cr\xff\x00\x84\
'\xfe\x16/\xfc!\x7f\xf32\xff\x00j\xff\x00e\xfd\
\xb3\xed\x7f\xe9\xdf\xf1\xed\xe4\xcd\xe5\xec\xfb_\x97\xfe\xb1\
\xb3\xb3w\x19\xda\x00?J~)|S\xf0\xc7\xc1o\
\x02j~2\xf1\x96\xa7\xfd\x8f\xe1\xbd7\xca\xfbU\xef\
\xd9\xe5\x9f\xcb\xf3%H\x93\xe4\x89Y\xce^D\x1c)\
\xc6rx\x04\xd7\xe6\xaf\xed\xd1\xff\x00\x1b&>\x0a\xff\
\x00\x86r\xff\x00\x8b\x89\xff\x00\x08_\xdb\xbf\xb7\xb3\xff\
\x00\x12\xbf\xb1\xfd\xaf\xec\xff\x00f\xff\x00\x8f\xef#\xcc\
\xdf\xf6K\x8f\xf5{\xb6\xec\xf9\xb1\xb9r\xbf\xf0\xdc\xff\
\x00\xf0\xf2\x7f\xf8\xc7\x1f\xf8B\x7f\xe1]\x7f\xc2i\xff\
\x003/\xf6\xaf\xf6\xa7\xd8\xfe\xc9\xfe\x9d\xff\x00\x1e\xde\
L>f\xff\x00\xb2y\x7f\xeb\x17n\xfd\xdc\xed\xdaS\
#\xfe\x08\xbf\xff\x00U\x8b\xfe\x16O\xfd\xc0\xff\x00\xb3\
\xbf\xb3\xff\x00\xf0'\xce\xf3>\xdf\xfe\xc6\xdf+\xf8\xb7\
|\xa0\x1fj\xfe\xc1_\x0b\xbcO\xf0_\xf6N\xf07\
\x83|e\xa6\x7fcx\x93L\xfbw\xda\xec\xbe\xd1\x14\
\xfe_\x99\x7fq*|\xf13!\xcaH\x87\x868\xce\
\x0f \x8a\xf0\x0f\xda\x93\xf6\xa3\xf8c\xfbh|\x09\xf1\
7\xc1\xbf\x83~&\xff\x00\x84\xc7\xe2G\x89~\xcb\xfd\
\x95\xa2\xff\x00g\xddX\xfd\xa7\xec\xf7Q]M\xfb\xeb\
\xa8\xa2\x856\xc3o+\xfc\xee3\xb7\x03,@>U\
\xff\x00\x0f\xcd\xff\x00\xaa'\xff\x00\x97_\xff\x00qW\
\xca\xbf\xf0K\x93\xff\x00\x19\xd7\xf0\xcf?\xf5\x13\xff\x00\
\xd3e\xdd\x00}\xfd\xff\x00\x04\xa5\xfd\x97>'~\xcd\
\x7f\xf0\xb4\x7f\xe1c\xf8g\xfe\x11\xdf\xed\xaf\xec\xbf\xb0\
\x7f\xa7\xda\xddy\xdeO\xda\xfc\xdf\xf5\x12\xbe\xdcy\xb1\
\xfd\xecgw\x19\xc1\xc7\xc0?\xf0T\x7f\xf9>\xcf\x89\
\xbf\xf7\x0c\xff\x00\xd3]\xa5~\xa9~\xdc\xbf\xb70\xfd\
\x8b\xbf\xe1\x09\xc7\x82\x7f\xe11\xff\x00\x84\x93\xed\xbf\xf3\
\x16\xfb\x0f\xd9\xbe\xcf\xf6\x7f\xfaa.\xfd\xde\x7f\xb66\
\xf7\xcf\x1f\x8b\x1f\xb5\x1f\xc7?\xf8iO\x8e\xbe&\xf8\
\x8f\xfd\x89\xff\x00\x08\xef\xf6\xd7\xd9\x7f\xe2[\xf6\xbf\xb5\
y>M\xacP\x7f\xad\xd8\x9b\xb3\xe5n\xfb\xa3\x1b\xb1\
\xce2@>\xe9\xff\x00\x82XxE~\x22~\xcc\x1f\
\x1f\xbc)\xf6\x94\xb4}U\xe0\xb4\x172\x03\xb6\x13$\
\x12*\xb9\xf6\x07\x93\xf4\xaf\x8e\xbcU\xe1\x9dS\xc1^\
#\xd4\xb4-j\xce[\x0dSO\x9d\xad\xaem\xa6R\
\x19\x1dN\x08\xfe\xa0\xf7\x1c\xd7\xea\xb7\xec\x87\xfb\x01k\
\x9f\xb1\xb7\x8b5\x8dN\xd7\xe2rx\xbb\xc3z\xd5\xa8\
\xb6\xd5|?'\x87E\xb0\xb8+\xbb\xca\x91d7/\
\xb5\x90\xbb\x8c\x15 \xab\xb0<\x90G}\xf1\xe3\xf6\x5c\
\xf8Q\xf1\xe0\x09\xbcM4\xf6:\xc2\x00\x90\xea\xf6\x8a\
c\xbc\x8e1\x9cF\xccT\xac\x8a:\x0f1Y\x80\xe8\
\xdd\xeb\xd4\xc0\xe2\xd6\x19\xb8\xcbfsV\xa5\xed,\xd6\
\xe7\xe2\x93>*6q_\xa6\xad\xff\x00\x04\xbf\xf8D\
\xc4\xff\x00\xc5\xca\xf1\x08\xfa\xc3\x17\xff\x00\x1b\xaf\x17\xff\
\x00\x85\x0b\xfb\x1c\x1f\xf9\xb8\xfb\x9f\xc24\xff\x00\xe35\
\xeb<\xc6\x87w\xf7\x1c\xbe\xc2g\xc5\x928\xe9Q;\
\x02\x08\xaf\xd0\xaf\x87\x7f\xb0\xef\xec\xd9\xf1l\xea\x1f\xf0\
\x87\xfcl\xd5\xb5\xe3\xa7\xf9\x7fj\xfb$Q\x9f'\xcc\
\xdd\xb3vb\x1dv?\xe4k\x0b\xc6_\xb2g\xec\xa3\
\xe0\x0f\x11\xdd\xe8\x1e#\xf8\xff\x00\xa8i:\xcd\xa6\xcf\
>\xce\xe2(\xc3\xc7\xb9\x15\xd78\x87\xba\xb2\x9f\xc6\xb3\
x\xfa/\xfe\x18\xa5BH\xf8*C\xef\xc5~\x8c\xf8\
K\xe1\x1e\xa7\xf0\x8f\xfe\x09i\xf1j]r6\xb5\xd4\
|Cl\xba\xa9\xb4\x91\x0a\xc9o\x13\xbc1\xc2\xae\x0f\
Fe@\xf8\xf4\x90V\xef\xec\xdb\xf0o\xf6?\xd2>\
!i\xf1h\x1f\x12a\xf8\x85\xe2\xb9X\xbe\x9di\xaa\
)\x95cx\xd4\xc8]\x22X\xd5\x19\x82\xa1?\xbc\xdc\
\x063\x8c\xd6_\xfc\x16\x03\xe2\xfe\xa9\xe1\x8f\x85\x9e\x0d\
\xf0\x16\x84\xed\x0e\x85\xe2\xbb\xab\x9b\x8dZ\xeaD\x02k\
\xdf\xb2\x1bf\x8dNG\xdd/*\xb1\xe0s\x12\x01\x85\
\x18>^+\x14\xab.H\xect\xd3\xa5\xc9\xab>\x93\
\xff\x00\x82\x5c\xff\x00\xc9\x8a|3\xff\x00\xb8\x9f\xfe\x9c\
\xee\xeb\xe2\x9f\xd8/\xf6\x0c\xf8\xeb\xf0W\xf6\xb1\xf0/\
\x8c\xbcg\xe0o\xeco\x0d\xe9\xbfn\xfbU\xef\xf6\xbd\
\x84\xfe_\x99aq\x12|\x91N\xcer\xf2 \xe1N\
3\x93\xc0&\xb9o\xd9w\xfe\x0a\xb5\xff\x00\x0c\xd7\xf0\
+\xc3?\x0e?\xe1W\x7f\xc2G\xfd\x8d\xf6\xaf\xf8\x99\
\x7f\xc2A\xf6_;\xce\xba\x96\x7f\xf5_e}\xb8\xf3\
v\xfd\xe3\x9d\xb9\xe38\x1f\xaa\x7f\xb5\x1f\xc71\xfb6\
|\x0a\xf17\xc4\x7f\xecA\xe2/\xec_\xb2\xff\x00\xc4\
\xb3\xed\x7fe\xf3\xbc\xeb\xa8\xa0\xff\x00[\xb1\xf6\xe3\xcd\
\xdd\xf7Nv\xe3\x8c\xe4y\xa7A\xf0\x07\xfc\x177\x9f\
\xf8R\x7f\xf7\x1b\xff\x00\xdb\x0a\xfa\xaf\xfe\x09q\xff\x00\
&'\xf0\xcb\xfe\xe2\x7f\xfat\xbb\xaf\x95\x0f\xfcn\x84\
\x7f\xd1\x1d\xff\x00\x85m\xff\x00q\xcf\xed\x1f\xed\x0f\xfc\
\x06\xf2\xbc\xbf\xb0\x7f\xb7\xbb\xcd\xfe\x1d\xbf7\xdf\xff\x00\
\xb2\xdf\xc0\xcf\xf8f\xcf\x81>\x19\xf8q\xfd\xb7\xff\x00\
\x09\x17\xf6/\xda\xbf\xe2e\xf6O\xb2\xf9\xdeu\xd4\xb3\
\xff\x00\xaa\xde\xfbq\xe6\xed\xfb\xc7;s\xc6p\x00?\
\x9d\x8f\x85\xbf\x0b|O\xf1\xa7\xc7zg\x83|\x1b\xa6\
\x7fl\xf8\x93R\xf3~\xcbe\xe7\xc5\x07\x99\xe5\xc4\xf2\
\xbf\xcf+*\x0c$nya\x9c`r@\xaf\xd7\xcf\
\xf8%/\xec\xbb\xf1;\xf6l\x1f\x14O\xc4\x7f\x0c\xff\
\x00\xc2:5\xaf\xec\xbf\xb0\x7f\xa7\xda\xddy\xdeO\xda\
\xfc\xcf\xf5\x12\xbe\xdcy\xb1\xfd\xecgw\x19\xc1\xc2\xfe\
\xcb\xbf\xf0J_\xf8f\xbf\x8e\xbe\x19\xf8\x8f\xff\x00\x0b\
G\xfe\x12?\xec_\xb4\xff\x00\xc4\xb7\xfe\x11\xff\x00\xb2\
\xf9\xdeu\xac\xb0\x7f\xad\xfbS\xed\xc7\x9b\xbb\xee\x9c\xed\
\xc7\x19\xc8\xf5O\xdb\x97\xf6\xe5\xff\x00\x86/\xff\x00\x84\
'\x1e\x09\xff\x00\x84\xc7\xfe\x12_\xb7\x7f\xcc[\xec?\
g\xfb?\xd9\xff\x00\xe9\x8c\xbb\xf7}\xa3\xdb\x1b{\xe7\
\x80\x0f\x8a\xff\x00oO\xd83\xe3\xaf\xc6\xaf\xda\xc7\xc7\
^2\xf0g\x81\xbf\xb6|7\xa9}\x87\xec\xb7\xbf\xda\
\xf6\x10y\x9e]\x85\xbcO\xf2K:\xb8\xc3\xc6\xe3\x95\
\x19\xc6G\x04\x1a\xf5\x7f\xdb\xd7\xf6\xf3\xf8\x15\xf1\xa7\xf6\
N\xf1\xd7\x83|\x19\xe3\x83\xac\xf8\x93R\xfb\x0f\xd9l\
\xbf\xb2/\xe0\xf3<\xbb\xfby_\xe7\x96\x05A\x84\x8d\
\xcf,3\x8c\x0eH\x15\xf6\x9f\xec\xb9\xf1\xcc~\xd2\x7f\
\x02\xbc3\xf1\x1b\xfb\x10xw\xfbk\xed_\xf1,\xfb\
_\xda\xbc\x9f&\xeaX?\xd6\xecM\xd9\xf2\xb7}\xd1\
\x8d\xd8\xe7\x19?\x95\xbf\xb5\x17\xfc\x12\x97\xfe\x19\xaf\xe0\
W\x89\xbe#\x9f\x8a?\xf0\x91\xff\x00b\xfd\x97\xfe%\
\xbf\xf0\x8f\xfd\x97\xce\xf3\xae\xa2\x83\xfdo\xda\x9fn<\
\xdd\xdft\xe7n8\xce@\x07\xa9\xff\x00\xc1\x0c\xf8\xff\
\x00\x85\xd9\x9f\xfa\x82\x7f\xed\xfdr\x9f\xb7\xa7\xec\x19\xf1\
\xd7\xe3W\xedc\xe3\xaf\x19x3\xc0\xdf\xdb>\x1b\xd4\
\xbe\xc3\xf6[\xdf\xed{\x08<\xcf.\xc2\xde'\xf9%\
\x9d\x5ca\xe3q\xca\x8c\xe3#\x82\x0dx\x17\xec3\xfb\
s\x7f\xc3\x17\xff\x00\xc2m\xff\x00\x14O\xfc&?\xf0\
\x92\xfd\x8b\xfeb\xdfa\xfb7\xd9\xfe\xd1\xff\x00Le\
\xdf\xbb\xcf\xf6\xc6\xde\xf9\xe3\xea\x8f\xf8~o\xfdQ?\
\xfc\xba\xff\x00\xfb\x8a\x80?Uh\xa2\x8a\x00(\xa2\x8a\
\x00)\x08\xc8 \xf44\xb4\x87\x81@\x1e\x03\xf1G\xf6\
\x0b\xf8\x15\xf1\xa3\xc7Z\x9f\x8c\xbce\xe0s\xac\xf8\x93\
R\xf2\xbe\xd5{\xfd\xaf\x7f\x07\x99\xe5\xc4\x91'\xc9\x14\
\xea\x83\x09\x1a\x0e\x14g\x199$\x9a\xe5?\xe0\xa8\xff\
\x00\xf2b\x7f\x13\x7f\xee\x19\xff\x00\xa7KJ\xf8\xa7\xf6\
\xf4\xfd\x83>:\xfcj\xfd\xac|u\xe3/\x06x\x1b\
\xfbg\xc3z\x97\xd8~\xcb{\xfd\xafa\x07\x99\xe5\xd8\
[\xc4\xff\x00$\xb3\xab\x8c<n9Q\x9cdpA\
\xaf\xd8\x0a\x00\xfek>\x06~\xd4\x9f\x13\xff\x00f\xcf\
\xed\xb1\xf0\xe3\xc4\xdf\xf0\x8e\xff\x00my\x1fo\xff\x00\
@\xb5\xba\xf3\xbc\x9f3\xca\xff\x00_\x13\xed\xc7\x9b'\
\xdd\xc6ws\x9c\x0c~\xaa~\xcb\x7f\xb2\xe7\xc3\x1f\xdb\
C\xe0O\x86~2|d\xf0\xcf\xfc&?\x12<K\
\xf6\xaf\xed]k\xfbB\xea\xc7\xed?g\xba\x96\xd6\x1f\
\xdc\xda\xcb\x14)\xb6\x1bx\x93\xe4A\x9d\xb99bI\
\xf2\x9f\xf8.w\xfc\xd1?\xfb\x8d\xff\x00\xed\x85~V\
P\x07\xedO\xedI\xfb.|1\xfd\x8b\xfe\x04\xf8\x9b\
\xe3'\xc1\xbf\x0c\xff\x00\xc2\x1d\xf1#\xc3_e\xfe\xca\
\xd6\xbf\xb4.\xaf\xbe\xcd\xf6\x8b\xa8\xadf\xfd\xcd\xd4\xb2\
\xc2\xfb\xa1\xb8\x95>t8\xdd\x91\x86\x00\x8f*\xfd\x86\
?\xe3d\xe7\xc6\xdf\xf0\xd1\xdf\xf1q\x7f\xe1\x0b\xfb\x0f\
\xf6\x0f\xfc\xc2\xfe\xc7\xf6\xbf\xb4}\xa7\xfe<|\x9f3\
\x7f\xd9-\xff\x00\xd6n\xdb\xb3\xe5\xc6\xe6\xcf\xc5_\xb0\
W\xc5\x1f\x0c|\x17\xfd\xac|\x0d\xe3/\x19j\x7f\xd8\
\xfe\x1b\xd3>\xdd\xf6\xbb\xdf\xb3\xcb?\x97\xe6X\x5cD\
\x9f$J\xcer\xf2 \xe1N3\x93\xc0&\xbft\xfe\
\x06\xfe\xd4\x7f\x0c\x7fi/\xed\xb1\xf0\xe7\xc4\xdf\xf0\x91\
\x1d\x17\xc8\xfb\x7f\xfa\x05\xd5\xaf\x93\xe7y\x9e_\xfa\xf8\
\x93v|\xa9>\xeeq\xb7\x9cdd\x03\xca\xff\x00\xe1\
\xd7_\xb3\x1f\xfd\x133\xff\x00\x83\xfdS\xff\x00\x92k\
\xf0\xb3\xe1o\xc5/\x13\xfc\x16\xf1\xde\x99\xe3/\x06\xea\
\x7f\xd8\xde$\xd3|\xdf\xb2\xde\xf9\x11O\xe5\xf9\x91<\
O\xf2J\xac\x87)#\x8eT\xe39\x1c\x80k\xdf\xff\
\x00\xe0\xa8\xff\x00\xf2}\x9f\x13\x7f\xee\x19\xff\x00\xa6\xbb\
J\xf0\x0f\x85\xbf\x0b|O\xf1\xa7\xc7zg\x83|\x1b\
\xa6\x7fl\xf8\x93R\xf3~\xcbe\xe7\xc5\x07\x99\xe5\xc4\
\xf2\xbf\xcf+*\x0c$nya\x9c`r@\xa0\x0e\
\xab\xe3\x97\xedG\xf1;\xf6\x92\x1a \xf8\x8d\xe2o\xf8\
H\x86\x8b\xe7\xfd\x83\xfd\x02\xd6\xd7\xc9\xf3\xbc\xbf3\xfd\
DI\xbb>T\x7f{8\xdb\xc62s\xe5U\xfa\xa7\
\xfb\x0b\x7f\xc6\xb6\x7f\xe15\xff\x00\x86\x8d\xff\x00\x8bw\
\xff\x00\x09\xa7\xd8\x7f\xb0q\xff\x00\x13O\xb6}\x93\xed\
\x1fi\xff\x00\x8f\x1f;\xcb\xd9\xf6\xbb\x7f\xf5\x9bwo\
\xf9s\xb5\xb1\xfaU\xf0\xb7\xe2\x9f\x86>4\xf8\x13L\
\xf1\x97\x83u?\xed\x8f\x0d\xea^o\xd9o~\xcf,\
\x1eg\x97+\xc4\xff\x00$\xaa\xae0\xf1\xb8\xe5Fq\
\x91\xc1\x06\x80?\x0a\x9b\xfe\x0a\x89\xfbM\xb8\xc1\xf8\x96\
\x08\xff\x00\xb0\x06\x97\xff\x00\xc8\xd5\xf7\x8f\xfc\x12\xb7\xf6\
\x87\xf8\x83\xfbN\xff\x00\xc2\xd1\xff\x00\x85\x95\xaf\xaf\x88\
\xce\x8b\xfd\x97\xf6\x03\xfd\x9fkk\xe4\xf9\xdfk\xf3?\
\xd4D\x9b\xb3\xe5G\xf7\xb3\x8d\xbcc'?\x9c\xbf\xb0\
W\xc5\x1f\x0c|\x17\xfd\xac|\x0d\xe3/\x19j\x7f\xd8\
\xfe\x1b\xd3>\xdd\xf6\xbb\xdf\xb3\xcb?\x97\xe6X\x5cD\
\x9f$J\xcer\xf2 \xe1N3\x93\xc0&\xbf_\xff\
\x00\xe1\xe8\xbf\xb3\x18\xe0\xfcK9\xff\x00\xb0\x06\xa9\xff\
\x00\xc8\xd4\x01\xf0\xb7\xed\xe9\xfbg\xfcc\xf8+\xfbX\
x\xe7\xc1\x9e\x0d\xf1rh\xfe\x1b\xd3~\xc3\xf6[/\
\xec\x8b\x19\xfc\xbf2\xc2\xdeW\xf9\xe5\x81\x9c\xe5\xe4s\
\xc98\xce\x07\x00\x0a\xf9\xa7\xf6\x0a\xf8[\xe1\x8f\x8d?\
\xb5\x87\x81\xbc\x19\xe3-7\xfb_\xc3z\x9f\xdb\xbe\xd5\
d'\x96\x0f3\xcb\xb0\xb8\x95>x\xd9\x5ca\xe3C\
\xc1\x19\xc6\x0f\x04\x8a\xfd\x7f\xff\x00\x87\xa2\xfe\xcc\x7f\xf4\
S\x0f\xfe\x085O\xfeF\xaf\xc2\xcf\x85\xbf\x0b|O\
\xf1\xa7\xc7zg\x83|\x1b\xa6\x7fl\xf8\x93R\xf3~\
\xcbe\xe7\xc5\x07\x99\xe5\xc4\xf2\xbf\xcf+*\x0c$n\
ya\x9c`r@\xa0\x0f\xd1\xef\xdb\xcbL\xb7\xff\x00\
\x82t\x0f\x03\x0f\xd9\xee1\xe0/\xf8L~\xdd\xfd\xb9\
\xbf\xfe&\x9fk\xfb'\xd9\xfe\xcf\xff\x00\x1f\xbew\x97\
\xb7\xedS\xfd\xcd\xbb\xb7\xfc\xd9\xda\xb8\xfc\xdc\xf8\x93\xf1\
+\xc4\x7f\x17|i\xa8x\xb3\xc5\x9a\x80\xd55\xfdC\
\xcb\x177ko\x14\x02O.5\x89>H\x95Pa\
\x11G\x00g\x19<\x92k\xaf\xf8\xe5\xfb.|N\xfd\
\x9bF\x88~#xg\xfe\x11\xd1\xady\xff\x00`\xc5\
\xfd\xad\xd7\x9d\xe4\xf9~g\xfa\x89_n<\xd8\xfe\xf6\
3\xbb\x8c\xe0\xe3\xf6\xa7\xfe\x09q\xff\x00&'\xf0\xcb\
\xfe\xe2\x7f\xfat\xbb\xa0\x0f$\xfd\xaa\x7fe/\x85\xdf\
\xb1\xb7\xc0_\x14|a\xf8A\xe1\x93\xe1?\x88\x9e\x1c\
\xfb/\xf6^\xb0\xd7\xf77\xc2\xdf\xed\x17P\xda\xcd\xfb\
\x9b\x99$\x89\xf7C<\xab\xf3\xa1\xc6\xec\x8c\x10\x08\xf2\
\xcf\xd8F\x08\xff\x00\xe0\xa3\xc3\xc6\xe3\xf6\x89Q\xf1\x04\
x/\xec'A\xc7\xfcJ\xfe\xc7\xf6\xbf\xb4}\xa7\xfe\
<\xbc\x9f3\x7f\xd9`\xff\x00Y\xbbn\xcf\x97\x1b\x9b\
?\x17~\xc1_\x14|1\xf0_\xf6\xb1\xf07\x8c\xbc\
e\xa9\xff\x00c\xf8oL\xfbw\xda\xef~\xcf,\xfe\
_\x99aq\x12|\x91+9\xcb\xc8\x83\x858\xceO\
\x00\x9a\xfa\x03\xfe\x0a\xb5\xfbP\xfc2\xfd\xa5\x0f\xc2\xe1\
\xf0\xe3\xc4\xdf\xf0\x91\x1d\x17\xfbP_\x8f\xb0]Z\xf9\
>w\xd9<\xbf\xf5\xf1&\xec\xf9R}\xdc\xe3o8\
\xc8\xc8\x07\xcf\xff\x00\xb7\xaf\xc2\xef\x0c|\x17\xfd\xac|\
s\xe0\xdf\x06\xe9\x9f\xd8\xfe\x1b\xd3>\xc3\xf6K/\xb4\
K?\x97\xe6X[\xca\xff\x00<\xac\xcer\xf29\xe5\
\x8e3\x81\xc0\x02\x8f\x8a?\xb7\xa7\xc7_\x8d>\x05\xd4\
\xfc\x1b\xe3?\x1c\x0dg\xc3z\x97\x95\xf6\xab/\xec\x8b\
\x08<\xcf.T\x95>x\xa0W\x18x\xd0\xf0\xc38\
\xc1\xc8$Q\xf0\xbb\xf6\x0b\xf8\xeb\xf1\xa7\xc0\xbag\x8c\
\xbc\x19\xe0q\xac\xf8oR\xf3~\xcb{\xfd\xafa\x07\
\x99\xe5\xca\xf1?\xc9,\xea\xe3\x0f\x1b\x8eTg\x19\x19\
\x04\x1a\xfa\x03\xf6[\xfd\x97>'~\xc5\xff\x00\x1d\xbc\
3\xf1\x93\xe3'\x86\x7f\xe1\x0e\xf8o\xe1\xaf\xb5\x7fj\
\xeb_o\xb5\xbe\xfb7\xda-e\xb5\x87\xf76\xb2\xcb\
3\xee\x9a\xe2$\xf9\x10\xe3vN\x14\x12\x00>U\xf8\
\x1b\xfbR|O\xfd\x9b\xbf\xb6\xff\x00\xe1\x5c\xf8\x9b\xfe\
\x11\xdf\xed\xaf'\xed\xff\x00\xe8\x16\xb7^w\x93\xe6y\
\x7f\xeb\xe2}\xb8\xf3d\xfb\xb8\xce\xees\x81\x8f\xdd?\
\xd8+\xe2\x8f\x89\xfe4~\xc9\xde\x06\xf1\x97\x8c\xb5?\
\xed\x9f\x12j\x7fn\xfb]\xef\xd9\xe2\x83\xcc\xf2\xef\xee\
\x22O\x92%T\x18H\xd0p\xa38\xc9\xe4\x93]W\
\xc0\xcf\xda\x8f\xe1\x8f\xed'\xfd\xb6>\x1c\xf8\x9b\xfe\x12\
/\xec_#\xed\xff\x00\xe8\x17V\xbeO\x9d\xe6y_\
\xeb\xe2M\xd9\xf2\xa4\xfb\xb9\xc6\xdeq\x91\x9f\xc5\x7f\xf8\
*?\xfc\x9fg\xc4\xdf\xfb\x86\x7f\xe9\xae\xd2\x80?_\
\xbfo_\x8a>'\xf8/\xfb'x\xe7\xc6^\x0d\xd4\
\xff\x00\xb1\xbcI\xa6}\x87\xec\x97\xbfg\x8a\x7f/\xcc\
\xbf\xb7\x89\xfeIU\x90\xe5$q\xca\x9cg#\x90\x0d\
|U\xfb\x0c\x7f\xc6\xc9\x87\x8d\xbf\xe1\xa3\x7f\xe2\xe2\x7f\
\xc2\x17\xf6\x1f\xec\x1f\xf9\x85\xfd\x8f\xed\x7fh\xfbO\xfc\
x\xf9>f\xff\x00\xb2[\xff\x00\xac\xdd\xb7g\xcb\x8d\
\xcd\x9f\xca\xca\x00\xc9\x00u4\x01\xf7\xff\x00\xedI\xfb\
Q\xfcN\xfd\x8b\xfe;x\x9b\xe0\xdf\xc1\xbf\x13\x7f\xc2\
\x1d\xf0\xdf\xc3_e\xfe\xca\xd1~\xc1k}\xf6o\xb4\
Z\xc5u7\xef\xae\xa2\x96g\xdd5\xc4\xaf\xf3\xb9\xc6\
\xec\x0c(\x00}\xff\x00\xff\x00\x05G\xff\x00\x93\x13\xf8\
\x9b\xff\x00p\xcf\xfd:ZW\xe4\x07\xc2\xef\xd8/\xe3\
\xaf\xc6\x9f\x02\xe9\x9e2\xf0g\x81\xc6\xb3\xe1\xbdK\xcd\
\xfb-\xef\xf6\xbd\x84\x1eg\x97+\xc4\xff\x00$\xb3\xab\
\x8c<n9Q\x9cdd\x10k\xca\xfe\x16\xfc-\xf1\
?\xc6\x9f\x1d\xe9\x9e\x0d\xf0n\x99\xfd\xb3\xe2MK\xcd\
\xfb-\x97\x9f\x14\x1eg\x97\x13\xca\xff\x00<\xac\xa80\
\x91\xb9\xe5\x86q\x81\xc9\x02\x80>\xd4\xff\x00\x82R\xfe\
\xcb\xbf\x0c\x7fi?\xf8Z?\xf0\xb1\xbc3\xff\x00\x09\
\x11\xd1\x7f\xb2\xfe\xc1\xfe\x9fuk\xe4\xf9\xdfk\xf3?\
\xd4J\x9b\xb3\xe5G\xf7\xb3\x8d\xbcc'??\xfe\xde\
\xbf\x0b\xbc1\xf0_\xf6\xb1\xf1\xcf\x83|\x1b\xa6\x7fc\
\xf8oL\xfb\x0f\xd9,\xbe\xd1,\xfe_\x99ao+\
\xfc\xf2\xb39\xcb\xc8\xe7\x968\xce\x07\x00\x0a\xfd(\xff\
\x00\x82R\xfe\xcb\xbf\x13\xbff\xc1\xf1D\xfcG\xf0\xcf\
\xfc#\xa3Z\xfe\xcb\xfb\x07\xfa}\xad\xd7\x9d\xe4\xfd\xaf\
\xcc\xff\x00Q+\xed\xc7\x9b\x1f\xde\xc6wq\x9c\x1cx\
\x07\xed\xe9\xfb\x06|u\xf8\xd5\xfbX\xf8\xeb\xc6^\x0c\
\xf07\xf6\xcf\x86\xf5/\xb0\xfd\x96\xf7\xfb^\xc2\x0f3\
\xcb\xb0\xb7\x89\xfeIgW\x18x\xdcr\xa38\xc8\xe0\
\x83@\x1f\xb0\x14QE\x00\x14QE\x00\x14\x86\x96\x90\
\xf2(\x00\xe2\x8c\xd7\xe4\x07\xed\xe9\xfby\xfcu\xf8+\
\xfbX\xf8\xeb\xc1\xbe\x0c\xf1\xcf\xf67\x86\xf4\xdf\xb0\xfd\
\x96\xcb\xfb\x22\xc2\x7f/\xcc\xb0\xb7\x95\xfey`g9\
y\x1c\xf2\xc7\x19\xc0\xe0\x01^\x01\xff\x00\x0fF\xfd\xa7\
\x7f\xe8\xa6\x7f\xe5\x03K\xff\x00\xe4j\x00\xfa\xaf\xfe\x0b\
\x9b\xc9\xf8'\xdf\xfeC\x7f\xfba^U\xfb.\xff\x00\
\xc1)G\xed'\xf0+\xc3?\x11\xff\x00\xe1h\xff\x00\
\xc29\xfd\xb5\xf6\xaf\xf8\x96\x7f\xc2?\xf6\xaf'\xc9\xba\
\x96\x0f\xf5\xbfjM\xd9\xf2\xb7}\xd1\x8d\xd8\xe7\x19?\
*\xfcr\xfd\xa9~'\xfe\xd2_\xd8\x9f\xf0\xb1\xbcM\
\xff\x00\x09\x17\xf6/\x9f\xf6\x0f\xf4\x0b[_'\xce\xf2\
\xfc\xcf\xf5\x11&\xec\xf9Q\xfd\xec\xe3o\x18\xc9\xcfU\
\xf0\xbb\xf6\xf4\xf8\xeb\xf0[\xc0\xbag\x83|\x19\xe3\x81\
\xa3xoM\xf3~\xcbe\xfd\x91a?\x97\xe6J\xf2\
\xbf\xcf,\x0c\xe7/#\x9eX\xe38\x18\x00\x0a\x00\xe5\
\x7fe\xcf\x81\xbf\xf0\xd2\x7f\x1d|3\xf0\xe3\xfbo\xfe\
\x11\xdf\xed\xaf\xb5\x7f\xc4\xcb\xec\x9fj\xf2|\x9bYg\
\xff\x00U\xbd7g\xca\xdb\xf7\x867g\x9c`\xfd\xff\
\x00\xff\x00(_\xff\x00\xaa\xc5\xff\x00\x0b'\xfe\xe0\x7f\
\xd9\xdf\xd9\xff\x00\xf8\x13\xe6\xf9\x9fo\xff\x00co\x95\
\xfc[\xb8\xfc\xd6\xf8[\xf1K\xc4\xff\x00\x05\xbcw\xa6\
x\xcb\xc1\xba\x9f\xf67\x894\xdf7\xec\xb7\xbeDS\
\xf9~dO\x13\xfc\x92\xab!\xcaH\xe3\x958\xceG\
 \x1a\xea\xbe8\xfe\xd4\x9f\x13\xff\x00i\x1f\xecO\xf8\
X\xde&\xff\x00\x84\x87\xfb\x17\xce\xfb\x06,-m|\
\x9f;\xcb\xf3?\xd4D\x9b\xb3\xe5G\xf7\xb3\x8d\xbcc\
' \x1f\x7f\x9f\xd8c\xfe\x1eN\x7f\xe1\xa3\xbf\xe16\
\xff\x00\x85u\xff\x00\x09\xa7\xfc\xcb_\xd9_\xda\x9fc\
\xfb'\xfa\x07\xfc|\xf9\xd0\xf9\x9b\xfe\xc9\xe6\x7f\xab]\
\xbb\xf6\xf3\xb7q\xf8\x03\xf6\x5c\xf8\xe5\xff\x00\x0c\xd9\xf1\
\xd7\xc3?\x11\xff\x00\xb1?\xe1\x22\xfe\xc5\xfbW\xfcK\
~\xd7\xf6_;\xce\xb5\x96\x0f\xf5\xbb\x1fn<\xdd\xdf\
t\xe7n8\xceGU\xf0\xbb\xf6\xf4\xf8\xeb\xf0[\xc0\
\xbag\x83|\x19\xe3\x81\xa3xoM\xf3~\xcbe\xfd\
\x91a?\x97\xe6J\xf2\xbf\xcf,\x0c\xe7/#\x9eX\
\xe38\x18\x00\x0a\xfd\x7f\xff\x00\x87]~\xcc\x7f\xf4L\
\xcf\xfe\x0f\xf5O\xfeI\xa0\x0f\x95?\xe54\x1f\xf5G\
\x7f\xe1[\x7f\xdcs\xfbG\xfbC\xff\x00\x01\xbc\x9f/\
\xec\x1f\xed\xee\xf3\x7f\x87o\xcd\xf7\xff\x00\xec\xb7\xf03\
\xfe\x19\xb3\xe0W\x86~\x1c\xff\x00m\xff\x00\xc2E\xfd\
\x8b\xf6\xaf\xf8\x99\xfd\x93\xec\xbew\x9du,\xff\x00\xea\
\xb7\xbe\xdcy\xbb~\xf1\xce\xdc\xf1\x9c\x0f\x80?n\x81\
\xff\x00\x0e\xd9\xff\x00\x84$~\xce_\xf1n\xff\x00\xe1\
4\xfbw\xf6\xf7\xfc\xc5>\xd9\xf6O\xb3\xfd\x9b\xfe?\
\xbc\xff\x00/g\xda\xee?\xd5\xed\xdd\xbf\xe6\xce\xd5\xc7\
\xda\xbf\xb0W\xc5\x1f\x13\xfch\xfd\x93\xbc\x0d\xe3/\x19\
j\x7f\xdb>$\xd4\xfe\xdd\xf6\xbb\xdf\xb3\xc5\x07\x99\xe5\
\xdf\xdcD\x9f$J\xa80\x91\xa0\xe1Fq\x93\xc9&\
\x80?\x0b?e\xcf\x81\xbf\xf0\xd2\x7f\x1d|3\xf0\xe3\
\xfbo\xfe\x11\xdf\xed\xaf\xb5\x7f\xc4\xcb\xec\x9fj\xf2|\
\x9bYg\xff\x00U\xbd7g\xca\xdb\xf7\x867g\x9c\
`\xfd\xfd\xff\x00\x0e3\xff\x00\xaa\xdb\xff\x00\x96\xa7\xff\
\x00v\xd7\xe6\xbf\xc2\xdf\x8a^'\xf8-\xe3\xbd3\xc6\
^\x0d\xd4\xff\x00\xb1\xbcI\xa6\xf9\xbfe\xbd\xf2\x22\x9f\
\xcb\xf3\x22x\x9f\xe4\x95Y\x0eRG\x1c\xa9\xc6r9\
\x00\xd7\xeb\xe7\xfc\x12\x97\xf6\xa1\xf8\x9b\xfbJ\x0f\x8a#\
\xe2?\x89\xbf\xe1\x22\x1a(\xd2\xc5\x80\xfb\x05\xad\xaf\x93\
\xe7}\xaf\xcd\xff\x00Q\x12n\xcf\x95\x1f\xde\xce6\xf1\
\x8c\x9c\x80~V\xfe\xd4\x7f\x03?\xe1\x9b>:\xf8\x9b\
\xe1\xc0\xd6\xcf\x88\xbf\xb1~\xcb\xff\x00\x13?\xb2}\x97\
\xce\xf3\xadb\x9f\xfdV\xf7\xdb\x8f7o\xde9\xdb\x9e\
3\x81\xfa\xa7\xfb.\xff\x00\xc1)\x7f\xe1\x9b>:\xf8\
g\xe2?\xfc-\x1f\xf8H\xff\x00\xb1~\xd5\xff\x00\x12\
\xdf\xf8G\xfe\xcb\xe7y\xd6\xb2\xc1\xfe\xb7\xedO\xb7\x1e\
n\xef\xbas\xb7\x1cg#\xe8\x1f\x8a?\xb0_\xc0\xaf\
\x8d\x1e:\xd4\xfce\xe3/\x03\x9dg\xc4\x9a\x97\x95\xf6\
\xab\xdf\xed{\xf8<\xcf.$\x89>H\xa7T\x18H\
\xd0p\xa38\xc9\xc9$\xd7\xe3\xff\x00\xfc=\x1b\xf6\x9d\
\xff\x00\xa2\x99\xff\x00\x94\x0d/\xff\x00\x91\xa8\x03\xf5O\
\xf6\xe6\xfd\x86G\xed\xa1\xff\x00\x08W\xfcV\xdf\xf0\x87\
\x7f\xc25\xf6\xdf\xf9\x84\xfd\xbb\xed\x1fh\xfb?\xfd7\
\x8bf\xdf#\xdf;\xbbc\x9fV\xfd\x97>\x06\xff\x00\
\xc36|\x0a\xf0\xcf\xc3\x8f\xed\xbf\xf8H\xbf\xb1~\xd5\
\xff\x00\x13/\xb2}\x97\xce\xf3\xae\xa5\x9f\xfdV\xf7\xdb\
\x8f7o\xde9\xdb\x9e3\x81\xf2\xaf\xfc\x12\x9b\xf6\xa2\
\xf8\x9d\xfbJ\x7f\xc2\xd1\xff\x00\x85\x8f\xe2o\xf8H\xbf\
\xb1\x7f\xb2\xfe\xc1\xfe\x81kk\xe4\xf9\xdfk\xf3?\xd4\
D\x9b\xb3\xe5G\xf7\xb3\x8d\xbcc'??\xfe\xde\x9f\
\xb7\x9f\xc7_\x82\xbf\xb5\x8f\x8e\xbc\x1b\xe0\xcf\x1c\xff\x00\
cxoM\xfb\x0f\xd9l\xbf\xb2,'\xf2\xfc\xcb\x0b\
y_\xe7\x96\x06s\x97\x91\xcf,q\x9c\x0e\x00\x14\x01\
\xf1g\xec\xb7\xf03\xfe\x1aO\xe3\xaf\x86~\x1c\x7fm\
\xff\x00\xc2;\xfd\xb5\xf6\xaf\xf8\x99}\x93\xed^O\x93\
k,\xff\x00\xea\xb7\xa6\xec\xf9[~\xf0\xc6\xec\xf3\x8c\
\x1fV\xfd\xb9\xbfa\x9f\xf8b\xff\x00\xf8B\x7f\xe2\xb6\
\xff\x00\x84\xc7\xfe\x12_\xb6\xff\x00\xcc+\xec?f\xfb\
?\xd9\xff\x00\xe9\xb4\xbb\xf7}\xa3\xdb\x1b{\xe7\x84\xff\
\x00\x82\x5c\x7f\xc9\xf6|2\xff\x00\xb8\x9f\xfe\x9a\xee\xeb\
\xf6\xa3\xe3\x97\xec\xb9\xf0\xc7\xf6\x92:!\xf8\x8d\xe1\x9f\
\xf8H\x8e\x8b\xe7}\x83\x17\xf7V\xbeO\x9d\xe5\xf9\x9f\
\xea%M\xd9\xf2\xa3\xfb\xd9\xc6\xde1\x93\x90\x0f+\xff\
\x00\x82\x5c\xff\x00\xc9\x8a|3\xff\x00\xb8\x9f\xfe\x9c\xee\
\xe8\xff\x00\x82\xa3\x0f\xf8\xc1O\x89\x9f\xf7\x0c\xff\x00\xd3\
\x9d\xa5{\xff\x00\xc2\xdf\x85\x9e\x18\xf8-\xe0M3\xc1\
\xbe\x0d\xd3?\xb1\xfc7\xa6\xf9\xbfe\xb2\xfbD\xb3\xf9\
~d\xaf+\xfc\xf2\xb39\xcb\xc8\xe7\x968\xce\x07\x00\
\x0a>)|,\xf0\xc7\xc6\x9f\x02j~\x0d\xf1\x96\x99\
\xfd\xb1\xe1\xbdK\xca\xfbU\x97\xda%\x83\xcc\xf2\xe5I\
S\xe7\x89\x95\xc6\x1e4<0\xce0x$P\x07\xe6\
\xb7\xfc\x10\xcc\xf3\xf1\xb3?\xf5\x04\xff\x00\xdb\xfa\xf5O\
\xda\x8b\xfe\x09K\xff\x00\x0d)\xf1\xd7\xc4\xdf\x11\xff\x00\
\xe1h\xff\x00\xc29\xfd\xb5\xf6_\xf8\x96\xff\x00\xc2?\
\xf6\xaf'\xc9\xb5\x8a\x0f\xf5\xbfjM\xd9\xf2\xb7}\xd1\
\x8d\xd8\xe7\x19>W\xfbt\x1f\xf8v\xc1\xf0I\xfd\x9c\
\xbf\xe2\xdd\x9f\x1a}\xbb\xfb{\xfeb\x9fl\xfb'\xd9\
\xfe\xcd\xff\x00\x1f\xde\x7f\x97\xb3\xedw\x1f\xea\xf6\xee\xdf\
\xf3gj\xe3\xe5O\xf8z7\xed;\xff\x00E3\xff\
\x00(\x1a_\xff\x00#P\x07\xca\xd5\xf5W\xec3\xfb\
\x0c\xff\x00\xc3h\x7f\xc2k\xff\x00\x15\xb7\xfc!\xc7\xc3\
\x7fb\xff\x00\x98O\xdb\xbe\xd3\xf6\x8f\xb4\x7f\xd3x\xb6\
m\xf2=\xf3\xbb\xb69\xf9V\xbdW\xe0g\xedI\xf1\
?\xf6l\x1a\xdf\xfc+\x8f\x13\x7f\xc2;\xfd\xb5\xe4}\
\xbf\xfd\x02\xd6\xeb\xce\xf2|\xcf+\xfd|O\xb7\x1el\
\x9fw\x19\xdd\xcep0\x01\xfb\xfb\xfb.|\x0c\x1f\xb3\
g\xc0\xaf\x0c\xfc8\xfe\xdb\x1e\x22\xfe\xc5\xfbW\xfcL\
\xfe\xc9\xf6_;\xce\xba\x96\x7f\xf5[\xdfn<\xdd\xbf\
x\xe7nx\xce\x07\xca\xbf\xb2\xef\xfc\x12\x93\xfe\x19\xb3\
\xe3\xaf\x86~#\xff\x00\xc2\xd0\xff\x00\x84\x8f\xfb\x17\xed\
_\xf1-\xff\x00\x84\x7f\xec\xbew\x9dk,\x1f\xeb~\
\xd4\xfbq\xe6\xee\xfb\xa7;q\xc6r>\x00\xff\x00\x87\
\xa3~\xd3\xbf\xf4S?\xf2\x81\xa5\xff\x00\xf25~\xff\
\x00\xd0\x07\xca\x7f\xb77\xed\xcb\xff\x00\x0c]\xff\x00\x08\
O\xfcQ?\xf0\x98\xff\x00\xc2K\xf6\xdf\xf9\x8a\xfd\x87\
\xec\xff\x00g\xfb?\xfd1\x97~\xef?\xdb\x1b{\xe7\
\x8f\x95\xff\x00\xe1\xf9\xbf\xf5D\xff\x00\xf2\xeb\xff\x00\xee\
*?\xe0\xb9\xa7\x07\xe0\x9f\xfd\xc6\xff\x00\xf6\xc2\xba\xbf\
\xd8+\xf6\x0c\xf8\x15\xf1\xa7\xf6N\xf0/\x8c\xbcg\xe0\
s\xac\xf8\x93R\xfbw\xda\xaf\x7f\xb5\xef\xe0\xf3<\xbb\
\xfb\x88\x93\xe4\x8auA\x84\x8d\x07\x0a3\x8c\x9eI4\
\x01\xfaSE\x14P\x01E\x14P\x01HN\x01'\xa0\
\xa5\xa4=(\x03\xc0~(\xfe\xde\x9f\x02\xbe\x0b\xf8\xeb\
S\xf0o\x8c\xbcpto\x12i\xbeW\xda\xac\xbf\xb2\
/\xe7\xf2\xfc\xc8\x92T\xf9\xe2\x81\x90\xe5$C\xc3\x1c\
g\x07\x04\x11\x5c\xa7\xfc=\x17\xf6c\xff\x00\xa2\x98\x7f\
\xf0A\xaa\x7f\xf25~U\xff\x00\xc1Q\xb8\xfd\xba\xfe\
&\x7f\xdc3\xff\x00M\x96\x95\xf5W\xfc8\xcb\xfe\xab\
g\xfeZ\x9f\xfd\xdb@\x1fU\x7f\xc3\xd1\x7ff?\xfa\
)\x87\xff\x00\x04\x1a\xa7\xff\x00#Q\xff\x00\x0fE\xfd\
\x98\xff\x00\xe8\xa6\x1f\xfc\x10j\x9f\xfc\x8d_*\xff\x00\
\xc3\x8c\xff\x00\xea\xb6\xff\x00\xe5\xa9\xff\x00\xdd\xb4\x7f\xc3\
\x8c\xbf\xea\xb6\x7f\xe5\xa9\xff\x00\xdd\xb4\x01\xf5W\xfc=\
\x17\xf6c\xff\x00\xa2\x98\x7f\xf0A\xaa\x7f\xf25z\xa7\
\xc0\xdf\xda\x93\xe1\x87\xed'\xfd\xb7\xff\x00\x0a\xe7\xc4\xdf\
\xf0\x91\x7fb\xf9\x1fo\xff\x00@\xba\xb5\xf2|\xef3\
\xca\xff\x00_\x12n\xcf\x95'\xdd\xce6\xf3\x8c\x8c\xfe\
V\xfe\xd4_\xf0J_\xf8f\xbf\x81^&\xf8\x8e~\
(\xff\x00\xc2G\xfd\x8b\xf6_\xf8\x96\xff\x00\xc2?\xf6\
_;\xce\xba\x8a\x0f\xf5\xbfj}\xb8\xf3w}\xd3\x9d\
\xb8\xe39\x1e\xa9\xff\x00\x042\xe7\xfe\x17g\xa7\xfcI\
?\xf6\xfe\x809?\xdb\xd3\xf6\x0c\xf8\xeb\xf1\xab\xf6\xb1\
\xf1\xd7\x8c\xbc\x19\xe0o\xed\x9f\x0d\xea_a\xfb-\xef\
\xf6\xbd\x84\x1eg\x97ao\x13\xfc\x92\xce\xae0\xf1\xb8\
\xe5Fq\x91\xc1\x06\xbd_\xf6\xf5\xfd\xbc\xfe\x05|i\
\xfd\x93\xbcu\xe0\xdf\x06x\xe0\xeb>$\xd4\xbe\xc3\xf6\
[/\xec\x8b\xf8<\xcf.\xfe\xdeW\xf9\xe5\x81Pa\
#s\xcb\x0c\xe3\x03\x92\x05~\x94q_\xca\xc6h\x03\
\xf5S\xfe\x08f1\xff\x00\x0b\xb3\xfe\xe0\x9f\xfb\x7f_\
*\xff\x00\xc1Q\xff\x00\xe4\xfb>&\xff\x00\xdc3\xff\
\x00Mv\x95\xf5O\xfc\x10\xc8\xff\x00\xc9l\xcf\x7f\xec\
O\xfd\xbf\xaf\x95\x7f\xe0\xa8\xdf\xf2}\x7f\x13\x7f\xee\x19\
\xff\x00\xa6\xcbJ\x00\xf9Z\xbe\xff\x00\xff\x00\x82R~\
\xd4_\x0c\x7ff\xbf\xf8Z?\xf0\xb1\xfcM\xff\x00\x08\
\xef\xf6\xd7\xf6_\xd8?\xd0.\xae\xbc\xef'\xed~o\
\xfa\x88\x9fn<\xd8\xfe\xf63\xbb\x8c\xe0\xe3\xe0\x0a\xfa\
\xab\xf6\x19\xfd\x86\x7f\xe1\xb4?\xe16\xff\x00\x8a\xdb\xfe\
\x10\xef\xf8F\xbe\xc5\xff\x000\x9f\xb7}\xa7\xed\x1fh\
\xff\x00\xa6\xd1l\xdb\xf6\x7f|\xee\xed\x8e@?U?\
\xe1\xe8\xbf\xb3\x1f\xfd\x14\xc3\xff\x00\x82\x0dS\xff\x00\x91\
\xab\xe0\x0f\xd9o\xf6\x5c\xf8\x9d\xfb\x17\xfcv\xf0\xcf\xc6\
O\x8c\x9e\x19\xff\x00\x84;\xe1\xbf\x86\xbe\xd5\xfd\xab\xad\
}\xbe\xd6\xfb\xec\xdfh\xb5\x96\xd6\x1f\xdc\xda\xcb,\xcf\
\xbak\x88\x93\xe4C\x8d\xd98PH\xf9W\xf6\xa3\xf8\
\x1b\xff\x00\x0c\xd7\xf1\xd7\xc4\xdf\x0e?\xb6\xff\x00\xe1\x22\
\xfe\xc5\xfb/\xfcL\xbe\xc9\xf6_;\xce\xb5\x8a\x7f\xf5\
[\xdfn<\xdd\xbfx\xe7nx\xce\x07\xef\xef\xedG\
\xf03\xfe\x1aK\xe0W\x89\xbe\x1c\xff\x00m\xff\x00\xc2\
;\xfd\xb5\xf6_\xf8\x99\xfd\x93\xed^O\x93u\x14\xff\
\x00\xea\xb7\xa6\xec\xf9[~\xf0\xc6\xec\xf3\x8c\x10\x0f\x80\
?n\x7f\xf8\xd9?\xfc!?\xf0\xce?\xf1q\x7f\xe1\
\x0b\xfbo\xf6\xf7\xfc\xc2\xfe\xc7\xf6\xbf\xb3\xfd\x9b\xfe?\
\xbc\x8f3\x7f\xd9n?\xd5\xee\xdb\xb3\xe6\xc6\xe5\xcf\xca\
\xbf\xf0\xeb\x9f\xdaw\xfe\x89\x9f\xfeW\xf4\xbf\xfeI\xaf\
\xd5O\xd8g\xf6\x1a\xff\x00\x86/\xff\x00\x84\xd8\x9f\x1b\
\x7f\xc2c\xff\x00\x09/\xd8\x7f\xe6\x15\xf6\x1f\xb3}\x9f\
\xed\x1f\xf4\xde]\xfb\xbe\xd1\xed\x8d\xbd\xf3\xc7\xd5\x5cP\
\x07\xe0\x0f\xfc:\xe7\xf6\x9d\xff\x00\xa2g\xff\x00\x95\xfd\
/\xff\x00\x92k\xca\xfe9~\xcb\x7f\x13\xff\x00f\xcf\
\xecO\xf8X\xde\x19\xff\x00\x84w\xfbk\xcf\xfb\x07\xfa\
}\xad\xd7\x9d\xe4\xf9~o\xfa\x89_n<\xd8\xfe\xf6\
3\xbb\x8c\xe0\xe3\xf7\xf7\xf6\xa3\xf8\xe5\xff\x00\x0c\xd9\xf0\
+\xc4\xdf\x11\xff\x00\xb1?\xe1\x22\xfe\xc5\xfb/\xfcK\
~\xd7\xf6_;\xce\xba\x8a\x0f\xf5\xbb\x1fn<\xdd\xdf\
t\xe7n8\xceG\xe2\xbf\xed\xcb\xfbs\x7f\xc3h\x7f\
\xc2\x13\xff\x00\x14O\xfc!\xc7\xc3\x7fm\xff\x00\x98\xb7\
\xdb\xbe\xd3\xf6\x8f\xb3\xff\x00\xd3\x18\xb6m\xf2=\xf3\xbb\
\xb69\x00\xfbW\xf6\x0a\xfd\xbc\xfe\x05|\x16\xfd\x93\xbc\
\x0b\xe0\xdf\x19\xf8\xe0\xe8\xde$\xd3~\xdd\xf6\xab/\xec\
\x8b\xf9\xfc\xbf2\xfe\xe2T\xf9\xe2\x81\x90\xe5$C\xc3\
\x1cg\x07\x90E{\xff\x00\xfc\x15\x1f\xfeLO\xe2o\
\xfd\xc3?\xf4\xe9i_\x00~\xcb\xbf\xf0J_\xf8i\
?\x81^\x19\xf8\x8d\xff\x00\x0bG\xfe\x11\xcf\xed\xaf\xb5\
\x7f\xc4\xb3\xfe\x11\xff\x00\xb5y>M\xd4\xb0\x7f\xad\xfb\
Rn\xcf\x95\xbb\xee\x8cn\xc78\xc9\xfb\xff\x00\xfe\x0a\
\x8f\xff\x00&)\xf13\xfe\xe1\x9f\xfas\xb4\xa0\x0f\x95\
?\xe0\x86_\xf3[?\xee\x09\xff\x00\xb7\xf5\xf2\xb7\xfc\
\x15\x1f\xfeO\xb3\xe2o\xfd\xc3?\xf4\xd7i_T\xff\
\x00\xc1\x0c\x86?\xe1v\x7f\xdc\x13\xff\x00o\xeb\xe5o\
\xf8*?\xfc\x9fg\xc4\xdf\xfb\x86\x7f\xe9\xae\xd2\x80?\
t\xfe)|S\xf0\xc7\xc1o\x02j~2\xf1\x96\xa7\
\xfd\x8f\xe1\xbd7\xca\xfbU\xef\xd9\xe5\x9f\xcb\xf3%H\
\x93\xe4\x89Y\xce^D\x1c)\xc6rx\x04\xd7)\xf0\
7\xf6\xa3\xf8c\xfbI\x1dl|9\xf17\xfc$G\
E\xf2~\xdf\x9b\x0b\xab_'\xce\xf3<\xbf\xf5\xf1&\
\xec\xf9R}\xdc\xe3o8\xc8\xc9\xfbQ\xfc\x0d\xff\x00\
\x86\x93\xf8\x15\xe2o\x87\x1f\xdb\x7f\xf0\x8e\xff\x00m}\
\x97\xfe&_d\xfbW\x93\xe4\xddE?\xfa\xad\xe9\xbb\
>V\xdf\xbc1\xbb<\xe3\x07\xca\xbfa\x9f\xd8g\xfe\
\x18\xbf\xfe\x13o\xf8\xad\xbf\xe11\xff\x00\x84\x97\xec_\
\xf3\x0a\xfb\x0f\xd9\xbe\xcf\xf6\x8f\xfao.\xfd\xdfh\xf6\
\xc6\xde\xf9\xe0\x03\xf2\xb3\xfe\x0a\x8f\xff\x00'\xd9\xf17\
\xfe\xe1\x9f\xfak\xb4\xaeS\xf6\x0a\xf8\xa3\xe1\x8f\x82\xff\
\x00\xb5\x8f\x81\xbce\xe3-O\xfb\x1f\xc3zg\xdb\xbe\
\xd7{\xf6yg\xf2\xfc\xcb\x0b\x88\x93\xe4\x89Y\xce^\
D\x1c)\xc6rx\x04\xd7U\xff\x00\x05F\xff\x00\x93\
\xeb\xf8\x9b\xff\x00p\xcf\xfd6ZW\xab~\xd4_\xf0\
J_\xf8f\xbf\x81^&\xf8\x8f\xff\x00\x0bG\xfe\x12\
?\xec_\xb3\x7f\xc4\xb3\xfe\x11\xff\x00\xb2\xf9\xdeu\xd4\
P\x7f\xad\xfbS\xed\xc7\x9b\xbb\xee\x9c\xed\xc7\x19\xc8\x00\
\xf5O\xdb\xa3\xfe6K\xff\x00\x08O\xfc3\x97\xfc\x5c\
O\xf8B\xbe\xdd\xfd\xbd\xff\x000\xbf\xb1\xfd\xaf\xec\xff\
\x00f\xff\x00\x8f\xef'\xcc\xdf\xf6K\x8f\xf5{\xb6\xec\
\xf9\xb1\xb9s\xf6\xaf\xec\x15\xf0\xbb\xc4\xff\x00\x05\xff\x00\
d\xef\x03x7\xc6Zg\xf67\x894\xcf\xb7}\xae\
\xcb\xed\x11O\xe5\xf9\x97\xf7\x12\xa7\xcf\x132\x1c\xa4\x88\
xc\x8c\xe0\xf2\x08\xaf\xc8\x1f\xd8k\xf6\xe6\x1f\xb1\x7f\
\xfc&\xdf\xf1D\xff\x00\xc2c\xff\x00\x09/\xd8\x7f\xe6\
+\xf6\x1f\xb3}\x9f\xed\x1f\xf4\xc6]\xfb\xbe\xd1\xed\x8d\
\xbd\xf3\xc7\xd5_\xf0\xfc\xdf\xfa\xa2\x7f\xf9u\xff\x00\xf7\
\x15\x00~\xaaQE\x14\x00QE\x14\x00R\x1e\x94\xb4\
\x87\xa5\x00~\x01\x7f\xc1Q\xff\x00\xe4\xfb>&\xff\x00\
\xdc3\xff\x00Mv\x95\xfa\xfd\xfbz\xfcQ\xf1?\xc1\
\x7f\xd9;\xc7>2\xf0n\xa7\xfd\x8d\xe2M3\xec?\
d\xbd\xfb<S\xf9~e\xfd\xbcO\xf2J\xac\x87)\
#\x8eT\xe39\x1c\x80k\xf2\x07\xfe\x0a\x8f\xff\x00'\
\xd9\xf17\xfe\xe1\x9f\xfak\xb4\xaf\xd5O\xf8*?\xfc\
\x98\x9f\xc4\xdf\xfb\x86\x7f\xe9\xd2\xd2\x80?*\xbf\xe1\xe8\
\xbf\xb4\xe0\xe0|L\xe3\xfe\xc0\x1a_\xff\x00#Q\xff\
\x00\x0fF\xfd\xa7\x7f\xe8\xa6\x7f\xe5\x03K\xff\x00\xe4j\
\xf9Z\x8a\x00\xfd\xfe\xff\x00\x82\xa3\xff\x00\xc9\x89\xfcM\
\xff\x00\xb8g\xfe\x9d-+\xe5O\xf8!\x97?\xf0\xbb\
?\xee\x09\xff\x00\xb7\xf5\xf5_\xfc\x15\x1f\xfeLO\xe2\
o\xfd\xc3?\xf4\xe9i_*\xff\x00\xc1\x0cz\xfcl\
\xff\x00\xb8'\xfe\xdf\xd0\x07'\xfbz~\xde\x7f\x1d~\
\x0a\xfe\xd6>:\xf0o\x83<s\xfd\x8d\xe1\xbd7\xec\
?e\xb2\xfe\xc8\xb0\x9f\xcb\xf3,-\xe5\x7f\x9eX\x19\
\xce^G<\xb1\xc6p8\x00W\xe6\xbd\x7fU\x15\xf3\
\xff\x00\xed\xeb\xf0\xbb\xc4\xff\x00\x1a?d\xef\x1c\xf87\
\xc1\xbag\xf6\xcf\x895?\xb0\xfd\x92\xcb\xed\x11A\xe6\
yw\xf6\xf2\xbf\xcf+*\x0c$nya\x9c`r\
@\xa0\x0f\xc2\xcf\x81\xbf\xb5\x1f\xc4\xef\xd9\xb4kc\xe1\
\xcf\x89\xbf\xe1\x1d\x1a\xd7\x91\xf6\xff\x00\xf4\x0b[\xaf;\
\xc9\xf3<\xbf\xf5\xf1>\xdcy\xb2}\xdcgw9\xc0\
\xc7+\xf1K\xe2\x97\x89\xfe4\xf8\xefS\xf1\x97\x8c\xb5\
?\xed\x9f\x12j^W\xda\xaf|\x88\xa0\xf3<\xb8\x92\
$\xf9\x22UA\x84\x8d\x07\x0a3\x8c\x9eI5\xd5|\
s\xfd\x97>'~\xcd\xa3D?\x11\xbc3\xff\x00\x08\
\xe8\xd6\xbc\xff\x00\xb0\x7f\xa7\xda\xddy\xdeO\x97\xe6\x7f\
\xa8\x95\xf6\xe3\xcd\x8f\xefc;\xb8\xce\x0e<\xaa\x80=\
\xff\x00\xf6\x0a\xf8]\xe1\x8f\x8d\x1f\xb5\x8f\x81\xbc\x1b\xe3\
-3\xfbc\xc3z\x9f\xdb\xbe\xd7e\xf6\x89`\xf3<\
\xbb\x0b\x89S\xe7\x89\x95\xc6\x1e4<0\xce0x$\
W\xee\x9f\xc0\xdf\xd9s\xe1\x8f\xec\xdb\xfd\xb6~\x1c\xf8\
g\xfe\x11\xd3\xady\x1fo\xff\x00O\xba\xba\xf3\xbc\x9f\
3\xcb\xff\x00_+\xed\xc7\x9b'\xdd\xc6ws\x9c\x0c\
u\x7f\x14\xbe)\xf8c\xe0\xb7\x815?\x19x\xcbS\
\xfe\xc7\xf0\xde\x9b\xe5}\xaa\xf7\xec\xf2\xcf\xe5\xf9\x92\xa4\
I\xf2D\xac\xe7/\x22\x0e\x14\xe39<\x02k\xc0O\
\xfc\x15\x17\xf6c\x07\x07\xe2Y\xcf\xfd\x805O\xfeF\
\xa0\x0f\xca\xaf\xf8*?\xfc\x9fg\xc4\xdf\xfb\x86\x7f\xe9\
\xae\xd2\xbf_\xbfo_\x8a>'\xf8/\xfb'x\xe7\
\xc6^\x0d\xd4\xff\x00\xb1\xbcI\xa6}\x87\xec\x97\xbfg\
\x8a\x7f/\xcc\xbf\xb7\x89\xfeIU\x90\xe5$q\xca\x9c\
g#\x90\x0dr\xbf\xf0\xf4_\xd9\x8f\xfe\x8aa\xff\x00\
\xc1\x06\xa9\xff\x00\xc8\xd5\xe0\x1f\xb7\xaf\xed\xe7\xf0+\xe3\
O\xec\x9d\xe3\xaf\x06\xf83\xc7\x07Y\xf1&\xa5\xf6\x1f\
\xb2\xd9\x7fd_\xc1\xe6yw\xf6\xf2\xbf\xcf,\x0a\x83\
\x09\x1b\x9eXg\x18\x1c\x90(\x03\xe2\x9f\xf8z/\xed\
9\x8c\x7f\xc2\xcc\xe3\xa6?\xb04\xbf\xfeF\xaf\xd7\xff\
\x00\xd8+\xe2\x8f\x89\xfe4~\xc9\xde\x06\xf1\x97\x8c\xb5\
?\xed\x9f\x12j\x7fn\xfb]\xef\xd9\xe2\x83\xcc\xf2\xef\
\xee\x22O\x92%T\x18H\xd0p\xa38\xc9\xe4\x93_\
\x85\x9f\x03\x7fe\xbf\x89\xdf\xb4\x90\xd6\xcf\xc3\x9f\x0c\xff\
\x00\xc2D4_#\xed\xff\x00\xe9\xf6\xb6\xbeO\x9d\xe6\
y\x7f\xeb\xe5M\xd9\xf2\xa4\xfb\xb9\xc6\xdeq\x91\x9eW\
\xe2\x97\xc2\xdf\x13\xfc\x16\xf1\xde\xa7\xe0\xdf\x19i\x9f\xd8\
\xde$\xd3|\xaf\xb5Yy\xf1O\xe5\xf9\x91$\xa9\xf3\
\xc4\xcc\x87)\x22\x1e\x18\xe38<\x82(\x03\xf7O\xfe\
\x0a\x8f\xff\x00&'\xf17\xfe\xe1\x9f\xfat\xb4\xaf\xc0\
\x10pr:\xd7\xf4\xfb\xf1K\xe2\x9f\x86>\x0bx\x13\
S\xf1\x97\x8c\xb5?\xec\x7f\x0d\xe9\xbeW\xda\xaf~\xcf\
,\xfe_\x99*D\x9f$J\xcer\xf2 \xe1N3\
\x93\xc0&\xb9_\x81\xbf\xb5\x1f\xc3\x1f\xdaH\xebc\xe1\
\xcf\x89\xbf\xe1\x22:/\x91\xf6\xfc\xd8]Z\xf9>w\
\x99\xe5\xff\x00\xaf\x897g\xca\x93\xee\xe7\x1by\xc6F\
@?\x0a\xfe\x17~\xde\x9f\x1d~\x0bx\x17L\xf0o\
\x83<p4o\x0d\xe9\xbeo\xd9l\xbf\xb2,'\xf2\
\xfc\xc9^W\xf9\xe5\x81\x9c\xe5\xe4s\xcb\x1cg\x03\x00\
\x01_\xbf\xdf\x14\xbe\x16xc\xe3O\x815?\x06\xf8\
\xcbL\xfe\xd8\xf0\xde\xa5\xe5}\xaa\xcb\xed\x12\xc1\xe6y\
r\xa4\xa9\xf3\xc4\xca\xe3\x0f\x1a\x1e\x18g\x18<\x12+\
\xab\xaf\xc0\x1f\xf8%\xc7\xfc\x9fg\xc3/\xfb\x89\xff\x00\
\xe9\xae\xee\x80?j>\x06\xfe\xcb\x9f\x0c\x7ff\xd3\xad\
\x9f\x87>\x19\xff\x00\x84t\xeb^O\xdb\xf3\x7fuu\
\xe7y>g\x97\xfe\xbeW\xdb\x8f6O\xbb\x8c\xee\xe7\
8\x18\xfcW\xff\x00\x82\xa3\xff\x00\xc9\xf6|M\xff\x00\
\xb8g\xfe\x9a\xed+\xea\xaf\xf8.`\xcf\xfc)?\xfb\
\x8d\xff\x00\xed\x85u\x7f\xb0W\xed\xe7\xf0+\xe0\xb7\xec\
\x9d\xe0_\x06\xf8\xcf\xc7\x07F\xf1&\x9b\xf6\xef\xb5Y\
\x7fd_\xcf\xe5\xf9\x97\xf7\x12\xa7\xcf\x14\x0c\x87)\x22\
\x1e\x18\xe38<\x82(\x03\xe2\x9f\xf8z7\xed;\xff\
\x00E3\xff\x00(\x1a_\xff\x00#P\x7f\xe0\xa8\xbf\
\xb4\xe1\x18?\x132?\xec\x01\xa5\xff\x00\xf25}\xad\
\xfbz\xfe\xde\x7f\x02\xbe4\xfe\xc9\xde:\xf0o\x83<\
pu\x9f\x12j_a\xfb-\x97\xf6E\xfc\x1eg\x97\
\x7fo+\xfc\xf2\xc0\xa80\x91\xb9\xe5\x86q\x81\xc9\x02\
\xbf \x08\xc1\xa0\x0e\xaf\xe2\x97\xc5/\x13\xfci\xf1\xde\
\xa7\xe3/\x19j\x7f\xdb>$\xd4\xbc\xaf\xb5^\xf9\x11\
A\xe6yq$I\xf2D\xaa\x83\x09\x1a\x0e\x14g\x19\
<\x92k\xd5>(\xfe\xde\x9f\x1d~4\xf8\x17S\xf0\
o\x8c\xfcp5\x9f\x0d\xea^W\xda\xac\xbf\xb2, \
\xf3<\xb9RT\xf9\xe2\x81\x5ca\xe3C\xc3\x0c\xe3\x07\
 \x91_\xaf\xff\x00\xf0K\x8f\xf91?\x86_\xf7\x13\
\xff\x00\xd3\xa5\xdd~\x16|-\xf8[\xe2\x7f\x8d>;\
\xd3<\x1b\xe0\xdd3\xfbg\xc4\x9a\x97\x9b\xf6[/>\
(<\xcf.'\x95\xfeyYPa#s\xcb\x0c\xe3\
\x03\x92\x05\x00r\xb9;\xb3\xde\xbf_\xbf`\xaf\xd83\
\xe0W\xc6\x9f\xd9;\xc0\xbe2\xf1\x9f\x81\xce\xb3\xe2M\
K\xed\xdfj\xbd\xfe\xd7\xbf\x83\xcc\xf2\xef\xee\x22O\x92\
)\xd5\x06\x124\x1c(\xce2y$\xd7'\xfb\x0b\x7f\
\xc6\xb6\x7f\xe15\xff\x00\x86\x8d\xff\x00\x8bw\xff\x00\x09\
\xa7\xd8\x7f\xb0q\xff\x00\x13O\xb6}\x93\xed\x1fi\xff\
\x00\x8f\x1f;\xcb\xd9\xf6\xbb\x7f\xf5\x9bwo\xf9s\xb5\
\xb1\xfaU\xf0\xb7\xe2\x9f\x86>4\xf8\x13L\xf1\x97\x83\
u?\xed\x8f\x0d\xea^o\xd9o~\xcf,\x1eg\x97\
+\xc4\xff\x00$\xaa\xae0\xf1\xb8\xe5Fq\x91\xc1\x06\
\x80:\xba(\xa2\x80\x0a(\xa2\x80\x0aC\xd2\x96\x90\xf4\
\xa0\x0f\xc0/\xf8*?\xfc\x9fg\xc4\xdf\xfb\x86\x7f\xe9\
\xae\xd2\xbfj?j?\x81\xbf\xf0\xd2\x7f\x02\xbcM\xf0\
\xe3\xfbo\xfe\x11\xdf\xed\xaf\xb2\xff\x00\xc4\xcb\xec\x9fj\
\xf2|\x9b\xa8\xa7\xff\x00U\xbd7g\xca\xdb\xf7\x867\
g\x9c`\xfe+\xff\x00\xc1Q\xff\x00\xe4\xfb>&\xff\
\x00\xdc3\xff\x00Mv\x94\x9f\xf0\xf4o\xdaw\xfe\x8a\
g\xfeP4\xbf\xfeF\xa0\x0f\xaa\xbf\xe1\xc6_\xf5[\
?\xf2\xd4\xff\x00\xee\xda?\xe1\xc6_\xf5[?\xf2\xd4\
\xff\x00\xee\xda\xf9W\xfe\x1e\x8d\xfbN\xff\x00\xd1L\xff\
\x00\xca\x06\x97\xff\x00\xc8\xd4\x7f\xc3\xd1\xbfi\xdf\xfa)\
\x9f\xf9@\xd2\xff\x00\xf9\x1a\x80?U\x7f\xe0\xa8\xdc\xfe\
\xc2\x9f\x13?\xee\x19\xff\x00\xa7;J\xf9S\xfe\x08e\
\xc7\xfc.\xce\xdf\xf2\x04\xff\x00\xdb\xfa\xf8\xaf\xe2\x8f\xed\
\xe9\xf1\xd7\xe3O\x81u?\x06\xf8\xcf\xc7\x03Y\xf0\xde\
\xa5\xe5}\xaa\xcb\xfb\x22\xc2\x0f3\xcb\x95%O\x9e(\
\x15\xc6\x1e4<0\xce0r\x09\x15\xf6\xa7\xfc\x10\xcf\
\xe6\xff\x00\x85\xdb\x9es\xfd\x89\x9f\xfc\x9f\xa0\x0fU\xfd\
\xa8\xbf\xe0\xabG\xf6l\xf8\xeb\xe2o\x87\x1f\xf0\xab\xbf\
\xe1#\xfe\xc5\xfb7\xfcL\xff\x00\xe1 \xfb/\x9d\xe7\
Z\xc5?\xfa\xaf\xb2\xbe\xdcy\xbb~\xf1\xce\xdc\xf1\x9c\
\x0f\xaa\xbfjO\x8e\x7f\xf0\xcd\x9f\x02|M\xf1\x1f\xfb\
\x13\xfe\x12/\xec_\xb2\xff\x00\xc4\xb7\xed\x7fe\xf3\xbc\
\xeb\xa8\xa0\xff\x00[\xb1\xf6\xe3\xcd\xdd\xf7Nv\xe3\x8c\
\xe4r\xdf\x14\x7f`\xbf\x81_\x1a<u\xa9\xf8\xcb\xc6\
^\x07:\xcf\x895/+\xedW\xbf\xda\xf7\xf0y\x9e\
\x5cI\x12|\x91N\xa80\x91\xa0\xe1Fq\x93\x92I\
\xaeS\xfe\x0a\x8f\xff\x00&'\xf17\xfe\xe1\x9f\xfat\
\xb4\xa0\x0f\xca\xbf\xdb\x9b\xf6\xe6\xff\x00\x86\xd1\xff\x00\x84\
'\xfe(\x9f\xf8C\xbf\xe1\x1b\xfbo\xfc\xc5\xbe\xdd\xf6\
\x9f\xb4}\x9f\xfe\x98E\xb3o\x91\xef\x9d\xdd\xb1\xcf\xca\
\xb8\xa0\x1c\x1a\xfd\x7f\xfd\x82\xbf`\xcf\x81_\x1a\x7fd\
\xef\x02\xf8\xcb\xc6~\x07:\xcf\x895/\xb7}\xaa\xf7\
\xfb^\xfe\x0f3\xcb\xbf\xb8\x89>H\xa7T\x18H\xd0\
p\xa38\xc9\xe4\x93@\x1fi\xfe\xd4\x7f\x03\x7f\xe1\xa4\
\xfe\x05x\x9b\xe1\xc7\xf6\xdf\xfc#\xbf\xdb_e\xff\x00\
\x89\x97\xd9>\xd5\xe4\xf97QO\xfe\xabzn\xcf\x95\
\xb7\xef\x0cn\xcf8\xc1\xf8\x07\xfe\x1cg\xff\x00U\xb3\
\xff\x00-O\xfe\xed\xaf\x95?\xe1\xe8\xdf\xb4\xef\xfd\x14\
\xcf\xfc\xa0i\x7f\xfc\x8dA\xff\x00\x82\xa2\xfe\xd3\x84`\
\xfcL\xc8\xff\x00\xb0\x06\x97\xff\x00\xc8\xd4\x01\xe5\x7f\xb5\
\x1f\xc0\xdf\xf8f\xcf\x8e\xbe&\xf8q\xfd\xb7\xff\x00\x09\
\x17\xf6/\xd9\x7f\xe2e\xf6O\xb2\xf9\xdeu\xacS\xff\
\x00\xaa\xde\xfbq\xe6\xed\xfb\xc7;s\xc6p<\xab\x9a\
\xea\xfe)|R\xf1?\xc6\x9f\x1d\xea~2\xf1\x96\xa7\
\xfd\xb3\xe2MK\xca\xfbU\xef\x91\x14\x1eg\x97\x12D\
\x9f$J\xa80\x91\xa0\xe1Fq\x93\xc9&\xbfU?\
o_\xd83\xe0W\xc1o\xd9;\xc7^2\xf0g\x81\
\xce\x8d\xe2M7\xec?e\xbd\xfe\xd7\xbf\x9f\xcb\xf3/\
\xed\xe2\x7f\x92Y\xd9\x0eRG\x1c\xa9\xc6r9\x00\xd0\
\x07'\xff\x00\x043\xff\x00\x9a\xd9\x9f\xfa\x82\x7f\xed\xfd\
z\xaf\xedE\xff\x00\x04\xa5\xff\x00\x86\x93\xf8\xeb\xe2o\
\x88\xff\x00\xf0\xb4\x7f\xe1\x1c\xfe\xda\xfb/\xfcK\x7f\xe1\
\x1f\xfbW\x93\xe4\xda\xc5\x07\xfa\xdf\xb5&\xec\xf9[\xbe\
\xe8\xc6\xecs\x8c\x9f\xca\xcf\x81\xbf\xb5'\xc4\xff\x00\xd9\
\xb3\xfbo\xfe\x15\xcf\x89\xbf\xe1\x1d\xfe\xda\xf2>\xdf\xfe\
\x81ku\xe7y>g\x95\xfe\xbe'\xdb\x8f6O\xbb\
\x8c\xee\xe78\x18\xf5O\xf8z7\xed;\xff\x00E3\
\xff\x00(\x1a_\xff\x00#P\x07\xd5\x7f\xf0\xdd\x1f\xf0\
\xf2\x7f\xf8\xc7\x1f\xf8B\x7f\xe1]\x7f\xc2i\xff\x003\
/\xf6\xaf\xf6\xa7\xd8\xfe\xc9\xfe\x9f\xff\x00\x1e\xdeL>\
f\xff\x00\xb2y\x7f\xeb\x17n\xfd\xdc\xed\xda~\xa8\xfd\
\x86\x7fa\xaf\xf8b\xf1\xe3c\xff\x00\x09\xb7\xfc&?\
\xf0\x92\xfd\x8b\xfea_a\xfb7\xd9\xfe\xd1\xff\x00M\
\xa5\xdf\xbb\xed\x1e\xd8\xdb\xdf<~\x17|-\xf8\xa5\xe2\
\x7f\x82\xde;\xd3<e\xe0\xddO\xfb\x1b\xc4\x9ao\x9b\
\xf6[\xdf\x22)\xfc\xbf2'\x89\xfeIU\x90\xe5$\
q\xca\x9cg#\x90\x0d{\xf0\xff\x00\x82\xa2\xfe\xd3\x80\
c\xfe\x16g\x1f\xf6\x00\xd3?\xf9\x1a\x80>\xff\x00\xfd\
\xa8\xbf\xe0\xabG\xf6l\xf8\xeb\xe2o\x87\x1f\xf0\xab\xbf\
\xe1#\xfe\xc5\xfb7\xfcL\xff\x00\xe1 \xfb/\x9d\xe7\
Z\xc5?\xfa\xaf\xb2\xbe\xdcy\xbb~\xf1\xce\xdc\xf1\x9c\
\x03\xf6]\xff\x00\x82R\xff\x00\xc35\xfcu\xf0\xcf\xc4\
\x7f\xf8Z?\xf0\x91\xff\x00b\xfd\xab\xfe%\xbf\xf0\x8f\
\xfd\x97\xce\xf3\xade\x83\xfdo\xda\x9fn<\xdd\xdft\
\xe7n8\xceB\xfe\xcb\x7f\xb2\xe7\xc3\x1f\xdbC\xe0O\
\x86~2|d\xf0\xcf\xfc&?\x12<K\xf6\xaf\xed\
]k\xfbB\xea\xc7\xed?g\xba\x96\xd6\x1f\xdc\xda\xcb\
\x14)\xb6\x1bx\x93\xe4A\x9d\xb99bI\xf9\xfb\xf6\
\x0b\xfd\xbc\xfe:\xfcj\xfd\xac|\x0b\xe0\xdf\x19\xf8\xe7\
\xfbg\xc3z\x97\xdb\xbe\xd5e\xfd\x91a\x07\x99\xe5\xd8\
\x5cJ\x9f<P+\x8c<hxa\x9c`\xf0H\xa0\
\x0e\xb3\xfe\x0b\x99\xcf\xfc)?\xfb\x8d\xff\x00\xed\x85y\
_\xec\xbb\xff\x00\x04\xa5\xff\x00\x86\x93\xf8\x15\xe1\x9f\x88\
\xe3\xe2\x8f\xfc#\x9f\xdb_j\xff\x00\x89g\xfc#\xff\
\x00j\xf2|\x9b\xa9`\xff\x00[\xf6\xa4\xdd\x9f+w\
\xdd\x18\xdd\x8eq\x93\xfa\xa5\xf1\xc7\xf6[\xf8c\xfbI\
\x7fb\x1f\x88\xde\x19\xff\x00\x84\x88\xe8\xbe\x7f\xd81\x7f\
uk\xe4\xf9\xde_\x99\xfe\xa2T\xdd\x9f*?\xbd\x9c\
m\xe3\x199\xea\xfe\x16\xfc,\xf0\xc7\xc1o\x02i\x9e\
\x0d\xf0n\x99\xfd\x8f\xe1\xbd7\xcd\xfb-\x97\xda%\x9f\
\xcb\xf3%y_\xe7\x95\x99\xce^G<\xb1\xc6p8\
\x00P\x07\xe4\x0f\xedE\xff\x00\x04\xa5\xff\x00\x86l\xf8\
\x15\xe2o\x88\xdf\xf0\xb4\x7f\xe1#\xfe\xc5\xfb/\xfcK\
?\xe1\x1f\xfb/\x9d\xe7]E\x07\xfa\xdf\xb5>\xdcy\
\xbb\xbe\xe9\xce\xdcq\x9c\x8f*\xfd\x86\x7fa\x9f\xf8m\
\x0f\xf8M\xbf\xe2\xb6\xff\x00\x84;\xfe\x11\xaf\xb1\x7f\xcc\
'\xed\xdfi\xfbG\xda?\xe9\xbc[6\xf9\x1e\xf9\xdd\
\xdb\x1c\xf2\x9f\x14\x7foO\x8e\xbf\x1a|\x0b\xa9\xf87\
\xc6~8\x1a\xcf\x86\xf5/+\xedV_\xd9\x16\x10y\
\x9e\x5c\xa9*|\xf1@\xae0\xf1\xa1\xe1\x86q\x83\x90\
H\xaf\xb5?\xe0\x86\x7f7\xfc.\xdc\xf3\x9f\xecL\xff\
\x00\xe4\xfd\x00/\xfc7?\xfc;c\xfe1\xc7\xfe\x10\
\x9f\xf8X\xbf\xf0\x85\xff\x00\xcc\xcb\xfd\xab\xfd\x97\xf6\xcf\
\xb5\xff\x00\xa7\xff\x00\xc7\xb7\x937\x97\xb3\xed~_\xfa\
\xc6\xdd\xb3w\x1b\xb6\x83\xfe\x18c\xfe\x1d\xb1\xff\x00\x19\
\x1d\xff\x00\x09\xb7\xfc,_\xf8B\xff\x00\xe6Z\xfe\xca\
\xfe\xcb\xfbg\xda\xff\x00\xd0?\xe3\xe7\xce\x9b\xcb\xd9\xf6\
\xbf3\xfd[n\xd9\xb7\x8d\xdb\x87\xda\xbf\x14\x7f`\xbf\
\x81_\x1a<u\xa9\xf8\xcb\xc6^\x07:\xcf\x895/\
+\xedW\xbf\xda\xf7\xf0y\x9e\x5cI\x12|\x91N\xa8\
0\x91\xa0\xe1Fq\x93\x92I\xaeS\xfe\x0a\x8f\xff\x00\
&'\xf17\xfe\xe1\x9f\xfat\xb4\xa0\x0f\xca\xbf\xdb\x9b\
\xf6\xe6\xff\x00\x86\xd0\xff\x00\x84'\x1e\x09\xff\x00\x84;\
\xfe\x11\xaf\xb6\xff\x00\xccW\xed\xdfi\xfbG\xd9\xff\x00\
\xe9\x8c[6\xfd\x9f\xdf;\xbbc\x9f\xd5O\xf8%\xcf\
\xfc\x98\xa7\xc3?\xfb\x89\xff\x00\xe9\xce\xee\xbf\x00A\xc1\
\xc8\xeb^\xff\x00\xf0\xbb\xf6\xf4\xf8\xeb\xf0[\xc0\xbag\
\x83|\x19\xe3\x81\xa3xoM\xf3~\xcbe\xfd\x91a\
?\x97\xe6J\xf2\xbf\xcf,\x0c\xe7/#\x9eX\xe38\
\x18\x00\x0a\x00\xfe\x8ah\xa2\x8a\x00(\xa2\x8a\x00(\xa2\
\x8a\x00(\xa2\x8a\x00(\xa2\x8a\x00(\xa2\x8a\x00(\xa2\
\x8a\x00(\xa2\x8a\x00(\xa2\x8a\x00(\xa2\x8a\x00(\xa2\
\x8a\x00(\xa2\x8a\x00(\xa2\x8a\x00(\xa2\x8a\x00(\xa2\
\x8a\x00(\xa2\x8a\x00(\xa2\x8a\x00(\xa2\x8a\x00(\xa2\
\x8a\x00(\xa2\x8a\x00(\xa2\x8a\x00(\xa2\x8a\x00(\xa2\
\x8a\x00(\xa2\x8a\x00(\xa2\x8a\x00(\xa2\x8a\x00(\xa2\
\x8a\x00(\xa2\x8a\x00(\xa2\x8a\x00(\xa2\x8a\x00(\xa2\
\x8a\x00(\xa2\x8a\x00(\xa2\x8a\x00(\xa2\x8a\x00(\xa2\
\x8a\x00(\xa2\x8a\x00\xff\xd9\
\x00\x03)\x83\
\x89\
PNG\x0d\x0a\x1a\x0a\x00\x00\x00\x0dIHDR\x00\
\x00\x02\x00\x00\x00\x02\x00\x08\x06\x00\x00\x00\xf4x\xd4\xfa\
\x00\x01\x00\x00IDATx\x9c\xec\xfd\x09\xd8\xad\xd9\
U\x17\x88\xefs\xbe\xef\xde\x9b\xca\x9c\x10 $$!\
\xcc\x11P@mFAel\xc4\x01AD\x1bp\x86\
\x16m@\x06\x19\xbaEPP@D\xbb\x05\x15\xb0\x95\
<8\xd1\x8aC+\xca\xa0-\x88L\x06\x99\x93?\x90\
\x99\xa4\x92TB\xc6\x9a\xef\xfd\xce9\xffg\xaf\xb5~\
k\xdak\xbf\xef\xfb\xdd[\x95T%\xb5\xab\xce\xfd\xce\
y\x87=\xac\xbd\xf7\x9a\xd7\xda\xbb\xf6HyH\x95/\
\xfc\x9a\xef>\xdd\xfe\x9a7\xb4W\xdf\xf1\xfav\xcf\xbd\
\xf7\xb5\xeb\xd7\x8f\xed\xc6\x8d\x1b\xed\xc6\xf5\x1b\xedp8\
\xb4\xc3\xc5\x81\xfe\x9eN\xa7\xd6Z\xffX\xe9\xd7v\xbb\
\x9d\xfe\xde\x9dN\xed$\xbf\xcfZ\xff\xbbk\xa7\x1d\xbf\
\xb3\x97\xb7\xfbU\xbaB\xf5\xb5v\xdc\xed\xe8=~f\
\xd7\x8e\xfd\x19\xab\xd2\x95\xa3\xb6\x19\xaf\xee\xc3\xb5}\xe8\
\xdf!<\xcb}=Q\xd3\xa7\xfe^\xef\xe7n\x1c\x93\
\x7f\xfet*;\xa3\xfdie\xcb\x18\xc3\x89\xda!H\
\xecN\x02/@\x22\x17\xc0\x97\xa1\xd0\x9f\xa5wO\xbd\
%\xff\xfc\x91\xea\xb3\xfe\x0a\x9c\xe5\x99\xfe<}\xdb\x8d\
\xfd\xea\xe3\xd9\x9d\x8e\x0dC\xc2\xd0\xfbo\xcc#\xcf\x80\
\xfd\xaez\xd9\x01\x88\xfb\x98S\xfe\xd1az\x08p\xa4\
Q\x85\x0eY\xff\xe9\x99\xd3\xbe\xb5]\x86\xe5eJ|\
7\xaf\x8f\xb1\xffy\x9ef\xf3+\xf7\x87gt\x05S\
\xdf\xe3\xdc\x08\xfc\xa5\x0f\xbc~\xe4\xbe\x1bc\xdc7\xb1\
\xff\xfb\xbc\xe6\xe8\xf7A\xeb\xda\xa3\xb9\x1d\xd7\xc1\xd0\xe4\
\xef\xbd\xa9\xbe\xef\x8e;k\xa3\xeaK\x1e3\xae\xf7\xba\
\xfb\xbb\xfe\x1a\xc6l?\xad\xbf\xbb#\xc6Fo\xc8\xde\
\xdd%\x08\x8f\xc5\xd7\xdd\xdfY{\x9e\xfb+\xed\xf6\xf5\
r\xb6o\xfb\xfd\xbe\xed\xf6\xfbv~v\xa5\x9d\x9d_\
iW\xae\x9c\xb7\xf3+\xe7\xedQ\xb7]kO|\xdc\
\xa3\xda\xd3\x9f\xf2\xd8\xf6\xceO~l{\xfa\xb3\xde\xb9\
}\xf9\x17|\xce\xf2$?R\xdej\xe5\x91\x89x+\
\x97?\xf7\xd5\xff\xf0\xf4\xa2\x97\xbe\xa2\xbd\xfc\x15\xafn\
w\xde}_\xbb\xff\xfa\xb1\x1d\x0f\x17\xedt<\x10\xb2\
i\xfb\xbea\xf7\xed\xac\x13\x81v$\x82\xca\x04\x85\x8b\
\xc7\x03\x84\x80\xf6\x82\xf8=\x11\xe8\xdf\x05y\x1d\xe4:\
65\x18\x82\x5c\x02\xa1%B\xb0\xe3\xfa\x84*yb\
\xcd%\x22P+5\xfa\xc8\xc4?\x16&\x9a@>\xbe\
\x8b\xa7N i\x9c\x5c\xef1\xd3\xa6\x80\xd4\xfb\x8b\x07\
\xa1\xa0\xd6\x0f\xbc\xdf\xff\x9ei\xe5D\x19\x08i\xf56\
\x86\x1ey\x04M\x0c\x00\xa1\xf5HD\x14^\xf6=#\
\xec\x0c\xed<G\xd2\x13a\x06\xe47\x18\x02w\xcd*\
X&\xce\x9e\x01\xd8\xb5\xb3v<]\xc4\xfb\xe8{G\
\xdc\xf9\xda\xa4\x8d\xccX\xce\xaeUue\xc2\x17\x9a)\
\x88 `\xa1\xcf,\x8c\x15D\x96\x97\xa6'\x8a\xae\x1f\
\x19^\xc4\x14\xf5>\x09C4\xe9\xd7r\x9b\x91\x01\xa0\
\xc7u2m\xcf\xd8D\x8e\xeci]\xafc\x9cO\xf5\
z\xf2\xcc\x88\xcdA\xdf\x97Gb6\x84\xec\x03\x90\x84\
Al\xcd\xc7\xf7\xaa\xb9\xd9\xc2\x00p\x7f\x95\xf3)x\
1\xfe\xd2\x991\xfao@^\x87v~vjW\xce\
\xf7\xed\xd1\x8f}l{\xfa\xbb\xbek{\xaf\xf7xF\
{\xf6\xb3\x9e\xde>\xe4C\xde\xbb}\xea\xc7\x7f\xf8#\
t\xe9\xadT\x1e\x01\xf4\x83X\xfe\xd8\x9f\xfb\xb6\xd3\xf3\
\x7f\xed\xd7\xdb+^y{\xbb8\x9e\xda\xf1\xd8\x09Q\
\x07z'${\xa6A\x10\x11\xbb\x04\xa1\xa4~\xa7\xc4\
\xc6H\xbf H\xfa\xe3I\xc7(%\xf7\x8dF\xcc\x84\
#\xf8\x9d\xa8\xf3=\xd9\x9eY\xea\x14\x99\x95\x11\x80 \
\x10\xd0\xd4@\x90\x814f\x04\xbd\x22,\xa6\xad\xc8\xc8\
g})f\x82\x12\xef\x1e\x03\x12\x13\xa6\xc5\xb5\xc3c\
\x8d\x04e7\x93f\x12,YW\xc0\xd7 \x95\xd3\xf7\
A\xd32\x97t\xf5\xfa>\x12;O\xd8\x1d\x9d \x80\
g\xa2\x1f\xe0\x05\x82&\x9a\x86\xaa\x9d\xa6\x92`\xad\xa5\
\x09\xef\x08#\x10\xd7\x90\xc8\x8fN\x1b\xe0\xe1Z\x95L\
Hf\x8c\xc0ZY'\xbeE=\x0a\x0b\xcf\xa0\xb6M\
0\xb8L!\xfe\x9c\xdar\xe4<O\x96c\x00\xc0v\
c\xfd,\xf5 3=\xba\xa6v\x8d\x98xT\xdd9\
\x02\x83\xb5\xd7\xe113\xd2\xf1\xc9\x8e\x98!\xd1HP\
\x9f\xc7~\xca\xac\x92\x06*_\xdf/2j\xa8\x07O\
%\xd6\x06x\x0dL\x00\x81Cp\xdb\x89\xd9\x13\xee:\
m(\xd1\x96\x18\xa3\x7f:\x1c\xdb\xf9\xee\xd8\x9e\xf2\xa4\
\xc7\xb5\xf7y\x9fg\xb7\xf7{\xbfg\xb6\x8f\xfa\x88\x0f\
m\x9f\xf6{>\xea\x11Z\xf5 \x94G\x80\xfa\x00\x96\
O\xfd\xec\xaf?\xfd\xca\xaf\xbe\xb2\xbd\xf1\xcdof\xe5\
\xf1\xae\x13\xe2s\xbe)\x1b\xe8@\xbb\xd4\x08\x91\x12\x15\
\x99\x0a\xde\xac@\xc2]e\xcf\x0cC&\xdcR\xe9\xa8\
6\x14\xa2\xc7\xb3\xcb\x8c\x04\xd5\xe4T\xc0\x99H\xfa\xf7\
\xb9\x0dC\x5c$U\xd0sJ\xc2W\x19\x80\x11\xd9\xd6\
\xf2OD\xe6\x85D1)\x91\xd0\x1cE\x8do\xed\xfb\
\x02\xa2\x0a\x84\x87v<\xa3\xc4u\xf0\xfd\x8e\xa2\x18\x82\
\x9d\x00v\xe8\x9d\xc9\x08\x98A\x0a\xcc\x83\x98\x03*b\
.\x9d\x93\xba\xc6\xfb\xf9\x1d^\x0f2\xdf\x05\x03\xa0\xcf\
6\x96>I\x92u\xccO\xd6\x1a0\xf1\xa8\x19\x9b0\
?^\x13\x10\xda\x16RP\xa8\xca\xc3\xbceM\xc2\xa4\
\xcd\xcb\x94\xcb0\x0a`b\xa8_L^\xc2s\xb7B\
\xf8\x15\x96\xba;\xfb\xdf>^7\xc6\xbe^\x82\xca*\
2\x00\x1efl\x0a0&uP\xe1\xcb\xde\xcd\x0c%\
L\x08\x5c\xb5\xedM\x98\xb1\xf4\xdd.dt\x82\xef`\
\xd0Ws\xcd\x00\x08\xbeI8d\xc6\x00\x18\x13\x80\xfe\
\xd6\xa6\x1bf\x1cM\x9b\x13u\x0b\x03\x02\x93\x9d%\x8c\
\xba{\x9a\x99\x85\x03iF\xbb\xd6\xef\xda\xf9Y{\xef\
g\xbe{\xfbm\x1f\xfa>\xed\x13?\xee#\xda\xef\xfd\
=\x1f\xf3\x08\xedz\x00\xca#@\xbc\x85\xf2\x95_\xff\
=\xa7\xff\xfa\x93\xbf\xd8^\xfa\xd2W\xb7\x1b7\xba:\
\x99d{\xe3je3\xd8\xe60D\x8dR\xa9\xdb\x04\
\x0d\x94H\xd7\xab\x04\xa1\xfe\xab\xa7\xd4I\xb2B\xec\x98\
pX\x07r]3\xd5\xa0\xff\xdeM\x13\xc7\xa3!=\
0\x02\xbb\xdd\x99\xdb\xe8\xd2\x8e#L5\x13\x10\x91i\
.\xb5\xd4\x08\x06c\xf6\x9e\x98\x0a\x02,F\xe9\x91A\
\x02\x93\x00K\x1f\x811*\xd4\xf1\x91p\x0aS\xe7%\
n\xbd\xa1\xec\xdd\xe2\xf8\xf4\x0dg\xf3\x9f\x15h#:\
\x81\x0d}%\x8co\x04\x86T\xd2\xcaK\x1d\xe9>\xf7\
]\xfa\x91U\xdf \xe0B\xb8\x8f\xa7N\xb6\xbcZw\
\xce\xbc\xd1mb\x90\xb8Q&nF\x94\xd6L\x00\xbe\
\xed\x8a)e\x0d\x84\xcc\xf5\xe9l\xe8\x8b1\xa2\xc2\x00\
`AWpZ`\x04\xf2\xda\x88{\xcb\xcf\xa1\xadW\
\xa8\xe8!\xa5\x87\xc7\xa5\x101\x95\x05T\x11\xffq}\
\x1f\xcd\xa7@\xcaA\x19\xeey\xffU\xdbu\x14&\x15\
s\x9c\x10|\xde\x13\xa3\x07Ff\x0ew\xde\x926\xb4\
w,\xf0\x8bJ\xf8\x1e\xff\xe8{}4\xb1L\xf5~\
a\x0d\xb1PBk\xfct\xa3\xed\x0e\x17\xed\xf1\x8f\xbe\
\xda~\xf3\x07\xbco\xfb\xd4O\xfe\xa8\xf6\xc9\x9f\xf81\
\xed\xd9\xef\xf1\xd4Gh\xd9M\x94G\x80v\xc9\xf2g\
\xbf\xf4\xef\x9e~\xfag^\xd0\xeex\xfd\x9bT.\xe8\
\xaa}H\x22,M:1O\x10\x80Jjb\xb37\
;\xb0a\x0e\x96\xbe\xf3\xb6\x85\x141\x22\x00H\xe6\xf5\
\x94\x1a\xe2\x086@\xd7\x1f\xbf\x1d+\xb56\x11p\xe7\
cP=\xeb%\x08\x82\x05?\xd0\xce\xf6{b\x14\xec\
\xf9\x0a\x81U\xec\xcfV\x07\xb4\xcc\x088\xa6\xc9\xe4|\
\x1dk]\x92\xe9D\x11b$b\xe1\x8d\x81\xa0\x89,\
\xa5Rh\xf7A\x98[Q\xb3\x89\x98\xbe\xbb5Q\x15\
#\x88\xa2=\x0a~\x0f\xb0\xd3\xb0,\xd5\x89\xb7g`\
\x980GY\x0c\xe3\x18:V\xa0\x83\xdd~\x0e\x8bq\
p{\x95\xc2}\x1f\x07\x8dC'\xe4\x09F\xbd\x9d\xaa\
\xbe\xcc\x00,\xfb\x13x\x8e\xadV\xfd/\xbd\xef\x1d?\
\xb9@\x1e\x1e\x19\x00\x9e\x07\xf4\xd3A\xae0\x09p\xb7\
\xfa\x13\xe6o2[\x93\xfb\xa4\x92\xf7\x0c@ef\xf1\
\xf7F\x06\xc0L\x88N\xcf\xe0;\xe7\x1cF+F\xa3\
3,e7\xc3.\x0d\x8e\xbe\xfa\x82c:\xf5\x99\xd1\
D\x93\x19F_\xeczw\xee\xb4o\xa4\x19\x15m\xdd\
\xe9\xe2\xfev~:\xb6\xf7x\x8fwk\xff\xf3\xc7}\
T\xfb\x8cO\xfb\x94\xf6\xc1\xbf\xe5=\x1e\xa1k\x1b\xcb\
#\x80\xdaP>\xeb\x0b\xbf\xed\xf4\x8b\xbf\xf8\xa2v\xdf\
\x9b\xdf\xd8\xbaK\xd5\xa1o\xb4\xe3\xa1\xed\x8eg\xac\x1a\
\xee\xf6+Hc\xa2\xb2\xf7^\xe0^r\xbf\x9c\xb4\x0b\
''\x96\xac\xf2\xb3\x1e\xc1z\x89\xc5\x90\x82W\x09w\
o\xf3\x88\xe4\xbd\x97q\xb6\xe9\xf5w:g\x0fi\x7f\
\xe4\xdd\xbdwu\xfc\x8d\x85\x95G3\xaa\x90M\xe18\
\x98\x22\xd2x\xc7\xb2\x0f\x1a\x88.\xb9\xa2#V\x7f\xad\
\x01\xc8R\x18\x08\x16\x8f\xdb\xc3\xd6\x18\xac9\x92:\x88\
\x89\xc6k^\xe6\x93\xadD\x1f~Z\xc2#\x06\xe6k\
\xe8\x9f\x8b\x0a\xa8\xe8\xf6\xd0'A\xec\xd4\xc0\x063\x80\
\xb5\x1c+\xa4\xaf\xa3\x13\x1d\xdf;\x16\xa6\x1b~\x7f\xd1\
\x14`\x5c\x8f\x8e\x1f\x03\x1b\x96\xbf2\x00\xa2\xe6O\xcc\
H&XA\x0b\xb0\xd1\x14\x11MPFp\xf0\xbbk\
\xb6\xcc\xdcU1v\x91\xdd\xe4\xb5\x10\xd5\xf7\x1e>k\
\xbe\x10y\xbe\xd1F\xe5\xa8\xca\xc3\xb4\xfa\xa8-\x9a{\
0\x00=j\x851Q\x1d<\x93\x98\xa3\xc4\xa1B\xc1\
U\xc1{`\x00\x88\xf9\xc5\x18\xc66L\x0b\x90\x19\xb2\
\xcc$\x8a1@\xe1\xd0\x99\xa6\xb1\x0f\xf4\x1e\x99\x09\xfa\
\xfd\x8e_Omw\xbc \x93\xe5\xfb\xbc\xe7\xd3\xdag\
~\xda'\xb6\xcf\xfc\xf4Oj\xef\xfe\xb4'<B\xe3\
\x16\xca#\xc0Y(\x1f\xfaI_uz\xe3\x1b\xdf\xdc\
\xda\xe9\xd0\x8e\x87C;\xca\xdf\x8e\x0f\xfa\xd2\x13\x19\xa3\
\x9dT\x9a\xe1\xb0;\xd9\x87\xec\x89/\x8bW\xf1R!\
\x81,\x13\xff\xa8\x86\xcf\xcf\xb1ca\xa5V4\x154\
\xf7\x01\xd2\xbc\xd5\xd3\xaf\x9b\x84\xb1\x1b<\x9c{\x81\x0f\
@\x7f\xaeBN`4\xfc\x06\xceZ\x01_\x10\x95\xc0\
\x8f\xf6\xbe\xb1\xe4<\xf6\x7f\xee\xbc\xc5\xcf\x9c\x85{\x5c\
/\xb7\xefa\xa8\xdf\x92I\xa3\x96\x04M[\x92\x19\x91\
y?\xa2\x09 #\xda5\x84O\x12\xfb\xee\xe6m\xe1\
c;NJ\xa5~\x99M`\x9d\x01\xe8HUL9\
\x84\xd0\x0b\x1f\x11\x9df\x17\x06\xe6\x89-L\x0e\x12~\
X\xb5\xc5\xf7E%.\x0cn\xa831\x00\x8c\xecY\
\x03\xb0\xa6\x8d\xd0y\x1d\x18\x95\xb1/qO\x8dZ\x12\
.Y\x03\xb0\xc4\x04\xf3\x1e\xe1\x90[.`\x9cmn\
\xec=6\xc91\xfc*s[\xe5+0\x98\xe7\x1c\x03\
\xd0\xdb\xa2-.\x9aE\xd6\xc6-\x98\xb1\xa0\xc6\xf0\xfc\
\x19=\xe8`\x94@BBA\x82!7\x09\xed\x83\x09\
-\xd6W\x08\x15\xde\xcao\xeffX\xfa\xf1\x1a\xa3\x0f\
x\x1d\x85yf\xcf\x0c\x18]\xfbj\xeb\xfe\x11<\xd6\
ck\x87\x8bv\xdb\xb5]\xfb\xf0\xdf\xfa\x01\xedO|\
\xf6\xa7\xb5\xdf\xfb)\x1f\xf9\x08\xad+\xca#@I\xe5\
\xb3\xbe\xf0\xdbO\xbf\xf0\x0b/k7\xae\xdf\xd7\x8e\x87\
c;\x1c8\xfe\x9e\x16\xf8\xe9H\x0e)\xc6\x8d\x9b\xb4\
7W5\x9a\x0a\xbfB\xe8K\xd2-\xd7c^\xe73\
b\x92\xef\x0fR\xa3\xd7\x08\x1c\x99\x191\xc4\x1e\xb5\x0b\
\xbe\xce\xa8!\x18\xfb\xea\x89\x7fD.\xa8{\xb4\xedR\
\xbdi\xe3Wu\x06\xabE\x92\xa8\xba\x9730\x09t\
\x08\xb9o\x88\x81f\x09b\xcd\x03\xdd\xf2\x01\xe4\xb1p\
X\xa21?@;,\x96\xb0\xd2\x9dF\x9c\x84\xdc\xcb\
\x96\xaa\x7f\xecW1J~q<&1\x89)6\xae\
\x95#\xb1n\xc3\xfa\xc0g\x09.d\xdf\x87-\xbd\x9d\
\x89\x17z\x94\xee5\x8a\x00\x04?\xa9\xf6=#\x10\xeb\
\xe6\xf0\xd60\x1ehE\xc2\x98\xb1VD\xabF\x12j\
\x1d\xb6\x89\xba\x14.\xc3\xb3},\xd9,\xc4\xd7\xfc\xef\
H\xf8\xfdx\xecY\x0fG\x7f\xbf\xeaW\xde\x8fc\x1f\
\x0a\xc2>\xcc\x8bg\x88\xb3\xb4\x9c5\x19r\x07\x0e\x8c\
\xc5\x1e\xd8b\xd6a\x87\xd8\xda\x9c\x05\xc2>\xdb7U\
\x19\x8c)\xa2\xadP\xf3M\xa9=\x9bi\xd4\x00\x07\xac\
\xbf`\xd0\x08\xe6\xb9\xe3\x8d\x1b\xediO}R\xfb\xfd\
\xbf\xe7c\xda\x9f\xf8\x9cOk\xef\xf3\x9e\x8f\xf8\x0b\xa0\
<\xc2\x00H\xf9\xa4\xcf\xfd\x9b\xa7\x17\xbf\xf8v\x0aC\
9\x1ez\xc8\xde}j\xdb\xe7\x0f\x98\x00#\xa6\xbdx\
\xd5\xdc\x5c\xba\x98\x97\xcc\xf9C\x1a\xb7r\xbcT}\xb9\
D\xa4\x02\x95\xb3\xaf\xc3i/\x12\xc1\xe6p\x9eH4\
P'\xf5\xec\xd8\x15p\x88T\x10\xafx\xd1o{\x18\
\xa1\xbe\xaa\xeff\xddC_\x19\xa9\x05\xc6\x82\x88\x0e\xea\
\x89D\x83Q\xb4\xa9,Q\x0fB\xa7|h\xe0\x12\x03\
6\xde\x13\x0d\x88J0Q\x8a\x16\x08\x14\xaeNc\xa9\
\x90on/\x13t\xcf\x00\xac1\x80\x18;#\xfa\x94\
l)\x848\x8a\x83\xe6d\xadV\xfd\xf1\x92\xaa2\x00\
V\xb9\xa3E\x22\xc5f\xff\x87B\xba\xe5\xfa\x0aIQ\
\xad\xd6\x12\xe9\x90\xfa\xa3\xf5\x97\xce\x80\xa3\x13_V+\
/K\xf9#Q\x01\x03\x10\xa5\xfc%\x22\xb7\xee\xbf\x92\
\xf7\xf7\x00\xe7\xb2\xc4~\xabD-LQd\x00\xaaw\
\x97\xd7\x1e\xae\xcf\xde\xcd\xcf\xdb\xb3`.\xe6\xe3\xf6K\
\xc4\xff\xa6\xa8$\xe7<\x98\xfb\x17\xb5\x07\xdbp\x1e\xb3\
+`\xd4%$Rr\x87\x10\xac\x8e\x87v\xe5\xec\xd4\
>\xfcC?\xb0}\xe1\x9f\xfd#\xed\xe3\x7f\xf7\x87\xbc\
\xc3\xd3\xbfwx\x00|\xecg|\xfd\xe9\xf6W\xbe\x8e\
\xd4\xfb\xa7c\x97\xf0{\xd8\x09o\xb8\xd31fR\xeb\
kQ\x15\xffJ\x08\xd6$\xb4\xb6*\xad\x8c\xcfg\xa9\
c$Rk\xdcvn+_3\x09\x9f\xf9r\xdf\xa7\
\x8cL\xb5'\xe2\x0f\x10\xfa{d\xdf\x02R{\x92\xa9\
@\xc2zD\xad\x9a\xeb\xa2\xb0\xbb0\xd2\xda)j\x09\
6&\x8d\x03]\x8f*Z0\x00\x08\x11\x5c#\xc0#\
\x8c\xe4\xaf#\xfe\xb9o\x95\x03b|\xb0\x0a\xdd\xac\xda\
\xf2\x11\x14~>\x96\xa2$<\x91\xf2\xed\xa7\xf5I\x88\
v\xd9\x8c\x11\xc7b\xf0\x0ap\x12\x06 h:\x82q\
V\xda\xcd\xce.\xb3\xc4E\xe2tH\xab\x05\x19\x11i\
\xe5\xcc\xbc\xfd\xc1\x0c\xaek\x00\xe6{c\x0d\x96\xd5\xf3\
1OB\xa9F\x1fl\xfb3F#\xce\xf7\xa8\x19\x90\
0C\x05rU\x8fc@\x15&QS7>?\xd7\
\x1a\xe6\xdf\x91\xe0\xda\xbb\x19\x1f\xc4g\x97\xa5~\xc2)\
\xde\x91\x15\xd9F\x174\x81\xbe\xff\x9e\xc1\xa9\xe6\xd7~\
C3'\xcf\xf60\xec\xceh\xee\x8e*\x98\x10\xd3\xd2\
5\xb9\x17\xc7\xf6\x9b\x9e\xf3\xbe\xed\xcb\xff\xdcg\xb5?\
\xf0{\xdfq\xcd\x03\xef\xb0\x03\xff\xc8O\xfb\xda\xd3\x1d\
\xafz=\x115\x12,z6\xbe\x8e\x90\x04\xe1wK\
\x1eKS\xf0\x5c\xb58XO$O\xc7\x8bE\xb5\xbc\
!T\xcf\xc1\xdb\xfb$\xc5\xba\xb0:\xbe_\xa9$\xe7\
e\x86\xf0\xb2D\x9d\x9f\xa7\x94\x04\xc1\xcb\x9f7\x0c\xc9\
\xb5\x93\xc4.3\xe6\x80F\xd9\xe3\x90{\x1e\x10\xdd\xb0\
q\x93\xea\xfb\x8ed!\x8e\xba\xd2.\xd0u\xb1\xf5+\
\xbc \xf9\x8bv\xa2_\xb7\xf4\xc1\xc6\x0a\xe0\xb9\x83:\
Q\xce$g\x0f\x9b\xe8\xf5L0\x9a0x\x5c\xa2\x8a\
8\xa3\xda\x9cd\x09\x08\xcf\xcf=\xd7u&\xedz\xa7\
HH\xa2[\x89\x960\xadY\x95\xec\x09\xf6b\x9c|\
\xed\xd7=0\x00\xc4\x18\xbby\xd2\xfa\xe0w\x90\xfc+\
V\x18\x80\x03\xd1;\xf8us;\xfa\x8eh\x0a<\xcc\
\xd8\xcbvK\xa4\x88\xd7|@\xd8\xac5t\xeb\xe9\xa5\
\xbd\x16\xa0RwW\xbe\x01\x08\x8f\xad\xea^H\x7f\x1c\
\x9c\x1d-,\x10\xedu\x06\x1b&4m\xbf\x13\xb9\x22\
ZGnnF\xf3f^\x00\xd1\xa7\x7f\xcb\xe7\x8c\xc1\
G\x1bu\xd1\x91\x0aa\x06n\x81\x09`\x0c\x80\x195\
q^S\xa4\xb0\xb0\x8d\x9e\x18\x00\xae\x83\x09>\x1b\xe8\
`\x1a\xd0\xac(\xa4\x95\xeaW\xba\xd0wj\xef\xf7\xec\
g\xb7\xff\xed\xcf~f\xfb\xa3\x7f\xe8w\xbd\xc3\xd1\xc3\
w\xb8\x01\x7f\xf4\xa7}\xcd\xe9\xf6\xdb_\xa7\xaa\xfc.\
\xf5\xf7B\xdfe\x9d\xe6=\xe4\xd5\xdfL\xc0\x8eIE\
x\x18\x9c\xfdz1\xdb\x96WAJ\xb8\x98J\x96\x11\
\xd9r\xe8\x5cJ.\xe2\xfa\x91%\xb3\x91\xf8G\x89\xd7\
\xee\x17^\xd6!i\x0f\xb7\x89|\xe2\x18\x07B\xf9|\
;\x81\x09`;\x019\xe7\x90\x83\x90\xebE\x962<\
\xb9\xdc\xcd\xe2\xef\xbdy\xa1\x87\x12J\x92\xa4\x8c\x04\xd0\
\x06\xc9 E;`0\xc8z\xa06PAo\x85\x14\
\x87T\xc1\xd8\x12\xde\xb2h\xf3t\xd0,ka^\xfc\
\x9cOp!\xdc\x16\xec\xd1\xe8\xfc\x98u\x185\x03\x18\
\xcf-\x18\xe2\xba{\x98\x5c\xc8I\xe0nM\x9c*\x0d\
\xe9G\x09\xd73\xafUm\xc1\xdb\xbfp\xb8\x1b\xbc\xf1\
\xfd38/\xa1\xb7s&\xd7s\xbfS\x06B\xd4\xc1\
\xfc,\x13\xc7e-\xce\xe5\xf3K\xf0=\xfa\xd71T\
\x92\x15\x81\xb9\x931\xd3\xa0\xab3\xf67\xae\xed\x11?\
0\x0c\xb8nc\xb2\xa2\xf4\xcf\x0c\x80\xbd\xc3\x09\xbd\x08\
O\x18\xa0\x16`\xb0\xa6\x11Y\x1eG\x05\xa7\xba>|\
7\xa6_\xf7\x9f\xbc\x03\xe7\xda\xac\xaf\x9a\x97\xda\x09\xb0\
\xffU\xff\x1e\xfa\xce0dF\xc2\xb41\xb3\x9a2\x03\
w\x84\xc0u\xbch\xef\xfd\x1eOk_\xfa\x05\x9f\xd5\
\xfe\xf0g~\xc2;\x0c]|\x87\x19\xe8'}\xce7\
\x9d~\xedW^\xca\xd2\xd8\x11\x84\xd6I\xf7\xba\xf9\xad\
d\xee6\x10K\xfa\xcd\x9c${)\xcf\xd4\xbd@\xfb\
p\x9a9\x1bl\xb2\xe3\x86\x1a=\x97gv2\xe4\xc8\
\xb7\xfeE\xc2\x92Kt\xf8\xf3\xefr6<\xc4\x12C\
5;c\x00\xc61f\xc3\x85mR\xbc\xab\x90pH\
\x12\x84~\x09Q\xd9\xfb*'\x8at>\xbaiy\xa5\
)<\x96\x8d\x11\xab\xe1\xa9\xea~\xf7\x5cOx4:\
{\x1eC\x9aU&\x80\xc9\xc6Y\xe0Y}>LK\
a\x9ap\x1brd\x00\xf6\x1bH\x5c\xef_\x85\xe8\x19\
r3\x13\x80G\x8a\xb1TY`\xb2\x93\x9fe~\xd3\
\x90=Z\xeb \x06#\x03`: 7\xd6\xc4\x00\xf8\
\x90?\xaf\x85@\xab\x8c\xba\xdd\xfbm-\xbe\xdc\x93\xa4\
\xaa\x8c)\x91+\xad\xc8\x12!\xf5\x92q\x5c\x15\x9ep\
\x07\x1d\x91\xa8\xfc}\x1b\xd1i1\xb5`\xf3\xab\xa64\
a\xf4M\x190\xed\xdbZ\xc9\x02\xc6\xc8\xd4Tu\xf9\
U{\xbaD\xfc\xc4Z\x99E\x01\x88\xc7\xbfaU{\
\x06\x1a\xaa,\x10$\xbf\x1d\x8c\xe9$\xda\xc8>'l\
\xa2\xe8\x11^7\xda\x07<\xfb\xdd\xdbW\x7f\xe9\x9fi\
\x9f\xf2{>\xe2\xed\x9e>\xbe\xdd\x0f\xf0O}\xf9w\
\x9e~\xe4G\xffG\xbb8]\xb4\xdd\xc5\xb9\x86\xe5\x98\
\xfa\x8c\x89\x8f$\xae\x932W\x17\x9b\xdc\xe5%\xaa5\
\x95\xa4)\xbcgQ\x03\xfa$\x11\xddhV\xe0\x05\xed\
\xed\xc4Q\x8d\xbc\x5c\x0ciV\x1a\x808\xb6\x88\xb8f\
\x04\xdf\x9e\x9d\xb76\x93h\xa3\xc4\x1f\x9d\xbd<\xe2\xa9\
\x09\x12H\x99HN\xc2\xc1\xb3\xa3\x9e\xd3\xd2@\xear\
\xdf\xe5\xf1a\x1c\x06\xc3\x8c\xbc\xbc}\x9f\xb3\xcd\xd13\
\xaa\x9d\x966\xd7\xa4\xff$\x01[H\x961\x82UY\
b\x00\xfc8\xf1\xdd\xe7?\xf4\xcf\xf0\xd17\xf5\x5c\xd9\
\xbcF\xa7K\x83M\xd1\xc7\xca\xcb?H\xf76N\xaa\
C\x85CS\xeb\x83\xe9\xae\x18\xbe!\x0d\xb20\x02\x8c\
\xfc\xc7\xd4\xc4\x11V\xbed\xe7R\xebq]F\xf8\xfa\
zL;\x94\xdb\x8aN\x9a\x08\x9b\xd5~\xa5t\xbdY\
k\xb3\xa7\xe8\x8a\xa8\x1b\x8ap\xf1\xb2~\xed\xe7\xceg\
w\x88\xc9\xab0\xf1\x5cV\x03\xb0\x86S\xa2\x96 \xfb\
\x0c\xd4\x05\x8c\xcb:\xbej\x8b\xeb\xde\x9f\x8e\x826\xf5\
\xcc\x85\x94\xb7\xc3\xb4\x94\x15F\x17S\xae\xa8wp\xfe\
\x09\xeb_[\xdb\x1d\xeeo\x1f\xf1\xa1\x1f\xd0\xbe\xf1\xeb\
\xbe\xa8}\xd0\x07=\xeb\xed\x96N\xbe\xdd\x0e\xec\xef|\
\xf7\x0f\x9d\xbe\xe3\xb9\xdf\xdf\xee~\xcb=\x9cH\xect\
j\x17$\xb1\x89\xaa\x972t1\xe2\xf7(4\x22\x15\
K\xe8\xa3\x05\xb6\xbd\x82\x01 ^4o6\x8d\xab\x86\
\x97}l\xab\xda\x9c5a\x8c\x0c\x80/K\x9bj\x94\
vw+H\xaf\x8ej\x18\x99\x81\xd36\xb6\x03\xf9\xcd\
KM\xc68\xce,+\xf4|\xe0\x88\x157\xc2'\xa1\
\x80\xee\x04\xc10f\x8c\x95\x07\x8c\xca\x85y08x\
\xdf\x8b\xc8\x04\xe0pb0\x0d\xbd\x9f\xdd\x17\x815\x00\
K\x0c\xc0\x98\x07\x00c\xccv\xdf\x91\xb8*\x8b\x18\xd4\
\xaf1L-0IN\x8a\xe1\xc3\x9fb\x9c<iI\
\x16\x1c\x00-\x8e\xdc\xa0\x16\x9d\xc9\x16\x22\x1b|\xbc\xbf\
&ab\x06\x00\xc4\xbf\xf7o\x9f\x0e&\x9a\x932\xb4\
\x98\x1c\xbcDw\xce{\x96\x19\x00n\xd7\xf9\x93\x845\
]\xc9\x9c6\xc69\x1d\x9c1\x00xo\xc6\x88E\x1f\
\x96*\xa1ae\xab\x86\xfb\x1b\x9d\xbb\xa1\x0c\x80_\x8b\
Y\xe0\x80\xb4\x9b\xa3\x22X\xb3\xb4\x85\xbc\xcf5@y\
\x0f\xceq\x8a\xf7\xf8\x0f\xb6w*\xd1c\xdf\xd7\xbd+\
\x98\xf3\xe5R\x0bUy/ \xb9\x19kX\xa0}\x1a\
M\xa5#cc>+\xb4o\x9c\x89\x0e8\xbf\xb7u\
\xed\xca\xbe}\xce\xa7\x7fR\xfb\xca/\xfd\x13\xed\xc9\xef\
\xf4\xe8\xb7;z\xf9v7\xa0^>\xe9\x8f~\xfd\xe9\
W\x7f\xed\xa5m\xdf\xf3At\x0fY\xa4\xc8l\xfbv\
@\xc2\x1b7\xd1~aAe\xbcTX\xcd\xd43\xc0\
\x09wO\xab\xa6\xda\x18\x95s\x10\xc7\xcez\x0d\x84\xa9\
N\xf1n\x15;\xedU\x98\x1eY,o\xfdjC\x8f\
9\x00\xbc\x0a>\x9e\x1f\xcfE\xb4$\xa9_*\xf1\xc8\
\xe6\x91\xedg\xe3h\x87v&\x87\xe9\xf8w\xc6\x8d\xe8\
\x88\xb9$'\xe2VE\xe8F\xde~\xcaf8:P\
e\xc9\xdfC\x0c\x18?\xf9\x95\x97\xb0\xa2s\x0e\x90n\
t\xe20\xa6\x07\x00M\x10K8\xc8\x85\xd4\xddy\x0d\
\x08\xc2\x9a\xac1\x98N<\xbc\xf2q\xae9\xd2\xc1Z\
\x88\xda!\x1f\xb3_K\x81\xc7:\x9b\x5c\xaa\xd5:\xb3\
D$\xe5z\xd1U6\xd78\xa2\xe6\xce.\xf0Is\
$\xe9{t\xd8[p\xf8\x1b\xe7\xc0\xb3\x83\xcb\x91\x02\
<\x07\x08\x9b\xb4\xfd\x14\x99\xf2\xdao\xc2\xba+\x0a\xe4\
\x89&\x83\xee\xaa\xc6\x87I\x0b;<\x8a\x00\xd0\x8f\xfe\
\x96\xd7\x90\x9b\xa3'\xc6\xca\xb97\xfa\x1e\xd5\xb3\x07v\
=\x1f>\xaf*f\xaa\xf3\xbc\xd5e\x8b& \xaf\xf9\
\x99z?\x10X\xddgc\x1fh\xde\x81W\xe5\xde\x98\
$,x\x06\x89\xb6-\x97\xb8\xc2\x0d\xa7\xc1'\xa6\xc3\
\x8d\x01~,\x18\x8f\xcc\x0c\xd409\xca\xdeU\x87\x02\
e\x18{\x9dO{\xf2\x93\xdb_\xfe\xca?\xdd>\xf3\
3\xde\xbe\x0e!z\xbb\x1a\xcc\x97\x7f\xe3??\xfd\xeb\
\x7f\xfb#\xed\xc6\xfd\x9d\xea\xdf\xe0\xa4= P\xeaM\
,KPU\xfeI\xb57Y,\xc1&\x86\x98y\xf1\
\x81f&\xc0\xd9\xe7\x16x\x5c \x1c\x84\xa7y\xc9\xda\
\xec\xfa\x9e\xb3\x86\x8a\xd1\x12\xa7\xc4\xb2\xe6\x0c\x95\xef\xa1\
\x8f\xde\x19q\xe4\x8c\xa3\xc4\x8fd\x1f\xe2\xfb\x00xt\
\xfb=\x04\xec\xd4\x1a\x98\x89\xb9\xaa{\xb4\xaf\xf6\x10\xcb\
=1iF\xd8\x88\xf1\x00B\x92\xfafHL\x95\xf6\
\xce\xf7\xc0\xdf\x8b\xef\x8d0C&\xfb\xce\x00,\x12\xf8\
\x02\xd1\x19\xc2\x11X8\xbb\xe3\x88\x9c#\x13\xe0\xdf\x1f\
\xc8\x96 \x7f\xf3\xc8\x8e\x12\x0e\xd0'\x08E@\xce\x04\
\xb8%\xf3\xd4q\x90Z\xb9\xafn?\x84\x81\x22\x8f\xbf\
@\x8b\x1d`\x12+=t_\x89\xfeP\x9d8\x90z\
b\x22^~\x0a\xe8\xa0\x01@\x9d\x85\xd9\x085F\x87\
[\xd7\x8f\xd2\x8e\xed\x99\x8d|\x8ae\xa5\x09s2\xa2\
\xee\xc9\xfc\x0c\xc6=\x9e\x04\xe9\x0d\xf54f\xc7\x00\xb0\
B\xabb\x00\xfa\x9e\x88\x1a4N\x86\x95v\xad\xce}\
u\x1ag\xdd\xc7J\xfa\x8fp\xb2:\xcd\x8cR\xf8'\
9\xe8\xe4\xe2\xd9\xb1\xc8\xcc\xe6u9c\xdc\x92\x0f@\
h\x5c\x18\xa7\x05B\xb6\xcc\xd4X!Gn\xd9[\x9e\
\xc1g'\xc3\x9e\x00\xfe\x0a=\xf3\xb1\x1f\xf6\x9c\xf6\xad\
\x7f\xfd\xcb\xden\x0e\x1fz\xbb\x18\xc4\x7fy\xdeKN\
\x7f\xf9\x9b\xfeI{\xf9K_\xd9v=\x96\xffp\x83\
$\xf2\xc3\xfe\x9c\xb5\x92\xc1\x1b\x1fj\xfd\x09\x81.\x90\
E\xa5\x22\x83)@\xa5\xe2 \x85\x98\xd7:T\xb8K\
\xa1Vc\xf1j\xdf\x91\x01Pi\xb4T\xa7C3\xe0\
\xd4\x8dN\xdd\xcdD\x02\xb0\x18\xdbE\xfdQ}\xc6\x90\
\x01Q\xb1\xa3\xbcM\x05[\xab\x0e\x93\xcf\xaf\x06\x92{\
\x04mD\xed\xd8\xd5\xbb\x22eb\xabf\x9d\xed\x8c9\
\x0b\xb1\xff\x89\x11\xf1\xf3\xa6jst\xe1\xcc\x12\x99\x98\
S\xe1\x82\xd4\x19$\x84\xca\xeeo!\x7fpl\xab\x1d\
\xb3F'@_\xb4\x07t\xc2\xdf\x9cq\x89&\x90\xa4\
\xb9\xb8)\x06`a]&\x06@Z\x9c?\xee%\xff\
\x89f 2\xd6He\xc8\x93\xc3\xc7\xe9\xf2\x18\x14N\
d\xba;. \xf3\xed&\xb2Z%\xbe[a\x00B\
\xcd\xd3\xf7\xa0\xbd\xb2G\xc1\xd0\x180\xb2\x06D\x89l\
\x17\x00T3\x13z\xc7{E4n~\xde\x00\x13\x84\
\xbd\xce\x88\xfd\x92\x06`|>\x8f\x15\xf8\xcd\x0f\xcb\xdc\
1+B\xacL\xcb\xe0\x13\x04\xdf\x08\x93\xe2\xa3\xf6\xb3\
\xd2\x9eFf\x0f\x0c\x09\x0b\x19\xa2\xd3\x1d\x8e[\xb6w\
\xb9X\x8e\x8dS\xf0e`S#=\x1bx \xf1k\
9\xebc\xe8\xd1^\xbb\xf6\xe8k\xad}\xf5\x17\xff\xe9\
\xf6'\xff\xf8\xefkW\xafv\xbd\xe1\xc3\xb7<\xac;\
\xdf\xcb7|\xc7\x0f\x9d\xfe\xd1\xf7\xfc@;\xdcwo\
;^\x5co\x87\xc3\x05#1\x91$XB\xef#=\
s\xf8\xc2\x96\xea\xb0\xa5\xbd\xba\xb7\xd0\x06T\x0c@\x92\
-\x82\x94f\xa1\x82\xfd\xb7I\xdb&\xe1\xe3y\xb4\xef\
\x9d\x86\xce\x164\x00\xc7\xd27 F\x19\xc0.\xe67\
\xcf\x12\xbf<\xe6Z\xd7\x0d,\xd1\x00\x16\x96$j\xc8\
E\xedC\xeecV\xf1\xb9y\xe8\xc99\x08Iv\x1d\
\x80\x8d\xc8;\x0f\x8d6{\x06\x1f\xfa|\xa49\x1bC\
\x10\xfd\x98B\x98\xa2\xa6Ev\xd7(F\xd9!9!\
\xe2a\x0d\xb8!\x0f\x0c\x80S\xfb\xab6\xc09\xc4U\
\x91\x00\xb9\xfeJ\x9b\xe1\xaf\xe7h\x0b\xf5\xb7\xc8Y\x00\
\xc9\xe5e~\xda\x1a\xd6\x1ak\x18\xc0\x84-3\x00\x95\
\xf6c\xb1\x88y\x01\xef\x95\x92\x1c\xae+O\xe8\x18D\
:+\xc2\x08\x5ct\x04\x1c\xed\xf2\xd5\xe9r\xb1=\xf3\
M\x9f1\x00\xd5\x91\xc6\xd0J0S\x82=e\xf5g\
\x06\xc0$t\xcb[\xa0I~\x90\xcdr\xcf\x09\xb4*\
\x98T\xbe-\xfe]\x1c\xfdl\xf0\xa2\x1a\xc9\xc4\xb9V\
\xb63\x03\xc6`\xf1\x1c`A[A<\xbf\x8ctZ\
\xb6D\x03\x18\xbe\xf4\x0c\x95\xf5\x85\x19u^\x0f\xc2\x02\
\x0df\xaf\xc5\xf5\x15\x04\x95x\xc8\x10L\x00`\xb0\xf0\
\x0e\xce\xc4\xe8\xda\xc1\xdd\xe9\xac\x9d\xba6\xa03Z\x87\
\xeb\xed#\x7f\xeb\x07\xb6\xbf\xf3\xcd_\xd1\xde\xf3\xbd\x1e\
\xbe\xda\x80\x87m\xc7{\xf9\xfd\x9f\xff\xed\xa7_\xfc\x85\
_k\xc7\x1b\xf7\x13\xf1\xefI\x1d\x90O,\x0c\x8d\xd4\
\xfeN\x95\xecm\xde\xa1\xc6|\xfc\xe5\x98\x18F\x17\x11\
9\x84!z\xa0;BEB\x11\x09\xd0\x98\xda\x14\xcf\
\xf8\xbep\xa9$\xb6\xca\xcd\x0dc\xcc\x9b\x18\xa1\x85\x0b\
\xaa3\x8cn\x88\xed\xef'jq2\x1fT%Q\xb7\
\xae'\x9c\x08\x86\xf0\xda\xc2\xea\xf1\xccG\xecG\x15\x1c\
dZ\x13\xfa\x85\x8d\xb7\xc1\x96\xc7s\x91O[\xe4\x8a\
\x10\x1d\x10\xa1\x135$\xd5\xc1EA\xf3\x92\xd2\xacj\
t\x1b=\x98\x18\x80\xca\x0b\xbeD\xb4\xf3D0K\xb3\
_!9/\xd9\x84:]\x93\xda\x079q/J>\
+D\xc0\x1d\xd6\x04u/\xa9s\xa1&-\xb4\x1c\xc3\
\x89\x850\x15\xa4H\x03O\xe6\x06\xcd\x85~Y\x22\xe6\
q\x1d\xd9\xd4\x18\xa3\x98\xcf\xb3\xd8\xea\x187\xbb\xcff\
\xa2\xdd\xfcyZ\x13,\xd52\xd61\x06\xae\xd2Zx\
\xe6H\x9d]\xb9&3!$\x86HG\xef\x98\x00\xf5\
5\x08q\xf2\xdd\xa8V\x08/ve#\x09\xe09\xdb\
\x0fZ\xb6\xc8\xa6l\xd5.\xf8\xe2\xa3x\xa8\xdex\x98\
\xa2\xd6\x0b\xd8\xf1R\xaa\xf0\xcar\xfb\xb6\xd6k\x16d\
'Z\xc0\x9aA\xc7:\x8b&\x96\xfe\xf7q\x8f:o\
\xdf\xf4W\xbe\xac\xfd\xe1\xcf\xf8\x1d\x0fKZ\xfa\xb0\xec\
\xf4?\xfa7?{\xfa\x1b\x7f\xef_\xb6{\xdetg\
;\xdc\xb8\xd1\xda\xa1\xdb\xfb\xfbbg\x15P($1\
D\xd5~\xf0$\x0dR\xbf%Z\xf1\xea\xf4T\xa1I\
\x04\xc7\x03\xadX\x0a\xdbsO\x8c\x88\xb5r\x10\x94\xda\
68\x1dr\xb1C\x85\xec=\xd6\x0a\xcc\x10\xb9\x97\x92\
\xc5\xd8Z\xd6\x9c\xeb\xa5w\x05\xef\xf8\xb0I \x15F\
\x05\xd1\x08Y\xdb\x13\xb72\x00\xa3w6P\x1e\x11\xe9\
\x9c\xf9,K\xe4Dw\x85\xa0\xabV\xb1v\xfa\x99\xc2\
h(\xf3$E^\xb2\x1f\xea\x9b\xdc\x8bm\xcf%\xff\
\xa52G\xe0#\xa1D_2\xf1\xcf\xf5\xf1\x0a:\x0d\
\xd2\xbf1\xba\xa6\xa2\xd5\xf7\xbc4_\xa8M\x97r!\
x\xfb*K])\x22\xa6:p(i\xe6\xd6\xe5J\
H\xdc\x92qn\xa2}\xa8\xb4]U\xf1\xd7\xd7\x18\x00\
\xeb\x8f\xe4^p{\x09\xe3\xf0c\xa2\xf7=\x9d\x07\x13\
\x11<\x08\xdc^s\x80\x1eR3\xcb\x5cvM\x18\xfa\
\xdaM\x02\xbe\x9f\x9e1\xc2\x89\xa63\xbf\x01\x83\xb9\xad\
\x95\xb8\x12F\xa7\xcbyV\xc5\xba\xf8\xa8\x00\xaf\xf1[\
.\xa3\x1f\xc2\xac\xefc\xa9\xd7JS\xbf\x1c\xaf\xfd\xe9\
\xcc\xaf\xc3\xf7r<\xb4o\xf7\xb4?\xb5\xfd\xc5\xa9\xfd\
\x91O\xff\xa4\xf6\xf5_\xfb\xf9\xed\xf1\x8f}\xd4\xc3\x8a\
\xa6>\xac:\xdb\xcb\x9f\xff+\xdf{\xfa\x7f\xff\xc3\x8f\
\xb7\xdd\x8d\x0br\xf1?\x1c/\x08\xd9\xf7\xa5LS\x09\
\xec\x9b\x92\xbfD\x89\xdeq\xadaS22\xad\x88\xbf\
-(\x10D\x0a/\x90t\xb4\xd9\x0c\x90\xed\xe2\xdc\x12\
3\x1e\xde\x0c\x00\x8ew\x8exl\x13Va\x80\xd6\xcf\
%i\x8e\xd4\x8c\x03w\x1bZb\x0eX\x08>\xe4)\
\x10\xdd\xc0\x81k\xdc-\x90R\xa9\xac\xd4\xbe\xd6N{\
\x15\x03\x90\x88L\xd6s\x98\xbe5\xd4D\xf74\xd4,\
bEO4\xe6j\xf09\x030+\x95#`U\xe6\
\xd2I\x1d\xc9\xb0\xc6\x0c0\x1fw\xda\xd4\xbfP7\xbd\
\x19\x99P\xed\x09=\xcb\xf7:\x030\xa8\xcf\xf5D@\
\x86\xad':\xd0r\xe46=\x83\xe0\xbd\xff\x07_\x91\
^\xafPg\xbd\xb7G\x9e\xf8\xfa\xf8\xe9X\x98\x81\xe8\
\xa9]\xad0)\x81Yc<\x92\x17\x8e\xaf\xf6\xec\xcd\
2\x00\xf5\xdaRJ\x1d\xea\xb0\x94\xbe\xf6\x0c\xbe\x97\x0c\
\x808\xb7E\x80\x8b\xd4\x1f:72#\xca\x0c/0\
+</8\xd9d\xbe\xeeLkQ\x11g\xbfgW\
\x18\x007H\xbf'L[!a\xa3\xa1\x9f\xbe~\xe0\
\xdd:\xf2\xe9f\xb4\x0fy>\x80\x8f\xad\xc4\xf5\xe1\x05\
\x95\xe0\x8b\xd0\xff=\xb4\xf6~\xef\xf3\xb4\xf6\xdco\xfb\
\xcb\xed}\xde\xf7\xe9\x0f\x1b\xba\xfa\xb0\xe9h/\x9f\xfc\
\xb9\x7f\xe3\xf4+/x\x09\x1f\xd3\xdb\xa5o\x92\xfae\
\xe2D\xe1\xa6f\xaaad\xb2\xf9\xbbC\x91\x84\xa6\x8d\
\xdc\xb8\xa9\xe8\xb2\xe4g\x7fa'\xef\xearh\x1d\xd8\
\x04P\x22*\xb2\xc3\x22\x0b )\xd1\x5c\xe7\xb6!\xa0\
8\x869!\xa9\xc2\x0a\x81\x0c\xe9\x9b\x97\xd2\x826\x84\
U\xff\xb9\x103\xa0\xb8\xc7$H\xca\x05\xbf\x1fM\x0e\
Y\xb3\xd1\x93\x14B\xdbRkD\x22\x03@\xf3(\xe9\
\x7f\xfd\x08=q\xac|\x84=o\x80\xbeq\x9eqD\
\x22x\x22<Q\x01\x0es7#\xb0\xc8\x1ea\xbfg\
\x0eK\xb9^/Y\xac\xb7?\xd6\xe7\x14\xe6\xa5\xc4O\
\xf5\xa4\xcb\xbc\xac\x8d\x89#\xc9\xaf2\x01\x88t>\x5c\
\xf7\xb9\xe9\xd3\x81@\xde\x01\xd0\xb7\x0b)\xdf\xb4Fy\
\xfc\x8e\x01\xc8}!\xff\x9d\xf1|\x88\x99\x86\xa9{\xcd\
\x1b\x03\xc3\xb0%{\xad\xd7:\x04M\x15\x13\xbe\x1a\xc1\
\xcf\xb4,\x9ep\x9a\x19\xa9~o\xac\x13c`\x8dL\
\x84\x01\xad{\xcd\xe3`L\x16\xd6Y\x1e\xfb!\x85\x85\
\x06\xfc$\xed\xf7}[\x99\x00\xc6\xfe\xa2/\x9e\xc8F\
\x86\x0c8\xaf6\xa9\x8d'\x11NqXb\x00L#\
\x9426\x0c\x9aC\xf4\xabM\xe0;\x9a\x90\x22\xce^\
g\x0cvX\xa3}\x9f\x04x\xd5s\x19\x86\xc5y\x04\
EC\xdb\xda\xe3n\xbb\xda\xfe\xce7\xff\xc5\xf6\xa9\x9f\
\xf2\xe1\x0f\x0b\xda\xfa\xb0\xe8\xe4\x7f\xfe\xa9\x97\x9c\xbe\xf4\
k\xffn{\xd3\xeb\xeel\xc7\x8b\x8bv!D\x98\x11\
\xb18\xc7\x91w\xb0\xfa`\x97\xc5T\xd0z\xc1]\xa7\
o\xe9\xb7/\xc6\x81\xd2\x86\xa0\x05\x87#Ps\xec\xaa\
m\xacA\xea\x09\xf6nh\x04\x22\x02\xa9\x88\x16\xd7\xc3\
\xd73q\xc9\x9e\xaf~\xe1{I\x88N\xeb\x13\x1b\x1b\
\xc7\xef{\xbf\x08\xdf\x07\x8c\x95\xe3k}\x9bvFx\
'\xb0]\x82\x83}\x97\xad\xe9\xd5\xe1FK*\xdbJ\
J\xae\x14\xbb\xc1yO\xec\xfeLD\xe6\xf3\x1d4\x17\
\x09Q!\x05q|ny\xb3\x8f\x92n\xad\xfd\xa8\xa4\
\xf9%u\xe48ws\x02\x13\x99\xa9$\xd5\xf7|\x17\
\x08\x11\x93<\x0c\xcc\xec\xb2D\x1d\x93\xd4tU\xb1]\
\xab\xe3\xff-\xd9\x8c\x8d\xd9\xcc\x1c\xd8k\x9e\xc0{\x9b\
\xb6O\xefk\x19\x10-\x0a\xc3\xccp\xecU@\xf7$\
\xc6\xcd\x96lb\x1a4B\xa6\xcb\xb0,\xdb\xf3\xae\xae\
QYe\xff\x0f*^\xca-1\xb6e\xd0\x88\x111\
l\x03\x8f\xcc\xb3\x8d\xbd\xd6v\xc5\xf9\x8c{w\xa6;\
\xcbL\xf3\xb2\xa9\x8a\x09)1x\xd2\x02@\xef}\x5c\
\xf8\x10'^\x0f\xa41\xed\xf3\xdf\x13:-\xc0\xca\xb7\
\x0f;\xb9\xd671\xc9\xcca\x81\xba\xe6\xcc\x92\xdf\xa7\
Y+\xe8\xdb\xb0\xfb\xd9\xbe\x9f\x9d\x02\x81\xd3\xc7\xbe\xec\
\x10\xd1\xe4\xdb\xccBR\x12\x8c\xb2\x82\xc3\xd8f\xa1\x0d\
\xfb\xb3vv\xb8\xde\xbe\xf0\xf3>\xab}\xc5\x97|v\
\xbbr\xf5\xfc!Mc\xcf\xdbC\xbc<\xf7\xdf\xfe\xcc\
\xe9\x7f\xfd\xf2\xbf\xdd\xae\xdfuo\xbb\xe8*\xf7\xa3%\
\xbb$\x16@\xe2\xfa+\xc2\x8f\x05`\x0b\xc4q\xb7\xee\
\x19\xf9\xb6\x22\x85y{\x98\xbf^I\x0c\xa7\x05\xce\xd4\
\x9e\xf1q\xc4\xb9\xdf\xf6|V\x81\x8dvi\x0b\xed\x93\
\x8d\xaaD\x8f9Z\x92\xc8\x9c\x19\x91\xe2]\x11\x0cI\
]\x91\x8d\x04t\x0a\x84\x98\xdad\xa9~/D_\x16\
|\xa5\x97H\xb9\xfd\x97T\xf0yL\xd4\x7f\xbbau\
z\xb6\xca\x99w\xec\xd8\xdf\x11\xa1F8\xe9U\x1bG\
\xa9b\xcek\xa0\xee7#\x82\xb9O\xf36\xe4]1\
_\xe3\xbbK\xe6\x8b\xe1Y/}S\xb8\xa2\xac\xb5T\
\x05\xdb\x89A\x80g\x03\x14\xa6\x88\xaa1&\xd2\x8ev\
\xb5G\x07gI\x17\x22\xca\x8f\xa6u\x80\x5c\x17\xe8\x07\
\xf9\xd5:)\xd8i9TR\x96y\xc4\xfa\x06\xe1\xe7\
z\xac/\xa3*w\x067\xe4\x1e@F\xc7q\xad\x8e\
D\xcek\x0dc\x9d\xfc\xb7\x8a\xba0\xb9R3IJ\
\xbf\xe9\xcc\xfa\xcd\x0c\xdf|<\x81\x0c\x0b\xae\xa3\xbd\x1d\
\x98\x9b\xae\x0da\xe7\xe5\x0ea$\xf1B_\xd6\xe0\x95\
{9\xf6\x9bm\xe6\xf9\xbd\xfa\x9d\xd3\x94Y\xf7\xbf}\
\xe6\xc1\xcb\x16\xc3\xf9\xd1\x9c\xb4\xc4d\xef\xa2c\xd3\xf0\
\xcc\x18\xf5#\xbb\xc4\xf9H\x1d\xce\xae\xb4o\xfd\xfb\xff\
\xb2=\xff\xd7^\xde\xde\xfc\xa6\xbbOOx\xe2c\x1e\
\xb2L\xc0C\xb6c\xbd|\xe3?\xf8\xe1\xd3w\xfd\x83\
\x7f\xddn\x5c\xbf\xde\x0e\x17\x07V\xb9\x13\x92C\x9c}\
W\x17\x1b\xa1_\x9b`\xdc\x97/\xe9Y\xbf\xb1\xe7\x84\
KM\x00>\x0f@\x90\x9cM\x92\xf4\x88h\xd6\x9fQ\
\xb59J\xa2\xb5\xfa3\x12\x8e\x1c\xd6R\x1d\xf0b\x1c\
\xaf X9\xfcG7\xdeD\xf1\x11\xea\x15\x9a\xc7i\
q}\x82\x97\xb9\x1a|\xcdik\x18\x9fWJ\x0e\xf0\
\x8f\xd1\x1b\xb9\x85Q\x9d\x18\xe1\xd9\xa3\x19=\xf1\xa71\
9\xa7\xb45\x06`\xed\xd0\x95\xdcW\xd4?\xd7\x00\x9c\
\x16\xd7^\xc5 X9&\x04-*t\xcc\xa9\x86\x9f\
\xe5h\x05/\xb7,\xf5\x9f\xfe\x95\x1f\x16\xdd\x80\xfe\x04\
_\x88\xe4\xa7\x86\xfbX\x1f\xd5\x1aF\xdf\x15\x06T\x87\
\xe5\xcd@\x12\xa0\xd4+}~W\xe4\x17Z\xcb\x88\x97\
\xdb\x87I\x05\x89j\xb6\xc1dv\xcf4\x02h\x03C\
.\x8c>\x0c\xafI\x7fk!\xa0*\xd10\xa4\x0c\x9a\
#\xd8\x0a\xeb\x1e\xe0J\xa1\x8c\xe6Wcl\x96\x997\
f\x84;k\x00f\xfd\xf1\xf88\xc2\xc2\x13\xffQb\
\xf7\xe3\xce\xef\xcc\x98\xb2x\xdd\x9c\xf8\xec\xbeBf\xa8\
{\x0f\x06(\xe0\xcd\x95\x05D\xf0c\x082\xe3\x19\xc5\
O\xf2\x90:\x9d\xd1\xb1\xcd7\xda\xa9}\xf0{?\xa3\
\xfd\xe3\xef\xfa\xab\xed\x99\xcf|\xcaC\x92\xd6.\x85e\
\xbeM\xcb\x97|\xc3\xf7\x9e\xbe\xf3;\xfeU\xbb~\xff\
uR\xfbw`s\xf2]\x06~W1\x1d\x09)\xc9\
\x87E\x03z7\x13\x13\x9a\x1c\x9f8\xc7;A\xd1\xc2\
\x16\xfb\x5c\xda\xdcq\x13\xd8VQuxu\xdf\x1fu\
\xea\xa4\x81%)n\xcb5\xb93\xdc\x87\xc4\x0f\xc6d\
\xd6\x1e\xc1O\x1c\xfd8/\xben\x0b\xbd\xef\xdf\xd5\xef\
\xa2>\xf6\xce;,)\xd5\xb6?\xbc\xeb\xebX*\x84\
x\xc5\x16\xa8HxE\x1a\xe1\x1e\xccds+\x9d\xd0\
\x8f\x8c\xd2\x9aD\x85\x9a'-t\xb3\xc7\xcaV\xf6m\
\xad1\xa4\xa2\xb0\x1d\xde\xad\xe6\xa2*^\xf2d\xbc\x9f\
\x98\xbel\xb6 \xe5\xef\xd2\xf8y&\xa2\xb4\xcd\xe3\xd6\
:X\xb4O\xa3\x88\xfd^f\x5cd\x1e\x9cV\x86\x89\
\xbfi\x9f\xe6c\xf7D\xc4\x1e\xeec\xdaF\xfc\x13\xca\
\xa3i6\xe7\xb3Y\xf1\x1a\xaa\xad\xf7 X@\xaa\x8c\
\xf8e~HS\xde\xdf[\x0bX\xdd\x99\xd4\xadR\xbc\
\xa8\xee\x96\xfd\x03\xea\xfe,1\xa1\x5c:s\x8d\x9eD\
u\xfcj\xffS\xc26\xf8\x15\x85\xf7e\x9d\x10,\x0b\
\xbf%\xcf<G\xcd_\x1c\xdbl\x1eO\xb4\xbf\xedC\
L\xa8\xfce\x864\x11\x0a\xe2v\xbb)\xa9\xb3\x13\xe2\
c\xb3\xbbA\xdf\xaf\xb4\xb3\xf6\x8b/|U\xfb\xe4\xcf\
\xf8\x0b\xedg\x7f\xfe\x85\xeb\xc8\xf0mP\x1e\x92\x5c\xc9\
\xe7\xfc\x85\xbf\x7f\xfa\xf1\xff\xf6\xf3\xed\xe2\xa2\x1f\xcfx\
Aj^\x10~^\xc4=!C\x9f\x08\x17\x92\x91\xa5\
\xff\xd9\x22.\x91\xf2(my\xd5%\x11L\xe5\xa2\xa1\
\x05\xe8\x1f8\xf4y\xf5\xd8\xe8\xa6\xe6\xd5\xfe$4'\
\xf5\xf3L\xfd\xeb\xfbR=_\x11\xe0\xaa\xf0F\xb2~\
\xf9\xbc\xd9X\x02N\x86\xa8U\xcb\x02\x03\xb6\x9bWv\
;\x8c\xa9\xb2\xdf\xa6\xf02\x8f\x8cV\x8a\xa6P\x81 \
\x9a\xa4^dzd\xc73\x97\x81mR\xf9\x0c\xbe\xd0\
\x14lEV2\x9a\x81IXB051\x1ba4\
+\xde\xe3\xc0$\xcd\x1c\xff\xbf\x1f\x08voe\xaf\xa6\
 vF\xad2\xaeG\x9b,\xfb\xd5T\xfdf\xd55\
\xda\xcb}<\x95\x9a\x92\xa9\x06,1)z2\x1e\xad\
\xd7zO\x86\xf1\xea\xde\x82\x5c\x0b-N\x94k\xd3[\
\x5c79\xc9Uy\x16\xa4\x16gJ[J\xb1\xab\xef\
\xfaV\xf1\xc5\x01\xa2O\x0dK\x9e\xdb\xccBC\xfd\x8b\
Ld\x11\x02\xadw\x22\x0c\xbd#\xa8\xef\x1fG\x18$\
\xe2\x96\xfbFc\x80_\xc3\x1a\x03\x115~q\x0c\x95\
#f\xc4Sv7\xae)\xdf\xce`\x93\x17\x19\x0c\x12\
\xfe8\x8cq\xbf\x9c(\x8d;\xfd\x0aY'iU\xa5\
\xd3/\xc9!\x16\xdf\xa5rh^p\x15\xa9\xe7Y\x9f\
\xc5\xe7\xcb<\xf11W\xdbw\xfe\xed\xafl\x9f\xf8q\
\xbf\xf5!Es\x1fR\x9d\xe9\xe5\xf7\xfd\xc9o9\xfd\
\xc2/\xbf\xb4\xb5\x1b\xf7\xb5\x8b\xc3Q\xedY\x06\xdf\xbe\
\x02\xf9\xafn\xca\xb0\x18\xbd\x5c\xdbV\xb9u\x10#\x1f\
\x9aS!\xbc\xa8\x0b7\xcf\x7f~s\xeeU\x1c\xdaJ\
*B\xd4\xbdD,f\x8c\x89=W\xf79\xf5\xc0$\
:\x1d*$|\x96Oh\x99\xa7$1\xbe\x1f\xfeZ\
\x94\x8es\x22#6\x8b0\xb3p>${\xe9\xcf\xf9\
\xccaY\xdd\x9dG\x81'\x81\xb4\xb2\xdb\x04\x14\x06v\
\xac'\x87\xac\xb149g\xac\xb23\xc7\x03\xc5\x00\xc4\
\xbe\x9d\x1epe\x9c\xa9\xcc\x85!\xf3\xeb^2)\xf2\
\x83\x9e\xe1\x8bf\x0e\x16z\x9d\x1aS;\x1c3\xd5\xa1\
\xde<\x8c%\x06\x00\xf7*&rV\xaa\x83\x96\xd6\xd2\
\x18\xc7\xfa<\x03p*\xae\x17{\x12{zR\x90R\
\xd7y\x9eh_\xd7\x18@Od\x99`r\xe8,\xf2\
\xf5\xcf\x0ew\x9a\x8fo\xb6\xf7\xcd\xc4\xc5\xfd\x9a\xaf!\
/\xed\x97\x0c\x80\xac\x09\x9f\xb4\xa8\xc2=Q\xaa^\x1b\
\x87e\xef\xabz$\xbdI!\x84cB\xabj\xad\xa9\
\x03jZ\xc3L\x0f``p8i\xb2^{\x09\x0c\
@\xd2Ne\xdf\x96\x5c*\xc1\xcc\xfb\x07\x91o\x001\
\x01g\xed\xd1\xd7\x8e\xedo\x7f\xc3\x17\xb7\xcf\xf8\x83\xbf\
\xf3!Cw\x1f2&\x80\x17\xbe\xf2\xcd\xa7\x8f\xfb#\
\x7f\xf5\xf4K\xbf\xf4\x92v\xbaq\xbd]\xf4(?\x99\
F\x86+\xd4\xfd\x9dH\xc8_\x16\xfbm\xe2\xf4\xdfu\
\xf8\xaaz\x11\xceJH\xdcA'\x08\x89\xd4/N\x87\
d\xef\x17\x89\x84\x89\x9b\x8f\xfb\xcf\x08\x87\x0b/\x9a\x1c\
\xef\xdd.\xa9>\x1c\xd5\x81\xa3jx\xccw\xb0\xa46\
\x16:i\xde\xd3]#\x11\x18\xa1(\xf1O\xe1\xa6\xe5\
8\x19\x97\xa9\xef\x86\xf7\x8bq\xca\xdd\xc1\x89\xc8\xb7Y\
\xaa\xd3\xa9\xbe\x93e}\x13\xa6f\xa6\xc6\x04\x93a\xa7\
>F\xe7\xa3\xcb\xa8\x5c\x97\x8a\xc2r\x10\xa8r\xfdq\
\xbd\xd6\xcc\xa7/\xac}\xb2\xd7\xbb\x93\x1e\xa4\xe6\xe5\xed\
\xacf4a\x00\xadnO\x0cR\xfb4\xbfq\xcd-\
j7\x9c\x86m\xfa\xcc\xe4\x1a\x18\x87\xd8~\xec\x91i\
k\xfc\xbbP9m\x9b\xbb\x9d\xab'\x9b\x0b\xad\x1d\x5c\
\x89\xf3\x03\xb3\x08\x7f\xdc\xbaRb!\x1a\xc2\x0e7!\
\xfe\x0fT\xe9u\x1d\x8b\xf52kbY+h\x02\x90\
^\x13|\x92\xf1\x8c\xafon\xda\xa1]\x95[\x19a\
\xac\xe6A\x8f\x1f\x19\xb7\xe7g\xe9y\x8a\xf6\xe8\xa1\x9d\
\xded\xc4u{\x9c\xe5\xc7\x05\xa3\x8b\xb5\xb5\xbc\xb7w\
\xfaOQ\xe8\x5c\x06g\xd6\xcc>A\xae\xcf\xb1~6\
\x81`\x9d\xb4\xfd\xa1\xdd}\xa3\xb5?\xf7\x95\x7f\xbb\xfd\
\xd3\x7f\xfeC\xa7\xc3Ea\xbfxG\x8d\x02\xf8\xe5\x97\
\xfc\xc6\xe9\x8f}\xd1\xb7\xb6W\xfd\xfak\xdb\xe1\xe2\xa2\
\x1d\x0f\xdd\x85\xc2\x1d\xf5\xa4\xd9\xfc\x84\xa7S{\xbfC\
\xdc\xc2\x0d\x9a\x14[Kg\xa3\xb4\x9a\x11\xeeabK\
\xda\x85\x13\xf1\xd4\xdf \x11\x0e\xabn7\xc4\xba{'\
\xb3\xbc\x91V\xd5\x8b\x13\xb5\xbc\xdd\xaf\xc7VI\x0d\xe2\
\xc4/\xbd\x92\xfc\x04E?\x96\xec\x9d#\xe3c\x1a\x81\
\xec\x90\xe8\xd5\xecP\x95\x8e\xf5\xca\x0b\xe2\xd8E\x08\x02\
\xd9\xc7H\xb0E\x8c\x82\x85\x19*\x03$\xcc\x1b\x08!\
\x0cF\xaa\x1cJ0\xcb\x88\x9e\xfb\x871\x5c\x9e\x01\x98\
\xab\xa7\xc5\x19\xcb\xb5\x0b\x07\x22s\xae\x93qA\xe2H\
D\x98\x85\xf2\x11\x81\xf95i\xd2?\xc3?\x17>t\
\xc6N\xfa\x1b\x13\xe1d\xed\xc81:\xfe\xa1\xe7\x1b\x12\
*\x91\x93Yq M\xf5\xbdB\xf8\xa9\xd6R\xc2\xce\
m\xce\xcb\xd8o\x10ju\xder\xe9w\xfd\xda\x80\x9a\
\x9e\xa2\xbc\x07)/\xc6\xde\xf34\x98\xe4\xc9D(\xad\
\x0b\xe5\x8fj\x86\xbe\x96\xb4kF\x8bd\xeapk\x1d\
w )\x103'\x0e\xbc\xd9\x5cZl\x81Q\x13P\
\xf5\x11\xe3\xa8\x85\x12?\xe6\xa5b\xc2\x9e\xe0#h\x01\
\xd8\xf8?\xd4\xa5\xad'!ahO\xea\xc0\xf3\xe3Z\
\xde\xe9\x1f\xcfh\xf8u\x13\xc0\xe3\x90\xcb\xd8\x9e\xc71\
|6H\xbfz\xd6\x13\xad\x1dO\xedK\xfe\xd2\xb7\xb5\
\x8b\xeb\xf7\xb7\xc3\xe1t:\xdb\xa2\x0ez{f\x00~\
\xfe\xd7\xee8\xfd\xc9/\xfa\x96\xf6\xba\xd7\xbc\x85\x88\x7f\
;t\x02\x0cwu\xf1\xf3\x10\x95\x0a\xa9{\x824\xc7\
\xd7Q\xb0\x89\x19\xf1V\xf1\xa2\xd0(\xf8\xc5\xc2\xea\xea\
\x5c\xfc3x\x0e\xbd\x00G\x18\xe2\xa2\x07F\xa2\x8a\x85\
\xaf\x18\x8fYjJ\xbbg\xc4!z\xcc\xd2\xdf=r\
\x12\xb0\xdaq\x97\x08&\xd5\x82\xb6\x84\xd2t\x0f\x0a\xae\
o\x5c\xc0>\x84\xcf\xf75\x8e\x05D\xccN-\xf4\xd2\
$?\x1a\x0f\x02\x0a\x9bd\xd1Oa\xdf\x8e\xee\x14\xb4\
\xa3&o\xc2o\xf3\xf1\xe8\x7f)\xe9\x89S\x85S\xfa\
S\x10\xbdD\xfcu\x8c\xd2\x17\xc4t\xf3\x1et\xc4\xd4\
t\x22m\xb9\xcc%\x0b\x06\x81\xa8\xcau~\x18f\xd2\
\x0b}\x10\xc4\xa2\x82\x0e\x8f\x0b\xc4J\xd6\xa34\x0d\xc9\
E\xe7\xc7\xd3K\xa7\x0d BF0\xdc\xa5\x18m\x10\
H\xe7\x93\x02\x95k\xb7\x8dJ(!\xabUq\xce\x81\
;\x1d\xa2\x00O\x95\xf4'@lA\x1a\x1b\xd5\xa8\xc2\
\xd6\x07<\x9d\x9d\xce\xc6{\xee\x82\xacC\xc0\x12\x99\xe7\
\xb47\x1a\x8aK\x08\xbab\xca\xbb]\x5c7\x15\x92K\
e\xafo\xa3\xa1{;\xc8 j\xc6z\xcc}\x1a\xeb\
\xec\xbb\xe1\xb0\x81\xecHh_\x96\xfa'\x92mb*\
\xba\xcf\x03\xf5_\xdd<x\xef\x84\xfd+\x04|&\xe9\
\xf3u\xc3\xbf\x14\x19@\x002\x89\xde\xde\xc99Nf\
\xf8\xc4\x18NhP\x8078e\xb1_\x9b\x12\xab \
\xcb\xd7\xf6\x979\xf1\x91yX\x19\x09\xe7\x0b\xa3'\x99\
\x8a\x19r\x07>\x10\xc73Kj\xeaE\xe6\xa5\xd3\x0b\
\x0d\x85\x9a\xec}\xde\xa3\x84\xab\xdc9\x15X\xc8\x87\xe3\
\xae}\xd9\xd7}G\xbb\xff\xfeC\xeb\x9a\x80\xb3\xf3\xe2\
\xac\xecw\x04\x06\xe0\x17\x7f\xedu\xa7?\xfd%\xdf\xda\
\xeex\xed\xdd\xaduO\x7f\x8a\xf1\xef\x93#s*L\
\x80qg\x90\xc2\xb1q\xebMT\x17 \x02s\x7f:\
\x92\xa1o\x0da\x99\x84D\x1b\xdf!\x0f\xeeY$\xd2\
\x90\xae.\xa7J6\x04o\xa5V\xe7\x0e\xfd\x84\x8dJ\
\xae\x13\x7f\xef\xce\x0b\xe7d\xc5\x90<\xc7\xba\xaa\x8d>\
3G\xc4\xf7\x0c\x05\xc6\x02\xa6\xe0\xcc\xf9&\x8cGp\
\x8e}a\xa9\xdf\xabUQ\x7f@\x90a-Hv\xb2\
bL\x5c_\x1c_&>{\x1f\xd3.\xb5\xd7\xaa\xcc\
\xf5\x92\xa5\x0f#\xc8\xfe\xfa\x9c\xa1\xa8\xa4\xeb\x99\x04H\
\xe6*\xf5vL\xcfy\xe7?/\x9d\xe1\x98eG@\
K5\xaf\x8aH\xcc0\xf8z -{\xa9\xb1\x94\x96\
6\xc4\xaeW\xa5zG\xb5\x1cj\x8bE\xa6\xcbK\xd7\
\xbe\xf9\xc9a\xfd\xf3E\xedcfxi\xbf\xe9+\xdb\
\xe6z\xd6V\xdd]\xcf8V{q}<\x03\xd1]\
x\xc7?[\xad\x93\x81a\xa1oc\xde\x13+\xd1\x0f\
 \xef\xef\xdc\xa7\x1a\xffT!\xd9\xc9!o\x18X\xb1\
\x9f4\x12\xc2\xf6h\x96\xf2\xfd\xfb\xfeP\xb5\xb5\xd0\xc0\
\xfc\x08\xda\xf3\xfa\x00\xca\x03\xb1k\xed\xa2\x9d\xb7\xaf\xfa\
\xc6\xefd\x8d\xcc\xe1x\xda\x9d\xbdm\x98\x80\xb7\x19\x03\
\xf0\xfc\x97\xbe\xe1\xf4\xa7\xbe\xe8[\xdb\xeb^{gk\
7.\xda\x81\xd2\xeaB2\x91\x89I68\xe5\x04\x8b\
CK\xb2\x8aQQ\x1f6#\x16\xb1=$\x97q\xcc\
\xe8H\xd0\x22B\xc7\xbd\xb4\x08A6\x0ag\x91\x99\x1a\
/\x96\x0aa\xd7*\xb4\x8a@\xa8jY\x98\x22\x95\x90\
E\xcf\xcfc\xcb\xaaE\xfe\xed3\xe1\xf9\xfa\xd6\xfal\
\xccN\xb4\xa3{\xf3G@\x90\x92y\x8f\xdf\xab\x11i\
V\x07\xe3D\xc0\xe0\xa1-\x8eT\xb8\xcf\xaa\xcd,9\
\x9at\x22S\xcc\xbf\x9d\x03b@\x11\xd2\x8e\xcd\xaf\xef\
\xbb\x17\xa9\x97\xcb\x1ca\xce`Y1\x19\x99\x09\xb3\xcc\
~\x0er\xa1\x9fKs\x15\xd6\xcb\x8a\x19iRC\x9a\
\xa7\x8aY\xb2\xb6\xb2\xc4\x99\xfb0\xeb+k\xd5,\xc1\
\xd7,Sd\xd5\xee\xb6\x02\xb5\xc4r\xe6\xc8\xaa\xcc\xc8\
\x89j\x02&\x07U\xdd\x0c\x03\xa4\xabBr\x9dP;\
\x98{\xbf7\x07g\xdd\xf5\xb6\xf2\xfbKs\xe7\xff\xfa\
g\xaa\x82\xfd\x93\xdb\x19\xdb\x0e#\x5cp\x0c\xdcO\x9e\
\x93\xec\xa3\x82\x1b\x11\x8a\x0a\xd8\xeb\x01J\x83\xf3\xe2\x08\
\x87\x0a6\xb9\x90\x80C\x8a\xe4\x0c\xa73\xd2\xba\xda\x18\
M\xd0\xc1ar\x86>\x9c\x89B+f\x13\xd9\xd9\xae\
\x9b\xb9\xcf\xdaW\x7f\xd3?lW\xaf]\xebf\xef\xd3\
\xfe\xcc\xeb,\xdf\xce\x19\x80\xcf\xff\xf2\xff\xab\xddq\xc7\
\x9b\xdb\x81<\xfd\x0f|\x10IW\x99j\x92\x1f\x87\x84\
\x07\x040\xaa\xb7\xe6R\x88\xd8\xed\x81\x03D\x03 \xe8\
5\xbc\x93\xeb\xcbD\xcc\x13>\xbd\xee\x98\x11\xbfy\xe6\
\xd2\x1c\x18\x1a<k\xcc\xc5\x8c`lb$\xe4U\xca\
\xee\xd5\xe1\xa8\xaa[~?\x9b\x9a\x88\x18v\xa2\x8cT\
\xca\xe8\x8b\xbc7oO\xe0\xa90:\xf8\xe0\xb4\xa4>\
\xb7\xf1\xe4\x8d\xa9\xf3\xe3\x90r\x80}&7\x13\xe2u\
(2\xa1i\xbae1\xca\xf2}a\x84<[\xd9\x19\
\x08\xe2\xde\xa3\xe6\x05R\xb2\x06!]\x12\x99\x13l\x85\
\xde\x9c!\xbd\xcaD\xa5:c\x80\x0c\xda\x0e\x0e\xf4\xa8\
HCC\x8a\xd9\xed}\x9b!\xf9\xdc\xaf\xbe\x96\x0eI\
\xab\xa2H\xd7i9*\xe2\xafj\xe7\xc1W\xa5\x90\xee\
\x849t\xbbP\xc7\x19\xb6\x8d\x1b\xffv&\xa0\xc3?\
\x06=\xde\xb4\x86B\x08\x7fU\xaa\xf59\xbc?\x19\xff\
\xd8\x17\x83\xa5\xe56\x90\x8c\xf3\xa5va\x89\xd1\x9c\x8d\
d\xec\xdbl\x1c\xcb\xdaA\x9c\xbc\xb0\x5c8'J\xf5\
\x9c\x09xk\x9a\xb7\x80;\x06f\x19B\x82\xec\xa3\x8a\
q*\xea:\x95<\xa1i\x86+\xc6\xc8W\x05\x1aC\
\xed\xe0\x14Kg\xbe\xf1\x02\xa4\xb0\xed\xed &\x0a\xf6\
uj\xed+\xfe\xea\xdfo\x8f\xbav\xb5\xbd-\xca\xdb\
D\xed\xf0\xf1\x9f\xf5\x0d\xa7\x97\xbe\xec\xb5\xed\x02\x0e\x7f\
!yLD$\xe6\xad\xed\x17\xc0\x98C]\x0b\xcdG\
_\x1ef\x7f\xd2l}\xcaS\x8cH\xbdRo\xa1\xf0\
5\xa9O\xd4\x91\xe6\x04h\xc8\xa8\x1fLb\x1b\xd6\xda\
\xe7p8\xb4\x83<\xff3\xd5\x12;\xea\xe4\x857C\
ZD\x08\x90\xd5*\xa8r\x85\x00J\xe6/\x96$\xec\
\xa8Pm\xcdm\x1a,P=\xeb}\xa5p{^5\
\x99\xdf\xe9'&\xca\xe6\x18\xaaC\x0ag\x9e\x9a\x90\xf4\
-\xa5G\xa5\xb5 \x87\x04u\x82\xdd\xd7H||L\
\xf5\x19\xc2\x9e\xc4X\xc8\x04\xcb!\xd0~\x8d4o+\
\x07~,\x12\x8b\xf1\xc4\x02C8\xd5\xb9\x0enL7\
C\xc0\x1db\xe3\xbf\xe6\xd4\xa5\xc1\x00\xf8\xedQ\xbd\x86\
\x07V\x04\xc4\x8a\xc1\x11\x08/i\xb5\xa8\x8a\xc8\xf4\xc6\
G\x221\xca\x0cA\x1e\xb7\x8eG\x0e\x1c\x92\x9dT\x8f\
\xdd\x1d,d\x17\xb7\x9ak\xf89\xf2\x93\xd9o\x11\x1c\
\xea=\x97\x83\xda\xaa \xb7E\xdc\xe2\xc0C\xef\x02\xdf\
\x091*\xc7\xed\x18W\xf8\x00\xe4r3\xeb\xe9f\x18\
\xdb\xd8\x8e\xd9\xeau\x10\xce\xec\xe7\xdeT\xa1n9C\
\xe0\xa8\x01\x00\xcc\xbc\x96\xc5\xe2\xec\xed9m\xc9\xa5'\
G\x98\xb6\xd63\x1d\xd8\xc91\x97x\x9e\xaf\xf7\xf4\xd4\
\x96j\x1d\x5c\xc1\xday\xe0\x16\x8aK\xee\x97y=\x04\
\xb3\x03'N:;;\xb4\xef\xfc\xd6\xafl\xbf\xff\xf7\
~\xf4\xee\xed:\x0c\xf0\xf7\xff\xe9o9\xbd\xf8\xa5\xaf\
\xa3\xec~\xc7n\xf3\x07.\x96\xb0\x90\x19\xa76\xbb\x9e\
\xbf\xd3FY\x13\x96\x8b\x0d:C\xd2\xc3\xf3*QB\
\xbfd>\x02L\xfc\x91\x01\xcb\xc6\x135\x02\xfd\xf7\x5c\
\x8a`n\x12\xf5\x9a\xb7{I\xfc\x9d=k\xe4\xd2\xb1\
\xc0\xbc\x93\xe2\x88\xf0\xbc\xb4\x81\xfff\xd2\xaa\x7f7s\
\xc2\xd53\xf4\x97\x12\x0e\x89g8\xa8\xbdk\x99\x03\x80\
\xf8`\x1a/\xed\x0cp\x91\x88\x00F\x06c:S\x9f\
\xf5\xcf\xaf\x07K\xc8\x92\xc7\x0c\xe2\xbf\x5c\xbc$\xbb4\
N\xd4;\x22\xc8z\x9d\xd6\xcc\xab[o\x1a\x9e\xca\xda\
+\xd6Hv\xe9\x82?\xac2\xef\x8c\xad\xf5\x83?\x93\
\x81\xc8{\xae\x03\xdaG\xa9\xc1\x85-\xd9\xcc\x0c\xfd\xce\
\xd5\xba\xb5\xe6\xd7X\xee\xcb\xaa$\xe6\xd8\x92*\x14\xb4\
\x86\xff%\x09\xd8\x06byY\xa2\xb8t\x98O\xf5\x9d\
\x17\x22$D\x09IM\x9e\xe7\xab\xa5J\xd0s\x09\xe2\
?\xd7N\xa6\xfb\x05(\xe2\xb3\xe6Pm\xdaFr\xc1\
u\xbb\x1b\x9a\x9c\x1a\xef\xad\xf5\x1b\xf5\xfag!u\xcb\
\xd5\xf0\x01]\xe6\xbf\x16\x86x\xd9y=\xb9\xb3).\
\xf5&{%2\x1e\xe7\xac$\xd6\xff\xeayJ<t\
j7NW\xda\x9f\xfd\xf2\xbf\xd1\xfe\xf3\x8f\xfd\xfc\xe5\
US\x0f\x17\x06\xe0\x8f\x7f\xc9w\x9c~\xf9\x97^F\
\x0e\x7f\x17\x87\xce\x000*?\xe2$\xbftTi\x85\
\x0422\x1e\xb5\x03\xbaZR\xeb5Q[R\x87\xe6\
:\x97T\xfcR[\xfa\x1e\x99\x89\x11A\xd6}\xb1\xfb\
\x15\x01B\xaaV\xdeh\xca\x048\x0f\xf9\xb0\xf8\xbb\x04\
\x9e{\x99\xea\x8c\x0cT7\x0d\x8cL\xd0\x08\x97\x18\x8f\
>H\xecI\x0d\xec\xde.\xe0\x96\xea\xf7\x8c\xca\x00\x1f\
\xd9`\xbdnx\xef\x8aO\x00\x99\x04\xe4\xd3\x99\x0aR\
N:\x9f\x00K\x13x9\xdb\xa9\xff\xbe\xc4\x88\xb2\x94\
\x13\xef\x07\xf9D\x888\x88\xba\xa62U\x02o)q\
\xf1}\xad \x22\xc5\xf6Fl\xaf~'\xaf\xfb\x22\x14\
\xd0\x8doI;\xd6\xf1]\xe7\xa3\xbaf\x86\xe2th\
^\xd8\xae\x9f3\xde\x95\xef\xf7\x7f`\xae\xc250?\
Et\xcd\x98\xff`[\xa1\xbe\x80yOku\xc6\x10\
T\xfbd\x89`m\x926\xf30\xfc\x8b`X\xbd\xbc\
\xb1\x92\x0a:\x10`\xba\xb0\xc2M\xf4=S8\x12\xfa\
\x11\x18\xbe\xab\xdb*\xc7!\xde\xfb\xe9\x8d\xb4\xdf\xeb\xa8\
\x80X @Y\x9aw>\xed\xb0k\xf5\xaa\xf7\x84\xf0\
\xc3\xcd\x0b\xcd\xc9\xdf\xa5\xb5{3eS=\xc2\xb1\xd3\
\xfa\x91\xf9d\xed\xa3\xe1~\xac%\xd6T\x1e\xdb\xd9\xe9\
\xa2]\xbf~j\x9f\xff\x05\x7f\xad\xfd\xea\xaf\xbd\xea\xf4\
v\xc7\x00|\xc57\xff?\xa7\x1f\xf9o\xbf\xd0n\x5c\
\x1c\xdb\x8d\xc3\x0d\x1d8\xa4\x1d\xb5\xf5\xcb\xc7\xef\x83\x19\
\x91\x9eM\xc6l\xc3\xfa\xdfk\x1b\x0b\x059\xa1\x99I\
qg\x0e\xd0\xba\xe3s\x04\xdc\xd3\xf9\xed\xa1O\xabM\
\x8a7\xbcq\xcf\xad\xec\xef@h\x84^@\x92G\xeb\
\xdd\x17\x80\xec\xb8{>'<4\x95\xe0\x8a0K\xef\
\x19\xbfU\xf2\xaa\xfaV!Z\xdd\x98*sr{]\
\x15J\x89|\xba\xc6\x80\xb4\x06;\xca\xc6\x16\xe4\xeb\x94\
\xe3\x9b\x22\x1c\xe4\xb7f\x17,\x10<\x98\x04\x83\xca|\
\x1cke\x5c3F<Mrv\xcf9\xf0\x11\xbb;\
\xc0\xb6K\x00,\x9d\xf7\xe3\x95!\xcb\xe8\xab>\xb9\xcf\
B\xa2\x9f\xd5\xb5L\xe1M\xc5\x914\xac\xeb\x1c\x193\
\xc9qn\xcf\x14\xcc\xf3n\x86\xfc\xa0\xa9p\x9a\x9f\xce\
\x88\x16]\xa4\xecxe\x0fDe/\x8c\x1c\xc5\xae)\
\x81\xb9\xbc\xe4\xef\x1d\xc4.SF\xa6|\xa2\x15s\x8c\
\x95\x7fnd0\xc6\xf7\x89\xcc\x85\xcb1\xe9\x8c_3\
y\x7f\x08;\xa9\xbf\xad\xaf\xf5^\xe4\xf7\xf3\xd9\x1bx\
\xdeW0avN\xb5O\x87\x8f\x96\xb2q\xday\x00\
\xf1\xaf\xff\xd4e\x89\xd9\xaa\xae\xaf1g[\xcbI\xce\
\xfa\x18\xf8\xa8\x15\xad\xa8\xbe\xaf\xda\x09\xe0T\xb9\xee\x18\
\x98\xa0\xa1\xecP\xe8\xa1\xd7\x12\xc3\xfd\xc6\xfb\xeeo\x9f\
\xfb\xf9\x7f\xa9\xbd\xe1\xf5w\x9e\xden\x18\x80\xbf\xf5\xdd\
\xff\xf9\xf4\xbd\xff\xeaG\xda\x89l\xfe\xfd\x8c\xa4n[\
q\xb6\xdc\x85\x09\x8d\x9fH\x14\xabw\xec{GxX\
\xfc\xdd\x9di[\x19$\xbc\xee\x0aE\x07=\xf063\
\xd5\xacX\xff\xc5\x1e\x85O,\x96\x04\xc8\xb8\xbe9C\
\xc3\x04rysP\xe6>\xf7\x1aq\x91\xd2l\x1f%\
\x8f\xb5\xdb\xe5,2\xbe\x0c\x99$)-\x1e\xbc\xb3\xf3\
\xf5\xeb\x0e\x88\x9b\x1aR\xb8\xc1\x09\x5cz\xd9[\xf75\
\xaa\x0e\x81\xf0\xbbS\x13\xe2s)\x17y\x92\x86\xf2\x02\
e\x18\xf6\xf1\xb1\x03_\xbf\xdf\x1d\x1c\xfb\xa7\xdf\xebJ\
7M\x1eDNT\xc6dZ\x9eshP\xf8\xfbz\
\x89b\x99\x11\xcd\x98\xe4\x09Y\x22\xed\x19\xb19\xd3\x07\
s\x0bi@\x88~\x9f+!\xce|\xb8UR\x8b'\
DDs\x1b\x08\xb9eP\xa3g}\xaf\xcb\x14\xd1f\
>\xc1\xfb\x90\xa0jt\xe0\xd6M\xbf\xef\xf3\x0b\xe8\xe9\
}\xa06\x92+@\x9fq\xcc@\x97\xf2U9g\xeb\
\x87\xb3{\xf4'yvh\xaf9\x1b*\xccR\x0a\x88\
,\xf9\xd3\xb3\xf3\xdd\xcd\xf0w\x8c\xa2\xa4\x08Q\xc2\xec\
\xcct^e<[\x19S\x95?\xf5\xbd6qd-\
\x91\xef\x1b\xe0\x8f=LL:\x18I\x81\x03By\xf9\
\xfd\xb8\x0e\xf3\x07\x0c\x02\x9f\x08\x18}/\xf8\xd0\xa3\x13\
k\x05\xfb\x94\xf4\xfb\x10f\xd8\x90\xe6z.l\x99\xa7\
\x86\xe43\x13\x99\x0a\xd3\xd6\xb0c[d\xf2\x1c\xf9s\
y|\x8ciH\x9a\x88\x10\xfd\xd1S\xc1\x1eDs#\
\xda>\xd1\x04\xcc\xcd\x8fp\xf6\xb6\x15n{\xb5\x9a\xb1\
\xbd4\xc6\xb4\x85`(\xe3h\x01\x05&\xad\x89\x1e\x95\
\x0d8\xc9\xda\xa7\xf0\x5c\xf6\x1b\xb0$Z0\x19\xb3\xff\
J\xc543\x0ed_\x83.\xae\xbd\xf0\xd7_\xdb\xbe\
\xe0\x8b\xbe\xb9\xdd{\xcf\xfd\xa7\x87=\x03\xf0/~\xe0\
\x17O\x7f\xf7;\xfeMk\xd7o\x90\xe4\xef9\xe4<\
\xbaJ\x9do\x1bh\x5c\xecU\xc9\xd71\x01-\x1d\xc0\
3{\xbf\xe2\xf0t\x12K{\xd2)\xd8\xedG\xe2\xce\
\x1b<J\xaf\xb5\xbaq\xc9\x1c\x81\xc2\x96\xdf#mb\
\x1f\x22\x84\xcd\xdf7\xce\x91S\xe1\x0c\x1e\xec\xa1]9\
\x0c(\x8c\xab\x80\x03K\x19q\xac#j\xf4y\x01\xe6\
\xc5\xe0nc\xed\xd2\x08\xd4\xbdC\x10\xccT\x0b\xae\xba\
\x83\x04K#\xf08\x1d\xaf:!\xf2V\x0b\xb8\xfc<\
\xe6\xc56\xe8\xd6\xa8Y\xa9\xd6C\x98\xb3|\xf8\x98\xaa\
zU\xc9\x1e\xa4\xb2\xfc>_X\x1f\xcf\xd0w\x91\xe4\
\x87\xb5.\x04\x1d\xa7\xa4a,\x81\x09H\x09\xabB\xb5\
k\xda\xa5\xc0\xe12\x9c\x951.\x9cw\x81x\xf3\xde\
\xb1\xfd\x14%\xd3\xdcb\xc0\x09\xe9\xf7\xcc\xe3\x7f\xad\xcc\
\xf6w}\x0f\x07\x8bq\xef:\xfb\xde\x87O,|1\
o\xe3\xfb^\x83\x13\xd9\xba\xea=f*\x99\xc98-\
\xce\xbf<\xad\x0e(\xc5q\xa9\xe1a\xf1W\x1a\x00\xec\
\xb4\x11App\x1a0\xd2\x1e\x88\x80\x95_W\xcdB\
d\xc2kM\xdc\x92D\x1e\xd7\x892\xed;\xf3S\xca\
&\x06?\xe4M\x9a#\xe0\x9a4q\x1e\xb7\xaf\x82\xf3\
tF\xa1y?\xf8\x13?\xdf\xfe\xca7>\xb7\x1dn\
<\xb8)\x83\x1f\xf40\xc0\xaf\xfb\xa6\xe7\xb6\xeb\xf7\xdf\
\xdf.z\x86\xbf\xd3YP\x8eD[1\xa4\x1f\x89\xf7\
$\x82\xdd\xaf`q.\xabx<\x81\x8d\xd7;'-\
\x88\xaaK!\xa4y\x98\xc3t\x0b\xa1\xa8\xce\x93\xf7c\
\x99\x11\xf9\x5c\xbf\x7f\xcf3\x17\x80\x01\x17\x7f@\x8d\x17\
\xfdGv\x12\x1b0\xb3@\x22\xdc\x0c\xcfrl\xbe8\
\xf2\x08\xb1\xd4\x13\xb4\x9c\xc6By]E\xae\xb1~g\
\xacQ$d}\x8e\xd9\xb8\xf0\x9cI\x80\x11+#\xc1\
\x0d\xa4_\xd4\xba/\xcf\x1b\xf7\xb0\xcc\xd2\x11\xd7\xee\xd9\
\x1a\xbe6\x12\xdbz\xae\xf0\xde\x08c\xbc7#p\xbe\
\xcep\xa8M\x8a9\xe2\xf9rY\xc9\xc8\xae\xb1}\xbf\
\xdb\xbc\xc6\xf8\xe7\xb0\xc6\x88\x94XATM\xd4n.\
\xed+\x86\x05\x1e\xc1\x9b3s\x1c#\xec\x8a\xe9Z>\
A.\xdf\xf3\xf3i\xb8`4+\xd5pY\xb8>\x10\
 aH\xe3\x80e\xac\xd1_bd\xfe\xad\xdeZ8\
\x88\xe3ciy\x1c\xbf\x17r\xfc^ZCE\x5c\xe7\
h\xa2QyU\xff\x11\x9c\xb4\x97$k\x181B8\
\xa7\x0d\xd4cE\xdbv\xd1\xa5\xe6\xae\xf8\x08\x07G\x99\
\xd1\x0d\xe3\x92(\xb0D\xf4\xfd\x09\x7f\x06j\xd1\x22\x16\
\x88N\xf1\xa6H\xf2j\x08\xd4l\x8b-B\x1dI\xd4\
&\xd2\xfa\xd8Y\xff\xb2\x1f\xbf\xe1\xc2\xc5\xd7\x9d\xb6\x81\
\xdf\xb9h\x87}g\x02N\xed\xbb\xfe\xf1\xbfk\x1f\xf0\
\x9c\xf7l\x0f[\x0d\xc0\xc7\xfc\xa1\xaf?\xddu\xe7=\
\xad\x9f{\xb0#\x87?\xceCo\x13U\x84\x05\x0d6\
{VaW\xaa5_\x16\x09\xaf\xd4\x93\x97\xfa\x9a4\
\x12\x90\x8d\xc3Oq\x93\x8fZ\x8b\xd8/s\xd6\xcb\x1f\
\xdfw\xfc\xcd\x880\xdf\x0b}\xf2D\xd2\xd7\xe7\x09\xaa\
\xfa\x9e\xc8\xe9q\x8e\xa3e\xa9\xbfs\xc1\xb07J\xf8\
$\x9cXD\x9d\xce\xd5\xcdN9\x8c\x5c\xb5\x12\xf6\xe0\
\x95\x8f\xef\xf1\x5c\x05\xea\x1b\xec\xbaz<qn\xc4\xc6\
\x1a\xcf\x1b\x87\xd3CF\xcc\x99\xfdY#p3\x82\x14\
[\x05\xcc\x90:zI\x135\xbf\xb6\x8c\x10\xc0\x88U\
\x9f\xaa\xfe0nJ\xa3\xba\xf2\x22\xbd\xc3\xe6\xa1\xae\xa6\
T/\xe7\x92hU\x9a\x9e\xaad\x9b\xee\xcdI\xcd\xda\
?\xdbQ\xb2n\xd8\xdc\x93\x09\xac\xf59f\xea\x1cK\
\x8cf`A\xdb4^^G\xc0\xfb):\xd9\xfa\x91\
q\xeah+\xb9\xbd5)q\x19\xdfpO\xd4\xc6\xbf\
\x13s@`\x10\xb2V\xd4\xafS\xd9O\x9a\x9b\xb4\xad\
\x10\xef\xc8\x88\xae\xf53\xb7ku\xc9V\xcc\xf8,I\
\xb8\xfed>?f8f\x86\x93\xfb\xc2\x1c\x83N\xc0\
\x04\x1c\x9f\x09\xf6\xf6\x92& #\xa7%#bf\xa8\
\xbfe\x87\xba\xe5\xddYjq\xfc\xb6\x82I\xeb4\x81\
[\x9a\x84m\x1aH\x9e=\xc2\x89\xbd\xb3\xfb\xd6\xbe\xfa\
\xeb\xfen\xfb\x85\x9f{\xf9\xe9a\xc7\x00\xfc\xc9\xaf\xf8\
\x87\xa7W\xfc\xfak)\xce\xbf\x9f\xaa\xc7\xeeM\x82\xa4\
\x5c.ro\x9f\xf6\x04\xc3oz\x94%\xa4\xcb\xf7\xa3\
\xb4cvg\x9c!\xc0\x87\x0a\xb1T\x14\x17v\xb5y\
}\x0e\x02V\xb9\xd6\x1bx\x94\x86P\xbfI\xab\xe3\xc6\
\x8d\xd2\x8e\x12O\xf5[\xb0\xf7\xc7>\xca!%\xdd\xb2\
q`\xa2\xee5\xa7\x99qg&\xc0\xcc\x04\xb9}U\
]\x09\xbe? \xc3Y\x803#\xe3Q[\xc1\xd7p\
\xdf\xc7\xbd[\x91\x0d-q\xdc~\xf3Z\xbas\x9c\xf1\
h\xefR\x9a\xdfn\xea\xe0\xd8\x04\x89\xc7u\xaa<\xc9\
\x16\x09\x05bE\xb4\xbd\xce\xa9<(\xa7HQj\x1a\
\x06\x9f\xe0\x08\xe3\xc6xMe9 P\xb1\x8dS\x1e\
sB\x12Lp\xeb\xb3H\xe1\x8b\xe0\x1cJ\x93\x8a\x10\
\x82\x9cWW\xc6188\xaa\x07\xb2\xf9A\xf4\x8fW\
q\x06Bp\xca>\x05:\x0a\xdfI%P{\xa8k\
\xdd\x9a\xb2\xe25W\x0aT%\xb8\x97/53\x1f\xf7\
[\xed\x03\xd0\x91h\x9f\xfbC7\x98\xf9\xa3\x91\x9d\xe9\
\x06B!|M\xa8&\xda \x1dO\xb0\xd3\xac\xf9\xa2\
\x8f\xf1\xff\xea\x92\xd8\xcf\xa4@\xee\x89E\xb112\xd7\
\xd2Q\xeeW\xda\xc3<T3\x09\xe0H\xe7,<\xb0\
\xb9\x00\xcf\xb0_L\xb5\xce\xbc\xc6\x0d~3\x1d\x16v\
\x0e\x86\x95EsRbH\x18\x8dC\xbd-\x09n\xd4\
v\x07\x1b{\xc7\xff\xacn\x8f~3\x9c\x0d\x87}W\
\xd8\xfe\x1e\xfa\x11\x98\x1b\x11P\xd4t\xd9\xf1\x8d\x9ce\
\x10\xba\x88H\x14\xe0\xee~\xa2\xab\x5cw\xb8\xcf\x07,\
\x9c\xa4^8?\xc3wf\xc0\xa3~_\xc2\xa9\x95\xc0\
\x17\x13\xaay\xb8E\x5c)>,\xa1B\xc1!a\xbf\
\x0blN\xad\xdd}\xe3\xd0>\xff\x8b\xbf\xbe\xbd\xf1\x8d\
w\x9d\x1e6\x0c\xc0\xff\xf5=?~\xfa\xb1\x1f\xfb%\
\x22\xfe\xfd\xf4#q=\x19\x9a\xcc\xdc\xa5\xbf>#\x96\
(3i\x7fI\xfd\xce\x95\xed\xcbcYu\xa2PO\
\xc1\x09\x8f\xd2\xc7x\x8f\xcbq\x95\xc3\x1e\xb9q\x105\
h\x0c\x22\xac|=\xbe>H\x0a\xec\xed_\xf7/k\
\x1d\xc2X|\x9d\xfe\xa8\xd3\x09\xf8\x8c\xb0\xc4\xfe\xf9#\
c\xbd\xef\x81GZ\xd5|g\xcd\x86\x9e] H\x15\
\x9a\x84,\xf1\xf8S\xf3\xa0\xc6\x1cqU\x96\x0c\xd6\x13\
\xfeX;\x83l8\x127\xad\xb3{\xf0\x0b\x93B\x9d\
\xe71\xf0a\x96\xbe\xcd\x19b\xb6\xfa9R \x1b\x09\
\xa3\x7fF~?\xaf?\xaf\x16^\x1a#\xfa\x14m\x96\
\xee{g\x0eR[\x9c\x8a\x19\x8cXe\xda\x89\xb0\xcb\
\xce\xb3\xf32\xb1\xe1\xe6\xcfT[\x11\x7fG\xc7I\x7f\
\x8b\x91?;4\x0a\xec\x03/\xac\xfa\x07:\x84vV\
\x88\x90\x8a\xf9\xc6\xf7\x89=\xf4gn\xbcY,\x8c\x9a\
\xb3%\x0d\x02\xe5\xe7 \xa6&1\x05$\xc9\xd2\x80\x18\
\xee\xea,\xa9\xb1\xa5\xeb%1\x1dKx\xb7|]\xf0\
\x06\x08'\x84\xbbzN\xe3\x99\x06*\xe5\xab\xaa2\xb3\
\x5c#\x0b\xb6\x04\xab\x98y\xbf\xd6\x0c\x8c\xfd9\x8a\xc6\
g\x8d\xc6V\x0c<\x1c\xfe\xa0a\xf0\x8b\x09l7\x18\
?0}pd\x15\xfc\xe5\xc3#q\x10\x8e8-\xef\
N\x87\xf6\xab\xafxu\xfb\xeb\xdf\xf4=tpP{\
8\xf8\x00|\xd7s\xffc\xbbq\xb8h\x87\x0b>\xdc\
\x87JL\x82\x15J&\x0e\xfe:Ju}\x8b\x0d0\
/\x16\xb5\xaf\xd3\xffI\x87\x93S~\x12C\xd0\xd5D\
bK\x9e\xf4M\xd5\xe9\xc9~\xefMR\xd9vf\xe3\
qD,\xf8\x12,\xc3 \x13\xd0\x5cw\xc5\x08!\xf7\
\x7f\x05\x172\x0f8)ai\xa5\x91\xe0\xe8\xc6\xe6\x09\
\xac\x1f\xd7\xe0\x8b\xa6\x84z\x9c\x1fe\x14\xb0F\xfc\x1c\
KLm\xd1\x13j\xc7\xbc\xfbm>\xb9N#\xb0K\
H\xa0f\xee\xe6\x10\xf0\xf3\x83V\xed\x87\xc9\xe7q\xbd\
\xbb\xb1e-\x13<\x86%l\xaer~\xc4\xc8\xa02\
\xb5P\xcf\x9emQ\xa2K,\x93\x92\xdd\xc7\x1ca=\
e\xbb\xefR&\xbd4\xbfq\x8d2[B\x92\x9b0\
\xd4\xf5\xbe3\xed\x09?\x05\x7f\x08\x8c\x19\x90\x82F\x22\
1\xd7C\x9f\x22sj\xc4F\xf2\xb4{\x9f\x19\x10\xc9\
\xf0\xba'<\xd2\x02\x00;hG\x16\xd6\x09z-}\
\xc6\xf3~%n\xd5yp\x94\x83\xd8\xbcS$\x8c\x1b\
\xb6$3\xcd)\xa0\x19\xe7\x98}}\xd4\xbe)\x93\xad\
\xe7!\x8e\xf0\x10\xd5\xe8p\xbd\xc23Z\xb3\xbbV\xc5\
\xe8\x97\xda\x03g[\x87\xa6\x0d\xbe^\xdb\x0ac'n\
\xb73\x1d#\xf3\xa7\xc2\x14\xed\x15~>\x0b\x1a\x10\xf6\
N\x13_\x9f\xb1\xe3u\x08*\x87NG\xdf\x86\x88[\
#c\x1e\xfa\xd95\x83\x92\xa6:\xc0\x8a\xce\x00\x07\xd3\
\xd0\xda\xd9\xf1\xbc\xfd\xc3\xff\xe7?\xb4\xdf\xf5\xb1\xbf\xbd\
=\xe45\x00\x9f\xf4\xd9\xdfr\xba\xe7\xee{\xda\xf1\xe0\
<\x84\x93\x97*ODT\xfd\x8f\xea\xc4J\xc58^\
\xbf\x8cj\xd1/v6\x0dM$l}\xca\xcf\x9f-\
\xac\x11\x89\xd4m\xf9\x93\xa4\xbc\xa4\x16\xdf\x8b\xdf\xbd\xa4\
\xab\xaa\xca\x22\xb6=\xff\xad\x18\x92-\x85R\x06'&\
\xc5\xc3 \xdbx\x8d\xe8\xe7\xbeWH\xb9\x82\xc9\xc8\xc4\
\x0c\xda\x9f\x16\x13\xc9D\x89\xd6K\x09\xd6G\xce\xdf\x8f\
\xb8\xf3c;\xdb\xe3\x89\xf5\xd8\xf1\x9a\xc9\xe264<\
\xc8\xad\xd7A\xc3\xe2\xde5\x92\xc7\xe7\x7f\xf3\x0d\x0b]\
C>\x09|\xe28\xd8)\x10\xfb\xc5\xf21\xc4\x88\x19\
O\x88\xb5\xf5\x07D6\x10\x93\xc002\xbf\xd6\xf0\x1c\
\x9b,\xc6=\x90\xb5f\xcb\xa4\x90SQ\x0b\xf3\xb9b\
C\xcf%3\xd5\x8c\xf4mO\x90\x06f+~\x10\xc9\
\x99\x8e\x9b-$L3\xa5D\xfd\x9e1\x1b\xa62V\
lG\xbf3\x835\xf1\xa5\x99x\xd8\x13OG\xdc_\
4/\xd8^\x9a%\xdcJ\xf5O\xf0\x15\x98\xb45\xc8\
\xcf\x88\xbf\xd7.z\x22\xa8\xcfe\x85\x84j\xbcz\x1d\
Ej\xe7\x11\x02\xf1\xe3\xe9d\x99x\xcb\xf0\x033F\
\xdc\xa7)\xf3rB\xb8%\x92\x09E\x9c\xca\xe3Z\xd1\
\xcc`\x9dQ\x18\xec\x84.\xa1\x1d=Jx\xb7z\x94\
\xb5\x9a!v7\xe8\xf9/\xfc\x8aoj\xafx\xc5\xeb\
N\x0fY\x06\xe0\xcf}\xed?=\xbd\xf8%\xafj\x17\
\x17\xd7\xd9\xf6Oc\xb4\xe49\x0c$Cj\xfd+\x9b\
\xe9\xcd\xb6;|&^\xfb6Q\x1e\xc1D z\xd5\
3;\x012\xe5\xda\xef\xc5\x8e\xdb\x1b\xefRC\xb7]\
{\xc9\xdf\xbdO\x0a7UmI+\xd2'\xaa\xa2\xdb\
\xd1\xe4\xf9\xb8\xb8\xe5\x0c\x02Z|\xa7 \x99\xcc\x98\x9a\
ql5!\x9f\xa9\xc0F\xe6\xa2.^\xfa\x81\x0d\x8d\
Ux\x83|ZX@c\x1cx\x0c5\xc4\xc6\xc3\x18\
\xc14t\x18\xb2\xdf\x07\xd4\x85\xe6\xcc\xd7\xff\xe29\xf6\
g\xe0u\xd24\xae_f\xc6\xe6B\xa1\x0c\x1f\x09k\
\x97\xd3\xd2\xf5\xf9\xec\xa6\x1e~o\x09\x0eg\x13\x0c\x14\
4\x19\xc4\xa5\xc3\xb7\x81U\xf4\x99\xd8\xfb\xf5\xa3\x08\xd7\
oj\x89o\xf7\xa6\x123\xc3\xd4\xa6c\x93\xf6\x01\x0b\
\x1e\x9f\x22U 0\xd7\xe7\x81\x89N&\xe1\xe5\xd0&\
\xa8)c\xdc\xb3\xf9C@\xfa\xe2\x8a\xba9 /\x99\
\xf8{D\xbc\x0a\xb1\xae\xd5\xe9\xefS\x95\x82|\x0bf\
p\x80\x89\xf6\xc93'N\x03%6q\xa8\xc9\xbdS\
\x1d\xcce\xfe7\xbdE`\x14\xedW\xc8\xac\xe9\xc7\xe5\
\x8d9 \xbc\xfc\x9d\xfb\xee\xfck\xd0/\xe0\xbf\xa1L\
\x8c\x04\xb2\xfe\xf3ozR\xa6\xba\x82\xa7\xc7\x07\xcc\xa7\
\xce\x9c\xa1Y\xfc\xce\x09\xfb\x98\xad\xa9\x98\xbd\x9a\x09\x02\
<\xcc)R\xf6\x9f\xecc\xef(\x87g\xbd\x00d\x8c\
9\xfc\x02\x98i\xaf\xb7b2\x01\x08\xbd\xe0\xf3OF\
\x1f\x1c\xce\x01\x02\xf5\xa4O\xab\x1e\xc7F\xdf\x8f.7\
\x85\xe4\x8b\xd8\xb9\xf3K\xf8\x063\x1d\xa7#4\xc7\x95\
\xd0\x18m\xfc%\x1e\xd6\xe4X\xce\xf7\x83\xd2\x00\xcb~\
\x80\xd4\xeff\x05\x7f\xa1cy\xc3[\xeei_\xf6\xd5\
\x7f\xab\xdd\xb8\xeeS>=D\x18\x80\x7f\xf0}\xff\xfd\
\xf4C?\xfc3\xed \xc4\xffrJ\xb0y\xc9*\xf4\
\x11\xb89\x03\xd5\xba\xc4Y=\x1d\x16\x91S\x95\x1bs\
be\xbf\xc7b\x16K\xd7\x22\xe7\x9d[\x8b^\xc6\xda\
\x8a\xe383\x81\xf7\x9b\x07\xcf\x06UV\xb8\x9e\x91p\
\xdd\xaf\xac1\xe0\xbf\xf9IS\xae\xe7\xeb\xf4|\x85c\
\x94\xe8\xc2\x83\xbb\x85\x049\xf2T\xe8Kx\xbf\xc8\x14\
\xa6p\x0c\x8fna\x80\x9242\xf1\xdd\x98i\xa0\xb4\
\xaf\xce!\xd0?2\x97.\x8d0*+\xbb\xe2\xcd\xbf\
TJ\xcd\x18\xa4\xcd\x84\x5c\xb70\x80\xfc\xa2\xc4\xf2\xd7\
\xdd\x1f\xda\xb5\xbeB\xaa\xca\xfb{9l\xcd3TX\
\xa3*w:\xc297\x95-il\xec\x9dL\xe4\xe7\
\xfd\x98\xd5\xe9\x89\xc9<\xf7\x88\xad\x9bJ\x0a]\xf26\
\x99\xb9\x15\xd6\xfd\x5c\xc3U\xc6dO$\xdc\xe2\xf7\x12\
\x0c2\xfe\xa9\xb4c\xb3u\x96\xd7\xf7\x92\x862=\xb9\
\x88\x13\xc6\xd2I\xbf\x09,\xd5\xbe\xae\xfa\x83{Q\xdd\
\xde\x8a\x87$\xcd\xb9#\xc8\x5cer\xe2\xcb\x8c\xfc%\
5X\x8a\x7f\xd2\xd8\x07\xe5\x01\xcd\x09k_\x7f\xf0G\
\x7f\xb6\xfd\xd3\x7f\xf6C\xed\xe0\xf3\xb5\xdfB\xb9u\x0a\
-\xe5\x83?\xfe/\x9e\xde|\xe7\x9d\xed\xe2:\xdb\xfd\
\xbdd~*6v+\xce\xd6\x9e\xdd\x0f*\xd6\x85a\
/i\x0aP\x93\xb6\xe3B\xf3\xf89\x91\xf0\x06\x02\xec\
\xd4\xac\xda\x0f\xe7\xbc\x12\xfaV\xb7\xbf\x8etF\x0d\x80\
\xdfl\xb3\xba\xab1[5\xcb\xea@\xab;\xb6'\xf9\
\xd8\xf4\x19\x04v\x81\x0b5\xa4U%\xed\x90lV\x1a\
\xe5\xc1\xcf\xf9\xb9ED\x84\xef\xbb7'\x8c\xf1\xb7\x9e\
\x89\xe2\xd3\xf5p\x06;/\x86\x9cg \xf6\x7fV\x82\
\xd4\x94`\xbd\xb5\xf0\xfb\x05\x1c\xc4T\xe2m\xf2\xb1\xd4\
\x8cI\xc5\xf8\xf9~\x05\xfb\xa9n\x0a\xb3\xa9_\x0a\x01\
\xa9\xf4Q\x0dl<3\xde\xca\xe8\xf8'\x15\xba\xdc\x12\
\xe8w\x89\x81\x03\xa7\x19\x7f\x9a={^\xe00U\xc9\
\xe9\xb9\xa9\xcb1V\x14\xb5!>'\x18\x93\x87A\xd4\
\x00\xd8\xfe\xd1\xde\xfbq\xdc$r\x85\x87;\xea\x098\
\x86\xbc\xe9\xbb\xa7\xbf\xdf\x8f\xe8\xcf\x88?J|\xa4\xaf\
\xd4G\x96g\xdcS]\xc7=\x8f\x0d\xd0{2\x0bU\
Q\x08\xd0:I\x15\x08\xfbc\x95=N3\x95T\xbc\
\x09Gl\xd9\x93y\xdf\xe4\xbd\x99\xbbT\xc2\xa6!\xf4\
\xf9,\xe5\xeePcu\xf2\xc1X\xc65\x9b\xf1\x89\xd0\
J=\xaa~\x01\xdf\xf7^=\xfa\xcaY\xfb\xf1\x1f\xfc\
\x07\xed\x99\xcfz\xd7\xddCB\x03\xf0\x19\x9f\xff7O\
oz\xcb[\xda\xe1\xfaE;\x1d$\x04\xa9Y\xcct\
\xe6\xfe*;K\xbeo\xd73\x875\xfbl+3\xee\
\xb0\xe2zs\xfb\xaa\xae\x19\xfcL\xe7\xdc\xdf\xd2\x02\x98\
I\x9e\x998-m\xe8\x91\xabO\x0ej\x93\x041\xa3\
\xb6\xc0/\xeai\x8f-\x7fx\xb1t2\xe2 \x0b\x0e\
\xc1\x9a\xcd,\x83\x95\xab\x18\xfb2G-*\xff\xd4^\
,\xf3\xfe\xe7\xf1\xe7k\xf3\x8d\x17a\xb3(i#\x9c\
Q\x14\x16[\x19\x8a\xaam/\x91Y\x11\xaf\xfa|\xba\
\xdf\xc6\xa2\xb1\xcc]\x8a\xda\x94\xe9dbZp\xebM\
\xc9\x11\x8e~\xf6\xfb\x19P\x83\xd3U&$\x0bmr\
\x195B\xf1~\xf5\xceDk\xb2\xa0\xe9\xd15\x17R\
V\xcf\xf7[\xdd\x079z{B\x16\x96\x18\x1b\xdb\xc7\
\xfd\xb9z^\xeb\xbe\xd7\xadM\x85!\x9f\xe5\xc6\x85'\
\xaf\xbd;\x9b\xff\xc2\xa3!z\xecKX\xa07\x09\xf8\
6x\xafp\xd8\xb1E$\xcd\xdbu\xea)\x0eWN\
}5\xfcT\x97\xa9\xf6\xa2!\x154\x9b\x83\xd9^\x8f\
\xf1\xc0\x0f\xc0\xc3jNw\x96\x84\xd9\xa5~yM\xde\
\xactX\xddu\xff\x8d\xf6W\xbe\xf1\xffn\x87\xc3\x8d\
\xd3C\x82\x01\xf8\x1f\xcf{~\xbb\xb8~\x83\xb2\xfd\xd1\
\xe1\x1e\x1d\xc8G,\x0d\x7f\x5c\x85}\xba\xa2\x8e\xe3'\
\x91C\xddRwzuq\xdf\x0c\x84:V\xa4\x9b\xf1\
0\x0a\xd8\xf0\x132\xc2\xe4\xb8\x04\x14\xbc'\xf6m/\
\x0e@\xbc\x029\x8e\xd8\x00%'\xeb\xe9\xd9\xd0\x5c\xe3\
nu\xe3\x98S\xd5\xc8\xd5\xceUG\x15a\x9a-(\
\xa8ek\x15\xdf\xdee.\x1c\x99&{\x8f\x17x\x94\
\xda\x90\x08\x08\x0e8\x1c\x18e\xf5\xe7\xe5\x93d\x02\xf2\
\x91\xb0\x08YV\xa9\xd6\x04VckE\xd25[u\
d\x0e\xa5Z\xea8\xc3\xc4\xbd#\xedk>\xfe\xa2)\
\xcf<\x90\x07\xefD}\x18\x8b\x97\x08\xa5\xbf\xb4Y\xa3\
{+\x08>\x1c\xfcT\xa34\xc8h~\xad\xc2$T\
#\x0d\x9dS\xe0=\xefL$\x1f\xf5w\x08\xf6E\xf1\
\xb7\x80\xb4*q\xcer\xfe&2I\x84\x03\x7fx7\
tf-\x22\xb7\x0ai\xe6\xfe\x9a\xea\xd2\xf21\xf4\xbf\
]\xbbG\xb1\xe9\xa7\x83\xf8G8\x9f\x05\x0a\xc5\xb3z\
\xf8=H\xf8\xc54\xe4\x5c\xf1\x85\xcf\xcf\xecwT\xfb\
\x1e)\xedt}\xa6\xc6\xe8-\x8e\xef\x88\x9dG\xe1c\
\xae\xf9\xa3U\xc3\xa2\x1e|\x06\xd0\x06?\xe1:2\xc0\
\x90g`_\x9c\x83\xa1\xc1bn\x0d\xa7\xbc't[\
R\x01\x156\xa7\xb0\xb6\x9c\x9f@\x96\x9e\xb7J\xdc\xa3\
\x11c\xdf\x0e\xfa\xaa\xf4\x16\xd9I\xb1\xbf\x9d3 \x07\
\xc8u?\x00\x8f\x9f\xe0\x907e\x0d\xb9\xde\xa3e\xf0\
\x88\x1a\xcc\xd8\x1f}~\xe2gsd\x0ad\xb4!\x9c\
\x9e\xba_8H\x0b\x8cN\xd1\xc3K\x11~\xae\x8aQ\
\xb0\xbc\xe7\xf1\xb8k\x97|\x8ad~\xbe\xef?\xfeH\
\xfb\xb1\xff\xf6\x82\xf66g\x00~\xcb\xc7~\x1e\xc3\xed\
p\xc1\xfe\x12E\xc6\xbbR\xb2I\xa7\x83\xf9\x8cy\xfe\
\xb7\xdc\xa5\x7f\x09F\x85\x94\x1e\xeb\x87\xd4.jX\xb9\
*g\xf9\x85\xfa\xc2{\xb0\xfbx\xc9\xdbm\x88\x13\xe2\
\xed\x95+\x8c^\xa3\xb3R!\xa1\xb5\xf0\xbc\xaaT\x12\
\xfcR\x9d\xf6\x9c\xf73\xa8\xd5\xcd~\x9e\xc6z\x8e+\
\xe1x\xe6\xcc\xa7\x06\x84\x80X\xe6\xeb\xc0\xda\x16\x06P\
\x1d\x88:\xf12\x07\xa1<\xde\xd0O\x1e\x94H\xb5\x22\
\x81\x13C0\x8eM\x06n\xa4\x18\xf1\xcb+\x12C\xba\
\xe0\xd4\xaf\x13\xad\xcf\xec]\xcf\x04\xc8\xe9v\xe331\
\x12D\xbcL\x0c\x1eS\xdc2j\x82\x88\xee\x86\x98\xf8\
h_!B\xe1\xc3\xdf4#\xe4\xf62jk\x04\xa3\
%M\x99\xc2\xd99|2\x11\x9a\xcdA\xf6\x01\x19\xdb\
\x9cBbb\xeb\x8ek\x000\xb05jL\xb0\xaa-\
\x0a\x8d\xe5$\xbb\x9d\x93h!\xd5r\x92\x9d\xd0\xb3\xa1\
_k\xc4\x22\xc7\x8bx\x06<\x13n\xfe\x22p\x85\x1a\
\xaa\x1a\x7f\x01\xaf\x99F\xc5\xb75\xd7\xcc\xc56LC\
\x08<9>_\x9d\x8c\x97\xc7\xb3Ec2\xb6;<\
\x19\x19\xc7\x90P\xabI=\x0fJ:\x9c\xd5u*\x08\
\x8b\xf7|\x9e/\xacaq\xfc\x04\x83\xdeq#\xfb9\
_k_\xfa\xbf\x7fk\xbb\xeb\xce{oI\x0bpK\
#\xff_\xbf\xf4o\x9d\xde\xf8\xc6\xfb\xbbC\x82p2\
\x08V\xadcF=\xf2\xd6\x09&F\x80\xa5\x11N\x81\
\xd8\xe3\xee\xbb-\xc9\x22\x00\x8cH\xf4{\x8cD8\xb9\
\x08\xbf\xc7\x12\x06\xa4\x1a\x87\xa4a\x07\x12D\xcb\xda\x04\
~\xc7/f\xdd;\x8e\xa8\xd0]\xe7\xc5J?\xf7\xcc\
\x99\x83\xb8\xcc\xd5\xa2mQ\xa5\x9f\x11\xd46)4>\
\x07\xa6a\xa6:\xb6\xb6\xacN\xfeX\xc8\x8b\xb7\xb7\xfa\
g\xeb1X{\xd5\xf8\xb4\xedE\xe9\xf0D6b\xbf\
Y=\x83\xd5s\x95\xb3\x049\x86\xdc\xe5v{=\xd2\
\xba\x22l\x96\xc0e\xbd\x88\x04\xec\x13\x09Y\xdb\xc8\xb7\
\xb1\x8e\xd4\x86\xf1\x12\xc5\xd2^8\xb8\xcaZskh\
\xa6r\x86\xa6\xc0K\x9b\xac\xc90\xc9\x9b\xf3N\xdao\
\x86Lt\xf8\x9a\x99\xb1p\xbe^~&\x8e\x11\xf0=\
\xa6\xef \xba\xf35\xb9.%\xd6\x9cJ\xb5\xc6\x98y\
D\x96G\x1f\xdaXK\xef\xde>\x5c\xd5?>_\x08\
\x1f'\xcev\x89\xfc\xa4\x08E\xd4g\xa1p\x14I\xb5\
VC\xc7>Vd\xa4\x12Lr_\xcb\xdf\xdc)\x07\
3\x0f\xfb\xe5\xa8\xa8YY\xd2 ^\xa6,\xd53\xe0\
vG\xfcg\x12x\xc9\xc4lh\xa7*k\xcf\xc7\xf7\
jM\x032m\x86\xec\x9aE\xbb\xab\xc4}\xa5?\xfc\
\x19\xfd\xa1\xf4]{:\x5c5\x03\xe8\xa1\xbd\xe4\xf6;\
\xda\xb7\x7f\xc7\xbfj\xc7\xe3\xc5M3\x01\xb7\xb4\x22\x9e\
\xfd[\xfe\x97\xd3\x8d~\xc0\x0fm\xa8s\xe6<5\xa4\
!u\xbd@\x82\xccp\xc7\x8d1t\x8f\xe3\x9dBO\
\xb3J|\x89sTnT\xa4\x9b\x98\x8aV\xecO.\
D\xcf\xee%\xcf\x7f\xea\x8bmJd\xdd[\xdf\x5c\xac\
\x92\x86\x1a>.rC\xbe\xb31\xd5\xe3)\xe0\xc4w\
\xf5\x99\xaa=}$\x10\x85<N?W\xc7B\xf5\x1a\
\xeb\x0c\xeew\x90\x82B\xb2\x16\x7f\x98\x11\x9e\x1bm]\
\x16\x1e\x07\xa7>\xdc\xcb\x8cG%5\xb3zq\xdf\x8f\
\xe2\x0c\xab\xa9\xeewW\x1e\x12\xc2\xee\xa1l]\x958\
\x81\xd5\xf2\xbc\xf6V\xfa\x01W>\xe4\x91\xe3\xfcY\xb5\
\xccv\xcd\xa0A\xd17eLH\x04\x94\x11\x1f\x0e\xc9\
E\x5c\xb1\xa6\xae\x95u,ag\x84l\xc5\x19\x8b\xee\
\x8b\x80\xcfL\xb2S\xa3\xb3*\x80\x11^bv\xf9Y\
\xec/\xafq\x83\x147\x00zQ:C\xeac\xae\xbc\
3\xf2\xdeI\xd3\x1cH\x99Q\xc4\x89{v?j\x12\
r\x1b\xd1\x01\xd5\x98\x85\xb1x\x22T\xcf!\xbf\xdb\xc3\
\x0539?[\xd8\x83\x9dq\xf0\xf7\xd7$\xd5\x91\xf0\
{\x9b}\xda\x8cU\xff\xb1\xbe\xb0\x06\xba0C_\xd6\
\x9d>\xfb\xfd\xe3\x0a\xde\xa8\xe2|f\xeb~\x0b\xd1\xcb\
\x8e\x81&`\xc9\x5c\xe0\xe0\xb1\x00_3e\xac\x09C\
\x97\xd1\x12T\xda\xb5\xe8P|*z\x1f\xcbp\x86A\
v\x9eEB+\xe0\x5cq\xe4\x9b\x17\xdd\x94\xe4$<\
*\x89,\x13j\xb6\x83\xf1\xaf\xce\xb6r\xca\xe5\x8eG\
\xae\xec\x0e\xed'\x7f\xe8\xffn\xcf~\xcfw\xdb\xbdU\
5\x00\x7f\xe0s\xfe\xd2\xe9\xe2\xa2;b\xf0\x87%m\
\xd9\x18r\x1cme\xfb7\x1f\x00xYbd\x95\xd4\
 \xaa\xe0NnA\xa8\x8ad\x0d\xbex\x09\xd3\x9e\xe3\
\xf3\x08rN\x01z&\x11(\x8c\x80+\xb3\xeb\x07l\
\xbc\x95\x8d0\xf6\xe9XxG\xdb\x22`\x15(\x08\xf1\
iu\x81\x8f\x12A\x7f\xc6\x08\xa6GJ\x95\xe4\xd2\xe3\
\xde\xc9\x97\xc1\xba@\xcfuD\xdc\x11\x9b\x11\xb3\x91\xf8\
[\xbe}\x80\xc7\xf5C\x10#EtxRB\x08\x8c\
\x0f\xa0\xe9\x8dy\xc6\x89\xc7\xceO\x1b\xdcrJN\xf8\
\x88\xe0\x93\xb8y\x8a\x86\xe1T\xa8\x88\xfb\xe2x\xfb\xb3\
\x01N1\x88H\xd2\xd3.\xf8W,KLL \xed\
t<\x89pPu=\xe6.\xe7P`\x94Bt\xf2\
\xc8\xf0\xd2\x95\x0f\xf3E\xb0\xe7\xc7\x16)\xf5\xac\xd3\x8e\
\x90W2\x04W\xa1\x13\x0a\x7f8]\x05\xdbA\xda\xf2\
H\x5c\x12\xf6_%\xcf\x1a\xf4b^\x80\x14\x17Mg\
f@\x88\xb5q3|\xe0\xeb#\x89v\x0bs\x93i\
C\xaa\xb6s\x80\x9d\xac9\xb5\xcf[\xdf\xfd\xf9\x1b\xa1\
\x7f\xceD\xe2\xbc[\x82Y\x80\x8f\xc0\x8eLY8\x9f\
b\xd0\x1c\x01\xe2\x95\xf3\x9e\xc1\xca\xce\x08\xf1\xf7\xac_\
YcD\xdf\x93j\x98\x13\x15y\xcd\x9d\xaf'\xe16\
\xf1O\xf0\xf0\xf1&\x0a\x22W\x8eI\x00\x84\xe1\xbfP\
3\x0f\xf9\xe94\xda\x027\xb3R\x985u\x1e\xae\xda\
WE_\x92\xa7\xc0yn\xc1\x9f\xa7\xd4zt\x94>\
\x5cu}\x19\xe6\xdf\xaf\xeb\x91P\x1b\x9e\xb2}:6\
*\xe7zx\xbf\x00\x09\xa9\x1d\x89\xbf\xf8\xd8\x84$@\
\xbc\xeet<v\xa0\x80\xec\xc23\xde7\x9d9\xe0l\
\x16:\x0e\xcej\xd9\xfd\xb0\xc4\xcc\xd3\x8e\xed\xfaq\xd7\
\xbe\xfe[\x9e\xdb\x0e\x87\x9b\xd3\x02\xdc4\x03\xf0\xbc\x9f\
{i;\xf4C\x0b]\xb3@\x86Y\xc5\xbd\xa8\x0a\x01\
\xf2.8~\xe6\x80\x15d\x9a'Y\x17W0\x11x\
;\x1e\xab\xfb\xf9Sqy9\xce\x9c\xdbg\xe9\x0b}\
\x11G\x15Q5CM\x1d\xed\xa4\xf6\x9c\xf6\xb7(4\
y\xee\x08\xe1(\xf11\xe4\xa0\xfa\xf60\xab\xeb\xe3\xf1\
U\xa6\x84%X\x1b\xbcM\xb1\xc2_\xd7$\x98\x80\x0a\
\xc2U\xf8\x04\x84\xf7\x93v \xf6\x87\xa5[?\xf6\xb1\
m\x8f,\xd7\xcd\x0e\x04\x07\xa9\xdb'2\xaa\x98C\x8c\
X\x11\x93\xef\xd9\x06\xfbfU\xe0{0C\xe0:\xee\
j^\x0a/\xc5\xb5\xf6\x19\x85\xb1\x8e\xc0\xe2\xd4\x13\x93\
\x18\xa6#\xc5\xb2\xcb\x91\xaalrs\xed\x8a\xd6eM\
\xbd>\x96m\x91\x08\xfa\xbep\xbcs\xd9}\xd4\x98\xd4\
e\x1e\xe7\x0e\x07\xc4-\xde\xf1\x9e\xa9\xf7s7M\x91\
0\xdd\x93\xcbe\x09\xae\xb7\xa2\x9a\x8f\xce\xcfsa\xa1\
\x12$\xfa50\x06K\xb9\x0b\xa6\xb8(\x9d\x15a}\
\x8aB\xccX\x12.\x14\x9cJ\xd7\x06\x8d\xb0i\xe7\x86\
>\xac\xa4\x11\xe4\xe7\xc5\xdf$\x8d\xd0Wu\x9a\xee\xfd\
\xed{!\xcc\xa3\x9d\xcc\x15\x12\x00\xf9\xbc\x1bK\xf3\x1e\
\xe7\x8d%}zS\xf2\xcf@\xbdNx\xe7\xb4k\xff\
\xea\xdf\xffh\xfb\xef\xff\xe3E\xed\xad\xc6\x00|\xc4'\
\x7f\xf1\xe9\xe2\x84\x83Av\xab\x13R\xa9\xb0\xf3\x86\x9b\
=\x17\xde\x91\xc8\x01u\x10\x94(\x02;p\x84}\x04\
\xe2\xc7\xee\xf1\xc7\x0e[ )\xcc1\x0d\xb4\xc8\x92\x97\
\xae\x22NA\xbc8\x85of\xa3\xac\xc6\x94\x09\xbf\xff\
]=\xbb\xa4\xf2\xe7\xfb\xf1\xd9U\xa2\x01\x0e\x92TT\
\xe9\xb8`\x91\x0e\xd6Q\x90\xe7T\xc7q\xf9\x05;\xab\
\x0b}\x07\x83V\xf5qk\xd1\xb1'F&\x8f/\xbf\
\xc3\x8c\x96d\x0a\x9c\xf4t+\x5c\xc3<A:/\xdf\
C\xbbY\x1a\x8d\xf5\xac\xc2 IW\x18/{\xa3\xc7\
\xf0\xf5Y5\x8c?l\xcd[\xff\x22\x92\xdd\xcaT\xce\
\xbb\xcaR\x12k,\x9a!07\x96\xa5Z\xd7\xda\x87\
\x14\x8b\xfb\x81!\xbc\x94\xfa:2\xe3\xbc~E0\xd9\
\x14&\x99\xc9\xe6HJ/\xcfT-\x978\x16\xcb4\
\xea\xd1\xf9\x16\xbc\xba\xd6\xfe|\x0f\x1c\xe3hW\x9c|\
\xabk\xb5vf9k\xe7eK\xbd\x0e\xd8\xec\xea\xcf\
l\xd9\x85\xe7\xdcI\x97[\xfaBf\xbaQ\xc2\xcfx\
r\x0d\x9f\x00\x1ey\xae\x06\xfa\x10\xf4t8\xc6r\xd7\
\xbe\xe6\xaf\xfd\xddv\xfd\xfa\xe5\xb5\x007\xc5\x00\xbc\xe4\
\xe5\xafUU\x9f\xd9\xb0\xc7\xaaT\x0dU\xaa\xcdF\xb7\
LH\x87a\x91\xba\xba\xf0\x17\x84\xbb\x02n\xf5\xbdj\
{F\x94\x07.\x9a\xb4\xb1\x22-\xe9\x84\xc4I\xd6~\
-H\xaa0M\xf8k\xd5s\x95\x8a?\xb61\x8f\x18\
\xe0wM\xa3\xe1\xcd\x02j\x1a\xb1\xda\xb2k\xc5\x86\x02\
\x82cZ\x8d\x913g\xee\x14\xc4Hu-\x9d\xcb\xd7\
8\xe0~s\x16\xc6\x85\xb0\xb8\x9e\x98i\xceP.\xab\
w\xeb\xe2\xef{U\xfa\x96wc\x1f\xed\x9dm\x8c\x93\
\xd7v\x98\x84[\xae\xc1Ae\xb8\xb1?>k\x99\xe3\
\xc5\xd9\x1cq$\x91\xd6R\x13K\xbbT=\xbc\xf1\xd7\
a\xb1\xfc\x0c\xb3\xc86\x0e{n\x90>7\xc3\xdb3\
*\x99a\x11\x0d\x9d@4\xaa\xb2\x01\xf3e\xcd\xdc8\
6v\xb2\xaazf\xf3U\xe7%\xb8lYcXf\
e\x86g2.\x9a\x8dy\xc6\x18,=\x1b\xdbt~\
\x18\xf0\xdbY\xa8c\x06-\x98\x04|\xd81w\xc7\xce\
\x1b\x89E`_0ek\x1a\xd8\xf8,\xfd\xeb\x0e \
:\x0e=$&a\x92\x82~\xd6\x96\xc2\xdcK\xff\xf4\
/'\xa6\x9e\xed\xe7\xa1\x0d\xd9\xa7\xbao\xf5\xc1\xe8\xb4\
\xb8\x03\xe3/X\xec\xa7\x9f\xf7\x82\xf6\x83\xff\xe9y\xab\
\xe3\x1f\xc6s\xd9\x17\x9e\xf3Q\x7f\xfa\xf4\x867\xdc\xe8\
\xee\xd5Jh\xfa9\xd4J\xe8\x5c\x8d\xbap\x962\x8b\
uF\xa2\x0f\x1a\xc8o\x96\xdc\x04\xd9\x92D\xea\xe7\xb2\
\x01\xa0\xe1T:b\x1d\x9c4+\x96\x5c\xea;\xf7\x81\
\xd5aV\x07\x9cd\xc4_8HJs5\xfdXf\
R\xc9lCz\xa6\xc9\xab6\xb3w\xbc\x8d\x0b\xbe\x04\
\xc8\xeeg\x8b\xdd7\x1d\x9c\xc6\x5c\xb8\x1c\xdf\x8b\xa1w\
i\x04\xba\xec\xcaLv\xb2\x06\x0e\xdeK]\x19\x96\x18\
+\xcd;\x7fL\xea\x124\x13=q\x10\xf9M\xf8q\
\xb2S\x99e\x1aC\x7f\xb6\xf3\xb2P\xa7\xc1!\xb4&\
F\x16aPK\x09\xa2b.\xd4\xc9z\x9a_\x91\x97\
\x02C\x8fe\x85\x89\xec\xbfq\x22L?*\xda\xc5\xed\
\x13\xdcC\xbaR\x5cS\xd5\xc2\x88t\xc4\x89\x89\x15_\
\xdd\xc6<2\xc4\x9aG\xa1\xfbQtD\x18\x92\xe3D\
\xadY,\xd8=@V\xfd\x98\xe4x\xd0L\xac\xa9\xda\
\xeb~\xef\xd9j\xcb\xfb\xad\x84\x95,\xa0\x98\x80\x91\xf7\
\xff\x8c\xe9\xf6\xf5\xe6\xfdL\xa0)C\xe9\xe07\xc4\xa7\
\x0f\x8e0\x18\x8b\xb5\x9fC\x1b+'\xc9\xbah\xfe\x9e\
\x80'\xb2\xc6p\xae\xfd\xf0=UK\xb8\x8c;\xbaW\
F\x98\xfb:\x5c\xadlb\xcd> q\x94\xfa\xac\xaf\
\x1f~/\xb6\xce\xea\xa8$\xb4k8@\xd6\x17=\xb3\
]v\x85\xe3$\x8b/)'\xca)\x1e\xc4\xa4\xe7o\
\xc8\xfc\xf2\x09\x9d\x0b\x8c\xc0\xe4\x1c\xa7\x81\xe9E\x9dD\
\xebDH*\xea\xd0u\x01\xdf(:i&2\xf7$\
\xd0\x11\x1e\xe7\xb3\x22\x08\x8a\xc7]{\xe6\xd3\x9f\xdc~\
\xec\x07\xbe\xab=\xfeq\xb7\xed\x1e\xb4\xe3\x80_\xff\xfa\
\xbb\xdan\x7f\xdb4L\xc1/\x9a-\x9c-#\xd2x\
$\xe7\x12a\xdd\x85M\xd3\x87~Vx!{\xd9\xae\
\xda\xc0XT\x94\xf4Qb\xb2\xf9\x9d!{+9\xa5\
\xa8\xb8$u`\xac\xe8KE\x90j$\xb5Y\xdd[\
\xc2\x8f\xdb\xf2H\x90}\x0bF\x8d\x86\x7f\xd5\xfa\x81S\
\x10\xad@\x9a\xa7\xc4\x1az\x03\x8e\x85\xbe/\xb8\x0e\x9b\
\xb3\x10|!8\x90\x05\xb0\x89\x07\xc4\xe1\xe9\x12\xd8)\
\xb5\x89\x19W\x0b\x96\x8b5\x00\x03DD\x8b\x01F\x08\
s\xb9\x9c()\x22\xf9\xb8>,\x0e\xc3 l\xeb\xaf\
b\xf2 %\xc4\xf7l$\xe6q_\xaf\xbdqL\x06\
\xe3\xa2\xffb\xb6PiK\x08\xbe6\xe1\xfc$(\xa2\
\x00\x87\x5c;\xcd@`2\x8f8\x12v\xa6=\xc9\xeb\
\xc8|^\x8c\xe8-\x15M\xcf\x12\xbao\x05$}$\
\xfe\xa3T\xc5\xed\xebAbE\x7fC-\xfe|\x81\xf0\
l\xdd\xd3L\xfc\xeb\x87\xac\xff\x99A\xdfZ<l\xc7\
\xf7|\x7f\x07`\x05\x86\x9b\x9d\xa13\xf3\x0d\xc6|\xac\
\xaf\x94`\x1d\x11\xe9}AD\xc3L\x97\xe1\xb5m\xa3\
\x06w\xe2(\xa7-M+\xd59\x8dB\x8e\x97\xfe3\
#`\xf3\xa8\xb8\xec\xb4N/Xc\xdca\x06\x07=\
\xc9\x0f#\xb8\xfb$k&\x1c\x97M\xc8J\x22\xd9$\
\x9f\x8c\xce\x8d\xd3*Q?:\x83\x9c\x98\xc9\xd8\xef$\
\xe4\x91\xe7?#\xe1pO\x92v\x99\xd0\xcc\x0b7[\
\xd9}!\xe8\xc3\x04\xd1v\xed\xa5\xbf\xfe\x9a\xf6}\xff\
\xe6\xbf\xcc\xe1^\xd6q\x89\xf2\x9c\x8f\xfc\x93\xa7\xdd\xfe\
\xaat\x18=\x83\xe3\x1as,\xb4\xa0\xb6\x09\xc5\x0c\xb4\
6\xdad\xaa\xc9T'\x11\x086\xe2-:<\xaf\x98\
\x11\x1f\x8f\x90\xbc\xd3\x9f\xd4z\x14\xbf\x00\xa9G?N\
\xdd\xedSX\xc6\xbaq=n\xc2J\xd5\x0f5\xbc\xff\
\x9dUu\xd8h5\xd7m)~\xfdsk\x0cEe\
\xfa\xa8\xd4\xcf\xf1]\xb6\x93\xe7\xfe\xc0K[\x1d-%\
\xf1\x93\x7f\xdfN\xfb\x8b\x9cqw\xd0\xeb\xde\xd5\xfc\xbc\
\x9cjW\xce5\xe7m\xf0\xc7\xab\x9a4m\x1e\xb1\xb0\
\xd3y\x8f\xefY\xf1c$\xb6\x91\x92:E/g\x93\
\x92\xbagt\x9c\xcfX\xb7\x0f\xe3Z#\x04I:*\
\x9f\xdd\xa0J&\x22\xbe\xbc\xa9\xd6\xcc\x22\x11\xd1\xca\x1c\
&&\xd13=\xe8[\x9c\x9f\xec}\xbelk&f\
a\x08\x00_gz\xa3\x14d}\xeb\x0cN\xf1\x86\xdb\
\x1b\xd1\x83g\x86\xdc`&\xf3\xeb\xa2\xda\xb3Z\xff\xe0\
\xac:FvT\x11\x11\xa1\x16:\xedn4E\xeai\
\x9c.\xbfHU\x18'-\x97\x0c\xff\xb2\x1f\x1b\x9f\xa3\
g\x13\x91\xaeV\xecVF\x08\xef\xf8\xd32}\x1b\x0b\
\xa3\x9ajJ\xc14\xc4\xcc\xb1\x15\xed\xa0\xa7C}Y\
W\xe1\x8bw\xc6\xd6\xb5%Q>\xbe\x0c\x0c\x8871\
\xba<\x02\x98;\xa0\x95H\xcbL\x18\x89\xe3\x9c$N\
\x90\xa2Z\x14aoz\x08\xf4\xd9\xd9\xd5\xf6\xb7\xbe\xfd\
{\xda\x9d\x97H\x0et)\x0d\xc0\xeb\x7f\xe3\x9e\xb6\xbb\
rM\x08\xa6\x9e\xdfi\x1d\xa6Q\xf06\xc0Q\x91:\
\xa0,2\xb9\xa2\xf6\x98RjE\xedp\xbe\xeb\x13\x06\
\x0f\xf1\x8e\x14\xc0H\x18\xd2\x01\xc0\xed<nCz\x11\
\x912Q!U\x96\xc0\x9b\x1d\xfd8\x9f\x01&uy\
\xc1\x80q\xe1\xba\xc2\x98\xe5\xbe\x97>\xf5\xd0\xa1b\xf3\
T\x92\xb3\xc5\xcc\xdb{\x0a\x13p\xef.\xff\xcc\xe8\x09\
\x1c\xeb7x:k\x9e\x84(\x8e\x07\xf1\xc4b\x04\x02\
\x0b\xd7K\x86\xd2\xcf\x84\xdc\xd0\x81\xb8Y\xc0Y\xb3\xc9\
g\x98k\xe1\xb8\xa1\xea\xab\x05\xe3\x9a\xe0e8\xe6\xb6\
\x91\xab\xdf\xc3\xc1\x7f\x8f\xca6Np\x15%\x0c\xcc\x1d\
\xe7\x0a\xefQ\xb9\xbe\x8cs\x9a\xe1\xe75F<\xce-\
\x05kq\x97TT9\xae_k+\xd6\x8a1\x01|\
\x9f3_\xb2DOO\xd3\xde\x88\xa1L<\xa7\xbc\x7f\
87A\xd4\xda\x0cR\xb1\xe83\x11\xefn\xf2@\x84\
\x9f\xd7\x02\x8cs\x09\xff\x14Q\x97\xba\x1d\x96\xa1\x15\xdf\
\x9d\x10='E\xfaw\x02l+\x84N\xd0pu\xa6\
\xf4\xc1\xdb\x8b\x83\x11o\x90$2\xb8&\x92\xe6\x8d\xc6\
\x9fT\xe0\xf1~6\x8d,\x10\xd44\xbe0\xee\xcd\x1a\
\x8d\xa8=\xcaL\x19o\xdd\xb9s\xd1\xbc\x95\x88C\xc3\
;\xa6:dIy\x85\xd9\x1f$q\x15\x0a\x9b\xe2\x13\
\x08\x15{;\x16\x81\xd7\x91&I\x03\x5c\x04\xe6B\xeb\
2\x1b\x16\xac\x91n\x09j?\x9c\xa9Yt\x0dB\xb6\
\xdd\x5c$\xb8DF}>F\x19\x8d@\xae\xd3\x87\xb3\
\xf6\xf2W\xbe\xb1\xfd\xc0\x0f\xff\xe4\x14>C][\x1f\
\xfc\xb0O\xfc\xa2\xd3\xcb^\xf1\xfavjWHu\xcb\
\x80e\x04\x8eMq\x92/|\xaa\xd6\x8em\x87Ye\
\xc5\xd1\xe4\xcbM{g%AP\x86\xb8`\x17\xe9\x17\
/\x04\x18\x8c\x8c#\xf1B\xde\x00?av\xd2\x14s\
\x8d`\x0a\xecE>\x7f[V\x80L\xa8W}*\xe1\
\x0a\xedd\x0b\xda0\xa0\x0au\xb9{\xe9i=M\xef\
X\xbe\x0b\x82M\xcar:}\x8b\x17f\xff\xef\x1c\x1e\
\x12\xaa\xe6:\xb5s\x17\x82\xb8n\xb1\xcc\xcbq>&\
\x9a\xc9\xee/\x13\x88P\xe4\xb0\xf7\xc4\xa1\xa1?\x9eX\
x\x18 :x\xf4/0\x13\x8c\xb5\xbb\xa6i\xf1\xd7\
2\x82\x9cIi>\x84\x10\xe7\x8c\x87\xd1\x96\x8c\xc6\xc8\
\x94\x8d\xbd4['\x92B\x8d*Kg^Z\xd8\x19\
\xcc\xd4Z\xec1~\x07\xdf\x09\xd8\x16'\xbe4\xcc\x87\
\xcb<\x8d|\x82\xb4\x7f\xb4\xbd@\xf4\xa7?\xd4\xed\xa1\
\xbcg\x02LU\x9fj\xd6cMn\xe4\x99\x15\x17\xdb\
?\xaa\xdeG\xb3\x997A\xe5\xc42~\x95 \x8f|\
^\x03YC\x91\x198\xdb\xfb\x09E\x14\x00c$\x1b\
]\x0c1O\xbbM\xa4\x8cq\x06\x9f\x94\xc7y\x1b\x86\
\xf5I8G\x981\x1d{_\x89\x87`\x97\x0eR\xa5\
\xbc\xd7\xcf\x0e\xa0\xa9\x90\xd3\x02\xab\x1eq;u\xf2\xa0\
j\x0d\xab\x84\xaf\xcf\xfb\xf0\xccQ\xb3\x15\xf1\x0b\x92a\
\xf1\x12\x08LSp8=\xde\xa2\x92:\xe2\x8b<\xb6\
\x819\x0d\xc2\x09k\x195\x85\xf8$\xe48\xe2\x13>\
\xdd,\xe2.74\xefK\x22;\xac\xefOl\x030\
\x1b\xe8\xbb\x0a\x9b$|y!\x95\xeb'\xff\x83\xc9\xc8\
\xb3F\x97j\x945\xf1\x9b\xde\xe3\x99\xedG\xfe\xe3\xdf\
iW\xae]\xdd=`&\x80\x97\xbc\xf2\x0e\x22\xfe\xd6\
\x03?r\xd8\xf2\x0b\x04\x8c\xd0=\x1c\xfeC\x00\x17\x85\
\x10\xd9\x17\x0f\xe9\x99tn\xbc{\xd7yX\x09\xa0D\
\xca\x18\xc1S,\x06\xa83\xc7\xdc\x00^-\x1e\xb8b\
\xc7\xcd\xa1\xce\xfd\x1e6PNO\x5c\xa9\xa1r\xdd:\
\x96p}\xbc6W\xfd\xdb\xef\x8c\xec('\x85p\x94\
\xc4\xab:b\xeb\xd5\x9cmQa\xe9e+\x8f\xccC\
\xef\xa4/i\x1c\xf0$\xd7\xdc\x0bic\x88\xc4\x7f\xe8\
\xb6\xb2p\xe0\xcbz\x98\x1d\xda5\x86\xb1\x96\xf6G\x98\
\x8d\xf7\x968\xea\xd5\x1eL\xb21.\x9a\x5c<\x8b\x17\
\xe6uYe\xbc\xd6C>\x10\x04\xceWrx\xd5\xec\
\xd9\x126\xd07\x9b\x94\xe3?\x81q\xf1Z\xa5\x84\xf4\
\xb4\xceb/y\x15>\x09\x0bD\x01,\xf43\x12\xeb\
15\xf4\x1a<X[\xb1$\x05\xe2\xefh\x223\xf5\
\xbf\xcd\xd0\x8c\x89\x03\x83#FJ\x0f\xc1\xf07\xbc\xe3\
\xae\x9b\x16t\xf4\x9b\x18\xd6\x93\x86\xc0[\xe2\x9b\x99j\
\xdb\x0e\x86\x8a\xfe\x1e,\xc5\x02\xc7q\xe2,\xec\xb55\
\x95\xb2\xae\x01\xc7\xbc\xc4\xd5\x09\x8dN\xacC\xc3\x00U\
\xba\xcd\x90\x89g\x13l5\x19\xd4\xcfe\x88\xaf8M\
\x8aD_\x991\x98\xde\xee&Q\x1f>m}\x1a\x0b\
y\xe9\x0b\xe3\x90\x98L|\x8f\xfb(&\xbf+Mf\
\xa2\x11eX\x01\x87\xee6\x91g\xaf9\x83\xb6\xe3\x97\
_\xf8\xd2\xf6c?\xf5\xfc\xb6\xa5lb\x00>\xe5\x8f\
\xfc\xe5\x13\x873\xa0\xc3F\x08\xec\xac7\xae\xac?\xd5\
\x89\x10I\x0e\x94\xa5\xcd:\x1a\xbe\x0bBYR\x99\xf2\
\xefJm\x15=\xacI\xab@\xde\x95\xdd\x9e/\xe7\x0a\
\xb8\xca\xe0\xc8\x11\xdb2Y\xcb#@:\xf0\xa7BD\
\xb2\xb9\xa0\x06\xe7:G\xdba\xf5wT\x03\xcf\x91N\
u}\x80\xdd\xec^\xba\x8e\x19\xb2\x85?k\xbb\xca\xbc\
\x968\xbc@\x80'\x8e\x87\xe1Y\x86\x13\x87\xffI\x9e\
\xff\x09\xac\xa2Z8\xf5b\x85I\xf0\x09\x96*\x22\x8d\
\xef\x15\xc35+v\xdc\x8f\x85\xb5\xe5\xb9\xce\x08\xc5?\
\x17\xae\xc9\xf9\xe6\x88\xd7\xf6R\x82\xff\x5c\xa6(c!\
\x87\xfd\xa0(\xfaE\xbf\x5c\xc2\x1dCh\xe3\xfa\xe1O\
Fv\xde\x9c0c\x0aS\xbf|\xfd\xbaO\xcc\xec\xe0\
\x19\x0e\xb3\x0a\xe7y\x8a}\xa8\x1cV\xa3\xca{\x1e\x8d\
Si\x06\xfc_\x9c\xa29[c\xc6\xc8H/\x0b\x02\
:\x84\xb7\xb9\xef\xc8th\x08\xdd\x18\xa0\xbc\x0e\xb4\xbf\
\x05\xc3\xbfT8\xb5\xb9=\x9b\x19\x9e\xb8\xf7\x13l\xd3\
\xda\xc3l\xd4\xbe\x16\x02\x88JJ\x0e\xb5\x1b\xf3\x97\xdb\
\xd8\xb2\xceG!h\x06\xdd\xc9\xbb\xe1\xf0\x0b\x11Z\x96\
\x02\xcb\x9a\x88\x18\xb2\xfe\x81\xdf\xb1W\xadOu\xdb>\
*\xc33\x044\x97\xca\xa8\x09F\xa4%p\xe0\x0c$\
.\x00\x81y\x11\xc3\x99\xd3\xb66\xe4&\xe9\xe9\xcdw\
Wv\xed\xdb\xbf\xe3_\xb4\xe3E\xf7\xbaz\x00|\x00\
\xfe\xc7\xcf\xbf\xb0\x9dvWI\xdd\x06\x93\x0a\xd4\x1cj\
lW\xc0\x81\xdb5\xc7\xadaS+\x97\xe4$x\xc6\
Rb[\x15\x04\x91\xd6K\xde\xcc\x817\xa3\x10\x0b\xf6\
\xcaL\x0a\xd8@\xec\xed\x9a\xff\xbb\xa6\xfa1\xb5\xbbm\
b\x10+\xbb\x06\x7f\x82\x5c\x065kR\xa3\xd9\xa2o\
\xc1\xee\xecj\x10d:f}\xc3\x82%I\x05\x92\x84\
x\x94\xfaek\xdc\xac\x0f\x8b\xe4>[=#\x83\x14\
\xe0\xa0\xeac\xeb\xb7\x97\x04uM$\xe4\xcb\xdb\x10\xf3\
\xe9\x9d\xe8\x90\xc6\xb6\xabFS=J\xc42\xdd\x8e\x88\
s]\x8b\x10\xfd*\xaay\xd6\x04I:\x86\xcbi\x1a\
b\xef\x22\xcc\x01\xc7\xcc\x9c\xf9\xbe\x94\xc4\x0b\xcfz\x13\
\x9a\xc7\xad\xa4\x09\xe8\xbf\xdc}\xcfh\xba\xf1\x80\x19\x1c\
5\x22\xd6\xcf\x0a7\xe7>\xc2~\x19\x8b[\xfb$\xca\
\x1c&\x8c\x9c\x1b@Q\x02\xdf\xb0P\xbc\x86Ez\xe6\
\xde\xcfk\xd8\xda\xe4\xb1@\xcd\xbbT\x7fv\xae\x05r\
\x8f\xfb\xc9\xbd\x11\xfa\x83\xb3\xedU1\x06\xcc\xcf7C\
\x7f\x9aK\xe2\xe4\xdb\xd7:;\xbe\x85\xfd\x19\xef\xc0\xf5\
\xca\x11\x9fJCe\xd7\xbc\xc9\xc6\xe6f`h\xede\
\xc6h\xb87\x99\x83q\xef\xe9\x8a\x0dgOl)A\
u\xbe\xb0\x00\xe8>\xdb\xa46\xd5\x1b\x18,]_5\
\xd3\xbe\x03A.\x89}\x15@\xb9\xcc\x10\x0fc!w\
\x82\xb8\x0f\xb9\xad\x14\xc9Fi\xccG\xa7B{~\xa5\
\xbd~\xbeF;k\xff\xf5\xc7\xffG{\xd1K_\xbd\
\xd8G?\x9ai\xf9\xbc/\xfd\xb6\xd3\xe1\xd4U\xff\x00\
|B\x5c\xc2\x10tI\xef\x188\x9fn\xfb\x18mE\
\xec\x1f\x00D4\xdaix\xed\xc8\x09\xcd\xc8\xe7M\x89\
\x14\xe2\xc61\xa9\xc5\x11$\xe1H\x22\xf7\x98\x1173\
\x17\xec\xe9\xe9\xda-\x81\x1b%\xc0\x88$\xa0\x12\xf3\x93\
\x09\x9b\xfd\xc8\xf4\x98P6\x9bT\xf5\x93\x0d\x8c\x06\xbf\
\x0b\xa6#r\xd5l\xef\x8b\xf9\xd0\xfb\xab\x12\x85M\xf7\
\x90\xc7 2\x0eY\xae\xb2\xb1f\xf544\x186\xd7\
\x86\x10\x89x\xe2IQ\x95\xaas\x8d\xa6\x9d\xf5\xfa!\
\x86\x8b?u\x8e\xe1bNQ\x83\xb4@f\x22\xafU\
\x98K\xe05^0\xed\xc5L\xbb\xc2kV\xea\xd6>\
\xf7\xbf\xce\x17%|\x97>\x17k\xd2G\xa6\xf0J\xe8\
:1\x94x\xf4\x0a\x8faE\x03\x80T\xa2*IH\
\x06L\xc0I\xf9\xa4\xb4\xaeN=gx\xdf7\xfeT\
\xa08f\xcf\xabz\x89\x05\xe3\xc1\xb9\xf44\x92\x22\x9d\
\xaa\x8eI\x18W:\x95\xb3D)^\xda\xe7\xef6w\
`nE\x93'\x9aC]W*eDB\x89Z\xdd\
\xc9\x03n]c\x7f\xda\xde\xa1\xac\xea\xfa\xfe\xc0U:\
\xd8D|\xe4M^\xa0\xe1\xbd\x1e\x7fL/T\xf1\x8c\
W|\xdc\xb8[\xc3\xc2@\xf9\xc3\xc8\xb8\xea\xee\xc3\xc1\
~\x1c\x9c\xfc\xe5B\xae\xf7gy\x844z\xd7e\xfd\
\x1d\xe0\x9f\xfb\x0d\x9c\x95\x99>\xcc\x85\xdf\x83X\xab\x11\
\x92Q7\x10\xf1\x13\xea3l\xd1\xb14\xe7\xa9\xe7\xbc\
0=\xbfK^\x0dc\xdbh\xdf\xff\x1d\x8b[3k\
\xc4\xdf\xc5\xf3i\xfe\x8a\x94K\xc4|\x07\xf6#>\xa6\
h\x0d\x1eOuP\x12\xde\xcf\x997e\x00aL\xc3\
\xbevQS\xfaL\x0ac\xf7\xefn\xc9/\x10\xfa\x0e\
\xda\xd0N\xedF\xdb\xb7\x7f\xfe\xcf~\xa8\x9d\x0e\xcbZ\
\x80U\x06\xe0?\xfd\xe8\xcfZ\x0c<T*a\x10\xbe\
*vH;\x969\xf8\x05\xe1\xb9#v+)\xae3\
\x12\x01p&\x18\x8at\xeb$\x92\x9e\x8e\xd8\x85\xd6\x19\
\x18b\x9bY\x9af\xd5\x1f\x9f\x15\x00\xf5w\xbd\x08\xe3\
dU\xaa9\x8f_\xb9\x9d\x0a\xb1\x18b\x0aW\x93\xf7\
n\xd5w\xab7\x9a*\xfc\xbd\xe3\x88\x15R\x19\xc7\x11\
\xa7\xa7~/\x13\xa8\xaam\x5c\x0f\xc1q\x05\xd1\xb11\
[,>\xb4\x15Y*\xf2\xf0\xe1\xd3%\x91\x891\xc2\
%<\xbb\xb0\xcc\x8d\xe1XWc\xc3\xa6\x19\xdb\xf1\x84\
\xc0\xfe2\x13\x04\xd4\x89CrVT\xb8\x9e\xe1]\xe0\
\xeaG\xc5\x07l\xff\xa6\xa6\x0d5\x17\x92\xcd\xac\x1f\xf5\
w\xcb}`\xefK\x84F\xa1&\xb7uk\xfe\x1c|\
\xadF\xf2k\x05\xc4u]\xa3\xc3E\x89\x95\xc6\xfe\x0b\
\xc3+\x04\x1aL\x041\xc7\x94,\xa5\x0b(\xeb\xf5\x8e\
\x92t\x5c\x0bKL\xa4\xfd>\x0d\xc4\xa8\x1c\xb3cn\
\xe2\xc8\xfa+p\xf8\xb3<\xf9\xd8\xe2\xfa{\x02\xab\x99\
4\xcd\xbfm\xadr\xa8\xaf\xef\xc3l\xcfz\x079\xd8\
\xb2!H\x8d8\xad^\xd3\xdb\xd6B\x10\xe8.i\x1a\
\xd3\xf6\x175Mg)}\xf2\xcd\x15\xaf\xee\x87\x9f\x81\
\xa6#'F\x85}\xd7\xc8\xffE\xe3<\xa5=\xf9\xce\
.\x80\x07;\xf0\x8e\x18@K\x8b\xc3\xa8o\xc4\x89\xb9\
\xc4klF\xea\xed~\xcf\xbf\xf8\x8f\xed-w\xde{\
k&\x80\xb7\xdc\xd5;\xd6=X\xbb\x9d\xbd?\x9e:\
\xe4\x9b\xee\xb7$q\x87]\x8bR\x1b\x9d\xa6D\xb2+\
\xf3W@\x82\xa6~E\x5c\x86\xdc\xe7\x94Tbz\xb0\
\xb0\x0a\xd4\xad\xd2\xb0;\xb4\xc7\xeeuo\xfa\x8bp\xbd\
R\xbfZ\x1f\x8d#4d\xb8\x1c[m\xdf+\xd5\x91\
\x0f\xddq!M\xb4\xf9j\xe6$\xb7\xe3\x91rn\xdb\
\xbf\xc3uU3X\x85\xa9)\xcb:x\xd1.\x8d5\
\xc01inT\x22\x18\xd2\xe3\x16\x9bL\x89\xbfl\x0c\
M\x93y\x98\xab\xa7%U4<\xcc\xb3zmK1\
\x84>\xd9DXOR\xa9I\x80\xb5\xbfG\xae\xdb\xfe\
\xf2Z\xe8m\xf5\x13\x13\xf5\xe9\x05S\xc4\xe5\x8b3!\
\x85\x81,#\xb59\x81\x05\xf3\xe2\xec\xd40\x17\x89\xf6\
\xc7\xfa\xeea\xb0\x06\xfc\xe0\xb3?oY\xc06<\xe1\
\x18D\x9b\x13\x99\x07\xf7\x88\x09\xf71\x1c\x88\xa5\xacB\
S3eP\xcf\xa6!\xb7\x8c\xbf\xeaQ\x8e\xaac\x0b\
?f\xfa\x99\x9d\xc3\xb4\x87m^8j$\xfe\xb6\xf5\
[\xafd\x1bw\xae\xab~&\x1f\xef\x5c\x0b0\x80\x07\
ED\xc0{~\xc3Z\x18\x99\xa3e5\xff\xc8\x9c^\
n\x9f0e\xe1\xad\xd6I}\x95=\x81\xfb\xb0q\x9f\
,4\xaf\xa7o\x16\x09\x80<2\xf6\x02\xe6 \xa98\
\xbc\xc3\x95\xe2z\x14xs\xbf*\xb8\xe6~\xdf\xf1\xa6\
\xbb\xdb\x0f\xfd\x7f?\xd7nZ\x03\xf0\xf1\x9f\xfe5R\
\x9b\xa8\x8a\x0a1\xcb\xb2\x84\xf56\xeb\x18\xceq3\xf1\
A,\xa7b\xc2I\xa5\xd7\xaf\xf5D1\x88\xd7\x14B\
\x01BP\x0dZ\xbf\x1f}\xcc}%\xb1\x8f6a\x10\
E\xce\x97\x1fs\xf6/q\xda^\x8b!WB\xbf2\
\xa4x\xb3D\xb5S *\x09q\xadI\x1d\x81\x89\x09\
y\xf6\xe7\x1c\xfd\xa2\x0a\xc9;\x04\x09C\xe5\x93\xfdT\
\xfd\xca\x0b\x7f\xebve\xc9-:\x81\xd5\xd2\x036\x94\
\xb4\xc9\xe2\xaf\xa9\xe0\x16\x0e\x1f\xb2z\xa1\xee;\x1f\x9c\
\xcf2<H\xed/\xb6\xd2\x98\xa7\xfc\x14\xa2.\x16\xa5\
|\xac\x9d\x04\x7fM1\xed\x9c\xf3\xfc\xf3\xad\x9a5b\
\x8c\x22\xb1\x07\xc1\xb4\xedX\xe5\xbf\x8b\xf5n+^\xfa\
\xef\xcc\x8b\x0b\xc5\xd3\xae\xdb\x9e\x18\xc7\xbd5\xb2#\xbd\
\x95\x08\xfa\xac\x0cH\xcf\xddc\xa4\x1f\xd7J\xae\xbf\xfe\
mJ\xec>\xdf\xd0 \xe0\x83\xe73#\xee\xeb\x9a\x8f\
9jDt\x8b/\x0c\x94\xccJz^\x99O\x12\x94\
\x12k-8\xeb\xad\xcd\xf9\xd2}\xba\xb7`\x0e\xc53\
sI?\x16o\xee\xe3\xdfI\x80L\xe3\x1b\xeb\xd5\x15\
_\x0aHv.f\x17\x22\xd6\xa4\xe3\xf4\xee\xae\x1e\x87\
\xc7iC\xff&\xf3\x11\xc7\x9c\xcf\xf4p\xdangz\
\xf0BGQI\x09/\xf4k\x8a\x93;\xb4\xf7=t\
\xf4\xac]9\xdf\xb5\xe7\xfe\x93\xff\xb7]\x5c\x5c?\xdd\
\x94\x06\xe0\x05\xbf\xf2rS\xbbR\x12\x12q\xb4\x83U\
W\xd5(\x00\xe2\x9c\xabb\xee\xf7L\xd5\x98\xec\xad\xef\
\xbda\x91\x90\x84\x03-uq\x9f\xfa\xc9m\x96\xbf\x1c\
\x8elH\xe5\x8b\xd3\x9d\x18\xc8\xbc\xa2\xf8\xd5\xfe\x83\x93\
#0\xd0\xa4o\xe4\x8d>\x022\x13\xf1\xa5q\xf4\xac\
K\xf3\x83F:\x03\xe1\x91vv\x1a\xb4<\x02^U\
\xc7\x8bC\xb2\xe0\x85\xfed\x8e/\xc6\xd9\xf3B\x92\xb8\
V\xb2\xc9M\xe6\x01\x84R\xb8_\xae\x7f_z\x01\x04\
\xefzY\xe5\xfaL\xe5\x81\xbd\x22\x93(cg:\x1f\
Y\x07\xd8\x14\xec\xf8\xc8R\xbe\xe5_@\x95\xc6\xb4Y\
\x1d\x1c7=\x08|\xb3Y+B\xd0\xc0qK\xff\xc5\
w\xc24*\xd9\xe6/\xe3\x17'\x1d\x9f\xc0\xa8bZ\
\x18D2\xcf\x90\x04\xc5\xa6k\xf5J\x22+\xc7\xf6\xb3\
$\x8c\xb5_\x9f\x8d\xc1\xcb\x1b~\x01\xbd?\xc2\xd0\xd0\
\x01]\x92\xafB\x12\xfaT\xebS\xfb \xb6i\xf4\x9f\
w\x12\xd7\xc7\xc4\xcfb\x98M\xfa\xcdc\xf5\xc9i\x10\
\xe6\x99\x11\xb8_ay}\x22\xd4\x8e\xd7\x08\x0b\xcb\xeb\
\x8c+i\xfd\xd2\x9a\x0d\x99\xf4h\x19\xed\xe9l\x8a\xc5\
|\xaa!\xf5S\x7f\x9eq\x1c\x84\x9339\xb4\x86\x9e\
$\x0d\xd7\xd8\x8f\x11\x1e\xb9\xef\x99|Y\x5c>\xfa|\
R\xa1G\xb9\x0e~\xce\xc3_\x19\x0a\xdeMH\xe3\xeb\
\xeb\x8c\x9b\xc7\xef\xb9\x11\x96\x84C\xc9\xc7\xd0\xf6\x171\
~8=\x14\x02\x80\xf7\xfb\x0aUU\x87\x81\xc5\xc2\xb8\
\xce\xcd\xb7\xe4\x05\xa1\x91\xe8\x9es\xbd=\xcd\x93\x1e\xc5\
z\xeb\xf9\xf4L\x9b!\x07\x13N\x00_v\xae=\xea\
\xb3`&\xb0of\xf5\x0f\xb9\xff\xb3\xc6R\x1c\xb0\xed\
\xb7%\xfd\xe1z\xa3\x16hh\xc7\xedw\xc6K\xa3\x10\
R\x09\xb3\xaeBu\x12\xee\xda\xc7\x9fx\xde/\xb6\x97\
\xbc\xe8U\xe5X\x08^\xb3\x1b_\xf5\xf5\xff\xect\xfd\
\xfa\x08\x0c\x9bk?QH\x978W(\x98\xe4\x10\xd9\
`\x1b\x04\xc7\xae\x92\xfb\x1f\xce,O*\x90\xac\xe6\xc0\
\xa6`U\xb2\xdb\xc8*\x09X\xfb\xe3\x22\x05\x01\xcd\xae\
/\xf1\x9d\xdc\xa6\x0f;\xcb\x85\xaf/)ULz\xf2\
\xbe\x0b\xc6<IF\xbe$eE&\xc5\x08\xa1\xd9\xef\
jsA\x1en\x88\x90q\x19\xd6\xaa\xe2OW\xab\x90\
\xef0\x17\xc5\xb3yc \xe9\x05_`\x89\x8b\xf97\
\x8a\x134fS\x9e\x9f\xa9\x18\xa1m\xbd\x8c\x93\xccH\
\xa8\xc5\xffC<\xcd\xec=\xc0p\x0e\xcb,\xf5]N\
\xeau\xa7\x86\xe5\x845\x9e\xf8\xd3\xc5t\xfa\x99\x86\x13\
\xc2\x01\x95P\xb4\x1b\xa3\xdf\x13\xdb$\x7f\x7fV\xba?\
X\x06\x04\xb0\x92\xf2#b\xae\x90\xf4:\x0c\xb7\x95\xb8\
\x96\xfcg\x1d\xe6\x99\xb1\x9f<\x15\xb2(9\x18$u\
=\x11\xc4\xc9z\xf3\xf8\x08\xf1\xf71\x06\x1f\x7f-~\
\xdc\xc7\x91{A\xa0Z[%\xa2\x1f\xca~\xc39\x0d\
c\xdf\x0d\x9e\x0e\xffy\xfc\x1a\x18\x10\x8f#\xe7N\xb5\
\xd5w/tA\xf0\xf3\xf0d_\x1f\xfb\xb5\xa5\xef\xf8\
[\xadSB),\x19\x85\x8f9\xee\xd5\xfd\x0cZ\xd5\
\x8d\xfbzx\xce/)1g\xdfL\x99\xa9\xf9\xab\xb6\
\xc3\x18\xfc\xfd\xfdY\xfb\xc1\x1f\xfe\xd9v\xe8\x89X\x8a\
2\xed\xd9\x0f\xfc\xf0O\xd1]n \xe6\x227\x07:\
\x5c\xa8\x93L\x94\x84cBh\xd5\xa9\x89u\xc3\xa3t\
\xec\x93\x95\x94\x89Yb[\xbcx\xd7cPU\xb5;\
8\x13&U\xd0`{\x1f\xcb\xd8\x86\x7f\x96\xc7M\x8c\
\x8d;Jw|?&\x8a\xa9\x16\xa4\xef\x8f(/\xdd\
\x1c\x9d\x16\xa6\xd73=\xa2B\xdc\xa0F\x844\xe0k\
\x1b\xe0\xe0\xa5\x0a\x97\x88\xc4#\xafl\x96\x81D\xa9f\
\xab\xd4&\xcd3--;\x9b\x01u(/tiD\
\x19:\x1d\xda\x9d\x22\xaf\xa2xB\x94\xb9t\x1a\xe3q\
\x05\xb6\xa2&TEWxv7\xfd\x8eT-\xcc\x04\
1\x03\x13\x98\x17M\x98\xb5e\xecQ5\xeb\x91jg\
\xd6X\xfa\x8fy,\xca\x9a\x16\xec\xc7\xf5\xf8\xac\xb0G\
}\x94\xf7l?\x1bsR\xe1\x92\xb6\xe2r\xc8c\xaa\
\xfbe\xf5P/\xe25\x08\x1f!biy\xdf\xcf\xef\
\x83\xa12i\xde\xbf\x83\x9c\xf19\x1c\xd0\x9e\xf3Rv\
\x1ca\xc5(,\x15/hD\xdf\x8c\x08\x1f\x8dl\xd0\
\xc4]h\x03\xcf\xca\xa7\xd8\xb7\xfe\xb7\xe2+|\x82\xe4\
\x9cZ-\xd7\xff2\xe1\xac\xc6\xeb\xb5\xa4#q\x0c:\
\x98\xb6\xa5\xbe\xb52\xacK:\xe8tI@\xbc|\xdd\
3\xc6\xb0\xd6>\xa6\xb2;\xb4\xefz\xee\xbfn\xf7_\
\xbfQ\xde\x9eB\xf8\xf6;^'\x99\xdb\xfc\x01 \x16\
G\x0b\x95<uFB\x93\x86\xb6\x0b\x07\x86(i1\
\x07\xce\x07\xfb\x88j\xc8y\xbb\xfacy}}\x91+\
r\x12\xb9W\xcbO\xed\xf7\xf5F)\x89\xcf\x86\xcd\xbf\
\xbc\xf13\x91\xe4O-I\x80\xf8\xcf\xeb\xaf\xb4\x079\
\x99\xca\xactu\x10\x02B\x90\x97\xea$*\xfd\x18r\
\x05\xdb\xa3\xe5\xcc_[\xb83UU/J$E\x11\
\x0e\x84\xc7\xc3u*\xcf\x82\x8f\x1c\xce\x90q9\xbb\xad\
ek\xa7\xde\x0c\x91\xa1\x1a{nI\xa2L\xca\x91\xd4\
\xaa\xe2;\xe0?@\x9d\x9c\xbfrY\x0a)a\x85g\
\x85\xb9\xa9`\x89\xbc\x8e\xbc\x0f\x9c\x8f\xbb d\x95P\
\x9d\xf6\x80\xa5\x9dX\x97\x87I\xcd\x9c.K\x17rg\
B@\xb3\x06\xab\xfe\x00O\xcc\x88\xe4\xda^\xf4H\xbc\
\x86qj3\xd0\x91\x95u\xeb\x22\x1dB\xc8\xafTK\
N\x9ck\xf8\xb5\x10\x12|\x7f\xbd\xa4\x5c\xf7}\xa9o\
9Zg\xfe\xec\xa8\x99\x99=W\x8eb\xf1\xf9q>\
F\xeda5~\x82A~\xd0*RU\xf9\xc6\xb0\xfe\
\xcd%\x13we\xd2\xd3\xf8OA\xbbQ\xd3\x17_G\
\xb5\xcf\xb7\x08\x86\xbc_\x97\xb3v\xfa\xfa\xb6\x081~\
?\xcch\x15\xed\x88\xe3\xae\xbd\xe8\x95\xb7\xb7\xe7\xbf\xe0\
e\xdb\x19\x80?\xf3\xa5\xdf~:\x90 \xd1c9\xf9\
L\xef|Z\x1fU\xee$uF@\xb2\x99\xd4\xab;\
K{\x1c\xeb\xca\xc4@\x06)\xde6S\x09\xdd\xcd\x9b\
\x974\xb8M\xde \x08\xed`~\xda\xd4\x97H\xaa`\
\xe0\xe0\x0a+\x8e\xd0\xd7\xef\x81Xi\x06<7>\x22\
\xb6\xe8df\xc4C\xf2\xf5\xef\xbb\xed+\xcb-1f\
\x17\xf5f\x7f\xfa\xae5\xe8\xe0:\x13\xe9\xcf#\xae<\
\x063\xb10A\xebs\xd8m\x86\x9d;\x85M\x8a\xa4\
.\xbf\xa0w\xdbUO~\xbc\x9d,z\x8dPX\xc4\
\x14\x8e\xc5\x94\x9bR?\x91\x0d\x0c\xa9\x93\xe1)-\xef\
I\xeey\x8cC\x11\x03Ic\x22\x95\x15}\xa2\xfa\xbd\
c z\xa6\x87/\xf1|\xd1\xf7\xb0O\x99h\xd8i\
\x83\xdc\x98%L\xaa%\xe4\xa5\xa2i?I\x12\x073\
\x01\x8d\x88'\xa6\x82t4\xe2\x85\x99!~B\xd2\x87\
\xea\x1e\xc2{\xf0=\x11[\x7f\x7fO\x9c^s\xc9\xc8\
\x8a\xe1\x09\xdb\xbe\xaf\xd3\xa0\x089\x9c\xa5N\x1c\xb8\xe5\
\xefg\xe6\xd5\xc3\x07s\xea\xa5w\x13\x1c|\x82\x1d\xf4\
\x89\xea\xf2q\xf70\x8d\xe8\xdcD\x0d\x98~\xc79\x14\
\xe4G\x846\xa5G\xbb,\xe3F\x06z\xfc\x1eC\xc2\
(jK@\x84\xf9Bf\xd3ef j)\xfc>\
\xb4\xef\xd8'\xf67\xccY\xd2\x10\xd4\xf5\x0a\x1b\xad\xd1\
\x018\xae\x16\x02\x04\xf6vg\xec\xfb\x7fH\x7fl~\
S\xde\x5c@\x18\xb3\xaf\x8b\xc1\xc1\xce2\xe3y\x1c\xef\
q\xc3:\x9d\x92L%\x1a\xdaV\x08\x06\xea/ex\
\xf22\xe6#\x16>{\xcd\xa4\xb3\xf2\xa7\xb6\xcb}h\
\xdc\x0c\xde\xd1\x89o?\xd5`\xc4\x8b\xf6\xee\xb4/\xa2\
\xd1Q\x07v\x87O\xe9o\xc5j\x0d\xc7;/5`\
\xe1\xf8A\x91Z\xbdC4\x9a\x93\x85]\xb9r\xd6\xbe\
\xff?\xfcd;\x14\x99\x01K\x06\xe0'~\xe2\x17\xc4\
c\xdas\xef\xe3`yP\xe2})\x9d\x8a\xd2YV\
\xb9p\x82\x18o\x0b\xbfL\x89\x9chmb\xa0\xc3;\
$\x1c\xcdRqF\x04?k\xb7\xd2X\xf8\xef~3\
\xf8\xebq\xccqAg\xa6B5\x1e\x9aN\xd9/z\
C\x0e\xf4)T\xb4\x8c\xe0\x18\x86\xe6\x90\x87\x04;\xb9\
/c\xdfak\xaf\xf6\xeee%Y.v\x1c4T\
\xfe\x81\xe8\x88\x1d\x8eC?{\xf2\x99\xde\xe7\x8a\xc0H\
m~a\x13\xae\x93\xecgI\xcb\xe3O\x88\x0c\x9b\xce\
\xafMY\x8fU\x88\xa8kE\xae\x99CP`\x00\xc1\
\xa2\x91\xc4.!F}\x8d\xf5D;\x1b|^\x88\x01\
\x92\xd0BF\x1e\xcbq\xf2\x81|\xeaP\xb7\xed\x13/\
\x0d@}k\xcc\x98\xad\x8d\xbdJ\x8c\x06I+\xcb\xe9\
qs{\x1a\xe6\xac\xed\x8c\x1a\x97\x8a\xb1\xd6\xf5\xda\xdb\
\x13\xdfW\xfa\x9e\xcf\xe3p\x9a\x04\xee\xa9h\x93\xd4\xf9\
7\x04\xb2.\xaa\xfc\xa1\xa9\x88\xaa\xec5\xe6.24\
y\xed0\xa3&\x89a<3\xeb\x08\xb8\x87-\xb7\xb7\
\x0c\xd3\xaa?\xf6;\xef\xf3\x90\x81C}\xe2}\xdb\xd1\
\xcb\x1e\x8c\x80#\x88\xb2\xfeY\xed\x0ff\x19s9\xf6\
\xefrf6\xed\xb6\xee\xe3r|\xca`e-\xd2\x1c\
N\xfee\xefP\x9e\x89n\x16f\xd6\xfa\x7f\xca}K\
\x82J\xf5\x8c\xd6O\xe0\xe3}\x9f\x13k\xd5/\x5c>\
\x17\x01o_\xe4\x1ep\xf4\xd7U\xa5\xb0\xd8u\xa7\xf5\
]\xfb\xb7\xdf\xff\x03\x9c$7\x95\x12\x83\xbd\xfe\x0dw\
\xca\xf1\x82Gz\x99'=Vn\xdc\xb8lV\xefx\
D\x1e\xdec\xfc\xf9no\xa1\x1ay\x22\x96\x80\xa4$\
- \x10p\xc3\xf9YC:\xe0\xb2C\xdf\xd3\xa6\x9f\
\xb5\x9b\xb9^\xff\x89}\xc9\x08k\xac#\x8f7\xd7\x95\
G\xca\x88\xdbL-x\xa7\xe8d\xd0fdU\x90\x8f\
!\x1e\xa4z!j n\xfe\xb9\xeay?\xbe\xd98\
\xf3\xb8X\x05(~\x00\x84\xacE\x0d\xb6[\xda\xcc\xfe\
\xc6\x08+\xf5\x09\xe8\xea\xd9\x11\x22\xd1\x01'\x8d)\x8f\
qSA&>\x9f\x91O\xb55\xc5\xc1RB\xa2\xd8\
\xd9yd82z\x83\xa4\xb0\x8c\xee\xc6;~\xed\xe6\
5\xc2\x7fs\xa8c\xe5#\x81\xc49\xa7\x9b\x82S\xde\
\xbf\xdb\x19z#^\xca\xb4\xec\xec\xe8\xdd\xb8\xf6\x12d\
v{qP\xb5c\x8a\x99\xbf\x17\xe7a\xcd\xd4W\xfb\
\xac,\xf5\x11\x0c6\x92\x06U\x12\x7f\x94\xcc9z\xa5\
\x92\xf6\x96\x08D\x0dU\xd3\x92T\xfd\xca\xfb\x11s\xea\
\xe7\x19p\x0c[ha\x0a\xf3Z\xf0\xf5\x90\xe6D\xd3\
\x9f\x83A\xf6\xbf\x97\xe1\x98\x9f\xa1\x99*p^0\xf5\
\xde\xa4P\xa8\x9a\xdf\xb4\xbe\x99@\x8a)S\x9b\xf0\x0e\
\x9a\xfb\x11\xb7L\x19\xaf\x88\x8b\x96\xf6F\x86\xd1v\x8d\
\xea\x16\xd8\xc6\xbe\xc1t\xce&\xabQ0\x15\xcf\xa9\xf6\
\xe2W\xbc\xaa\xbd\xe8\xc5\xaf\x5cg\x00\xfe\x8fo\xf8'\
\xa7\x0b\x92\xa2{\xc8\x9e<\xd4\x09w\xe8\x84\x1f\x0cs\
H X\x9e\xc0\x0f\x83S\xbf(\xb1k&\xa6bN\
\x8ck\x07\xad\x0aay\x9b\xa991\xa6\x9e\x14u\xd5\
\xed\xd6\xdc\xae\xbf\xde\x19\xa4J\xea\x9e\xd5=^\xc3\x06\
\x8eY\xe5|[\xbe\xc0\xe9/G~\xc7l]\xcbc\
3\x8f\xdb\xc8\x0c\xd5\x84$\xf6\x1d\xd1\x01\x1d\xce|\xda\
\x99\x0f\xf1*\xd6\x09\xe53wR\xca\x22Ru\xf7\xc9\
T\xe16S\xf0\x0f\xe0\x19\xae\x98\xab\xea\xf7Z\xb1M\
=\xbe;\xc6\x85{\x13O\x95q\xcd\x91w:\xfe\xb5\
\x92\xe8\xeb\xb2\x85HU\xfd.j\xd2z8\xe4\xd3\x11\
\x0e\xa8\x88\x95\xbeB\x17\xca\x04\xcd\x1f\x0a\xb4\xd6\x0f\x10\
L\xf8e\x0c\xc8}\x9a\xcb\xc2\x88\xbaI*\xbbA\x85\
O\x8ci\x92\x1aU\x89I\xb7\x1c\xc3\xacB\x06\x8f\x87\
\xea$-\xdbiQ\xa2_\x82-\xe0\xa4\xca\xe9\x94\x0f\
\x80\x9e\xd1aI$K\xd6\x80\xa8\x8a{\x81\x91\x17S\
\xe3\x12\x0e\xf4\xfd\xf7\xeb\xd5\xd6\xa1\xcc!\xf5#E\x19\
\x14>\xda\x81\x99PB\x9a\x08\xb0\x0bu5XY\xc4\
\xc8\xa8\xcd*\xe2\xfdE\x0bV\x09\x5cL\xc0\xa0\xb9E\
p\xa3\xd7\xb6\xd4\xe6\xd7\x08#\x0b\xd7\xe5\xb0\xc6n\xe6\
\xebg\x94\x1f\xf8#\xf3U\x09\xb0;/0%\x06\xce\
\x9e5\xba\xe6\x99=\xf82\x0d%\x9c^\x1bO\xba,\
a\xef\x19\xdd\x09\x82\x08x!8I\xed#\xacR\x1a\
k\xfaK\xa1\xc1}\x10W\xdbO\xff\xd4/\xf6:N\
\x8b\x0c\xc0\x8f\xfe\xf8\xcf\xb7\xf3\xb3+4\xea\x98\xd8\xc7\
\x16}\xfft\xdb\xf1\xd1\xab@\xfb\xb9\xc7C\x90d\x80\
\x0c\x03\x83\x80\xc7g1\x87\xc4\x16!WuV\x0f\xcd\
= \x8d\x08\xb0\xc4Kq\xbab\x06X\x0bK\x5c*\
\x9e\xeb\xcejI/\x05\xe0/#\xce\xb3\xc9\xe4F8\
X\x19\xb5$<^p\xb4-\xe41\xefy\x18\xb2c\
$\xb7\x03\xd5{T7\xe6D6:\x1ep\x8d\x87n\
\x13f\xff\x0e\xb6\x97\x17f\x0e\x09\xff\x06\xe1\xd73\x07\
\xe0$\x08\xcaF\x8bs\x841\x9c\xdd\xb6\xf2\xf5\xba\x1d\
\xceX[\x00$\xa1u\x12~\xef\xf1\xd3\xa3y\xa5\xda\
\xd8C\xfd\xc1\x1e\xeaah\xf0[\xda\xb0i\x84\xac\x02\
\x9e2u\xfb\xd0_\xae\x0cDa\xec\x18\x9d\xb8\x89\x0d\
\x0b\x9f\x07\xf1\x7fp\x9c\x912\x7fp\xbe\x1d\xd7\x1c3\
\x92lf\x89H.k|\xf4\x06\x98y\xda>Q\xad\
l%\x9e\xef1\x12\xfcY\x92\xa0*\x92\x80m\xeb\x07\
\xfa\xeb\x1d\x8d\x1ds@\x8cA\x84*\xde\x85w\x19\x1c\
2\x11>\xdc_\xc1Z\xe5\x1c\x00LT\x98\xc8\xb0\x86\
\xc0\xad\xb2\xb6OD\x06\x8c\x1e\xfa\xe3\x19\x12\xd3\xc8y\
\xf8\x9a\xa9o\xd8;\xd2U\xff\x85O9\x19\xf5=\xc0\
_\xb9T\x92\xa3\xc2J\xd7\x86\xcd\x8fg\x9a\xed\x99*\
\x01\x1d\xce\xf2\xc0!G\xbc\xcf\x10~\xcd\xbf}{\xe4\
\xbc$\x87\xad\xe5=\xc1\xf0\xc0\xfc7g\x16\xf1z\xe9\
\xbc\x8fXB\xe7\xbdbQ\x12Bh\xd3i\xabUQ\
8\xc0$\x84\xbeM\x18\x1ef\xd8\x92\x03\xf5\x0eg\xaa\
 'J\xb4\xe1\x93\xa8\x05U\x10\xf2f\x08\xb3\x92s\
\x90\xf0\x1a\xc3\xfe\xde\xa6Mc\x1eN\xd6;\xd1\xc5\x11\
7\x00\x0e8Z;\xe3.\xffL\x86\x0d\x8f\xf1\xa2\x9d\
\x9f\x9d\xb7\x7f\xf3\x1f~lH\x1e5$\x02z\xe5\xab\
_Gn]\xcc\xdc\xc6\xb4\xbe\x9c\xc4\xc0mT\x9f\xa4\
\x05R\xfat\xbe\xd8A\x83\x10!r\x1e\xbb\x05f\x00\
\x1a7\x87\xb6\x97\x9e\x8d*\x16\xfc\x85S\x90(`\x17\
\xd3~.\xdf\xf3\x7fg\xfd\x88DhY\x85\x078\xd8\
ufx\x187A%%6$7.X\xa0T\xd2\
*\xfbj\x8b\x98\xdb\xab\xf3\x15x\x02\x19$]M\xe2\
22\x02~\x8c4gJd\xa2y\xa6\x9bx\xf2Y\
z\xb6V\x199+\xc7?\xc0F8uZ\x1f\xf2\xa0\
c\x8eu\x9c\xe8\x8b:\xd1\xf99v^\xf2\xd3\x92\x99\
\x06SC\xcf\xca\xba6\xc1\xe0\x11\xc7\xed\xe6\xdaIc\
\xd3ZB*\xe2\xd4\x07\x9cV&\xed9:\xb9\xba\xe6\
\x06\x15\xa48\x07U\xec1\xa4J/\x99l\x93LW\
\xc6\xc5U\x15~\x0f\xc9Y8\xf4\xc5\xc6\xc5Hz,\
\x84j\x97\x18>\xdf\x07\xe7d\x8a;\x95\x9a\xbfd\xdb\
\x9d\x96\xc2\x8f\xabl\xf3\x16`5\xb4[i9\xd5\x7f\
b\xec\xcf\xda\x5c\x854\x13\xfed\xcd\x5c\x1b\xd1\xc1\xbe\
R\xe2\x1a\xc6\xfb\x9e\x81\xe8\xc5\x0b&,\xa9B\xab \
\xe6a\x92B\xdd\xfa\xef\x1a\xbe\x22-{\xdeK\xe3\xf8\
\x13s)\xdd\x1b\xd7x\x84\x8b\xc2g\x7f\xc6\x8e\xd0\xd8\
\x1b\x8dW\xd6\xd0\x7fW\x8f\x87fv\x96\x0c \xa35\
\x02\xae i\x8af\x11\x1aN\xbb\xc2\xb0\x99\xfb\x04(\
s\xbf\x9e\xf9\xcc\xc1V\x18\xf3vl?\xf9\xbc\x9fk\
o\xb9\xeb\xbe\xf0\xdc\x80\x03\xee\xb9\xf7\x86nJ\x1f\xb3\
?\xe6x\x07\xffm\x9d\xdb.9\xd5\x9c\xad\xfc\x1a\x06\
\x92\x9f\xf7m\x19\x92\xe3\x1e\xcd\xde\xc9m\xcf\xea\x9b\x8d\
\xa1\xd2@l)\xf6>\xdb\x9dl\x91\xc78N\xfd\xee\
6\xd8\x90\x90cJ\xdcj$\xe1a1\x1d\xff\x0e\xdc\
s`\xd6\x8bw;\xc7\xeb\x994\xa9\x0b[v\xbf\xe7\
T\xcaz:\x19\x1e\xe0\x8a\xf5tB\x89\x02\xb0\x0f{\
!\x93\x02Rm\xe1\x06\x9f\x98\xbc\x08\xc4\x9f'\x9c9\
zQy:\xa6d\xa9Dp\xf0\xf1\xb5\xccy\xc7\xbf\
\xc3'\xa7b-BZ\xb9ls\xea\xf1NVam\
\x89%\x9c\xb54IC\x94\x85\xae\x82Ty\xa4\xea\xd7\
\xae\x1e\x92\xb3i\xd9Be\xba\xbc\x8f\xb6\x15\x8c\xa6V\
\xe9\xfa0L\xdfV\xd0\xbe\x85y\xb3\xfd\xa3W6\x98\
*\xdch\xecZ\x96\x8aU\xe2\xcf\xc4,j\x03\x97J\
6\x85l\x81\xdde\xf0\xe6\xec\xb9\x8c\x93f\xa9j=\
sO\xef\x8b\xb4\xbb\xa5_V\x8c.\xf0\xfc\x8c\x92\xbd\
\x7f\xdf(\x87\xc00y\xa3U\xf8\x14\xc2O5\x9eQ\
\xfb\x9b\x88\x7f\x10\x1e\xcc\x7f\x87\xccC\x83\xa3z3\x06\
5\x8c\xd0N\xe3\xf3\xc2\xe9\x22s\x15L%\xacY\xd5\
k\x1b\xf7]\xfe9\xae\xb9Z\xa5\xb3\xb4\x86\x88\xd1\xdb\
\x9f\xda\xdd\xf7\x1d\xda/\xfe\xf2\x0b\xe7\x0c\xc0\x1f\xfd\xbc\
o9\x9d\xed\xfb\x09Q@\xbe\xd9\x0c\x00I\x15\x93\x16\
\x1b\xe3\xc955HWib.\xbay\x80\x89\x83\x84\
\x09NR\x10D\xa4:O\xb7\xea\x09+\xa4~,\xe8\
%\xa9_\x81\xe2\x16\x0f\x85\xd7I\x86\xbf\xbc\xb0L\x95\
n\xaa\xbey\x12\x9f\xb1\x8d\xacI\x90\x04\x9b\x9et\xa6\
\x88\x01\xdb\x5c\xca\xa1\x0b\xd3pV \x17\x03\xd7\xa89\
YBX\x15L{Q\xf5)\xd9[\x1d\xc1M\xd2~\
\xc5\xc01\xc7\xef\xa9\x0c2\xf9\x81\xa0U}\x89\xf69\
\xbb\x1a\xcd\x1dF\xfc\xe3fR\xf2B\x88lIr\xd0\
\xc5\x1a\x9c\xf0B\x9b\xb7tHOPP\xf3\xbfB\xc0\
\x83\x9a\x907\x83\xfe\xcd\x0c\xa6_\x194\xfedS\x0c\
\xe3.\xe1\x89H\x128:\xe51\x8a\xe6\xad\x9f\xa4\x99\
a#\xf7m\x1c\xdb$\x0d\xdf\xff\xd93\xf8x\x7f\x0a\
o\xda\xa2\xd3\xfbN\x05C\x8e\x8f2\xcea4\xab\xfd\
\xd3=\x9d\xea\xe6kN\x90H\x0c\x96I\xd99#\xe0\
)\xc0\xd7\xfb+\x1c'\xfe4\x97e\xa0\xd6\xd6`&\
\x80\xfe\x9d\xd9\xbe\x0e\xe3\xf6\xf3\x8d\x1dDZY\xdbs\
Z_\x11z+<\x11\x7f_P\xfa\xaa\x10\xe3>\xbe\
\xbe\xcc\xc0h{\xb27\xf6\x83\xd3\x9e1\xe2\x9e\x06\xd2\
\xd8\x08\x8d\xeeJ\xa7\xdd\x1a\xa6V\x014 \x01\xb6i\
m\x970-\xa6I\xeb\xd1\xb3\x09F\xbc\x17\xeb\x1a\xc3\
\x97\x0d\xc6K>>\xa3\x80\xe0\xeb\x0fL\x8b\xf4\xe9\xca\
\xb5\xdb\xda\x8f\xfc\xc8\x7foG\x97\x150P\xe1_}\
\xe1+\xc5\xf6\xcf/FU`\xedl\xc6O\xb3\x14\x06\
\xc6\xc1\x8e.\xf5\xb1\xcfRO\xcf\xa3\x1f\xb2\x0a\xfa6\
r\xdc>\x87\xac\xb1m)\x0e\x92\xfd\x12}\xea\xdc\xde\
~\xb7\xa12\xf4<\x91\x9em\x96\xdc\x87\x8c\xcc\xf8o\
\x94Pz\x1b=\xaa\x0c\x933\x22\xc0\x1c\xde\x05G\x10\
8;\x1d\x8b\xf8s\xe7]N\xb03\xce\xba#I\xbf\
@cr\x1e\x17\x03,9\x11\xf8\xba\xcc\x11\x9d5\xbe\
\x9b\x06\x9d\xe9\x19\x0b\x12N\xc76Q\xfe0\xf7\xda#\
\xfc\xb9\xaf\xf4\x5c:\xca\xb9\x9aC8\x18\x829\xa1\xb0\
\xbf\xa3\xd8\xb7)v\x1d6\xbeD\xfc\xc4V\x0e&\x92\
\xed\xe6h\xe0 NX\xbc\x8e8^\xdc\xc1\x1b\xd2\xad\
\xf8B\xcc\x10\x0a\xaf\x8d=\xfb\x06y\xc6f\x03\xb2f\
\x04i\xf1\xd7\xa6\xb1q6q\xe4\x16\xa7\x1fl\xcf\x83\
\xdaT\x91\x95\xe3>p\x8f\x0c'\xfa\xbb\x8f\x9b\xb5-\
\xe8/b\xfe9s\xa0b=\x83W\xd8C\x91\xe9<\
sk(\xa81{x\x10,\xb02\xe7QC\xd0]\
M\x8d\x19\x8f[\xc6p\x00\xfcL\x18\x1eY\x13\xd2}\
Lz;\xfd/\x7f\xefy\xe6\xfb\x91\xdf2\x04\x81\x87\
8\xee\xf5>\x11<\x1c~\x08\xb3 kQ\xfcO\x90\
\x0b\xdf\x8f_]ReL\xb8\x8f\x93'\x8d\xb0q\x16\
\xc5\x9eS\x03\xf6\xea\xb8\x8eY3\xe6\x09\x01\xc6k\x1a\
\x16\xdb\x93>q\xd6\xc0\xf4/\xa8\x80\xb71\x07N(\
\xc8\x9a\xa80/\xce\xf6\x9ek\xe8cgn+\x12F\
\xf2\x1dC\xa2\x03\x9f\xfdP\x9e\x95s\x11\xb8\xaf\xb0A\
\xf1\xfb\xddT,w\x1c\xe3\x99\xf6u\xd2X\x87D`\
:\x1e{\xdf\xceL\x91\xd3`\xf5|\x93\x0a,\xe6\xf8\
\xc6{\xa5o\xecQ8\x1b\xdf\x19\xb3e\x9e\xdc\xc1K\
\x84\xbf\xbc#%\x0eZ+\xb4,a\x0e\x04\xb7\xd3\x18\
\x14\xc6N \x16\x5c\x11iE`/\x95\xb8\xb3\x89\xef\
\x18\x04\xeaY\xce\x80\x18\xe6\x1e\xb5h\xfc\xb7\xef\xab\xde\
\xafC\xfb\xd1\x1f\xff9\xdd\x7f\x83\x0f\xc0\xed\xafy\xe3\
\xa0ve\x02\xc1\xc9L<\x07h\x87\xa6Bj\x85\xbe\
$s]X\xfc>\x9c\xd0\xec\xcd\xb3\xc9R\x95\x1b\xa9\
\x8d\xc5\xa9\x82\x9a\xc0Q\x9d9\xe4\x03\x00\x9d\xab\xbd}\
\xbde[\xc28\xf8\xe7\x11\x17\xed\xcd\x0b\x15g\xc8u\
\xcc9\xb2Y\x7fJI\x05D\xbds\x1a\xf0\xf6MU\
@;1\xd6\xe5\x10\x14\x10S\xa1\x16\x1e\xfa\x91\xb8U\
?6>?\x09L\xd2\xd8f-m\x8fi\x9c\xf5^\
\xe8\xae\xb7\x05\xe20O\xed\x9d1\x82\xeeZ?\xa5\x8e\
m\xf7#L\x06\x84*a\xac\x01\xce=rC\xd6\x8f\
:\xc5,\xc0Hf\xa3F\xd6D\xe8}\x92\x95y\xf1\
LI\xf0\xd0\x9e\xa4\x81\xe5\xd1\xc6PN\x0f;\xdf_\
/\xb1\xa1\xbf`\xc4\xf4]WkL\xc9\x1dMy\x95\
\xff\x88i\xa7\x96\xae\xcd\x10\xaf\x88}4X\x9ft\xa6\
:\x1e\xd7z\xc3\x1a\x03?\xe0h\xb3\xef\xaad>\x9d\
ql=\xf7\xcc`\x95\xfb/\xebF\xed\xc2\xa3\xd4X\
\xcd\xfb\x12\xdd\x9e\x13\xf51\x87\xc8X\x0aI5_\xf1\
\xb8s\xd8\x04v/\xd6\xcfG\x0bg\xe6\xc4\xf7\x83\x05\
\x10a\xae=Jwx\xdf\xdf\x00\xfbS\xc2'\x0dC\
\x19aw^\x01_K\xc9\x90\x84\xc1V\x7f\xa758\
'Gt?\x9e\xfcl%\xf8\xb5lr\x02\x8f\x03\xb4\
\xe8\x9e_\xa2U\xe6\x9b\x94f\xd0K\xe9no\x0a\x05\
s\x07\xdd\x19\xbd\xe1\xbe\xc9\xe1D\xbb\xd11\xb4\x1aO\
^\xdb\xb9\xd1\xfeh\xc7u/x\xfe\x8b\xda]w\xdd\
_3\x00\x87\xe3\xb1\xed\xcfXJ\x03\x14\xfc\xc6A\xac\
?\xc6+'\x86\xbb\xf3\xda\xb3\x1eC\xe8\xb6J\x16\x0b\
\x9cY1\xc0\xa5{\x86\xa4bl\xea\x14\x81Olx\
^-\x96\x91\xa9\x7f\xd7\x06\x94\xfbR\xdb]\x81H\x8c\
\xb1\xb0\x09\xaa\xdaP\x13\x844C\x7f;3\xb2\xb0\x03\
<c\xe2z\xabm\xa0t\xdb<\x18\x9b\x8ay\xd1\xa5\
K\x84\x89\xc7p.\xfd\x09<\xea\x84\xc9\x19`*\xff\
*\x81\xcd\x98\x99\xaa\x8a^\xfc\x0a\x0f\x91\x9c\xf9Q^\
@0\x85\xc0k\x97\x7f\xd7\xf9\x04\xf2\xfc\x0f\xc4\xdf\xc1\
\x1d\xa1W~\xf3z{o.&\x01\x1a\x22\xb5\xc7\x04\
\xb1\xb6m\x85HM\xd2:e\xe6\x9b\x9e\x0b\x5c\x7f_\
\xa3#\xfc\xc3\xfa\x0b\xba\x0d\x1f\xaa$\xa7'\xea\x1c\x8a\
W|p\x84\xb3\x84^u\x1b3-\x00F4:a\
\xa2nzZ$|\xeb\x11sB~+\xf8\xd1\x95s\
 D\x1fd(\x9a)\x1cQ\xcb|fH\xf5\xec\xdf\
\x90\xc4X\xd4\xb1\xd1/\xa0.N\xeb\xd3Me\x0bO\
b}u!\x86q\xc1\x18\xf9\x13\x99\xe9\x15\xe6\xc23\
@\x89\x09_\xc2o<\xd6\xb3\x0d>*\x8eY\x03\xf2\
V<\x8f=\x8b\x88\x96\x99S\x09f\x873K\x0e-\
\xa4\xac\x8eq\x1e\x97\xfb\x17\xc6'R\xb22\x01\xee{\
\x85\x93K\x86y\x8f\xec\x9a\xce\x84y\xc9\x02\xbc\xcd\x7f\
\xbd\xf4<\x118=\x03\xd55\x924\x0e\x17U \x8b\
\x17q\x18\xa5\xa9\xa1\xd4V\xefV\x9f\xbb\xfb\xfaE{\
\xe9\xcb^=\xae\xe4\xcf\xfb\x8b\xdfubI\x9b\xd5\xc6\
\xa3\xe4\x80\x80\x11V7\xc0\x1b\x93\xcc.\xceV\xe6U\
\x91\x16\x16b\x80\x9a\xa1\xc8\xd9\xe2\xe5>\x11\xbb/\xc9\
\x89F\x1b\xfde\xed\xb7K\xd2\xab\xbf\x9f\xa5\xfd\xacf\
Y\x1a\x8f\xef\x13\x90b\x1e\xa3m&p\xe7v8\xc8\
|\x19\x8ea\x92\xb9\xaf\xf8]K\x7f\x05\xac4K`\
\x84\x09\xd5\x89\xfa\x8a\xb6r\x9b\xb9?\xe5\xb5\x10\x17\xcf\
K\x5c\x7f\x0fH?K7|:\x1e\x83\xbdP\x8bd\
\xe4Rhz\xa60p\xb51=\xab\xc7EY\x0d`\
#\xa4\xe7\xa0r\x1c\xd8\xdf\xc5\xe2\x99\xc1[)A\x8a\
\x85\xca\xd5\xc1s\xf6\xbc\x0c\x12W+\xd9exoY\
\x93e\xf31[\x13~\x8d\xa1\xdd\x91y\xdc\xe6hW\
yql{on\xc2\xba\xd5\xb9\xa8\xfaA\xf5\x0a\xb3\
\xb7\xf6,~s\xd7l\x06\xb3\xd4\xbe\xb4\xd7\xfdsy\
/\xa8\xc4\x8cH,\xe7[B\x84\x10\xac\x0c\xc2\xd8\xa4\
\x0bL\x9f@8\xeb0\xb5t\xc5\xd6\x02\x18~\xfd\x8b\
\x13\x17\xe5\xb0\xb0\x0af\xbb\x1a6U\x084W\x0a\xb3\
\x86'\x86u\x89\x04\x93\x8b\xa7[\xd0N\x11\x0e\xc6\x89\
\x82\x0b%\xcfC(\xa7\x0d\xcf\x94\x95\x8a\xb9Fzd\
\xe6\xbfy~\x98\xa5\xfa\x15G\xec[\xbbz\xed\xbc\xfd\
\xe4O\xfe|;\xca\x82T\x0d\xc0K\x7f\xfd\xf5\x84\xd8\
.D*R\xba\x9b8.\xe3\x96\x84k\x16;\xa7\x88\
O\xd6\x81~\x91\x04X\xf0\xc7\x12\xe2\xb64n3\xfa\
\x9ad-\x5c9-<=]N8G\xf5\xde\xec\x9d\
\xf5\xaaRF\xb0\x9c\x14\xc3lb\xa3\x84\xaf\x1d\x0f\x00\
\x8c\x8b\xc4;\xce0\x03du`sy\x82c\x5c\xaf\
\xdf\xb0y3\x8e\xc4s/&7\x93\xb4\xa0a\x89\xc5\
\xab\xb9\x8e\x9a{`I\xb31\xc29\x12Hl\xf0A\
\x1a\x96\x1c\x04z\x8co\xd6\x1a\x88\x000H\xdd\x80\x0d\
\xcd\xbd\xc1C\x9fA\xf2(\x04\x08\xa9\x84\x22Ja\x1c\
\x83K\xb9\xeey\xdbw\xb5\xbd\x81\xc0\xcf[\x9cC\x98\
Pf\x1bD\x11\xac\x98\xb6t\xc9\xed-5\xad\x0f\x87\
\x00\xcbk\x17\xb8oHCL\xd09zi\x82\x01\xd3\
\xeb\x91\x98\x08\x19\x93qu\xaa\xc2M\x12\xebH\x7fe\
o\xa9t\xe2\xb4n\xfaL_\x8f\x96\xd1\xac\xd2\xd0\xd0\
6\x95\xe6\xfb\xf7n\x87\x0fzN5\xd7\xc0\xb4\x92%\
K\x83]]D\xea\x22\x15\xea\xd1\xfc\x1a\xfao\xd1|\
\xb1C#Bs\xbdIH$L\xc7\xc8(\x12\xa6\xfa\
\x1c`d\x0c\xa6\x11\xc2\x0c\xcd\x10\xdf\xd1\xfc\x04\x84\x08\
\x9f5\xc9$\xc8\x0bWO\xbdc\xa6\xd2\xec\xf8Ua\
\x189\x098\x8c\x1e\x0fq\x7f\xd5\x8cA\x82\xcb\x9c\xa1\
\xc4\xfe\x983\xae0u\xed\x82\x06\x88\xfb\xdbs\xfd;\
\x9b;\xa1\xdc\xc4\xf8\x8b\x1d\x19\xdf\xc3^!\xd3\x07\xdb\
\xac\xc9\x04B^w\xd8\x7f\x82g\x10\x99C\x8c\x00\x9b\
\xdf\xa2\xf6\xc70\x94[\xcd\x91\x81\xf1\xeb^5L\x19\
\x1e\x9cU\x91\xa9.\x22\x0b\xce\xc8\xcd\x92\xfd\x8a\xdc\x9a\
\x9f\xa6\xcf\xe5\xbe\xfb\xf5\x11\x97,\xf6 \x9fq\xd3\xa8\
/0;\x0a\x13\xb8\x9b\x10\xf0\x8c_mI\x86\xb1!\
\xab\x822Y>\xea@p\xd8\xa9\x0b\x0dT\x9d\xd0Z\
\xf8N\xc8\x1c+\xa3F\xcfF\x5c\xa4\xf7\xc2\x1e\x1as\
\xa2X\xe1\xb3.x\x9cl\xfe\xfc\xa5\xe7\xbf\xc4\x12\x82\
\xe1\xb1W\xde\xfej\x06\xf5\x02\x95&\x95)\xfb\xee\xa6\
\x9c\xec\x91\x8b\x1a:S$\xd4\xc9\x9d\x1d\xd5\xee\xb1\xed\
\xe1=\x0a\xd7\xd2+\x89\x08y\xa2\xd2\x09\xa4!\x81%\
\xa95\xf7e\xaeU\xf0Y\xbe<\x14\x96m\xc0\xfav\
\xf030\x17=\xb6\x7f\x19\x835Iv\x1b\xfa\xe9\xa7\
\xfb\xd2\x9c\xa6\x22`ht\xcc\xa9R\x09\x8a\xe6)8\
\xc5\x11\x0as\xe4\xe7\x9456\x9c{\x9f\x12E\xa5\xf4\
\x94\xf6\x1e\xb5\xac\xc8\x8fi\x11\x163$ECb\xbc\
\x01m\xd7i\xbem\xaeP\x19\xb5\x9c\xc8g\xa6\xf9\x88\
L-\xa7\xadF\xa4\x07\xd7\xd4\xffrf\xb7\x8a\xe4a\
\xad\xb3\x14\x83\x8b\x96\x14\x1b\xbf\x81`\xd7T\x03K\xda\
\xabA\xd5\x07\xe2X\xd41ez\x5c\x17\xc6\xb8\xf7\x0c\
\xab|\xf4\xf7\x9afM\x0eY\xd2C\x9e\xe2\x9e\x86w\
\xbf\x8f\xfb\xc9u\x0e\x12\xb3\x1f\x87[[\x15\x92\xab\xc6\
\x1c\xb4\x22B\xf8\xbd\xb9\xc5\xf7\x83\x9c\x12\x93\x93\xa3o\
\xc7\x7f\xaf\xd6S\xee7\x0e\xa5\x999f\xe5\xfa=\xac\
f%\xde\x83\xf3a\xc5,\x5c^\xa340\xefJ\x9c\
M8Xf\xa6\xab~O\xa4Sa\x22\xd4\xe1O\x99\
\x04\x9fk@\xda%?=\xe5<\x9d0u\xa9\xe1M\
\xfb\x15\xc6\xdc\x0e\x9b\xd6S\x1e\x0b\x1frV\xe3\x9a\xfc\
~\xb5vh\xfd\x09\x96'\x08$M\x0f?\xe84\x00\
l+\xc8C\x09\xeb\xbd\xa2o\xda>%e\xdc\xb5\x9f\
\xf9\xd9\xe7\xb7\x8b\x8b\xc4\x00\xbc\xfe\x0dor\xa95\xcd\
\xf3\xb0^\xa42ui!g\x89\x97\x7fp\xb6\xacJ\
\xe5\xb6\x0c4|\x83\x8d?.\x02\xbb\xc6\x88\xdf#w\
\xe2\x0f\x88\xda#KDT\xe1\x8f\x1c\xb6\x938\x92\xc3\
\x9a\xbf\xc6\x1f\xd7\xe7\x15I\xd3\x17?13d\xe65\
\x05\xcc\xe0/#\x05Z@\x05b\x195\x1du\xbf\xb2\
\x16cD\x068\xa2\x99\x91\x19\xba\xb3K\xc7\x08\xe3C\
\xd2V\x97\xb2\xe4\xefl\x9eu\xa1&\x86\xf3X\x84\xc5\
\xa5Q\xa7\xbe\xc7{\xbe\xff\x15\x81\xa9\x90\x08K\xe7^\
\xb5\xd6B\x7f\xaa\x02)\x9f\x7f,o|\xablt\xf4\
\xcb\xf3\xb5V\xc7\x1a\xe1\x9b\xf6C\xfe\xe607\x9e\xa3\
\xea\xc9\x85q\x14%\xc3\xddX\x09a\x84\xbc\x9f\xd6\xc2\
\xfc\xdazt\xf5\x89fau\x8c\xc5>\x82T\xc5\x96\
Y\xcbc\xe1C\xbe\xd0HyR]ag\xad\x08n\
^\xe3\xa6\x8d\xa9\x883g\x10\xc4g\xbd\xf8\xfa\x8d\xa9\
\x98\x22{\xd0\x07\x8c\xbfK\xf8\xa2\xde\x87Gy\xf0,\
\xf7\xe7[\xc0\x83\x9e\x90\x8fh\x10\xfdq\xc6\xaeOc\
\xdf\xb6\x17\xd3\x12sDO\x0c\xeb\xb3\xbc\x0b\x84\x05S\
\xe6\xc1 \x14-dz\x9d\xb4\x1ca\xd5\xfc\xfc\xb8\xe4\
J  \xae_\xd3t\xcazz\xe4\x98\x98\xc9\xd3\xc3\
\xa1\xb8\xfc\x0bAK\xa0x\xd7\xa25\xc2\xba\xd3N\x8c\
c\x9f\x09\x01Y8\xfe\x95\x17\xfdz{\xc3\xeb\xdf\x12\
k\xe9\xc7\xffz\x80\xcc\x88\x94\x07\x98\xff\x0b\x86`&\
}\xf9\xceT\xc89v>s\xe4vB^\x17'\x90\
\xf6S\xa5\xc5\x12\xe1c\xf3vM\x81-\xe6j\x14\x10\
.\x19\xb6\x99\xac\xcd6\xdb<\xd6\xda\xf7giR\xc2\
\xe6\x02\xe1'\xe5\x0a/&\xaf\xcd]\xe4\xf4uC\x8d\
0\x9d\xf5\xcb\xeaa\x15\x92W\xf5\xfajm\x83\x8b\x86\
\x00\xaa\xa4b.\xfdw\x0a^\x13\xdb\x90G\x12d\xc9\
\x81\xa4\xee\xd7\x0e\xd9\xd63B\x1cc]!c\xd9f\
\xf4\xc8\xb6\x96*Gd\xecuG1\xc2\xc0\x83\xc7\xaf\
/\xbc\xa5\x0c\xe0\x90\x95\x91\xb5%\xbe}\xaek\x1e\x96\
\x94a\xb7\x89\xa8\x13B\xc4I\x97N\x22\xd8RR\xb8\
&\x07\x18Zl>\xc7\xc5GM\xd6e\x91{\xd8\xcf\
I3\x97\xf7\xd1T\xa2\xce`\x98\x80\xa5\x82_\xc83\
\xa0\x12?\x8f\xd5\xb7\x06\x9f?\x8c\xdb3\xc3\xbe?\xdb\
%s\xfe\x8d\x1c\x1a\xb3\xb0\xc0,d,\xe1\x07\x0c\xde\
`\x088\x9a\xd4<[3Y\xe0X\x82{\xc5L\xa3\
m#\xbc>\xe1\x8f\xecX\xc7lx\x98\x05\x05N\x05\
\xbe\x82\x19\xd6\x96e\x98\x9e\xb1\xba\x0c\xb3\xbbZ\xfc\x9e\
>\xe5\x86\x9de\x8c\x09\xda\x88G$\x5c5\xc7c\x96\
\xb4e\xc3\xfa\xe1\xc8\x88\xb8\xf6\x96\xe6\xe7\xb2\xfb1\xbf\
Gtt\x7f\xa5\xdd\xfe\xaa\xdf\xa0\xdf\xb4F\xbf\xf2[\
\xbe\x8f\xe7\xa9r\x86\xd1\xc3n \xd1\xc3\x19O\x06\xe9\
T\xb8a\xd1QF\xb3\x02\x80j\xc7\xaf\x91\xb54\xaa\
\x00\x11y\xc0\x14\x9f8\xf7}\x02\x94\xfe\x9d\x0f\xe8\xe1\
8g;2\xd7\xda\xf2\xc0\xf0\x99\xde4<\x89&\x1f\
}8q\x86;0 Z\x8f\xc4{\x0ec\x18\xbd|\
\x87\x09m\x86\xa0|R\x14\xea\x1b\xe2r\x8b\x09\x1c\xa5\
\x8c3\x95\xb6\xb5\xe2\x85v\xabb\x89M\xc6\xc5z\xec\
\x01\xf3*\xf1\xb2\xe4\xd2\xedW\xd6\xd0\x98]\x00\xda\x8b\
>(\xd6`\xb0z\x98\xa2\x86\xc5~J\xa7\x94\x13\xe7\
\xcc\xf9\xc5Y\xa3\x80\xb5\xe5\xac\x87\x9a\xff6&\xc0\x01\
\xbcKd\xba\x9b\xf9r\xc8_!\xa0\xea\x9b \xda\xa3\
\x01\x80\x18\xb7s\xf8c\x09A2\x8a\x89\xa4\x12\x92\x1e\
\xe5\xc4\x1ddf<\x86\xd8\xe7\xa5\xb0\xa6\xb5\xf9\xa2\xfb\
\xe2\xff\xc0=\x88\xde\x00\x5c0?\x18\xa3}\xbcIF\
dB\xca\x97\xdf?|\xa8\xcf\x19\xe5\x0d\xf0Q\x0e\xcb\
\xc5\xc5:\x8by\xa1\xafc\xf4U\xa5\xc9\x82\xc1\x19\x10\
\xbbr\xe0c\xa0\xfb\x10\x19\x91$sbfd\x0f\xf9\
\x22\xf2\xc2\x94EB\x04\x04\x8e!\xae8\x0d:c%\
\xc0\x22\xc6\xbe\xe3\x5c\x09\xacC@\xdb'\x08\x0a\xebG\
\xf2\xa5X\xdc\xfb<qO\xfc\xee\xd7\xad|\x8e\x07=\
k\x83\xe00#\xaa}V{>\x0e\xa8\xba}.\x00\
\xa4\xdev\xf8\xdd4\xa7>\x82 \xf7\xd1\x09kn\xe7\
\xf0x\x9c\xf0\x94\xfatY\x8d\x01K\xc3\xcc\xf6\x8f\x03\
\x93}\xa0\xf0)\x00\x00o>\xeds\xaf\x0fp8i\
\x1b\x80\xf7\xcc\xd1\xd0r\x89\x88&I\xc2\xf4\x02(\xf4\
\xe1\x98kA\xc71\x8c\xad\xcf]\xca\x9f\xe0\xb4\xa0\xbe\
.\xde\xfap\xf4\x9d'\x01\x0am\xe9\xb8}\xd4\xd4\xae\
\x9d]\xd9\xb5\x9f\xf9\xb9_i\xc7\xe3\x05?\xf1\xd2\x97\
\xbe\x8a\x17\xe8nL\x80\x00N\x9eY\xa7\xc8\xc1zd\
\xa2\xd2\x12b\x8fu!\x8c\x5cn\xde\xc0\xb1\xf3\x22U\
C5\x14\xb8\xd6\xda\x0b2\x13\x82\x0c\x8c\x99\xa4Qq\
\xe6\x9c0\xc4\x85\x05\xa9\x94>J\xc8f\xa2ZW\xb7\
W\x12hx\x0f\x1bY\x16\xfb\xb1\xc3!iy\xd68\
\xe1e\xa6j\xfa\xd64\x92\xc2N\x814n\x7f\x84e\
m\xda\xb0\xe22)\xba\x8d\x88M\x9b\xfb\xac\x88D\xfe\
5\xbc<S\xbfr\x1b\x9ei\x9c\xc3=\xdf[\x87\x0e\
mRIf\xd4IL\x86\x93\x86\xc6\x969\x19j\x98\
\xddL\xa9%!\x84K\x0eOO\xb4!c\x1fqV\
#%\xec)\xd4\xd9\xeb\xeb\xa8\xde\x1b\xf9\xdd\x92\x19\xdb\
X\x06\x85\x80\x0f\xddM\xcaP\x1c\xe3K\xce\x87\x0b&\
4_\x97\xb8\x99\xf2\xfbb'\xf59\x00\xb3_%\xb4\
Mv\xf8Q\xec\xab\xcfH\xe9\xf7\x04\xb4l\xfc\xde\x96\
5a\x8cv\xb5\x84f\xeb\xca\x9b\x01.-A\x878\
\xc3\xf5u\x105\xb5\xeb\xedL\xfb\xbca\x9d\x19a\xf3\
D\xaa-\x1f\xb2\xb5\xa1\xec\x92fw\x9aG\xb9\xe8\xf3\
\x12-[\x92\xdcMCHw\xe7\xe6\x02\x95M\x84i\
L\x8e\x9c[\xc7\xce\xcc8\xeb\xc1\xf6\xbb\xf3\xf6+\xbf\
\xf2\x12\x82\x1fE\x01\xbc\xf6\x0dw\x894\x13\xed\x11:\
(\xe5\xe4\xc5k\xd2\xdf\xef\x04\x80\xda\x16\xb5u\xf2\xaa\
]\x02J\xfe\xad\x04\x00\xc0I\xaa\xa0\xb5\x92\xd5\x8d\xf9\
Z\xd5\x9e\xbf\xaeq\xe1\x12\x85\xc0\x04\xaaNtau\
\x83\xdf\xdfm\xea\x0f\xff\x10$!\xb6&\x9c4&>\
\xe8\xd6?\xb1\xb5\xe7\xbeV\x05\xc7 \x13:^J\xf8\
\xe3\xee\x9b\xda\x7f|6\xc2\xcf\x08J\xae7.\x5c \
FDq\xa4\xf6$\x8b\x1b\xab\xd0\x90\xa8H\xe6\x99F\
\xdf\x8f\xa0\x86jS\x92\x80tA\xe7\x84\xc5\x1f\x0f\xee\
\x19\xd5\xb6\xe8\xc3\xbcD\xd8\x5c\xe2\xd8`\x12\xddz7\
\xccN*\xfa!\x8d\x88\xc8\xaasN\xe2!}v\xb8\
k\x9e\xc9\xadh\x16\xf6G%\x9c.\xfbc\xfd\x86j\
\x08\xe0\x91<\xce7\x0d\x04\x10\x80\xb9\xd3\x9e\xdd\x06\x11\
\xe9\x0f\xe6\x99q\x03y\xd7\xcb:1m\x80\xc7%\xfd\
\xd4P#\xb8\xb9\xb5\x9e\xb1\xcc;*\xce\xa6\xc7K\xff\
0(U\x19\xe3V\x99s3y\xf3\x8f\xc2\xec\xe3\x0b\
\x0e\xb5\x89\xfb\xdf\xd5\x0b\xa0,\xf5\xd9kT\x8b\xfaq\
.\x9f\xec\xa60\x8e\xc8L\x98z\x03\x99<\xb3\x9f\xd3\
\x88\xfbRT\xc0@8|\xdf\x8a\x18vO\x83\x93\xe6\
\xac\xdeK\xa8?\x9a\xc7\x86q/\x98\xc9\xa0\xef\xe2H\
0h\x89 ,z\x0du\xc5%\x89v\xf3d\xe6E\
\xaaq\x92\xb4\x8d\x8b\xd0\xb2\x9c\xb5KKl+\x9bZ\
\xd6\x0a\x8f_\xa2\x1e\x1c\xb3\x8e\xbd\xd7\xf7\x80\xce\x9fc\
\xe6\x14\xe7\xdc\x84<\xe1\xe7\xaa\xe3\xdf\xdb_\xf5:\xce\
\x00\xda/\xf5\x1f|\xa3\x9e@\xa1\xf3\xa2\x0e\xb5\xb4\xa4\
\xec4\x12\xa5:\x03@\x5c\xb8\xf8>r\xc4\x890\x11\
\x11\x90\xc9\x22\xe0\xd76TO\x04\x06\x95\xe0\xaa\x8d\xab\
\x9e,\xeb\x8f\xc9\xa1\xac\x06\xe7\x09c\xf5\xdd\x9c+\x9e\
i!\xea6\x1c\x0apNH\x81\xe9ruV\xaa\xc2\
\x0c\xc7\x91pG\xd8nY\xa8\x19\xd1\xf4\xbcml\xd7\
\xe4\xcf\xbc\xf0&\xb5>\xcd\x00`>\x05\xd6\x07\xe6L\
m}\xb4\xa4\x8e[\xe0\x90\x87>D\xd8\x8c\xed\xa7l\
\x910)\xd1\x14/07I\xd2\xd1\x0f;\x03\x8c=\
\xd9(u-1j\xda\x0fw)\x10S\xff^\xf5\x9d\
\xa6d\x1e;\x0c\x86 \xaf\xe9\xb5u\x5cI\xf3X_\
yM\x92\x99\xe14\xfa}\xe3\xa3F\xb8\x9e\x03\xa3\x10\
\x18\xc6+\xd1\xac\x01I\xbd\x93\x7f\x1f\x17\x945\x02\xf8\
\xb0\xd9\x83#T\x98\xd1\x80y$\xfa\xfcd8\x99\x86\
'j\xfeX\x05o\xe9\xb6\x91\x9f\x82\xf1\xe2\xb8f\xf9\
k\x9d\xcbC\x1b\x08\x91\x1e~\xfe\xd60\x7fA8H\
E\xc2\xa6\xa3\xaaE\x10\x16_\x87\xef\xca6\x06\x19\x15\
\xd8z\xd0\x8f\x08\xea\xdeo\xe7\xb2&\x00\x81\xa8\xbc\x8c\
4\xbey\xaf\x8b\x90P\xf5L\xb4\xab`Z\xfc\xb8v\
\x13\x01\xcb`\x9d\xd4\xedpj-\xd4\xfc\xbe\x9e%\xcd\
K\xa4#5N/ \xe1\xceCHc_\xea\x0b9\
\xf2\xc7z\xfa\xd0~\xfd\x15\xaf!'g\xd2\x00\xbc\xe5\
\x0dwJl\xa2\x89m>{\x1c.\xb31\xe0\xc0\x89\
P\x5c\x0c(\xa4\x08\xe5\xc4\xd8\x93M\x8e\x1d\x8dR\x1b\
b\x96\xc1\x05\xa9\x84\x94\xa5\x14u\x08\xb3m\xcdmY\
\xdcl\x0d\xdc-\xdc\xd8\x92jLB\xd3\x5c\xe2\x0b\xb3\
\x89\xb2\x0fC\xf5N%I\xfb\xfe\xe4k\x91\xd0\x8bt\
L\x02#\xc7)\x83\xf3\x85D\xdf\xe7#\xd7\xe7\xc7J\
kR\x10\x11\xb4(\x04=8#i\xfe\x06\x86wG\
\x82\xcaq\xea[\x22M\xa9\x03\x93\xd7~`a{F\
\x03\x0c\x12\xd7\xcb~\x02vpk\x9e\x03\xf2\x17\xe9\x0b\
\x92\xdf\x90\x05\x8ag\xba-\xf2 \x0c\xa6\xa4\xe4\x0c\x84\
iI\xbaP\x888$\xc4}\xf2\xc7\x87r\xc0WT\
\x83C\xb9\xc1J\x09v\x82\x83Z_\xdb\xf6\xce\x90\x88\
\xe5\xf5R\xbd\x93\xc4\xa2\xc0`y\x06\xf4Z\xb7\xf1i\
\xbd\x9c\xc7\xc1\xf7G\x11\x13@\x0e\x86\x05#\xeb\x1a\x08\
wx\xab9\xaeb\xe4\x11Y\xa9\x0dT\xd7\x9b!J\
 h\xba\xac\xe3Z\xd2\xa8\xd8\xbe\xe3}\xcc9(\x14\
\x1e\x1cH\xae\x08\xb9\xbf\xdd\xb5\x00\x9c\xee\xa5F\xb4\xda\
M\x99\x841Lq\xec\x83oW\x9f\x0a\x08\xd5\x08\xc4\
L\x18\x88\xe3\x14\xc8\xa9\xb6\xcb\xea\xe6\xfe8R\x1c\xce\
1\xb0\xf8t\xb2\xcf\x0a\x0fI\x18\xc4;\x16\x0e\xb8\x88\
%q\x83\x1b\xb7\xc9\xeb\xc8\xfa\xcf\xbe2|tz^\
\xebXs\xba\xbe\xa8\xaf\x8c+\xb5N\x1c\xd7\xab\xc3\x91\
\xbc(\x9a\x18\x02\xf3%\xbd\xa2\xd8\xf8l\xaa\x8b\xb3A\
\xf0\x10m\x9e\xe5\x1c\x10\xe6_\x92\xc2\xe9Q\xdd\x01W\
q[8|w3\x0b@y\xc8E\xf3\xbc\xb7\xa8\x86\
P\xff$\xcfJ\xbc\xc68\x9c\x1c\xac\xbd\x10v\x04\xc3\
\x06\x1652\xcd6\x00\xec\xc3\x8e\x9f\x0c\xbf\xe2\xf03\
\xef\x0b\x12\x18\xb1\xa9\x99\xc0$\xff\xd0\x8c\xa6'g\xa1\
\x83\xe7_\xcef\x09Z\x03\xf8m\xcd#I\x82\xaf\x12\
\xe0%gE\xbc\xf2\xf6;\xda=w\xde\xc3\x0c\xc0\xe1\
x\xa1\xa12c>}\x0c\xcc:\xe8\x073\x12R\x9c\
\x08g\x12F\x1e \x0a\x0f\xc0\x7f\x97\xc5AD\x0a\x0e\
2\xf6nv\xe8\xf3ufb\x93\xaf\x81\x88\x9a\xd4\x03\
b\x98c\xc7\x11F\xc8\xa4\xd1\xfa<_\xb2D\x80\xe9\
8\x5c;K`:)Y\xda\xa2y\x062\x17\xb8\x09\
\x14\xd9I\x09\xaa\xbe\xf5-\xa3\x92\x187\xc4\xed\x99\x1c\
\x12$;f\x0at\xab\x86\xf1\xf9\x96\xe0I--\x0c\
\x1a\x82\xa8\xf1\x99!\xe5>wJ-\xd9\x89\x069\xfa\
\xc3a#\xfd\x9d\xe8X\xb6\x04C/\xbc\x00F\xf0\xe8\
\xe6\xd4\xcbQ\x03\x92\xfd\xcb\xe8=\xda\x138(\xa6)\
\x12\xe0\xfa\xe2\x81R\x1e\xc6[K\xcej\x865\x9c\xed\
\xb4C\x9d\x8e\x01\xd4K\xf4\x8f\x1d8T\xf7\xc9T\xae\
|]\x88\xb6\xe2JhjPc\x94\xe6\xbd\xfa\x17\xf5\
\xf8\xe7\xd6\xc7\xce\xfd\xf3)\x7f#\x8e\xf0k\xcd\xe7\xdd\
\x9f\xc9\xc4i\x0e\xc3^\xe5\xfa\xb2\xf6k\xc9\xa4\xc5\xbf\
s\x1bs\xe6\xc4\xb7\x9b_\xf4\xac\x821\x99\xee\x1e\xda\
]].\x22\x04\x00\x08\xfa|<\x97\xa0dz\xfc\x1a\
\x0f|\xd2(\xe4\x84\xb9\x93u\x9f\xb5\xb3\xba\xf6\xab^\
\xfa#\x02:#\xcb\x87\x84\x84\xfb\x84\x0b%\xb7\x023\
\xc9\x89\x00.\xc2\x22\x0c\xde\x88!\x04\xd0\xa0\x9dM}\
\x9b\xe0\xfe\x8a\x00\x87\xf1\xed\x9c3\xa4\xde[\xa0%\xb5\
\x1a\x85q\xd7$s\xe0\x88+7h\x08u2G\xc6\
\x11\x82[E\x8b\xa7\xd5y:r:\xb4\xfb\xae\x1f\xdb\
\x9b\xdex\xaf\xd0\x01w\xb4O\xee\xf8h+\x89\x0e\x07\
\x83\xea\x84E\xc8@,\xc6:\xd7:\xcc\x1e\xe3\xb0\xee\
U\x88\x0eH3O\xb6\x0e\xb88^4\x13\xe7jC\
ED\xe5\x17L\xb1x\x04\x1eHm9\xcb\xca7+\
\xc3\xc2TGJ\xc4h\xfbS\xef \x15\xfa\x0d[\xe4\
\x85w\xe3eFu\xec\xcf8'n4\x9dx\x96\x1c\
+GAxx\x97\x84\xcbI\xc7z\xb2\x98\xef\x83x\
\xb0\xfa~\xf9v\xf8\xec\x80Zj\xf3\xedY\x1f\x90\x9a\
\x1aGx\x9a\x86)Fm\xc83r\x22\x9a\x9e\x8cf\
'H\x1b\x8c\x85\xb8\x5c\xce\x1a.\xed\xb8\xd3\xff\xa2\xea\
\xbe\x8e\x0dG\xdf\x14\x1e\x1bT\xf03\xa9V\x7f;\xc6\
!\xef\x19\xae\xdb3\xb5\xd0\xdc\xe4}\x85\xdaXr+\
F\xea\x92\xdd`\xbf\x9b_\x81|)\xc6\xe2\xfb:g\
\x96#\x02\xae5_f\x9a\x13\xe7\xdd\xf2\xcc\xcbJ\x93\
4C\xd25>\x9a\xceG\xba\xe6=\x81\xaa\x9a\xb8\x0e\
\xf4\x91\x9dc-\xe9\xd2\xe8k\xe43\x98\xc6V\xe09\
>\x1e\xdc\xc6\xd0\x076\x1f\x0f6\xf2\xf5h\xfa_\xd5\
\x0a\xcc\xfd\x9dB\xbf0\xba*OFH\xe0\x05\xff(\
\x87\xf3\xa1\x95\x00\x90\x92z=\xf4\x90\xb4\x9e\x91\xe1U\
\xedE*3\x1cW\x0b+\xe3;\xa7r\xdc\xa7\x22\x11\
Oz\xc2]b2\xb1\xec\x90W\xad\xa5@\xb7\x8a\xd3\
\x1e9W\x02\xb2bF\xe1\x94\x13\xe2-;#\xc6\xc2\
Q\x0c\xc7\xb3\xb3\xf6\xeaW\xbf\x89k\xb9@\x98[\x19\
\xc2\x16\x7f\x0f\xd5%\x09\x09\xf6Z\xfb\xed\xe3\xe5+5\
6o^\xcb\x0f\x1d\xb5\x06\xb4e&\xda\x86\xac\x85\xc8\
\xdcn\xbe\xc6\x0bjYR\x88a>\xeb\xc43\x17\xcf\
\x8c\xf8\xfe\xcd\xde\xa3#\x7fe\x92;\xe1\xed\x0a\x1dH\
\xf0@I\x15\xca\xe2\xfab\xfd\x03\xc7[\xf5k\xcf\xdc\
\xb9\xab)H\xd4\x1c\x16\x07G\xb3,\x15Z\xdb#\xf1\
>\xd5\xf3K\xff\x16H\xb9\x90Lx\x0c\x9d\x89\x1a\xe7\
:K*F0\x8di\xb1\xd8\xf8\xf1\x1d\xff\xae\x87\x07\
3\xf5)\xe1\x06m8>\x96\xd7\x0f\x9d%$\xe9k\
\xdbV\xfc\x86\xf6\x8c\xde\xf0\xdc$9R\x98\xa9B\xc5\
\xe9\xfbf\x04\xc6\x9bV\x10n\x86{l\x9b\xae`[\
3(\x06\xd3\xd1\x0c\x03\xad\x891\x01p\xf44\x1bF\
\x1egd*\xc7QFXa\x0f\x8e\xfb\xbb\xde\x9fU\
}\xa5\xe4\x97\x1e\xcdZ\xbe\x11\xaf\xa1\xc7)T\xca1\
\xdb\xcb\x05L\xca\x0a#'\xbe\x03F\xfc9\x91Z\xce\
\xd08V\xef\x04\x17\xa7!\xe9\x04\xd3\x1f\x03|i|\
\x96\xfc\x93\xb2-\x7f\x5c\xcb \xf4\xfc\xf2\x5c`0|\
1+*\xb0\xb9\x848:\xc6d\x1a\x9a\x8e\xc3\x1f\xa5\
\x9b\x08\xf3n\xa2\xd5S\xdc\xea\xe3\xfc\xa7\x0c\xbc\x99i\
\x83\xafA\xb1w+\x818\xf7\xdd\x9e\xf1\xf0q\x02(\
\xd5\xef\x92'9\xedUf\xf6#\xccP\x15\xe3\x98\x1e\
\xe9\xf2\xe2\x17\xdf\xde\xf6\xff\xdb\xd7}\xf7\xa9#:=\
w~@\xee\x85\xda\xc29R\x99p\x0c\xdb\xbd\xa4U\
\x85\x94\xa1N\x1c\xbcHw\x8e\xb3\xe3\xf7}\x9e\xe7=\
I\xfe\xfd\xa3\xc43\x10\x11p\xfbY\xa2\x19\x19\x04\x84\
\x02y`\xf8M>ra >\x9e\x09\x88\x08\x8b\xdb\
\xf2\xcej\x80\x0d\x90\xea(!S_&\xf6{\xd2J\
\x1c]|\xb0\xda\x93\x1cL\x06|\xec\x91\xde<,\xb2\
\xd7a\xc1q\x22\xe1\xb9\xb3b\x9d\x1c\xa2\xfd\x81JU\
\x17\x1c\xfd\xb6\xfc\x073\x02\xe4\xa5\xc9\xe0%,1\xcf\
\xd6\xb6\xdf\xf0\x95Sc\xb1\xd6\xc2\xfdSB\x0e>j\
\xe38a&\xdc\x11\xcf\x94\x5c)\xaf\x81:}\xb0J\
FI0QT/\x9b=K\xfb\x99\xd8\xebw\x9f\xfc\
D\xbf\xbb\xf9\xc3G\x85#v\x8f\x0b\xf7\xb0/\x15\x82\
\xbd\x8b\x96L\x04\xeb\x86#&\x22\x01A\xe8\x19\xcfG\
d m-\xc3\xae\x0f[8$|\xc04\x13\xe1l\
\x8b\xe7\x93\x0f\xe4hyq\xee\x13g=M0\xe4\xa3\
\xe4e\xec\x1ay\x80D\xe3\xcc\x14\x03B:{N\xa8\
P\x08`\x9c\x92O\xc3 c%\xee\x7f'U\x0a\xa3\
bc\xc0\x1arN\x86n]\xc0r\xed\x9d\x0a\x8dq\
\x8b#\xd3\x1e:\xa2\x15\x19\x19\xffT\x84\x07j#\x13\
\xa5\x8b\x8a\x195\x04l\xcf\xd5\xeb\xf4\xe7\x22\x12{8\
\x81\x89\xcd\x9f\xd7H\x22\x86\x22\xdd\xf2>MxJ\x16\
\xdf\xc0l\x86\xc4i^\x0c\xc6\xa9\x87\xa6\xc1\x0d\x04L\
\x9d|\xbdd\xe9s\x12\xe4h\x01\x10o\xe7\x80\x8e\xfa\
\xbag\xffJ\xf8[\x14\x88\x0e\xe5\xf3;Z\x7f\x9c\x9f\
\xc6\xda\xb5\xfc\x01\xa5\xc4\xae\xfb\xdf\xb2\xe2\x92$.\xe9\
\x8e9_\x80\xc1\xb9b\xda\x8b\xce\xaa\xc3$\xde7<\
\xc1\xa7V\xea\xba$\xf8\xf3_\xc6h\xf0\xc1\xe1\xb9\x86\
\xf2\x93w\x14\xfb-\x80i\xe63/\xf6\xed\x15\xb7\xbf\
\xa6\x9d\xbf\xf9-=\x04\xf0\xa2\x1d;\xa2\x90\xdaf\xdc\
\xd4T\x0d'\xe9bA\x08l\x82=a\xe6k\x9c|\
\xc7\xd5\xe9\x81\xaaa\x84@6\xbe\x1d^\xc8K\x5c\xb4\
\x07\xb2'\xc0\xd5\x04fn\xac\xd3\x08V\xe3\xc3)Q\
\xe7\xa4<{\xde\xea\xf21\xba\x91a\xf2}\x9a\xbd\xe7\
\xc3\x8a\xaa\xbe\xea5\x7f2_!\x9d\xcc8L\xde\xf0\
f\xc6\xd0\xd0h\x85\x0d\x9c\x1a\xc1\x00\xd8Xs{3\
\xe9\xa1\x82\xa7u\x9e\xa9\xa4&[\xd1JG\xd8T\x9c\
\xf8\x92\x16\xc0\xf7\x09\xc8\x9d\x89\x9c\xaf\xcf\xfcI\xd4\xba\
\xa0\xd3TK\x10a\x1c`v\xf9h\xb0\x80\x10\xf3h\
\xcd!\x8b\xd7\xcfl\xb3{\xc9i\xf0IP[p\x94\
~ ed\x0d\x06\xce\x13\xcf0\xab\xda\x8f\xd2\x97\xdf\
\x97\xae\xfd\x15\x89:\xcf\x97\x99\x08\x96%\xc9e\xe4g\
\xefG\xa2<j\x1c\x06\xe2\xae\xfe3\x9bB\xb7\xf5\xad\
8\x86\x91\x01\xb4b\x8e\xd0\xb1m0g\xee\x18\xf4\x1e\
VUE2$\x15/\x1c\x1ej\x88\xc9|\xa6\x9b\xb3\
\xb9R\xa1\x0di\xa1z\x8aa\xc7\x84\xd25o\xabw\
at\x15\xd0xy'\xdf\x13\xcf\xec\xfb\xc7i\xae\xa2\
_P\xad\x1d\xccp\xf0\x1c\xb5\xads\xafa\x0bu\xc9\
\x01Q\x8a\x1f\x12\xbe\x5cQb\xc4~\xb8\xe4?\xbb\xb5\
\x17\x97+e\x8d\xa3\xc3c\x99\xb6\xf9\xb2\xace\xdb\xd0\
\x9c\x17>\xb4\x0b \xfar^\x0b\x18\xae\xaa\x13\x22l\
\xf3\xec\xf7\x7f\x0f\xed\xce\xbb\xefo\xe7\xf7\xde\xcba\x05\
D\xff\xa7cuRT\x06\xb8#L\x81K\x0cH\xcb\
\x896\xce\x89\x01\x5c\x93V%V4k\xc3s\x9d,\
\xf5\x95v\xef\x0a1\xae\x009K\xb0\xf9}S/\x8e\
\x1b\xcf\xdeQ:\xaa\xd7\xaa\xe7\x14 1\xd92\xa0\x11\
T\xfcy#\xb12\xa5J49S]\xd9\xbd|m\
\xdc\xa4\x91\xab\x1f\x18\x0b +%\x18\xd6oe\x12\xe4\
Y\x9e\x9b\x02\xf9A\x9d\xe947\xa7\x15\xe6\xad\x84\xdf\
dL\x81\xc3\x1f\x90\x81I\x1b\x01\xf9\x84q\xf0\xda^\
F\x08\x02\x97\xd3v\x82\x86X\xee:\x8e\xb8~'\x98\
c&\xafT\xf0\xb0\x1e\xe6\xbe\x8d\xcc(\xdf\x1f\xe7/\
\xd7g%z\xab\xc7g2A\xac|lj\xe20\x1b\
\xbf7\xb3\x92vJ\xf2\x8c\x18\x8e9N\xb4Gr\xc2\
\xdfj\xa9%\xc6%\xa1g\xd0\x0e%<'\xcb{\x9b\
Y\x08\x9b]l\xba\xebL\x8b\xc0N\xda\x18m\xfe\xb6\
\xda\xd07\x7f\x1a\x9ei\x85\x5c\x07T\xca6\xff\x8e5\
b\xb84w[\x08i|\x17\x0cH\x15\x01&\xcc\x07\
$\xec\xc4\x10\xe0\xf5\x99\xd04\xac\xb5\xa0\xbe\xdb\xa7\x83\
\x7f\x9a\x86w2?$QH\x1b\xc6^iC\x03\xa3\
\xb5\x0a\x03\x03\x852\x11\xee\xe8e\x84\xc4B\xc3S\x9d\
C\xe0\xe15R^t\xd4\x0e2P\x9aE\xfbl\xd7\
^\xf3\xda7\xb6\xf3\xbb\xee\xba\x9f<\xbdy\x11\x1bE\
\xcb\x04\xc1s\x9b^\xc22\x05\x9dxM\xcb\xa6\xb5\xce\
8\x89\xc9yU\x0f\xd4\xb3\xec\xbf\xf0=j\x13\x8e)\
Jg\x13\xbfV\xf2\xb3\x9e\x18\xe6\xf3\xaey\xff\x98\x04\
\x89n{\x04k\x12p?\xe0c\xe40\xa1\x16j\x9a\
\xf2\x96\xae\xd2o\xafd\xad8ge\x94VlGC\
\x9b\xde<\xe2C4c\xcd\xe1\xd9P\xe0!\x1cp\x87\
;\xfaS\xc6\xb0\x0asI\xef\x1b\xe92\x16m\x5c\x03\
ku\xd508\x9b\xa62\x1e\xc7kT\xdck\x982\
\x12\x8aU,;\x8ej\xd4\x98_\x8b.\xea.H[\
\xd5\x98\x95\xf3\x0b\x7f\xa2\xb9\x04*\xc7\x82\xc1F\x9f\xfc\
\x8e\x83\x8a?O\xa9\xad\x89\xc4\xe8mDx\xcb\xc4\x9b\
\xfb\xec\xbd\xff\xc9\xf2\x11$\xa4-\x92O\x5c\xa7\x9c\xaa\
WHU\x80C\xd2\x04,\xac\x9b\xcc\xb4,\xf5\xa3\x22\
\xf6\x11O\x18.\xa0k\xa2\x06\xdeZX\x0e\xd8\xb8\x9f\
\x15OHdJ\xd1W\x96\x88\xc7\xe3j\xa3\x16\xcbp\
\xb0\xa9\x00\xbd\xd4\x11\xc7n\xe3\x1a\xaf\x0fmk\x1e\xc5\
K\xa8\xba\x95\x01wp\x0d\xc9\xaeR?{\xe9Q=\
\xe2t\xc8\xfb+:HO\xc7\xee\xfa\x8bdw\xdc\x05\
\xac\xaau\xbc3\xc0%\x99\x91\xc3}\x15jk\xe6\xbb\
\xa8=\x85\xd0\x17Z\xb0\xfd\xd2\xfcZh \x1f\xad\x0e\
\xa6\xdb\xa7\xb7\xce\x8c+O\xeeo\xbc\xf1-\xed\xfc\x8d\
oz\x8bL6%\xbd\x1e\xb8\xeb\xc0u\x91\xbaX\xdc\
\xd44\x9eR\x16\x80#0\xaa\x8a\xa0w$\xf6\x94\xaa\
IN\x86\xfa\xaf\xb7\xe9\xc1k\xb4&\xea>?A\xc5\
\x9c\x181\xae\x89\xa3\xd9\x99G\x158\x00\x9a\xeb\xf6\xc0\
\x8b\xd5\x9a\xdf/6\x83\x11\xc5}\xdb\x9fz\x82\x11\x8e\
\xe3\xb5\xb8`s\x5cC\x9c\xae-\x99x\xa0\x8c\xc5\x1e\
\xcf\x89df\x82\xfc3^B0\x9b\xb0\x91\x0a\xcf]\
\xea\xc9\x83=\xae\x9fs\xc3:u\xa1\xd9\xe8(\xac\xcc\
\xf1o\x1eF\x1dY\x0f\x91\xf9z.6\x9b\x01:\x0f\
N\xa1\x8d\x01\xe6\xae\xef\xd0(UR\x17\x05Y\xe7\x8d\
\x9a\xcfRG^\x02\xe6\xe4\x09\x0e\x94\xfd\x8c\x194H\
\x00\xb6\x0e\xfci\x93\xb1O\x5cA\xca\x966$\xdc\x08\
\xd4>\xce\x89\xc2\xcd\x8b+N\xcd\x1f^\x92\x7ft=\
[8_I,\xd27\xcf\x1a\xc4\xee\x182\xa8\x18\x9d\
)\xd3\x08\x86\xd5\x11\x01Z\xe1i\xfd\xf7\xfb\xd99\x9a\
\xea@h\x85\x86\xd9\x0a\xb4\xe4\xaf\xbd\x13\x994H\xfd\
\xdc!\xfc\x06c\xa3\x8b\xd8\xe0,R\xd7\x0c}\xf7\xf6\
b\xe6\x8e:k\xa7'\xfc\x19V\xb6\xc7L\x1bB\xe3\
\xe8y\x0b\xa4\xaf\xfd\xc4\x07\xd6$-\xc56\xc4\x10\xcd\
\x90\xb9Pl\xbf\xbe8\xdd\xaa$\x192\x90\xf1R\xc5\
\x9eu)\xb4=C\x0b\x22\xae\x0c\x1f\xc0\xed{h9\
$h\xaf\x04{?\xe7@Q\x18\xe5,\x96\x22\x00B\
x\xe1\xfb=\xabH\x9c\x90\xa0\xe5\x08^\xff\x9d\xb1\x11\
-\x80\xa6\xd9\x86\xc9\xcd\xb5\x03&\xb2\xcfu\x0f?\xa4\
G\xd8\xfemp\x8a\x84\xce\xe8\x96\x97\xf0};B(\
\xbb\x93\xa4\x0ay\xb0\xb3;X\xa6\x03\xe7\xba\xcf\x8d\xef\
 3`\xec\x83D81\xa7ru}\x18\xc6\x8fI\
\xc1zsL%\x8f\xd0\xda/\xb3\x87\xd2Z\xeb\xe7\xb3\
\xb0\xcf\x8f\xae\x01\xe0\x92T\xc0'b\xb5\xbc\xf9\xee{\
\xda\xfe\xae\xbb\xee\x1e2`e\x8e\x06\x1c\x09\x06\xd0\xff\
\xf3@\xca\x1c_\xe6>\x99A\x81\x9d\x8a\xbf{B\xe4\
\xdb\x1a\x7f\xe7A\xc4M\xe9\xfff\xee=\xbf7\x86\xd1\
\xd8\xe2^\x92\x86\x96J\xa5\x85\xe0\x09\xea\xc8\xe1\x22\x8d\
\xc1!\x19\x85\x09G_\xf0\x911\x02\xd9\x1c\xae\xe8\xa0\
\xb2\xa4\xb2\xf5\x88\xdc\xdf\x9fq\xc4\xfdzGZ\x8c\xa7\
]\xc2\x088\xc0\xa8\x03\x12_\xd5v\xd2)\x86(U\
*\xd6h\xe7C\xa2\x97\x851\x80S\xf7a\x84\xda@\
\xcdU{f'\x7f7\xc9\x1f\xc8\x05\x1c\xb210\x15\
l\xaa\xbe\xady\x15\xcf\xea\xc9\x9b~\xbb\xb4\xba\xe5\x19\
\xefv\xe6\xbd\xfd\xf1\xe1\xe8\x9a\xd9\xd8\xc6\xbd\xbb\xdc\xbe\
wz\x1c\xfc\x17\x0a\xc2\xe9O\xe7#\x9e2\x8d/\xe6\
\xf5su%\xbf\x03\x8c\x86D\x14\xbf\xd7U\xe2\x8a\xb8\
\xc3\xea)!8\x1d_\x0d\x97$*[\xcfTm\x0b\
\x86\xfe\xa6\xcb\xf0j\x86\x88\xb4\x08\x85\xd2d\x8d\x86\xeb\
\x1b\xbb\xa3\xd2qq\x1c\xf7\xd2\xfe(\xebJY\xfa\xaa\
2\xab3\x0b.[\xdaU\x06\x87\xf2\xdc\x9b\x192\xd0\
0\xcd\xa1\x1f\xc3\x8f{\xa1s>4YV\x11e&\
\x0e\xbb\x94~\xabB\x07Y\xe0tu]\xa6\x841{\
\x10\xfaC\xeaR\xbb\x81\xb6&-\xd7\xa4\x15\x11\x88\xb8\
\xdcs\xef\xbdm\x7f\xdf\xbd\xf7)B\xdf\x85\xb0\xbc1\
\xfd\xaa\x99\x00\x96\x11X\x94R\x85?\x83\x1d\xcbm\x14\
\xae+\x22\x9f\x0a\x91/\x95<\xa1%\xa0&\x0bz6\
\x9e\xd9;hk\x891A\x86,\x8c\xbd{3\xc3\xab\
\xb9\x9bZ\x14\xce\x98&\x98_|?\xf2\xa6\xc6\xa7\x08\
u\xf4\x9f\x8a\x19B\x04\xc2\xac\xbfh\x80\xb2;\xaa\x93\
\x5c\xf49`\xf5\x9e\xe3\xa8].\x82\x10\xb6V\xa9\x0a\
\xe1-L\xd27\x1f\xb4B\xf5\xbbG\xf9\xb4E7.\
W\xd7\xd2\xfcff\x88\x7f\xd7\x9e\xe6\xd5\x1c\xaf\xd5;\
[\x17\xebE\xde\x9f\xd8\x13\xd7\xc6\x12\xc7\x15zP\x10\
\xf9\x18\x8a7c\xc4\x192\xf5\xb8F\x95-\x18%\xff\
\x10\x92%E\x82\xcb\xb2)K@$\xad\xbb\xb0\xb1\xf0\
n27-\xee\xd9t\xf8\x0dpG\xa8\xb2\x18o/\
\xbd\x0f\xfe\xe3\xa5\xea\x9e\x1b$\xc2k\xdc\x1b5a\x1d\
\xfb\x8aH\x07\xc0C\xf7s\xee\xe7\x02\x1e\xf5\xcf\x00L\
\xc0\x1f3\x82c\x03\x1d\xb3T\xb04\xeapB\x1aS\
U<\xd1\x9d\xad\xc1Y\xf1m\xd0\xef\xc1P\x91\xbe;\
\xf3\xa8\xbd\xe4rr\x90vq9\x0f\x86\x8f\xc0TI\
W\xde\xf5\xe1\xe2\xbe~nS\xa2\x08\xaa\xb1\x9d\x22,\
|\x1f\xc7\xdf\xb6n\xaa}\x14\xd54\xdb\x19\xc2\x01\xff\
!\x8fN)$ymX\xa8D\xe3\xba\xc2\x1b)\xd9\
\x11i\xdav\xbbv\xff\xfd\xf7\xb7\xfd\xc5\x8d\x8bY\x97\
\x86\x0ez\x22\xc4\x88\xdc\xb6\x1a#x\x93l\xfbd\xf0\
\xfcp=H.\xb3\xc4%gD\x14\x19\x89\x11P^\
\x8a\x1d8\xb7jD\x1b\x9e\xc9\x1b6k\x16\xf2F\xc1\
1\xa4H<\x84\xa4\x0d\x94\xa5\xdc\x1d\x13\xcamJ\x1e\
g7\xb1X\xb4\xfd;\xd2\xf6\xe6\xad\x97\xdb\x9fi@\
*8\xce\xb4:\xf9{\x5c\xfc\xf4f\xeaD\xea\x0f\x92\
\x80\xf4\xbeT\x09AB\xc1\xa8b\xde|\x1fO\x1c\x90\
d\xff\x88\xb4O\x88\xb0:R91?y\x5c\xeeI\
\xd7\x7f\x9f\xa3=\x1e\xe7\xbc\xb5\xcc\xb4K\x81h\x07}\
-\x1e:^\xaa~\x9b\xbf1\x1ds.\xd5>\xc9\xd7\
\x915\x7f6\x0e[3U\x1b\x99\xa0c\x1a\xa5\x8f\xde\
\x07AT\xd9\xc0\x0cV\xc3)\xe4R\xd7\xf7O\xe3\xe9\
n\xd5X(\xcf\x83'X\xf2\x1c1\xd5%T|\xdf\
\x85\xf0\xef\xd7=\xc7G\x0d\x0a\x98\xa1*\xc9\xd06\xc6\
\xb4\xdac\xcb\xc8\xbf\x99F\xc7I\x9f\xaa\x12v\xc2f\
\x16\x00\x962\x12\x948C\x18\x89\x19\xd1\x8d\xe1\x9bs\
M\xf18\xae\xb8\xder\xfe\xfe\xb5\xb2\x85\x01\xf1\xf5\xf2\
\xf6.\x18\x0c\xd1\x0c\xf8U2\xce\xc3I\xd6\xf4hB\
^\xd2\xb0\xe8\x1e\xad\xf6\xfa$O\xc5\x16\xfc\xe1\xeb\x9c\
\xd2)\xa7M\xb3=\x81\xfdS\xbd\xe1\x9e\x15\x01\xec\xfa\
\xf5\xce\x00\x1c\xba\xcd\xd7<\xf3\xadQ\xcf-C\xbdx\
\xe6\xb8K\xe4\xa8\xb6\x06\xba}U\x11\x0e6&\xed\xda\
bq\x84,a>l\xc96'\xea\xf2\x12b\xd0,\
\xb8<\xea&\xfd\xf9\x05:\x02\xd9\xd7SMN\xbd\x09\
\xc6k\xbc!\xf9\x00\x93\x10\x8a\xb5_\x9a\x00\xabG%\
s\xd8o\xa4\x7fY\xf6\xeaL\x01!9950\xab\
\xc9T\xf3PD2\xf8E\xecaI\xb6\xdbd\x7f$\
\xf8+\x5c\xa5\xaf)\xe3\xa3?\xd7^s\xe2K\xb2\x11\
\xca\xdf@\x86\xcc\x0c+\x9c\xdd \xb6yq\x1b\xd2\x18\
\xfa\x05\xa9\xc3r\xad\xccM>\xd4/=\xc5\xd1\x0dI\
\x13\xa8\x88\xd6\xa1\xf7\xce\xe5\x10\xb7u\xedY\xae\xc4\x10\
$5\x7f\xb9yE\x0a\x19\xb2\xae!K\x9b\xcf$\x86\
u-\xc8<\xab\xf6fR\xe1\x96\x82\xbd\xe3\x89.\xbd\
/\x8c)\xc3\x8a\xb5\x075\xf3\x08\xcdB\xec\x13\x0e\xd0\
\xd1\xdf\x09\xf9!\xf0\xc9K\x9b\xbc\x8ey-\x1f\xc8d\
\xc8\xef\x1d\xfa\xbf\xd0\x00\xf1\x89\xdf\xf4&\xed!\xd10\
\xcc\xd8\xa4\xbco\x89\xf1\xc7\x18K\x13\x02\xef\x1d\x0fS\
\x92\xd8i?\xf9=\x0d\xe2>\x03\xb4_\x1f;e\xf2\
3\x9c\xf5\xe9\xa4F\xc6Z\xe0\xef\x02\xb1B8\x1c\x98\
H\x17\xe7\x8d\xfd6\x9cU?\xd3D:&A\xfb0\
\xf9\xeb=\xcf\xc7rd\x09\x07\xf9<\x8a\x08,\xbf\x0f\
\xc9_\xcd\xa5\xcab\x8c`\x07\xd5\x846<n\xc1Q\
\xdb\xded\xe7\xc7Te\xd6\xd4\xe9\xeb{\xab\x87>\xc2\
\x01=\xd6=K\x80\xc4\xfd=\xba\xca\xcc\x97\x08\xa7\xdb\
\xe6>O\x05K\xf8\x86\x90\xc7\xaa\x93\xb6\xab\x83\xec&\
\x87\xdbUE\x85!_:\xc3\xa69Vv\xee\xcc\x08\
\x89\xe8 \x1f\x09w\xc0\x99:\x7f9\xf3\x9c\x8c\xed\xbe\
\xeb\xd7\xdb\xf9\xf1\xc0\x81hv\x13!]h\xd8'\xfd\
qq\x87n\x0b(G-1\xd8\xd0\x16\x00<\xd68\
8J\xbe\xeeO\xcc\xe26\xb8\xc3\x91C\x1f\x09\x99\xdd\
\xcf\x1c\x9fw\x9e2/U<\x939?\x00\xd0\xea\x16\
{\xb8&\xabX\xe0\xdae\xb1\xa3-b\x02h\x93\x16\
\x96B\xd7\x0f\x83'\xbf\xd7\x1d\x05\x15NJ G\x9b\
\xbfg\xd0\xe2\x98\xd3\xc6\xce\x92\xfa\xd8s\xae\x0b\x1e\xb5\
H\x82Amw-\x8e\x8f\x1aX\x97Z\x02\xe3\x81\xb3\
\x16\xfc\xd8uj\x90\x1cJ\x06W \xa8\xa52c|\
z\xc9a|Y\x9a\xf1p\x01\xd9\xa2\xeb\xbe\x9f9\xa9\
\xcd\xc4\xbe?\xc2TT\xe3\x92\x10d\xe8s\xf6\x06V\
\x85\x84q\xed3\xc4\xa2\x92I\xb0Ao\x97\xa2z\x19\
\xb2\x97\x0e\xcc\xb8\xc4\x10\x07\x22\xe5\xc7 \xed\xea\x82\x94\
\xbe\xfb>\xba\x823&\x8c!\x00\x9c\xeb\x04,\xc9_\
\xact\xa0\xab4q\xae;\xa9\xbf\xa7i_\xfc\x00=\
\x1e\xe1WF\xe6\x87\x9eKD\x0fG\xd3N\xed\xacA\
E,\x02\x09{\xf2\x96&\x87\xcb\x94,\xa0`\x1fg\
\xed\xd9|=\xd5e\xb6\xc7\xa9Ns\xc9\x19\xfa\x82w\
\xf5\xb7\xfao\xd6\xfe\x10AP!B\xc9\xeb\x19\x87\xd6\
\x9c\x065\xfaM\x14l\x11\x910\x8c\xa8[X\xb7u\
h\xbfZ\xddV!\x11\xf7\xd6\xf6\xe7\x92\xf6\x89\xee\xcf\
\xee%zd}\xf0x\xda<P\x8f\x9a\x97';\xcc\
[\x18\xed\xc5\xc5\x8d\xb6\xcfq\xf5y\xa3Y#.\xc4\
\x00[\x806/\x1f\xf2\x09;\xd8\x8c\xe8T\xea\x10p\
]\xb9dD\x9eU\xbd\x11\x00\x9c\xbd\xcc\xec\xbeZ\xcb\
0\x1e\xfe\x0d\x9be\x9e\xd8\x98\xf5)k!*\xf80\
\x0d\x8du\xd7*\x9f\xad\x1bR\x08\x1aWVn\x03\x92\
\xa4$\x86\x98Fr\xb4\xcf\xf1\x90=\xc0\xc7\xe25/\
\xbcg}\xe6-s$\x9biJL%\xd8\x9cFa\
La\x9ba\x12\xee\xad\xa8A\xeb~/\xc7\xe2\xe2\xef\
j=NM\xc3\xa7l1R\x88\xefEI\xac\xae{\
\xe2\x09W\xf4oV\xc6}\xe6{`\x87\xe7V\x9b\xfd\
\xf2\xa5F\xac\xa3dd\xcf\xfa[\xb0y\xd33\xae\x9e\
*\xfb]l\xd5\x98|\xd2\xd6H\x06\xbd\x1e%\xe0C\
\x06\xab\xe2\x05\x0c\xbbf\xe6\xc5\x92\xe1Z8\x9f\xc2\x7f\
`\xba\xab\xd6T\x5c\xab`z\xd8I\x97i\xacS\xe5\
L\xde\x1b\x93\x87\xd5\xd1\x073U\xf3\xac\xff\xb3\xf7\xfd\
s\xd5\xbb\xd3:1\xbe\x09\xec\xb6\xec\xcb,%\x83\xf1\
er\xb1\x9f\xe7\xd3\x1f'0j\xfb\xfc\xa3A\xea\xf5\
Up\xc6N\x1f\xad\x833jG\xf8\xac\xef\x9bS\xe6\
v\xc8/\xc1\xda\xf0y\x04B$\xc0\x00\x98\xf4ln\
cK?\xb4\xae\xf59\x195\xa0Q\x80G\x9f\xa0\xe1\
\xe8x\xf9\xe2\xe2\xa2\xed9<\xads\xa9\x92\xe9\xcc\x85\
\xcaA\xad\xc3\x93l\x92*\xb8\x0dOH|\xc3\xaa\xba\
p1\xbb>\xcd\xeb\x1c/z\xa2mLd\xa9\xbe\xd1\
\xf4\xa2\x9e\x00\xac1\x1c\xb5}\x0em\xf1'q\xd8\xa9\
\x0e\x8en\x8a\xde\xfe:nI\xb9{\x9aN\xdc\x5c\x02\
\xe0v\xbc\xf4\x229\xd5\x17\x9f\x9f\xa8\xd0\xe55U9\
\x06\xbbf\xb3\xd3\xf2\x92\xeaSs~\x0f\x9a\x95\xb1\x04\
5\xa2\xe6H(6\xc4\xde\xa9/\xf1w\x902\xd7\x17\
t5~\xac\x83\xe5O~\x91\x0f\xc3\xa0O\xc8c\xa0\
\x1c\x1f\xb3\xb3\xaaF\xed\xa6.vT\x82\x09\x81\x9fK\
$\xe8\x12\x0e?\xb3\xf1\xd8\xdf\x9a\xd1\x99\xfd\xbe9\x06\
\xe0T\x1cJSE+\xc4\xf5\x81=\xa7\xcc@f\x9c\
\x12\xd6\xf6kld&W\x88^a\x8d\x17dU\x8f\
\x10L\xf1d=EA\xa2\x16T\x06\x5c\x83\xf5\xea\xf0\
\x99\xcd\xd18\x16\x93\xba\x18\x1f\xf0\xb5\xf5}\xbc\xf4{\
IB_+\xd8w\xde\xcd\x02~\x1az\x22\xe7\x92\x9a\
\x9b\xde]\xe8?`\x03\x06\x0c>\x0bS9\xbe\x80\xbd\
S\x97+C4\x19\xaeg\xe2\xe8\xb7\xff\xe8\x16^\x80\
\xe9JD\xce\xaeR\xd9#\x05\xf1\xa01\x88\xf3?\x13\
P\xd6\xca\xa2\xe0\x02\xc6I\xd3\x01'\x86*\x98\xb2V\
[\x0a\xbf\xfa)\xc0\xe7\xea\x1c\xe5\x08k'\x0e\x1c\xf3\
o\xf2>[\x0e\x84\xdfG\xda\xc0\x9e9\xa9\x88\xc3\x8f\
\xfa\xc2\x8e8\xb1\x11 \x11\x8e\xf6\xa8\x1apqaF\
\x04\xe2%7H\xa1P\xe3\xba\x98{\xb5A\x1b\x82\x8d\
\x08@\x95\x95\xa1m_\x8f\xdf\x804Y\xe9:\xb5N\
\xea\xef\x0e\xa1\xae\x8d\x10\x18\xd0\xff|Z`\x1e\x8f\x15\
\x93\xab\x18.\x82\x94\x9d6\x00\x89\x88\xc4\xcae\xfd\x94\
\xb3\xeb\xf1\x9b7sD\xc8\xfe\xbch$RR\xdbP\
\xca\xbd\x1d\xbdx\xbd9E\xee\xd3-\x0eX4\xe7\xba\
\xc81\x93iD\xd4\x92\xdd\xb0\xc0H\x10>\x07\xe2\xdd\
-\xf6q\xd8\x08+\xa9c\xb6.2\x03G\xd0\x92S\
\xfd\x8cy\xb55h\x9e\xc2\xe0\x8a\xac\xb3\xfd\xf8\xe63\
B\x82r\x92c\x82\x00\x92h\x05\xcdV0\xe78\xc4\
\xaf'\xea\xcd\xb50\xd4t:\xa68\x8c\x8d\xc0\xea\xe4\
\xeb4?\xfc\xdb\xa9\xfb\x5c\x5c\xbdt\xc2\x9d\x1e\x90\xe1\
\xe7\xb3\xbf\xf1\xc3\xde\xec\xc1L\x002m\xfa=\x01T\
\x8e$?>g\x07`\xcc\xe7\xbc\xf7\xe1S.\x08\xe7\
\xec\xc0\xb6IH\xff,\xf5\x87\xe5\x07\xe76g\x9cA\
\x0f\x83M_\xe6\xdd\xf2\x0e\xd8Lu\x8d\x98/\xd8\xf5\
\xf9\x1a\xae\xb3\x84\xdast\xf0\x9a\xcfH\xb4\x22\xc2Z\
\x9f\xaaQa\x1e7\x13*T\xe0\x80+\x8e\xb6\xd6\xa5\
sZJD\x16\x9d\xf2\xb0\xd7\xa0M\xe7>w;y\
\xca\xff\x1f`\x84o\x1d?w\x01\x05yFcR\x1f\
3\x15\x88\x90\xb1`\xe6\xc4\xfe\x01\x93<\x109\xec\xaf\
J\x1b\xa1i\xac\xcfB.\xfe]';*\xddy\x86\
\x91\x17\x04\x9f\xf8\xc7o\xc6v\x9c\xe9Un\xd1\xf1\xda\
z\x8e\x81\xdb\x97\xe4k\xe1C\x99a\xfa\xac\xa4\xe9]\
\xa45\xde\x0cJ\xb8E\xee\xeb\x04b\x8f\xecC~\x94\
MB\xc0\xc4\x19\x98\x05G\xc9\xcd\x02\xb3_\xd8\xff\xc2\
\xa8\xf9\xfe\xd3\xb99`\x02\xc4\x9f\xc33\xd8\x1e\xb4i\
\x8dw\xd4~l\x9d\x01(\x17\xbc\xcbi\xec9D3\
\xe8\x8d\x9dO*c,\x18\xcf\x14\xd4\x5c\x8e'\xe4\xa3\
v\xa0R\x91\x99\xd6!\x22:\x22\x07J\x08\xe8\xed\xa1\
\x9e\xaa\xae<\x06\xab\x17L\x80\x01\x0eO\xc0\xac\xc7\xa1\
@|\x12\x1d\x9ff\x18\xb3\x15f\xd5_\xd5^\xee[\
_L\xd9$\xb1\x06\xef\x04\xce\x01\xc9\xe4v\xec]K\
\x8f\x19o\xe3\x80\x9d\xa2\xef!\x9b\x98\xea\x10\x1db\xf1\
L\xa0'`1\x8f\xf7\xec\xb8\xdd\xf9z\xf20\x12\x82\
\x00$>Y_\x96M\x8d\xc7\xa4\xac\xa58\xa9\xda\x19\
\x16F\xe8\xa3\xe7=\xfb\xbah\x0d\xd0:\x0c\x8eM`\
\xfa\xe2\x09h\x9eA\xf3\xe3\x9b\x95E\x99!\xb492\
4`E\xe6\xb5\xcd%=\x83\xb9\x93\xe6\xd4)p\x05\
\xb19_\x86\x91\x81\xf6\x0f\xca}Q\x113^\xe5H\
\x18\x9d\xcf\xa1j\xa9O/\xf8\xd9\x90\xa43a\x84\xb5\
\xe9\xcc\xa3x\x1e+\xafm\x08#K\xda\x88(%\xc7\
1\x09f\x0bs2\x0a\x19\xfe\xe9\xac\xedI\xeb=\x13\
j\xed\xbf$\x8cq\x89\xc1\xe7\xe6\x03\x89\x06(\x08{\
\xd0P\xa6\x84T\xc3\x9e\xcb\xe8\xb0\x82\x8d\x92\x86\xdas\
>2\xcf\xc2\x14\xf8}QW;M\xa1\xcd\x8cP\x5c\
k\xb5\xb0\xd0.\xe1s\xb1\x0b\xf5\x077\x01a\x16\xc3\
`\x1d\xfc\xf5\x0c\x86\xdcG]\xb7\x99\x1e\xc4\xe7\xaa\xef\
\xd6D\x15\x91\x00\xe6\x1a\xce\x86>\x0c[\xff\x19G\x88\
g\xe0\xfb%\xd7\xcf\xe9\xe4!w\x86\xba\x9e\xe0\xe4\x17\
\xa5\xf6R\x00\xeb8\xd9\xa1\x81\xb40g\xea/\x8fx\
\xdd\xd5\x81h\xaf\xabU\x8c\x83\xdb\x93\xa3\xc7\x1c\xd8\x91\
1\x10\xae)\xd02\xef\xe8\x18\x19\x13_\x07\xc7y\x89\
\x04F7X-9\x93d=C\xe4\xb5\x0a~<A\
\xc3\xa0&\x96\x88\xec\x03\xe2\xe8\x12v\x97`\x89cf\
\x84\xc6\xb9\xa8\xb3\x13\xe4z)\x9fS\xa6\x07\x18\xc9\xc6\
W\xa1\x1bt\xd3o\xa0b[\xa6w\x1d\xa2H\xc8#\
\xaf\xa7j\xc3\x1bl\xd0/w\xd8\xd1@\x90\x0c\xf1\x93\
\xd6F},`\xab\xb5v\x11\x9a\xb9\x04\xaf\x9c\x81;\
\x01nJ\xfc\xab1\xcd\xd7\xf8\x8cE\xb2\xe2%\xe6L\
\x0a\xf3\x0cp[`\xf6\x00\x97\xdafnD2\xce\x91\
\x8f\x08\xe0\x8bu\x94\x043\x83\x8649^\x1e8\xc4\
\x18.hu\x0c\xb9\xc5y\x18z\x96\x98H\xeb\xeb<\
\x16\x1f\xefAC\x866\x99\xf1XO\xe6T\xedak\
\x5c\xd6\xbd\xf3\x93\x8a\xd3i{>\x10\xc3\x89\x10\xe0\xb5\
\xa9\xfe9\xa2\x87\xaeO\xfe\xd9\xb1\x98\x13\xa2\xa61\xc7\
\x9e\x14\x06LjR\x01\x86\x7f\x15\xc9\xb7\x16p\xfb\xda\
30\xfd\x92\xf9\x8c^b\x0dF\xe5\xdfT\xed\xfb\x19\
\xe7\x11\xc6-\x02\x0c\x8fKTJ\x95\x09\x0d'\xe4e\
\x09\xfc$\x07M\xe4\x8d\x86H\x91\x01\xbe\x89\xe9\xd0\xf6\
\xe2\xfc-\x955\xa1\xce\xea\x99\xd6\x10\xd7K\x10VG\
\xe1\xc3\xb4\x92G\x0b\xc7\x17\xe6BW\x7f\xa5\xf6\xd2E\
+\xd7\xf0\xf2\x96\x01F.w$\x19\xe3D\xcf\x800\
k\xd3G*\xf81\x9cB\xec\xee\x9c\xcb\x1a\x11\xaf\xef\
\xb3\x1f\x83\xbe\x81#v\xd5N\x85\xfa+4\x0d\xe7D\
ko\x09\xd9\xf86\x0d\xf9\x1a\xd7g\xccX\x5chC\
\xc42\x10\xdd\x84r\x94c\xbbd\xd6\xaa\xb2N\x0f?\
\x8cx\xd8T\xe2\xd6\x16\x98\xae\xb3e\x9b\xbd>W\xcd\
5\xb7\xa6\xc4#e\x0a\x1c\xd7\xcc.\x1dM[\x13\xd8\
j}s\x8a\x12w/\xc1\x8cVFa#\x5c\x94\xf6\
3\x92/B\xc1,\xd8m\xa5\x0c\x84\x1c\xfb\xc0]Y\
Y\xef\xb1\xd4)\x88\xa3\xd3\xed%\xd6\x8d\xa8Q\x03!\
rE\xdcH#\x0c\x16a\xc7}\xf4Z\xbaj6\xbd\
y\x80\xf1\x19\xa7{\xcd\xcc\xd7l\x9ej\xfc\x83>Z\
\xec5]-\x16\x13\x0bW\x16\x92Z\x11\xf7\xaa=k\
)\x9a\x0er)\xb5^\x8a3v\xc3\xfeb\xfcP\xb7\
\xe7\x19\x05\xad+\x9do\xcf\x11C\xce\xf1n\xa5\x0c\x0c\
\x83\x83w\xb5\xfe\xc3{4\xf8c\xf8dAi\x80\xcb\
\x14\x97\xe1\xb8\xecd\xd3\xdf\x89\xe33\xa5\x04\xf6\x9a\x0b\
<?\x87\xf1\xe0\x14:\x11d\xf2>\x0b\xcf\xc3:\xa9\
G\x84#\xb9\x97\xc3\x03\xa1}\x8b\xaa\x03\x93\xc0fu\
K\x9e\x15\xd6\xb5\x86\xad\xd6\x19\x05\xf7|f\xb1W\x0a\
\x99zT9tt^<-\xbb\xed\x94\xbd\x1c3r\
\x82\x179\x83\xd0\x03\x05\x80\xf2\x1b/.\xc4\x08\xc00\
u\xa5\x8a\xce\xe2\x96\xd9\x8c\x05\x95\xdeI\xa5:\x9ci\
\x8e8\xf1\xd9\x06\xf2\xc4\xc46\xb7\x00\xc8\xd9\x0d\xbb\xc2\
\x91\xdf\x11\x0e\xfb\xe4\x89<\xdb\xe6\xf0\x86!\x0e\xce\x9d\
\xe0\xd59q\x11\xc4\x04\x1b\x1e\xe1\xc01\x8b\x19Q8\
\x18\x8a\xe6\x81\x98\x91\xee\xcd\xbc\x0b\x9f\xdd\x9emQ1\
!\x88\xd9\x7f\xa9~\xc9\xd3n\xe3\xf6\x9a\x03\x0f\x1co\
\x86pRG\x16\x021\x16\x10`,x\xfd)\xe7\x5c\
S\xb8\x82e\x84\xe4\xf7|\xb2\x15\xc0\xc3\xd5\xed\xf9\x14\
H\x93b{ei\x16kK\xf2\xb3\x97%\xf6\x1d\xfe\
\x08,\xf8\x83\xb12\xa7\x9aY\x9cv8\xf0\x07\x12\x87\
\x9cI\x9e\xf9)\xe4E\xcf\xb9\x0e\x02\xbc\xd2o\xdd_\
\xe4\xdb!\xf3-\x070Q\xf5%\x912\xc7;/\xcd\
\x19C1jY\x00\x8b\x08\xeb\xec\xc7?2\xd8d3\
\x975\x89\xbd\xe7\xa5=\xac\xaf\xee\xe1\xcfQ\x03\x11\x07\
\x9c\x81HK\xee\x0cj\x0dt\xc1\xbeX\x0f\x5c\xfb\xd8\
%\xc2F\x84\xf1\xb3`_O>\xa4?\xf4\x1f\xef\x90\
\xcf\xc6*\xfd\x92\xbd6\xd6*\xb01|COK8\
\xa5\xe6\xd1@\x9e{J\x00\xb6\xec|\x16Zu\x8ct\
\x0f\xf3\x03\x8e:vI\xb7\x18f\x8c\xfb\xdf\x0f8'\
\x96H(\xb4\xbd\xfeQ\x22\xe4\xeau1\xfelVp\
\x0eh\x14\x7f\xbe\x04?S\x9d3A\xaf\x18\xd2Z\x83\
4\x08V\x9a\xee7\xe1r\x9cM\x82\xfd\xe3\x98\x04~\
\xcf\x08\xbd\x9e\x03\xd2\xe1(N\xbd\xbb@\x17\x90+\xc4\
\xef\x19\xd3\x8e\x8f:\xb6y\xa8\xf0L`\xa9i\x99=\
C\x82\x86\xe6\xed\xa88\xca\xca\x1cJ\x99\x00&8E\
\x9f\x1c\xab\xda\x9f\xd8\x07 \xbf\x18U\xa7\xb5\xbaB\xbe\
I\xddp\x90\xf0\xf1\xd8\xb0}\xd4\xaa\xce\xa0\xc2(\xec\
\xbc\xb36\xc7\xfe@G\x01\xce\x16\x08\xca\xd4\xbeK@\
\x9f\xb5\xe1\xb5?4\xb2D\xc4s1ULt\xfc1\
\xa74\x83\xd7\x16\x0d\xca\x98\xcf\xc0\xfa\x188_\xba%\
\x8b3\x1d\x5ca\xbd\xc7\xdf8\x17\xa1\x17\xc9Y\xa6\xe8\
UPs\xcd\xa4\xb3\xac\xc2\xcc\xf3[\xcd\x85!+N\
6\xe5\xed\xb2Q\xa7\x80_#\xe7?\x93\xe4\xb8]\xdc\
cfW\x14\x9fB\xc0\xd8\xa1\x15\x8c\xaf\xd7d\x84>\
\xf2\x03E\xbf\xe9[\x84]Z\xe7\xb0q\xcf\xd6 \xdf\
\x93\x90!r\xf2\xb2\xf5\x1cZ\x9c\xd5\x03\xfe\xcbi\x8a\
\xe2^\xb3\xc3\x80|\xbf\xab}\x19\x99\x80\xea\xbe\x1f3\
\x98x?\x0f\xfc^\x1c\x9bO\xf8\xe5\xd6\xf2\x00\x03\x1b\
0\xaa\xe5\xeb\xf6\x8c\xa6;uL\xfb\xce\xe5\x9f:\xdb\
\xb8\xd7Q\x9f\xee\xf1\xd2\xc9xK\xc9q\xd6\x99\xa8\x8d\
U\xf9\x84P\xb3~\x95s\xe5\xe0\xb04\xc6eb\xb3\
/\x9e\xc3\x81<\xbd8\xcdc\xa1\x8d\x18\xda\x9a\xa02\
\xdd\xef\xba>\xb4\xf3|_\xbes\xfe\x8c\x1c\xc2\xbd^\
l\xaf\xa5\xa3\x80D+\x1b1.\x9a\xb6\xb54\xc5s\
'q\xe8S\x93\x943\xb2\xa5\x94\xd6y\x7f\xcc\xf6W\
\x16|g\xf0\xab\xd8\xcd%f\x02#d\x06.2\xfb\
~\xcc\x8a\xe0\x8a\xa2\xfc\xce\xc8\xdfX\x05\x01\xa1;[\
\x83\x8d\x00\x9f(\x81T\x5c\x8c?\xc9\xcf\xd4\xe2`\x14\
\xaa\x81O\xc2\x0c\x9d\x17f\x96\xeeM\xbb`\x9c\xba\xef\
[,6y\xe0\xbc\xb8\x9f\xa1Q\xf7\xd5:Y\x9b \
\x06\x08N\x9f\xa96\xba-\x1e\xc0\xa7\xd6\x88\xac\xd5\xc5\
j\xa1\xee\x94\x98\xb4\x16IB\x04\x0c\xf2\x5c\xe1\xb7\xce\
\x03=j\xe1p\x90\x92kb^\xe4\xf7_P{.\
^\xd7M\x07B.\xea^\x85Av\x8cc\x06\x90\xe5\
O\xbfvd<\xa2\xceDzU\x0e\xf3\x12\xcfcu\
\xb2C\xdb\x0bHI\xd5\x92\x89\xd8\xbb\xbd\xc1\x0cEg\
\x84k\xe6\xc4`\xbd\x1e\x9a\xb4\xc4\xc8\x92\xfed\xca\x9c\
\xe0D7\x93\xf0\xbd\xfap\xbe\xf3\xf1\xae\xed3\xa9\xd9\
\x08\xf2\xc2\xbebE\xeb:c\xef\xdfggN\x9fY\
?j\x09U\xe5)\x1a\xa3\xfd$Up\xec\x87\xe40\
\xe8gqP\xd6A\xfb\x8d\xa3\x8a\xb5^7\x0f\xd9 \
\x95\xf7g]\xd0\xb6\xd7h\xb9=\xe5p\x9d\xe2\xbc\x14\
9\xa9\xfe3\x0b\xa6\x825\x06'\xbf\x8bw\xfc\x1e\xcf\
{\xbd\x1c\x8d\x12Aq\x1e\xcb\x8f-tc&\xb0\xc5\
\xd1\xc7\xab[\x18\xb7\xf2\x89\xbd7\xc4HH\xa1|\xe2\
XFz\xd6\x82=\xd2\xc7\xccKk:\x1f\x93\xfe$\
<9\x13\xd6|\x1ff\xef\x8f\xa5H\x11<\xf8\xe1c\
\x7f\xcdr\xd0\xcc\xa7\xa9?\xbf\x8f6\xbd\x98Qm\xd6\
i.\x92PG\xecF)\xf3s\xa8g\xdc<5\x01\
\x9b-\x9ae 2\x02\x83\xc3\x921\x07Y*Y\xb3\
y\xe6\xfaL\xf6$@1\xe6)\xc7\xb7\xad\xd4H\xdc\
\xe2\xafa\x9f\x13\xf2\xe4\xda\xab\x083`\x96\xef\x1b\xac\
\xddp\xe8\xb8\xd0d\xcfrR\x19R\x19W\x0cI\xa8\
\xdfIK\xb9\xbdy?\xea9\xf5\xefp2!\xcca\
\xbcg\xc5\x14\xca\x01\x06}P\x1d9\xf5\x94\xb7r,\
'\xba\xaa\x07-\xcb\xfc\x81!\x88B\xba\xad\x1f\xa8i\
c~\x04Ij;\xb5y\xc6\xfc\x00F\xcc\xec\xf7\x12\
#\x84\xd3\xec\xe2\x8au\x8bv\xa5\xd0{&\xc6\x0em\
\xd4\x05\x04obG\x05\xe3<\xf1\xb1\x89\xc2\x00\x13N\
S{\xc3w(>\x1b\x10\xae\xd6\x1dm\xe8\x1e.\x9c\
*\xd9\xc1I\xf3\x8b\xe0\x22\xd7\x1fM\x03+\xa3.`\
\xaa'\x15F\xd98\xf4\x05\xef.1f` \x0c\x0e\
uj$\xc2\x97\x10N*\x22\xede*\x80k\x1aA\
\xb5m\xbcK\xf8t|\x07B\x93\x87\xec\xba\x1f\x0au\
9UK0\x03c\xad\xb1\xecc\x1f\xcc\x8f~\x19W\
\xe8\xf3^\x00\x80\xd6\xb33\x01\x09G\xfb\xba\xe6{b\
W\xdc\x07\xd5\x07\xde\x8b6A\xbf&\xd6\xea_\x12\xe0\
\xf0\xbdb\xd8`\xda+\x13\xac\xb91\x92\xb6\x90\x8ep\
\xef\xeb)\x86\xbb\x87\xbf\x95l\xb5\xdb\xb5\xf3j\x00\xf0\
\xbe\xe5\x0d\xc7*L\xf5\x1e\x14\xfbr\x94~]l0\
\x85\xe2\xed-ep\xa9\x92\xb5\xf0\x9b\xa1S\xda6\xd7\
\xeb\xed\x88\xe3\xe0\xb2\xaa\x1b\xfe\x000?\xc0\x9b\x7f^\
\xc6\xf1\x1b\x01%\xc2$\xb6v\x92\xa8%\x04\xc7\x90A\
\xda\xe0\xd9\x09\x8d43>\xce?z`\x0b\xb0\xc5\xbe\
\xc6\xea\xef\xacN\xce\x9a\xb8\xa5\x05e\xf7$NYC\
\xad\xb41\x8bY\xd6\xb0V9%\x8b\xc0'\x1e\xc3\x1a\
W\xeb\xbck\xe5>\xbf\xc1jz\x03\x97\xe4a\xe8\xf6\
2\xaa\x1bY\xb9\x9c\xcfB\xd7\xfct{\xa6\x86\x1c\x22\
VZ\xda\x22?\x8d^Uw0\xf2\x12?\x9a\x01s\
\xca\x9e\xbe\xac\x12\x95\xfa\xd5\xeeg\xa9\xa8\xe1p\xe8\x99\
\x06\xc4p\xd35H\xe5\xae\x05B\xc8\x08}\x1c\xee\xe3\
1\x81\x91vM\xbekL|\x12\x19N\xdd>\xc7\xcb\
0h\x07\x98\xb3\x943\xca\xc7\xb2N\xc4\xb1\xb6\xcd\xf7\
\x81yG p\xdf{S\xb1RP#\xd22;\xbb\
xD\xba\x90\xb4\xc5\x0e/\xf9\xfcy}\x82Y\xcb\x0c\
\x83\x93\x9ee]\xf5\xc2\xb1\xf6\x5c'\x07T!9\x90\
\xe4\xcd\x97p/\x22\xf7\x94G\xc32\x80Q\xa6\xc6\xc2\
E\x9bW\x16\xc2W=6\xec\xeb\x94s:`L\xc4\
L\x88\x8a4$\xa1\xc3\xfe\x22\x11\xc8i\xfe\xb2\x9dw\
b\x1a\xb0\xfdo\xf3\xc0\xcf\xf9\xc8\x22\xbe\xc7\x92\x7f,\
A@\x02\x9d\xf1L?\x1e\x94\x9c\x1a\x84s\x13]\xb2\
>\x9a\xf6i\x99 \x99:\xbb\x94F\x89\xd1\xdd\x174\
\xaf\x96\x5c\x15\x06\xfe\xbc\x0cz\x14\xd1\x16\xbc\xfe\xb92\
;5\x82\x97\x87K\x1d\xacc\x06\x93>\xf6\x9d3M\
\x00?\x1a,\xbc\x86\xe2\x14\xc2\xe3\x90\x86\x19\x0c\x99?\
E\xc9\xc5\xd7\xef\x92\xe9S\x06\x1d\xccN\x8e\xd6di\
\x7fI\x10\xac`\x8c}\xafx)\x9cK\xe1.\x0a\xe3\
u<\xb2\xbf\x82\x87\x84\xc3jf}'\x01\xa8GY\
\xb8~\xcb\xe9\x92L\xb1q\x16\x09|\xd5\x18\x0e\xe7\xf9\
\x00\x10\x84\x05\x99Z,\xd9p\xbdT\xa3\x93\xed\xfb\xe6\
\x12&\xdc\x04bS\x82\xaf\x13\x82\x05V\x00SCn\
\xdc$;\xa6\x03\x8c@\x1eC\xd5\xa7J\xaa\xd6\xeb\x0e\
\xa8V\x87\x1f\xf4-\x14a\x1a\x0c\xd5a,N\xe5Y\
\xe4u\xb6\xb6\xf3x\x12\x02s\x8f)\xcd\x9e\xd9\x10i\
\x91\xb3F\xa0\xe7\x07\xd0p\xc80\x9fN\xe5\x8e\xcd+\
\x7f\x19V\xd9\x7f\x04pD\x12\x22\x8c\xe1 =\xb76\
\xb0\x01y\x93\xa518\xa6P\xcd\x1a4\xd7\x86\xd0\xfc\
\xfa\x0c0\x98\x98\xa30\x1e\xeb\xaf7\x01\xec\x97\xd7\xc4\
\x04\xde\xc6\x84\xe49q\x89\x9cna\xc9d&\xaf\xd7\
Kh\x1dD\xc0\xabm\xc3s\xaeab:x|9\
\x1dnd\x08\x98\xe12\xd5{\x94\x82\x0c>\xdc\x8f^\
\xc0\xec\xf8&iN$\x01\xd2\xb0\x9fd<\xe4 \x1a\
\xce\xd7\xe0\x8a\xcdyn\x9c\x83\xd9:.5\x86i\x9b\
l\xd3r\x8e&M>\xb2<\xe3#\xe3\x86\xfd\xb6\xb0\
\xfeB\xc3\x07\xcd\x00\xee\xd9\xdb \xe2\x03\x01\xf7c\xac\
\xb6\xbb\x17\x88T\xb3\xe3\xc7\xe4_\x88\xa7\xa6\xd6\xa56\
{y\xdc\xc9\xe7\x9e\x08^\x1a\x00\x9b\xde\x1f\xb4fi\
c\xfb\x9c3\xa9\x0c\xf0 4\x11\xe7\xc3G\x85b=\
\xb1\xe6A\xfe\x82\xd8+8\x22\x83\xd0*\xa7A\xff\x8c\
?Dg\x83\xd9$\xc3k\xd0\xbe8\x9a\xea\xeb\x89\xcc\
\x05\x98\x00\xe9\x9bR\xf9\x8a\x06r\xd2\xa7\xa5l\x93\x9c\
\xa7C\x1d\x9d\x18\xec`x\xf38\xc2\xc2\xd3Lr\xa3\
\x8d\xdd\x0d\xc9\x11\xca\x19\xa7\xb2\xad\x04\x89P\x10\xd3\x08\
\xe7j\x12\xf0wn\xb3\x9dMX\xa5\xa1\xc8\xdfG\x15\
\xae}b\x9f\xb7\x8d\x11\x1f=\x11PG\xc1\x93\x8cE\
\xa0\xd2\xacC\x16\xfe\xe9\xad\x94D\x99\xb5d\xb3g\x95\
\xa3\xb7\x1dA\x8a\xce\xf1\xcc\xbe-\xdeq\xaa&\x07\xc7\
\x0cB\x80s\x04T\x82\x06\x83c\xfe\x1a\xe1o:X\
\x06\xda&bw\xc2b\xed\xf0\x82O\x03\xe0\x9f\xedg\
E*\xd7\xe2<\x89\xac\x82\xcb\xdf\xe3|\x03i\x9bJ\
wm\xbe\x19AzD\xe7\xfc\x0b\xfcx7\x1e\x11\x5c\
\xb50\xbbb\xf0\xdd\xb6\x1fX\xea\xb3s\x0d\xa0\x12G\
=z\x02\xa4Sjp96\xce\x1e\xces\x83\xf7\x82\
\x99\xcc\xb3\xc9\x13\xfb$\x96\x163o\xd5^\x8c\xb9\x08\
\xfc\xfe\xd8R\xa2\x86p\x5c\x1b\xf1\x99mu\xc5\xb1\x14\
\x04\x0e\xe0\x14\xa6v\xce|\xce\x19\x11\x8f{l\xaf\x8c\
}\xf7't\x9aO\x0e\xf0\xc88\xffkkW}c\
\xd2I\x9c\x9e\xf14\x12\xe1\xb2\xd5m\x0c\x0b\xc48\xb0\
\xaf\x17\xf7\xd1\xa2\xa9\xc29\x19:\xe6Im\xff\xa7\x03\
\x99\x04\xf9a\xc3k\x1e\x0e\xbdx\x22\xed\xe7\xc9K\xf8\
\xb8\xb7\xa4}\xad\xae/\xcdy\x85\xa7B}\xeeHa\
O\xfc\xfd\x5c{\x1f\xac\xb0v\xbc\xb2\xc3\x1a(\xf7\xe2\
\xde<\x84\xa9U\xd7\xc9\x84\xf4'\x05\xf6\xa9JM\xb6\
T\x96\x08\xaf\xdf\xac\x90T.\xc3L\xc0\x86U\xaa\x92\
B\x1f3a\x1f\xb9\xce5\xe4\xe0\x91\xc2:w\x1d\xdb\
\x89\x0e\x91 \xd0H\xc9\xea\xfb\xd0\xc3z\x92g\xf1\x14\
\xc6^;!\x7f%\x178\xd1\xeeE\x09\xd6\x85\x03\xaa\
\x0a\xcf\xc93\xce\xe1\xd3R\xa8:B\x9f\xb2\xe3\x81k\
g\xa1\x8f=~\xeb\xfbN\xabBu\x9c\xe2ACC\
d\x8a\x1b[\x82\xc9*2G\xdc\xaf\x12\xf6z\xe3\x07\
o\xe8\x82\xa3\xcf\x1b\xb6Z+\xf4\x1b\x1a\x9e\x90\x83\xde\
\xcfQ|~\xc6\x9c\xac1~\x1a\xab\xbd\xb8\x07\xbdt\
=Y?\xc9\xd6\x890\xc4\xbcn*$\x06\x0d\x0e\xfb\
\xba\xb1y\xc3\xdbk\xabqQ\xd6Kz\xdc\xd6G,\
1\xdf\x00\x18\xe3\x8a\xd9C\xdd\x1e\x8e[$\xb5\x8a\x11\
\x98\xef}\xef\x84<\xb6=\xab{I\xb2\xa6\xbf@\xd8\
\xd0\xd4\x1593\xaa2\xf63\x86\x15W\xb9P\xb6\x10\
V\xad\x9fB\xe5\xfc\x13U\xbe\x0b_A\xbe\x9f\x19\xb8\
\xd8\xf7\xd9\xef\xe9=\xa1|\xd0TzB\xed\xffFA\
\xc3\x9dq\x83<\x00\xee\x98\xe0\x9d\x7fO\x18w\x16b\
\xa2v \x10\xce\xbd\x0f\x0f\x1c\xef\x0f`\xd9@\x1b\x8a\
\xb7X` \xc6f<\x8e\x19L>\x18\xcd\xb2\xecf\
\xebB\xaeB\xad\x05\xd5*\x9c\xe9:\xee5\xa7\xb4q\
 \x15\x80\x18 \xdcq~ho\xf6\xc9Rr\x1f\xeb\
\xb5^C\xc2\xe6\xdf\x95J\x0b\x0b|\xdc\xb8\x86\xdc\xc7\
~\xbb\xc1;\xe9\x92\x89\x07\xf7\x14\x92wT?1S\
\x11\xfb\x00\xbb}=\x8e!\xa9\xc6d\xb1h\x1f\x14Y\
\xe6\x04\x1eQ\x12\x8d\x9e\xef9\x8e\xde\xfa\xc7\xc8;\x8a\
d6&\xd5\x1b+\x83 \xa8\x98\xf3e\xf7\xf8v\xcc\
\x83\x1e\xd6\xe1r\xce\xb9\xbeR}\x12SK\xd9\x12N\
fs\xea\xd7\xed-\x87\x18p2\x98[{T\x8f\xe6\
t\x88\x0eU\x8c\xf8\xb1\xa91&\xf8\x99@\xed\xb9\x0b\
\x9a\x15\x9ak\x97\xc4\x84\x01\x00g$A\x0aS\x0f}\
\xcbHoH\xc2\x88\x0a\xf7'\xae\xb3\x93\x83\x03\xc5\xf3\
K\xdfu\x8e\xd5\xee\xd8\xfd\x1c\xd8$\xe2\x93k\x99\xb4\
5r\xf5x\x06p@\x7f\xbd\xa2\x81\xf3\xf1\xb3\x9d~\
\x8apN\xdb\x98\x80\x8elz\x1d=\xadD7\x13\xec\
z\xd6\xc9\x8e:E\xd2\xcfZ\x15\x98\x0e<R\xec\x10\
<K'N\x12\x0b\xa4Z\xfd\xc4\xd8\xa7\xfe\xc8\xca\xc7\
[\xbe\x83a~\xcc< q\xde\x12\xf5\x90\x11\xa3\xb8\
9\xeb~\xef\xdf{\xd8`\xde\x87a\xbd\xe8_=\xf5\
=9\xf8\xd9\x1e\xd5\x5c$\xd4\xbd\x91I\xd0P\xcf\x09\
\x03\xe8]7\x18\x15qfVZ\x17\xc9'\xd3\xaf\x17\
\xfd\x845iy\x1c\xd6\x99JW\xa7\x9cb\xa8>\x00\
\xe2\xcbc\x0fy\x15\xba\xe4\x839v\x9c!B\x8b\xd3\
v\xe5\xf9\xe1\x82{\xc8\xb1?\xf6\xc1\x00\x82X\x923\
\xcd\xe1\xcf\xf9:0.\xd9K\xe4\x88+\xfeV\x9c\x1b\
\xbc<\xbc\x87\x98\x86\x9d\xf3Cju\x0e\x825\xeda\
\x16\x12\xf3\x9c\xe0\xdd\xd0\xb6$\x1f\xa2:\xbb\x8f\x15\xf0\
\x8aOJ\xb4x<1\xd6<\xef\x85>Vd\xf1\xd5\
\x93a\x81K\xaa\xa3Oz\xca\xed>n\xc9+A}\
\xdc\xb5\x98\x07\x80\x07`R\x97\xe7\xa2\xc3\xbcd\x1b\xc6\
\x00<\xd9\xb0n\xdf\x86\x8cY\x05\xb0\xbd4<\x22/\
\x9f\x16w.\x8dEF!\xf5H\x11\xad9\xe5)7\
\xef\xc6\x90'\xd66V\x92\xaa'\x1bK\xdf\x07\xb1\x15\
\x09p\xe0\xac\x87E\xb4\x9c\x05\xafR\xe7eI\xbe/\
\x86N\xfc:,\x8f\xe4\xc8'\xc8\xc4\xf5\x8d\xefqr\
!\x1c\xc3\xe2\x0c\x96)\x81\x90\xf6\xc0\xfa\x0a\xdb\xdaD\
\xc5E\xa3@\x7f;\xe0\xc4(\xac\x8cai&\xf2\x8e\
I\xc6\xa5\xda\xfc\xe2Y\xebO\xec\x9b\xc1I\xbe\xa8-\
\x9cO\xfd\xf3\xcfE\x1f\x0e1=\x17p\xf5\xf3\x15\x89\
t<\xdc\xa9VG\xe3`\x0f\xafuY\xd2\x22\xd4\xcc\
\xe1\xa8\xfd\x88\xc9\x8ev\xed\x90\x88\xe6\xcdI\x1a\xf1}\
f\xe4\xe2\x98}\xdd\x96\xe0\x89\x8e\x9d!Dd)E\
\xbdv\xa8\xd0\xd6H\xe6UC\xfeN\xa3\xa1\xb6N\xdf\
!\x5c\xc3\x1a\xe6w\xbcF%\x8e\xb93\xaak\xf00\
\xc44\xaee7\xb8\x92Xf\xa22\xd1\x84\xa4\xfbq\
~'U\xbb\x82S3\xd9\x86\x1d\xc7\x13\xc2/\x93\x13\
\x99\xd78\xccp\xf6l\xefz\x8d\x9e\x0d`i=\x99\
t-\x15\x0f\xb4Bj.\x98\xb8\xb1TDU\x8e\x99\
b\xad\x12U\xd3\x7f\x8b\x831\xf9\x15\x09Q\x14\x93K\
\xd5D\x9c\x0fN&\x84\xb1\xedJ\xb3\x931\x9d\x19O\
g\xda\x97\xafMa\xab\xe2\x15r\x8d\xa0\xdb\xf0\x85\x12\
'\xe1\xdc\x9f\xe430\x0a\xb62\x14\x8d\xc3K\xef\xcb\
\xb5\x99 \x7f\x0e\xe2b\x1d\xdfM_\x98\xaa\xd5\xc2\x8a\
\xf6\xb6\xe3\x83\xa4\xa7m\xab\x1c\xa8\x07f&\x96\xb3\x0d\
\x93\x9f\xe1~\xfb\xb1Tm\xf0\xc43AeOtH\
\x01>\x93\x9aoC\x8fL\x9e\x9cb8[ \xcc\x5c\
H=\xb2H\x8d\x99@\x0e\x84u\xbb\x99\x11F\xee\x07\
2\x1b\x8e\xcf1\xf1\xf7\x5c+\xe5\x02\xd0\xc1\x8c\xf3H\
\x04\xd0\xf6o :\xf4K(\x8e\xbc\x11\xc6\x9e\xd5m\
|\xd34\x0c,\x95\xe3\x19;\xdc\xa3\xdaD@\x125\
\x91\xc4\x86\xec\x8cKVy\xfa5\x99\x0e\x19\x11&\xc7\
$P\x83\xb7n\xc2\xe0\x5c\x96\xfb\x83>\x18,Y\xc2\
\xf6\x0c\xa7C\xf2\x81\xd1Dt\x07`[\xdb\x82\xab\xf5\
\x96\x19\x9a\xbc\xael\xbcI8s\xe3\x8f\xd9\xf4\x8ag\
)\xdacD\xf0X\xef`\x00h\xf5x\xfa\xad8\x16\
I\x5cd\xaee\x7f\xa8&`\x82\xeb\xbd\x07\x87vJ\
m\xb5\xf1\xd9\x11\x9d1\x02\xf7#\xf6OeXna\
\x86<l\x83 \x91|Sf&\xc8q>1P>\
\xa9\x8d\x9c\x1b\x8b=\xb3\xc5LJ\xcf\xa7f5\xb2g\
h\x1fp\xa9\xf1I&d3\x1c\x99\x9f\x1d\xba)\xf8\
\xd3\x87r\xf2u\x1b\xe7x\xce\x0b\xf6RA\x9c\x0a\xa7\
\xce\xcc\x8c1\x91\xf4B\x92\x17\xde\x9c\x83\x5c%Ac\
\x0f\xca?\xa0%y?\xf5\xa2\xf0\xd11\xcd\x057\x0f\
\xc3%\xad\x8a\x15\xb73\x81\x1cS\x99\xd1\x94\xd0>\x9c\
jEMD\xb9PIc\xc7\xf8\xd1h\x98\x87\x95\xbd\
\xebqxo\x834\x00F\x90\x18\xf9\xcc\x06Uqh\
\xee\xa6H\x0ey\xd8\xe3\xe0f\xf5V\xc4\xdf\xc3\xcb\x08\
\x95\x10\xec\x9c\xe2\xd7!\xf4\xb9T\x05)\xc5\x8eB\x9d\
\xf5I\x11p\x97z\x11K\x1f\x87<\xec\x10\xdd\xe8\x0e\
\x11\xd4\x0b\xc8\x9b\x13F\xc2X\x15\xf6\x0d\x88\xa7K\xe1\
\xc0\x8f\xa5w\xe3\xc9[)l\x09\x11~\x8e\xc3\xd43\
\xd0\x95P\xb2\xe6\x80\xa5\x0f+\x83\x0f\xc3\xd0_5\xd8\
\xca\x05\xde\xa4 \xce\xcco\x98\xd9\x09\xebpd>\xfd\
\xa6\xad\xdbd\x06k\xcc\x86\xc5\x0c\x97@A\xfc+2\
\x92\x0c]\x9c\xa8\xf7\xaa\xdf\xdc^\xbc\xa7\xb2\xce$n\
\xdc\xc6T\xaf=C\x84\xa3\xd4\x16\xbc\xf4\x81\x1cT*\
d@\xf1\xa9\x94\x112^\x95\xdd\x8f\xe4\x05\x8a\xe35\
\x9a\xfaH\x13\x13\xd3\x83\xfb\xfe\xfb\xd3\xf7@\xc7H\xb6\
9\x91\x82q\xe05\xc2\xe9\xa5B\x1c\xfa#]\xb1[\
\x03@\xe0\x88\xa8\x01\xa7\xcb\xa48\x8a$I\xfb\xfe{\
\x1c\xb1\x04_\xc5\xefP\x9d\xca\xcb\x04\xcfr\xeew\xd3\
\x83\xa2\x86\xb8\x1c\xaa\x1e\xf8\xcc4f\x1e\x06V\xe7\x8a\
D\x9cf\x87m\xd8\xc7\x15\x9f\x0c\xdb\xdf\x18\xef\xb0F\
\x13\xe3n\xeb\x8c\x09G\xc7uF(r\xe4\xc0id\
\x80\x9d\xdd\xbc\xca\xeb\x10\xe1\xe8\xfa\x9c\x18\xd6r\xce`\
\xc6\xd3\xba\xdd\x89\x88]\xa5.\xfe\x00\xac\xc8t\xed\xe7\
c\xb7!\xdc(\xbcR3~\xbf\xaa\xa0\x12\xfd\x80*\
\x9a\xb2\xc6\x04\xc4w\x0d\xcf\xf1\xb8\xc5T\xb3\x81\x7f0\
!\xc3\xc2\xf9\xc8a\x13QS\xae\xdf\xb1o\x01\x00\x0c\
\xafS\xca\x03\x90\x8f\x9e\x0dH\x90\x98=\xa8\xf3\xdd\x99\
\xd4+NA\x90&Qo\xbd\x09|\xd9\x97*zt\
\xbeR\xeb\x0d\x5c\xa6\xc4T/#_\x7f\xb67\xe9\x00\
\x94c\xe5\xebp\x82s\x13\x0b1\xc7\xf5)J\xb1]\
\xed8.\x0c\xae\xceB\xbfx\xde rG\xb3\xc6\x1c\
.k\xc56\xaa\x85lE\x06A\x0f\x10R\xbb:\x0f\
~\xb6p\x03T\x8fb\xa7\x0e\xc4?r\xe8\xb1\xf8\xd4\
\x99c\xc8\x0d,\xe3\xaa\xdaR\x06(\x13.\xf4\xdf\x90\
F\xf6\xb7\xb0\xee\x00I9)\xbe\xcf\xac#\xfc\xdao\
\x02?\xe0\x84C\x8c\xe4\x9a\x0f\x17\xd2,\x92\x90Y{\
q\xb9\x08\xe8\x91\xc4\xfc\x85\x14\xc3B4\x0a\xa9\x84U\
}B(\xc4\x8b\x1a\xc4\x85\x08xZ\xef\xb1\x80\x81\x11\
d\x0d\xbb7-5V4\xfax\xf1>&\xc6\xcf\xa7\
hBH\x19\xc5\x90\x15\xcf\xaf\xfbZ\x0bh1\xf64\
\xbbZ\x89\xec\x1ez%\xe7\x04\xd0\x0a4\xb1\x89g\x0c\
8\xd7@4\x0fe\xc4E\xa7\xb9M\x8e\xfa\xcd}\x5c\
y\x825\x15\x94\x15\xb0\xe7\x08\xc0\xfc3\x93\xaf\x8c\x87\
F&\xd0\x1b\xdc\x13W\xf7\xbe4Q\x08qt\x08\x9e\
c\xd7\xbd\x8f\x0e\x9e\x83=w\xae\x01\xd4U\xab\xedZ\
\xfc\xfb87}\x1dd\xa1\xc2\xd9\xdb\x9d\x86\xc0\xe3f\
\xfa\xa6\x8bMr\xfb'\xdf\x8c\xa8\x11\xc8&\x10\xa4\xce\
0Fm\xe4kB\xceF\xfdK\xf6xl@\xdf\x0f\
\x9c\xb3 >\x06^+m~\x1d\x96\xf0\xab\x1d\xb1\x1f\
\x1d\x03\xea\xba\x11\xb7)6\x07\xc3\xb3\x1c#i\x1c\xd8\
6\xdf\x99\x1b\xc5'\x10\xe6\x06\xf5\x96\x85\xca.\x97,\
\xe0D\x1f\x04\x12h\x05\xf4Sm\x96\x10\x7f\xfe\x97\xcf\
\x82\xf1\x0c\xa1I\xf9\x8c\xeb\xf8y\xa1\xef\xf2\xbd\xe3\x04\
\x0cA}\x00F\xb5+:\x81\xc4\x1f\xc8\x87o'\xe0\
\xf1&\x81\xd4n\xb1\xb1\xa6\xb6\xb5\xbaq\xbd$8\xc1\
\xc6\x1d\x09m\x06B\xe6\x5c\x09\x10\x85J\xbcV)\x09\
p\x92\x8awFx\xb7\x13\xe4\x11n\xc3X\xa1\xf5\x19\
\x8e?\x1d\xc78k\x9b\xc7\x89\xe8\x06IN\x94\xcc6\
\x14\x07\xeb\xc6\xbf\x1f\xe0q\xb9\xd03\xd6x\x9f\xb6=\
;H\x9f:*\x1bCB`3\xee:?\xe3%l\
i\xcd5\xec\x186\xd4\x15\xd4\xfe\xae\x0e0d\xa9\xaf\
*\x19*\x12\xb1\xf9\xf1G3/s\xfcU\xbe\x0aX\
\xe1\xfc~\x00\xa3\x0a<$\x9b\xb2\xd0\xa0\xd5%2\x9c\
-\xe8n\x1c\x11\xdd\x19\xcc\x89\xc8N*WDY\xfa\
\xd5\xec/E`=a\xa7\xb7O\xd5}v.dF\
\xa0k%b+K-\x14Y\x0d\xdco3\xe7\xcd\xd6\
R\x96h{\xfb\xea\xf6\xa7s_3`\x1e>\xe8\xc7\
\xd9~4=F\xe1\xc0\x08.\xf0&\xd7\x05\x8d\xd4\x5c\
\x15_\x8d\xa3*\xf3:\xd4p^g%\x1cpM\x8d\
\x93\xfc3\xa36`]\xf2\xad\xee\xe1:k\xac\x92I\
P\x93\x95U}F\xa6\x08\xe0\x83\x83jor\x1b\xfb\
\xa4\xb1\xe2\xd7\xbc\x80\xc9%k\xdajX\xd6\xeb\x89\xde\
\xe1\x17\xcb:\xb7\xd2\x10\xc5\xcf\xa8\xc3\x9b\x00<\x9eR\
\xe6-\xc2\xde\x84Uw\x08\xf0\x86\xa6\x95\x01\x18%t\
\xa8+\x8cC\xf6D_\xc7\x5cJ\xff\x9c\xa7\xab\x97|\
\x22Xn\xcb_\x97\x9e\xc4\x01M\x81\x89\xcdT\x87\x81\
x\xc2\xbfE\xf5\xea\xef\xcf'm\x04:\xa2\x10F\xc9\
\xbb\xc2 -2,\x13f(\xff\xf6\xe3\x88*D\x91\
\xa6\xba\xbdQ\x13\x0a\xe1\xb6\xc1'\xd6\x07\x09.\x9a\x12\
\xd0F\xcf[\x17\x17\xcex\xb0F6a\x8d\xb0\xcfP\
\x9bs\xc7~\xae\x96a\xafo, )8Yp\xab\
\xb9\x9d<\xdeJ\xa5\xe7\xc7\x19C\x01\xcd\xc5\xe6R\x9a\
\x9a\x1e[O\xd2}\xaa\x13\xf5L\xa5%oS\xad\x98\
$\x91M%\xa3\xa2]\x8a\xce\xb7\xb9t\x9b>\xd7c\
\xcc\x8d\x87\xc7\x88\x00\xcd\xefb\xa6\xf2\x5c\xba~\x9c\xec\
\x0d\xf7+2\x88\xab2\xbe\xd5\x9d\x7f\xd3^\xb0F\xe2\
3\xf8-\xda\x1e\xcd6\x98\xb4p&\xc9\xd5@T'\
W\xfc\xa7\x11!F@RO\x9dO\x87E\x0b\x183\
\xd0C|\xabH\x81\xad\x05'Q\x02gGg\xea\xa5\
\xb5Z\xe1S\xceL\xe9\xa3u|\xe2\xa2,H\xe1\x10\
\x1ac\x5c\xb7\xec\xe1\x00orV\x16;$\x158(\
\xcb\x9a\xa2H!I84\xc5\x97\x0bL\xc8p\xeb\xb4\
\x09\xe76\xa5\xc3\xb2NXu\xa8\x99\x1e\x871\xe2\x5c\
\x91j\x8c\xd3\xbd5\x96\xbc\x8f\xa6\x81:\xc0\x9b%\x0e\
\xd9^\xf6K\x12\x8dG\xcav\x08\x90\xe5\x90\xcf\x03\x94\
_\x09\xc8\x96\xa7?\xdb\xaa#C\x10\xb3qC\x95\xeb\
\x07;+\x19\x99\x8f\x5c\xaa\xff\xb0\xaaeVb\xb8]\
\xde\x8c3\xed\xc5|\xd1W\x13H\xb6s2Y\xaf\xcf\
\xdc\xc8\x98\x19\xe3\xe1\xcd\x08[\x16\x16\xbd\xabB\x8e\x11\
\xfa\xf8.\xb4\x09\xf8\xce\xf3\xb2D\xf8|\xbf\xaa~\x04\
\x04\x97\xda\xcbR\xbe\x9f)\xbc\x187S\xa8\xb9\xe8M\
g=\xad\xdf>\x89\x8f\x85\x89U\xeb\xc4\x8f\xc5\xafe\
\xdc\x10\x86\x16\xf9\xda\xf5\xee<\xce\x99\x8bG\xf6\xdc?\
\xfd\xe0\xb8\xe5]!i'\xf8\xd8\xf7\x9c<*\x02X\
\xfb\x9f@C\x848\x1cS]\xd9\x80+\x98\xf8=_\
k\xd6\xf2\x1e\xc8\x8c\xf7\x16\xa6\x8e\xfd\x08\xb6\x10\x7f\xcc\
\x8f1\xc0\xfcY\x8a\x222\xd8d<\xc1\x1a\x81\xf8\xcc\
t+y_\x8b\xaem\x10\xf8l+yO\xf5\x12\xfb\
\x0c<\x88<&\xf9\xb0\xb1\xb1;\xf5q\xbf[\xf1\xe6\
\xd2\x1eE\x1e\x82\xa1Mw\x94C\xc0\x1a\xd3\x9c\xf6\xeb\
\x85\x09\x19R\x8e\xc45\xc3\xc4\xb8r\xee\xab\x13\x0fe\
\x90\xb13\xae\x1db\xb6\xd4\x07\x94\xb90\x12\x05\x9c \
\x04\x85\xc8\x14.\x15\x9d\x9b\xc1h\xc0\xf3\xb0\x88Q\xa8\
6\x04M\xf1wH\x07{\xe1\x1d\xc0\xf12%\xe4\x01\
0\xb5\x22\xec+\xb0\xe1\xc2\xb6\xe0C\xb4\xac\x12\x96B\
q\x9fm[\xaa\x22\xa3s\xc0Y\x8d\x91\x13\xdcD \
\xfb\xd8Zn}I\xa2\xae\xd6u\x0d\x5c\xdbx\xbc\xbf\
8\xd6\x95%\x0d\x87\x8c\xddaH\x5c\xbf\xdf\xa8\xa8\xdf\
\xf7eD\xc6U\xc9\xb1\xbb\xd6\xab\xb3\xb6\xa7Xq\xbb\
G\x12\xd3\xa4\xd6\x8ct}\xb2\xa3\x8c\xccS\x0f\x06\xdb\
3\x1d?@\x89Wl>\x159\x861\xba\xf1\xcb1\
\xbd\x5c]\x8e\xed\x8d\xef\x8c,\xa0#\xfc\x13u\x9b\xae\
\x07O~\xb3\x947\xd1\x16Ya\xbb\xa2\xf5'J\xf5\
, \xc7\x0d\x84\x9b\x8c|87\x81\xab\xc1E\xab\xf1\
\x17d'\xd4\xfa\x94\xe1p\x95y\x88\xebq\xa7\xe6`\
\x86\xbe\xd3\xe1\x1d\x01\x8c\xd1\xc3=\xc3\xd1\x9e\xf1\xe6\xb2\
\xb8\x19\xd8]\x87\x99\x8b\xbe\xbe\xfc\x9e4F#\x86]\
\xb2\x16\xc1\xef\x878\x9e\x8a\x10yb:2T^\xcd\
^;m\xe24\xbe|m\xb9x\x15\xbb\xcd\xafg\xb0\
T[\x03I\x7f(\xd1)\xce\x1c\xbd\xec\x13\x9f\x8e\xa2\
\x89g\xcc\xd6\xa4\xdd(\xd8df\xcb\x1cV\xb3\xc6\x85\
\x19.\x9c\xe0\xb8\x02\x91\x81\xc8\xdb\xdcVZ\xae\xd87\
n\xcf\xb4M|\xae<\xadhJ\xd1\x1b\xdf\xebu!\
S {\x9d[\xda\x5c\xce\x1d\xb2\xec\x14<\xf8\x0f\x90\
\xef\x14\xd2'\xcb>\x15B\xcdS\x1a\xe9Md\x14f\
\xb1\xf3\xfbrQ1\xee\xa9\x93\xc3\xf52h\xa8\xf6\x96\
/\x80\xdb\xe8\xdeb09`\xacp\xc0C.\x92l\
\xfe\xc9\x9a/\x9eW\xc5I\x89\x86jad)u\xe0\
\x1c\x08\xd1>\xd0\xc1U\xfd\x5c\x15q\x00\x14D4\xce\
q\xbf\x81\x5c2\xbeH\xbd\x02\xc7s&\xcc\x1e\x89\x98\
\xf7\x04\xec\xfa\xa8\xbc\xab\x9a+.\x1f\x1b\xd2\x0eZ\xf1\
\xedI~wy\x7fVF\xce|A\xads\x13\xaa\x15\
\xf7\x92\x8e7KO\xe8\x87\xff;\xb6\x1dmy\xb9/\
\xf3f\x97\x11\x06\xcc\x02\xeae\x5c\xd8\xb4\xe4\x9b\x92\x1e\
\x9e\x9b\xb8\xa8\x8d9\xd1\xe1J\x1ew{M\x7f\xaf:\
\xae\xa4\xcc~X8\x8b\x1a\x97Q2\xc0\xd8\xd9\xc1\xcd\
\xd6\x1a\x87W&\xf52\xde\xcb=9\xad\x1f{\xc9\xc5\
{A\xd7\xdc6\x22'B\x7fOY\xb59\xc2\xa2\xc3\
\xda3!\xd5|\x8e\xda'gn\xd1G\xbd\x84\x5c\xbf\
\x9f\xcd,\x06\xcb\xc2I\xd6=\xec3\xc9\x0d\xf6\xcf\x01\
\x0e\x15\x83\x9d\xd6\xb6\x9e\x0f!\xcf\xad\x9c\x0c7\xe2\x85\
\xe5\xfc\x15\x97\x95\x18m\xdd\xcd\xfdh\xaavn\xe6\xfe\
\xd6\xb2\xbc\x0e\xa2/\x8a\xdd\x83`\xe2\xf6j9\x9a\x1a\
\xdey\xec\xc0\xc1>\xfe\x9f\x9f\x89&\x06\x94\xd8_0\
y\x92\xc9\xd1\x11\xdbA\x06\xae\xf6:=\xb72\x8fS\
\xe6\xc0L\x09\xd2\x15\xed\x9f_K^\x83Y\xd62\x19\
c\xa0\x17\x85\x13\xe9Nn\xe3\xa0\xae\xaaM\x84\x8d\xc3\
_A\xeb*L\xa8C\xbf\x0a\x5c\xa5\x97\x16@\x96\xeb\
\xb6\xfeD\xad\xfc\xb2\x12\xd9\x0b\xa9\xdeA\x14\xf7D\xb7\
KD\xc7!g lp]U\xa7\x90\x0a\xd1_'\
\x0e1\x11\x7f\x92j\xa5\xfen\xa7\xce@\xce\x83\xcc\xd7\
\xfd\xfd\xdcV~\xaeR\xb9x`\xd0;\xf0&\xbd$\
\xf2\xf1\x9a\x8a*\xf5\xe2Z]YJ\xcf\xea\xbbem\
\x87\x7fnt\xca\x8auqX\x1d\xcc\x1c \xf6\xa4\xba\
\xa6G\x98I\xe3\x05<\x12p__\xben\x8e7\xae\
}iD\xa5|'%\xa3]\x92\x15\xe4\x995\xf5W\
u\xed2R\x97\x97f\xa0!A\x1d\xccX\x17\xe7K\
\xe8o\xb0\xd3\xec\x89\x8f\xd3\xd5\xec\xc0\xde\xd8\x8f\x08\xaf\
\x11\x0by\x86\xc6\x9a\xb1\xdd?H\x9b\x01\xde\xb1\x1e\xbb\
\xef\x19\xc1\xf1\xbd[!t6\xc7n\xac*=\x81\xe1\
\x1c%\xfe\xa5\xf9\x8b\xebiS7\x8a\xf7\xc659\x10\
\xa2i\xe5\xdb\xd6[\xf1P\x94cV\xda\xcd\xe3]\xeb\
\x83\x7f\x9fp\xa4\xc2\x1a\xeb\x22\x9a\x00fc_\x82\x09\
\x18\xe6\x9alB\xf2\x0f:7\xd3X\xc8\xfe\xc99\x07\
\xb6\x08fcY\xa2t\x0e\xb7M\xea\x0a\xf8O\xf8\x05\
\x7f\x06\x82<4\xe0S%\x9c\xce\xaf\xa6\x5c\xabm\xa4\
+\xb35\xc7\x8c\xbchH&C^\x84\xc5\xe0\xd0\x9c\
\xd5\xf90W\xc6\xb1\x0c\xcc\xcc\xc4\xdc\x1a\x22\x9e\xac\x86\
\xd47\xd3\xa8\x9cW\xc85\xfe\xcdN%\xb3\xc5\x86\x87\
\x18\xdc\xa4y\xb1\x98\x06A\x1e6\xa0Xg$~\xbe\
}\xff\xbc\xe7\x84j\xce*\xf6\xcd&5\xb7\xe5\xe2\xb7\
\xdb\xf6R\xb5\xb1N\x90\x96\x9d\xbc\xbaT\xe9C\xaf\xb4\
\x8d\x02&\xfc\x82\xf4\x9f\xc2\x95\xbadiDA\x1f\xf1\
\xf0\x03\xa7\x88}N*bV=\x93\xf3`b\x96z\
\xa0\x9e?|\x82\x83\x00\x8c\xeb\x85$\xae\xe9v\x8b\x11\
.\xc2&\xddC}\xc3\x9c\xa3n\x97\x94&\xd7\xef\x7f\
\xdb\x1a\xc9\xb9\xda\xcd3\x1f\xeaF.]\xedMi4\
\x12\xfc|\xdd1$\x14LdY$\x1c'\xc65w\
;%\xd4p\x16\xc6\xb4\x94\xf5\xb1\xac\xdao|\x8f\x90\
\x9dF\xcd\xd83}i\xd5\x9eK\xb7r[r\xd5/\
\xb7\xae\xee%\xc6^b\xd0s\x9f\x964\x22\xb1%\xd3\
`\xd4Lz\xac/\x97\x19\x82\xf7\xbf\xc7\xd1,\xaf\x9d\
\xea\x1e\xd5)k!\xb0\x5c\x82\xa0A\xa0\x8d\xc0\xd6u\
\xf7\xfb\x87\x226\x9b\xbf\x1bT\xfc\xbb\xb6\xfa\xcd\xe94\
\xd4\x9b\xda\x08F\xa34\x0f\xb1\xbd\xdaQ\x13\xb8\xd0L\
!\x8c\x8f\xfc\x19 \x1a\xa5Y\x10!e\x8d\xd5\x84\x97\
\xd6\xb6\x97\xee+\x98\x03\x06\xee9\x08jh\x1b\xcf\xf5\
\xfa)\x11\x12\xe1\xb5\x04s\x97\x13C\x8f\xaew #\
\xad\xdf\xd4\xa4r\xb2\x0c\x02)\xa1\x97\xeeY\xa2\x98t\
0\xfc\x00k\x0f\xff\xd1o,\xc1c\xc01\xad\xd4\xde\
VB\xa0\xcf\xb09\x03o\xd6\x00\x8f\x9a'\x8c\x89M\
\x89\xe7Xf\xf0\xb2TT\x11\xf2V\xa3\xf2\xaa\xdb&\
\xd1X\xee?S\x09\xb1\xfa\xd0\xd4u|b\x98\x10\x1b\
\x8a\xc3\xe7\xf8[t\xde\xe5\xadKm\xf8\xeba[\x0e\
!Zc1F\xa0\xe74\xef\xc8\xec *\xb3p\xfc\
\xa8\x12e\x03\x22'\xbb\x81\xc3]\x94@=\xa7H\xed\
O\xd6\xfaQ\xd2\xd1\xc6\xd0-\x9e\x18\x84-\xa1N\xf5\
2\x9eF\x15DI#of&Rb\x97\xd6\xc5\xb0\
SD\xce\xfe\xb4=6\x1c\x9c\xa6'\x96P+\xf15\
\x1e\xb9r\x15\xb21\xd8cW9M\xde5\x8e\xc1\xf3\
i\x87\x84\xd3\xd4\xed%^\xabt\x1b\x9b\xc9\xec|n\
\xaa4\xf77j\xb3\xf0\x18\xe1)1V!\xbc\xd29\
\x85\x11k\x1e\xc4\xb7\x01gb;\x04\xcf\xe6(I\x1b\
K\xe7\xd2c79\x1b8\x1c\xfe\x14\xc7H\xe8\x96\xcc\
\x11\xa5\x0d@.\x011\x1b\xb0\xfd\x1dU\xc0\xbbY\x83\
\xcd\x05\xc1b\xa8\x85\x1a8l`YS\x0e\xa2\xaas\
\x959\xea\xb9\xbfD(\xd1\xbe2\xff3\xd6\xcd\xf5\x83\
\x09\xb4\xf9\xb6\xb1J\xc7\x05\xc1\xbaV\xa5\xae3\xf1\xf0\
pjx\xbc\xcf@\x11\xbdI\xb2\x07\x0bC\xc9\xa0\x1e\
\x99\x91\xb0\x84\xfb8hnLJ\xf2j\x7f\xbc\xc0D\
@|h\x10\x8a\xdc\xb5\x92\xb4\xe0,sXB\x97\x9c\
\xeb\xc1I\xbc\xf1\x00\x22\xb1GSSX\xb51\xac\x96\
\xf7\x11\xd6;\xd6\x98\xadKL\x0f\xe7\xd2IH\xdc?\
\xa8\xc4\x9dC:\x87\x1c\x8e\xaa\x810\xf6\x97\xd9\x8d\xc8\
@\xf40F?NmQ\x0e\xe0\x22x\xca\x1d\xca3\
\x11\xf2\x8fH\xe6\x0a\xac[\xae\xd1\xee{\x82[\x14\xc6\
\x9d\x92\x9b\x83\xc2X1c~\x1c+\xc9\xc2\xf23p\
\x8cE=\x1d\x90.\xa9O\x10\x10\xbc\xd0 \xf3\x1d\xf6\
K\xd6P\xe3\x10 O\x0cw\xe8\xbe_\xed\xd6\x03\xb3\
\x06r>\x14\xd4\x0d\x93A\xb0\x96)\xcdt\x9a\xc7\x00\
\xbb\xbds&a\xd8\x92\xc0\x85-R\xc1\x87\x963L\
|\x99\xf8\xc7w\xf9,\x10ig\xb50\x1c\xce!\xd5\
\x8c!\x0c\x97\x91jG\xa9\x1bM\x10\xc1\x17\xe4\x10\x9e\
\x17i\x8c7\xb0\xf9\x11\xb0\xcdq\x5ct\xb6h3\x13\
lR\x9d\xbd3l\x07\xeb\x93\xd0E\xf3\xe0\xf5\x9c\x9e\
\x8d\xdfss^:\xaf$\x8f\xe5\xe2s\x93\x8f\xcf\xfa\
v\xbd\x86dIKbuy\x87-\x10t\x1e\x1fp\
(\xa7\x82\x95eF\xa9Z\xd1\x988\xd0\xc8\x860E\
\xa1$\xa2A\xc8\x18\xc6 \x15\x10\xe3\x81\xe5\xe12\xe1\
\xb1\xb4K\x94;\xf5\xd11\x95\xa3[\x91\xcb\x1f\xe1\xc7\
kkFs\x813\xea\xd2v\x951\xc0Y\x0b`:\
\xc5\xa4\x15\xd4\xef\xd4\x0d\xf1g\x81\x13\xa4d6d\x9b\
\xb9\xcaZ\xd1>'\x0bR%\x1c!\xbc\x1e\x8f\x1b\xc3\
\xcc\x7fh\xc5H\x94\x99V\x11\x18b\xd7w\xda\xdcX\
\x1f\x02\xfd\xd0i\x10N3\xc6\x1e)A\x89\xec\x1fo\
y\x15d\xe4\xf9\x07\xbe\x87y\x01p\x03KoZ\x0b\
\x10F9\x04\xcc\xb3\x08:/}|^\x95D\xfd\x8d\
\x8c\xd9\x85\x90\x05\xee\x1f\xfe\x9a\xaa\xf9\xccIo\xc8/\
\xe6\x8d\xcd\x07\xc5\xa9\xbc\xb6\xf7He\xed\xf7\xbec\xb4\
\x8c8r\xdfi};s\x9d\xea\x7f|\x0aU%j\
.\x81\x8c0x\xc0G~7@}\xc6\xddL\xe6 \
\xc9\xe9`\xeb\x15R\x80OS+{\x85\xf0\x8f\x84\xb4\
av1t\xe7\x04\xeb\xc7\x0b\xf0\xf8\xfe\x83\xb1c\x02\
\xef\xd6:1\xb2\xccd{B\x06\xde\x96\xf74\xf7\x9f\
\x0eu\x22\xd3\x5c-\x15/\x99\x15x\x8c\xf9y;s\
#?_\xd5\xb3\xb9\xe0\xec\x11\xd0\x05\x9d\x17Y_\x94\
\xa1U\xda\xa2\x7fR;n|`\xd8\xaa\xb2\xd3<-\
\xccL\x80\xf1\xcc\xd9\xf5\xfc\xeb[\xb4I\xb3Bc!\
D4\x7f\xc6\xf0~\x9d\x00+\xb4Qi\x0c&\xb4\xc9\
k\x09(\x0f\xc0\xa9|)\xaa\xaa\xc7\xcag\x9d\x8d\xdf\
\xa1\xe6\xc5w%\x07\xe9\xfd\x81[\x0b\x84\x16N\x86 \
\xc4\x5cA\xad>\xcc\x0c\x82C`\xae>\xbbn\xb6r\
#\xd6\x1ec\x8eD\xbe2Y,\x95j2\xe2o\x9f\
Li,\x8b\x13\x19h\xa7\x10@\x95`\x990w\x84\
p\xb8\xe8\xa7v\x1d\xdb\x95\xfdy\xdb\xef\xfbY\xd9\xdd\
|p`{\x1a\xd9\xd5\xb0\xa9\x99\xb1\x80g+\x90\x13\
#j\x93 `CB\xdf\x15\x5c\xe2\xc1kp\x14$\
\x0a\x0e]\xe6O\x19\x95\x94\x0d+\xab\xb9N\xfb\x90I\
B\xc6$\xed\x864\xcb\xc2\x02pf\x16E\xb8\x99\xbb\
BNq\x22I\xdd'E\xe6\xfa\xfa\xf5\xeb\xfa\x1cK\
\x80\xc2\x10x\xca\xa9\xe6\x08\xc70\x10\xc5T\xbdL;\
\x13\x0eS\x91$\x08\x04\xfa\xb2\xebR\xb4[_\x8ah\
\x99HR\xa8\x92\xc7\xafN\xed\xde_;\x97\xb05\xcf\
\xeaz\xc6U\x89\x95rQ\xbe\xbf\x9e\xaf\xe0\xf1\x10$\
 \xe6@\x93\xe0$nO\xdc\x86\xb8\x84\xe1\xf0(C\
\xc5\xaa}\xd0\xd3\x1d\xf9I&\xf0\x8eT8\xf3\x92\xc1\
\x03\xf3\xb2\xd7\xc3\x8ez^\xfd\xce\xc4\x91\xd6\xaeK\xfa\
\xb2\xd6\xa1\xc1\xd1u@\xde\xe8}Mwom\xd2\x05\
\xe9X\x19\x81s\x9f(\xdf\x85\x0d\x84\x08M\xaf\xe1L\
\xb4\x07*\xcd\xa9\xc4\xe8\x19\x08[\xdf}\x0d\xc5b\xc7\
\xb2\x80 c<\xbd\x8e\xce\xd0\xa8tN-\xe7\xcc|\
\x8e\x09\xc0:w\xda\xabp^\x92\x9bw\xf2\xaf\x12\x8d\
\x22`Ax\xf7x$-\xc1\x81\xbc\xd8\xcf\xda\xe1p\
\xd1\xce\xce\xcf\xdb\xa9\x1f\x0a6\x9c\xabQ\x94\x94R\xd7\
K\xe0q\xd4\xcb\x84\x7f\x8a'\x9d\x10\xa2\xbf}=X\
\xe0+\xfe?\xb5\x19\xaa:W\xa6\xc2\xd5'\x96\xb2\x89\
V\xf5\x90A\x9fb\xdb\xe8\x0d4\x89\xd5X$Pz\
\xd5\xf1\xd6\xf7\xa3$\xeaz\x11\x8c{]\xdf  ;\
\xcd\xdcL\x80\xac\xfa}nR$\x066\xcf\xaa7\xb7\
38\xa99\xe0\xb6\xf1l\xb9\xbe\xe0\x05\xd5\xe1\xcd\xe1\
\x89H\xe8\x01\x83\xa5\xf4\xa8\xeb\xc4\xdf\xfa\x8d6G\x8d\
\x85\xd3$\xe9\xfd5\xdb\xef`\xbb.\x12\xa9\x18a\x9f\
%\xea\xf0Z\x80\xb1_\xe5\xe6\x91\xbev\x89\x22\x1e\xca\
\x81\xcd\xd2\xda\xe9\xe2\xa2\x9d\xb5c\xfb\x90\x0fz\xaf\xf6\
\xbb~\xc7\x87\xb4\xe7\xbc\xdf3\xdb\xb3\x9e\xf1\xd4\xf6\xe4\
'=\xae=\xf61\xd7\xda\xf9\xb9\x9ci\xed\x00\x80\xb0\
\x13m\x1b\x1f\x10D\xcc\xbd\x84\xa4p:O\xe7\xdf\xa1\
\xe4\xc6\x08\x10He\xc7\x95\xd0@\x8c\xb3\x0e\x82\x10g\
M\xf1\xab\x93j\x8c4\x99\x84<\xa6+\x92\xf9Ls\
\xd7\x19\x1d\x9f,\x06\xf5\x9c\xed\xe9\xd0\xdb!7\x831\
$Q\xd2\xb5*\x1c\x03\xa3q\xb88\x92\xd4\xa9#u\
n\xacm\xc0\xd13\xa4a\x14\xe3\xe6Quw\x00\x86\
CR|\xc9\xd72\xc2e\xf8\x95x\x03\x86\x9d\x84\xda\
\x01\xb1\x95\x11#\xc6\xac\x84\xee\xf8\xae\x83\x11\xd0\x94\xcc\
\x9eAT\xde\xc2j\x14Ul \xce\xc2\xd4\x98&\xc4\
\xad!\xcf\xfc\x0e2h4 q\x0d\x92\x7f\x1dfH\
\xbf\xe0h~b$S\xb6\xd5c\x1d\xfa\x03c\x06|\
\x82*\xd5\x93\x9e\x13Aa\x1f\xf8\xfa\xd4\xc3\xc59\xce\
\xf2}1\x90!/=oB\xc7\x18\xe8D\xb9\xf9\xb2\
DX~\x1e\xbb\xbf\xce\x9b\xdetO\xbb\xe3\x8e7\xb4\
\x97\xbf\xe2\x15\xed\x97_\xf0\xe2\xf6\xc3\xff\xe5\xa7\xdb\x8b\
^\xf4\xcavjWy\x0d\xefjD:\xd8\xfc]\xbc\
\xf9\x92\x07\xba\xe26\xa4V\x16\x15\x86m\xe7\xd1\x09\xb6\
\xba\xa6\xc5i\xfa\xd8<\x22\xfb\x12\x1a\x82\xa1m7\xfb\
\xab\xd1b;\xf7\x8c?#\x06L\x85\xb4,\x0b\xbd\xc2\
\xf5\x8a#Vh\x94=\x1b\xc7\x0d\x86\xe3\xb2\x052\x9b\
\x87\xdd\x12\xa3d\xf7\xa5\xed\xa7<\xe7\x8f\x9f\xbcj\x9d\
\xa4\xc2d/\xcd\x95\xf2>v\xaa\x97*\x9e;\xe4\xd1\
\xe6HhRM\x09\xf6eAi\x03\xb4\x06\xc0\xe4\xf8\
\xd6\x88z\xfa/\x7f`\x07,yx\x87r\xd1{\x8d\
\xc4\xaa\xaa=\x96\x99\x9d\xdf\x9cS,\xd3;\xee\xf8P\
\x0c\xef\x04f\xedy\xaf\xcf\xfd\xc6>\xc1{\xd8\x924\
i\x0e\x86\x8b\x8b\xf6\x81\xef\xfb\x8c\xf6\xbf|\xe6\xc7\xb7\
O\xf8\x9d\x1f\xda\xde\xed\xa9Ol\xd7\xae\xf4:b\x1e\
\x86\x9b)\x1e\xf6\xd9\x1c\xb2\xdc\xdf[o+_\xab\xc6\
Q\xb5_\xad\xcdG\xca\xc3\xa5$\x8e\xebA\xa8\xdd\x97\
w\x8c\x95qj\xd7o\x9c\xda\x8b_~{\xfbw\xff\
\xf1\xbf\xb6\x7f\xfcO\xbf\xbf\xbd\xe6\xb5w\xb6\xdd9l\
Wg\x9aS>\x8bp\xba\x97@l<3\x5c\x10t\
\xff^\xd8\xb7))\x8f\x9ad\xa6&`\xd1\xd28\x22\
\xa7\xed\xf8|\xfd^\xcb[r(\xf1\x04\xc1\x9dW|\
\x16\x87\xb7A\xa2W\x9a&\x1a\x89\xe0g *9\xd2\
v\x0f\x1as/|\xf8\xa3\xb4\xd1\xb6i@X\xbbj\
\xc9|.\x15e@\x0c\xd2\xa8A\x0ep*\xf0\xe6\xee\
)\xcf\xf9\x5ca\x00v\xd9\xcd\x04U\xd4\xbd\xf0\xcaP\
\x8fXU\xa5g\x5c\xc9\xd9 n\x98\xaa\xa4B\xc6\xcb\
j\x9b\xe5\x04\x17\x15\x80\x22X\xeal\x84[K\xc5\x00\
\xf4\xfa\xd4\x99\x902T\xc1\xeb\xdb3'\xa7\xc0\x00\xc4\
1\xfaE\x13\xefU\xe3\xf4g\x1f\x90\xd3eO\xfa\xd2\
Y\x9b\x8b}\xfb\xb0\x0fy\xef\xf6\xc5\x7f\xfe\xf7\xb5\x8f\
\xfc\xed\xef\xd7\xae]\xeb\xf6b\xe3l/S\xb6\x12\xca\
\x07\x93\xa0>B\xac\xb7\xc3\xa9\x97\xb7W\xc6\xa66\xf5\
\xbd}\x8e\xf5fJF\xf2\xdb\xdea\xd3O\xd7\xb8\xdc\
s\xff\x8d\xf6\xfd?\xf8\x93\xedo\xfc\xcd\xe7\xb6W\xbc\
\xfa\x0d\xe2E\xcf\x87%\x8d,\x91\xe0\xcf\x82\x01\xa0\xf6\
K\xa9\xde\x9b^MP\x8af\x02\x9f\x0ex\xd2\xe7B\
\xeb\x00\xb3\x0eLAk\xa9\xc7\xf9\x9d\xc1dNe\x89\
\xaeT\xd7\x03A\xa5\x0a6\xe6#\x90\xef\xec\x04(/\
\x8a\x06\x91\xb5\xac\xf2^P\xf4D!(\x17\xf3\xc9\x8e\
Qe3\x06\x00\xbf\x1d\x03`\x9a\xa5\xc1\xac\x95l\x7f\
Pwt{S\xf7\xa6\xef\x7f\xbd\x0c\xaa\x9e\xde\xda%\
CP\xec}\x9f%\xe0\x0a\xd9;eXPsE\xa0\
\xa0\xde\x120b\x82\xe0\xd6\xe6\xce.k\xc7\xdaV\x0c\
\xc0\xc0D\xe8IQ\xd0\x00\xe4\xd0\xaf^\xf6\x93\xdc\xea\
\x96\x97\x9f\xaf\x8d\x99\xf6\xfc\xe4\xd1H\x84\xeb\xecuu\
\xc7\xabwy\xe2\x13\xda_\xfb?\xfeX\xfb\xe4O\xf8\
\xa0v\xed\xca\xb9\x9c\x1b\x1e\xac\xad\x83\x09b\xa9\xcc$\
\xfc\xb5\xfbk\xef\xe5\xe7\x96\xaeW\x84\xedV\x99\x82\xe5\
5\xf7Hy\xa8\x96\x0a\xf9>Rn\x0a\x92\xce\xbea\
\x94\xab\xf3\x03w\xdds_\xfb\x8e\x7f\xf8/\xdb\xff\xf9\
\xf7\xbe\xb7]\xbf\xb8\xd2\xbaKg\xdb\x9d\x17s\x11s\
\x0b\x84<>3\x22\xee\x08>W\x02\x07L\xf1\xa1\x99\
\x1c\x8c\xe4\xf7\xea\xdc\xec\xe0\xa4\xfd\x05\xdb\x84\x99\xf2\xa2\
\xf0w\xba\x09\xd5;\xbd_i\x902\x91M\xcfx\x0d\
\x06u\xd53\x11\xf4\xc7\xb2\x83\xe6\x08\x8c\xa5~F\xf8\
w\xdc\x1f\x05\xc8\x99\xd6t\xf7\x94\xf7\xff\x9c\x13\x9d\xf5\
\x8e\xb0\xab~|\xa8\x93Lmbb|#%8\x95\
\xc37\xbc\x85\x1b\xe9~)\x19\x0c\xd9\xa8\xe3\xb3^m\
\xbf\x8c\xd8\xa3\xea\xc5\xf2\xf7\xe7\x85\x82\xc1\xc9w~I\
\x9f\xa1#\x13E\xb3\xb1Tf\x08eP\x99H\x12\x8a\
\xe1ya\x008\x85d\xbf\xc7\xde\xda\xdc!3\x01\xe0\
\xd8\xce8v\x86m\xac\xd3\xa7\xc1\xf4&\x0d\x0ea$\
\xe5\xd1i\xdf.\x0e\xa7\xf6\x09\x1f\xfd[\xdb7\x7f\xfd\
\xe7\xb6w\x7f\xd7'\x89\x8d\xea\xd0v\xfb3\xa7\xd1Q\
c\xcdt\x8c\x95\xc6\xe5\xc1\xd4\x00\xccT\xf5K\xea\xfb\
\x07\xab/\x8f\x94G\xca;V\xf16nFRl6\
e\xa1\xe2\x97_\xf0\xb2\xf6\xf9\x7f\xfek\xdaKo\xbf\
\x93\xa2Tj\x22j\xc4\x14j\xf1\xeel\x88S\x1e\xb3\
\xd6\x16\xd5\x98\xa6X4\x9d,1n\xea5\xe1\xdd\x81\
\x06\xb2\xd0e>:>\xfc\xb4\xca\x97o\xf8\xf7\x94\x99\
\x8d\xe5\x94\x05C\xd9\xf2|\x16\x183\x03\x90\x9f\xf5\x0c\
@\xae\xbff\x00X\xa8\x1c4#\x13\x87rm\x0b\xf4\
\xec\x9d\xdf\xff\x8f3I\xee9\x98\xa9\x11\xc91\xec\xec\
\xd3K\x08\x19\xd1\xdc\x905\xbb+\x15\xce\x16\xef\xdfC\
\xa6'\xa8\xad\x83\x9d\xa7>\xda\x94\xdbJ9\xcf\x93W\
'\xabr:s`\x12t>R\xe5t\xba\xb0\xd8l\
\x05\x8c\x8d\xc9L\xf2v<\xe7Z\x89R.\x98\x0e\xbf\
\xf0\xcc\x1b;\x16\x9fy\xcb\xe9L:\xc1\xd6\xf3\xeb\xc7\
v\xf25\xf2.\xee\xe9\xa0\xaf\x9f\xda\x17~\xfe\x1fh\
_\xf2\xe7\x7f_{\xf4\xd5\xce\xa9\xdbIx\xea\xbct\
\x13\x04\xf5V\x9e\xb9\x8c\xe9`\xa9\x8d\xa5\xfa\xfd\xf5-\
\x9a\x84\xa5\xfa\xc76\x9c\x84\xf4\x803\x1a\xdb50\x0f\
l\x19\xc7\xf4pb\x96\x1e\xe8\xbe\xde\xca\xfcm\xc5\x11\
o\xedu\xf0\xc0\xc1\x88\xf1\xcb\x1b\xde|W\xfb\x82/\
\xfe\xeb\xedG\x7f\xfc\x97\xf4,\x0bv\x905\x9d*\xef\
\xa1\x85\x83\xd5(\xdc\x16\xb95p\x91M\x96\x97\xee\x95\
'~S\xfb\x83\xd4\xbd\x12\xda\x18^\xd9-Gq\xd5\
D\xde\xf9t\xa5\xaed\xadB\x98\x97c\xa2_\xe2\xe0\
\xca(\x9b\x89\xb8\xd7\x0a\xd0Y!J#\x1d\xbe\xf3\xa6\
\x81A\xe1!sSid\x5cD\x07h.\xf82=\
\x1d \x9e6T\x03\xd2\x03\x8d\x13{\xb84\xb7p\xae\
 :W\xd8*\x86*\xfda\x1c\x96X\xc7\x03\xd3\xb7\
;\xaa2\xbc\x06\x00\x84\x15}g\xe0\xa9w$\x01\x8b\
\x01\xdd\xed-v8\x0b\x13\xe5\x19\xb1\x99\x15~\xbe\xb3\
@\xce\xb3?\x11\x7f\x8c\xc7\xc6UH\xe3)\x0fC\xa8\
?\xd9\x81\x08b\x9dY\xbb\xb8h\x7f\xed\x7f\xffc\xed\
+\xbf\xe8\xd3\xdamW${\xd7\xce\x927\x01VU\
\x9dk\x88\xe2V\x9e\xd9\x8a\x84\xd6\xda\xd8\xda\xffY\x1d\
[\xfb?>\xb7\xf4\x1e\xe6p\xbe7\xe6\xe5X\xac\x05\
froV\x05\xb9\xb5p\x1b\xf1\x1ct\xec\x1d{\x06\
\xfd\xc2\xb3\xfe\x1d\xbf\x17x\xfc\xb1\xce\x07\xb2\xaf9\xf5\
\xaf\xf5\x05\xb0\xaa\xe18\xaaJ\xb7\xc0\xd5\xea]\x1b\x8f\
\xf9\x0e\xf9v\x97\xc6\xb1|o\xd6V\xec\x0f\x1f\x1e\xe3\
?y\xfc|\x1d\xa7]n\xe9\xdbra!\xe2IO\
xT{\xeew~]\xfb\xa3\x7f\xf0c\x88p\x1d,\
\xa1\x8b=\xb9\x91\xd1\x8f\xfd\xb99m\xe1x1w\xfb\
\xf2kq\xb7q./Sr}\xb9\x0d\xa3\x93\x22(\
\x82\x11\x90k\xd0\x16\xd0\xb3\xf8\xd0r\x91x\xed\xd5\xe2\
iw\xa4\xe3\xd9\xfc\xd9?\xe7\xac\x86\xf1\x19\xa3@\xc0\
\x97\x10k\x1dV!w\xf8_\x10d\xc7\x22\x9d`\x12\
\x90\xb5\x14\x11\xb9\xb7\xf1\xfb\xb0\x0c0\x07\xfc\x12K\xfd\
v6\x97\x01V\x86\x0f\xceFi\xfb.\xd5\x8d\x13\x0e\
\xad\x1dxp\xf2o\xb6U\xcd\x16\x85%I1\xad\x04\
\xbce9V\x19\x90\xe0h\x84\x98\x96r7\x91\x05\x8a\
S7\x86v-]M\xbb~l_\xfbU\x9f\xdb\xfe\
\xc4\xe7\xfcn\xf5_ \xb8\x90\x03\x88=o\xf3\x15\xeb\
\xa9\xae\xdf\xac\x8d\x7f\xed\xfe\xac\xee\xad}\xd8\xf2\xdcR\
\xffg\xf5\xc1\x8e\xe9\x9d#\xa1\xde\xc4ZH5\xca;\
^\xfa\xd9\xda\xbfxV\x832\x8eA\x9d\x9a\xd7\xd5\xe5\
\xc7\x9a\x09K\x1c\x07\xa4\x0f\xec#\xb4;\x93\x96\xf0\xd7\
L\x7f3<\xb9M\xdb\x82|\x1b\x92\x82\xcb\xc1\xc3_\
7\x04\x95s\xd8{\x06d\xd6\xd7\xe5kApY\xc1\
\xa5q}\xc4\xf9\x8b*\xf4\xcb\xe5\xee\xb0\xfa{\xdd\xd9\
\x80\x8aw\xed\x99\xb1,\xe3'/Pq]\x97t\xfe\
\xc5Z\xdc\x9d\xb7kWN\xed\x9b\xff\xda_ \x93\xe3\
\xf7\xfe\xeb\xff\xdaN\xed\xbcPI\xc7\xfe\x03\xb7\x07\x92\
\xbfA\xc3\xb64\xa6,U\x8f\x0f\xf8\xef\x12\x16\xed\xb4\
\xd8s\x5c~*\xfa7ibR\x8f\xaa\xf7/\xb1o\
c\xcc\xbe\x11\xff-\x85\x85\xc2\xed\x0c\x8b\x86%C\x9b\
\xe1p\x16\x9d,h\xd2\xb3\xb3\x0b\xacHfL\xbc\xd3\
u4\xa01\xe1s\x90\xa8\x12\x5cR\xab\x9aO\x80t\
:\xd9\x8fL\xca\x8f\x9c\xbd\x97\xa8UZ\xd0#\x22\xe5\
0\x8b\xb0y\x91\x09\xae\xc7\xa7v\x95{\x96\x00\xe1-\
\xcfG\xa4V\x9b\xc7K\x8eQ-\xe59\xbdn\xad\xe2\
D\x0e}\xf3\xf4O\xdf\x1e8\xe0\xd3>\xa6\x0d`\xc6\
\xa3\x06\x96\x979/.\x0e\xed\xf3\xfe\xf8'\xb7?\xf5\
9\x9f f\x1b0[\xb3\xb0\x97\xba\xff[\x9e\xf3\x7f\
\xd7\xae\xcf\xde\xbf\xec\xbd\x9byn\xed]\xccKf8\
\xf9\x9eIW\x96\xf2\xd9\xa4\xcd\xb1NO0m&\xad\
\x8e\xd8f%YVR\x87=\x9b\xe70J\x81\xb9x\
\xe9\xaf2\xd7\xc5\xdc\xfb\x99\xd8?\x10\x92\x0f\x8e\x11_\
\xd6\x18\xe6\xfe\xda\xd9\xe6\xd6W\xeb\xf3\xb2\x17\xf7\xcd\x96\
\xcbIz\x0eg\x94\x9a\x90\xf1\xfb\x8c`\xcf4\xaaK\
\xef\xafk\x10\xb6\x96z}\xce\x0a\xd2\xdd0\xdd\xe0D\
G\xdf\xfc\x0d\x7f\xa1\xfd\xce\x0f\xffM]\xf2\xd8\xd6\xe4\
Z\xf7tn\xb7\x9b-\x96\x89\x7f<_\xc24\xba\xb7\
&Dl)\xdb\x98\xdfT\x16p\xa8OM\xaf\x22\x06\
\x1da\x1f\xb5\x03\xdbK\xedP\x8e\xad\xb7{\xe7\xe7|\
\xae\xd6\xd8\xed\xd0\xc7\xd3\x85\xcb\x7f\x1f\x8b\xda\xf4\x91-\
\xccW*?\xc8\x11D\xb3\xb0Y\xa8 \xc7;\xb2d\
\x8e|\xffFD\xe3i\xdb\x91\x11\x189\xc6x\xddz\
\x91{\x8d\x98\x7f\x9f\xb4c\x0e\xc0:\xfe>. p\
\xec\xde\x96O\xa3\x0e\xc0e\xc2\xce\xd9\xb5;\xf1\xe7)\
\xb0>l)\xaa8\x11\x98\xf6\xdf\x87\xe3\xae}\xf8\x87\
\xbeW\xfb\xe7\xdf\xf5U\xed\xb6Gw/]\x97\x1c\xe7\
A\x8c\xc7\xafJVs=\x98m\xdcj\xfd\xe6dy\
V$cZF\x8a\x99\x09\x5cz~UR\xd9Pf\
\x12[\x1cC$J[\xeb<u\xaf\xee\xcbx9\xdd\
TIg;LN`[\xb3\xbd>\x18\xfd*\x9d\x99\
\x87\xd0($\x82\xd9\x06_\xac)z\x87\xf0\xddy\xb0\
\x11o\xd1\x88\x5c\xa6\xbd\xcb\x16\xafq\xb9\xe9}tj\
\xed\xf5o\xbc\xab}\xe2\xef\xff\xbcv\xfb\x1dwS:\
\xe8\x9e\xf1r$H\xc9\xb7\x0a\xe8\x0e\x1a\xc1\xbd\xcf\xdd\
\x1f3\x80N\xa5tN\xae\xed. y\x99s\x9c\xf6\
\x87be\xc1T\xa4\xde\xd3F\xff\x8e}\xa65\x8e\x16\
E\x1a\xe0\xc7\x5c9J.\xb7\xe5}\x08\xf8|\x0a\xeb\
/\x7f\x89\xd9\x115l>U]\x07=\x98@\xad'\
|\xd0@\xfa\xe9\x8eI\x03\x10;~\x98\x86\xc4\xe9\xe2\
\x81t\x9f;\x22\xff\xe5EF\xc4\x90\xb2\xc6u\xc6`\
\xb4C\x8c\xc5\xdb\xf6\xe6\xc4\x1fj\xdcJ\x92b@\xa5\
\xba\x0b\xedB\x94\x86\xe7\xc7\x9c\x8e*,0)\xe3}\
\x1c\xe7\xd9\xdf\xf59\xe9\x91\x09\x8b4\x01\xa2\x11P\x17\
G\xb5\xc7:)H\xcf{\xe9\xf5\xb0\x83\xe0\xe3o\xbb\
\xd6\xfe\xc6\xd7}~\xbb\xed\xb6\xf3a\x8c3I\xfd\xc1\
*s\x1b\xfa\x03\xdf\xc6\xad\x94Z\xd2\x0e\xac\xeb\xca\xfb\
\xd1\x06\xbb\xfc\xec\xad\x11\xff\xda\x06\x9c%\xc3\xde\x8f\xcb\
\x10\x0bh\x16\x0eo\x05\xe2?J\x9ck\xea\xd7\xb7^\
\xd9\xda\x8f\xcb\x13c\xcd\xf7A{\xdf\xdb\xe1\xa3V\xc3\
\x18\xb7\xe3<\xa4\xee\x01\xdeO\xd9G\xe0\xa6\xca\xae\xb5\
'?\xe9\xd1\xed\xff\xfc\xe6/o\xd7\xda\x8d\xb6'\xe2\
\xcfNj\xab\xed\x8b\xf4\xeaq~\xd0\x22\x12N4|\
7\xf8\xf8P4U'\xcb]\xfc\xecZ\xd9Ij\xe2\
[\xc0\x15'\xa7%SI;\x1e\x03P\xbc3\xd7\xd8\
,\xe1b\xa4\xfc\x86\xf0:k\x83\xd6\x14\x1fT\x12\xea\
 \x1f\xb3\x1e\xb5G}\xe5z\xf0w\xa0\x95>#\xa4\
\xd2+\xa7\xb5\xec\x11\x7f~ >\xaf\xf5|@B\xd0\
\x9cm\x01U3\xcb\xc1\x92>\xdb*\xa21H\x8f\x90\
M\x1c7\x16\xe78\x81\xb9?\xf5\xc4\x0f\xd7\x92\xaa\xda\
\xd7Jy\xc4\x93#\x04|\x0d\xbc\xa3\xd68!\x95\xba\
\xce\xab\x9cx\xd2B{zj\x99\xe4\x87/\xea F\
\x81\xe0b\x8c\x03\x16\xf9\x09\x11\x13\xed\xa2\x1d/N\xed\
+\xbe\xf8\x0f\xb7\xf7{\xaf\xa7\x86\xa4\x17U\xff\xaa\xdf\
\x97-[\xdf\x7f\xeb#\xf2\xcb\x95r}\x04\x06t\xdc\
8\xf9\xbd\xeaw\xbeW\xe5n\xb8\x99\xbe\xda:\xc7\xe7\
f\x1c\x0es\xc1\x1a7\xe9\xfc\xc1f\x10\x1fz\xc5\xe5\
\xf7/\x8a\x99\xf5\xd8\xc7\x88?l\x124s\xe0\x5c8\
\xe2g\x80s\xf8\xfdx\xbf\xf2k\xe0~Ux\xed\xc1\
*[M\x01VX\xf6\xec\xb2\xf1G\x7f\xd8\x87\xb4O\
\xfb\xd4\xdf\xd1v\xc7\x1b\xe2\xb5\xbe`\xa6H\x04T\x9f\
\xec\xe1\x7f\xe4\x08v4)^\x13N\xd7\xa6\x14\xc5\x87\
\x01_G5:\xe1\xd1\x82\xc9#\xe6be\x84;\xa1\
eK\xb0\x9fiW}\x9f\xb2\xe0\xe8\x9f\xf7m1\x9e\
\x0fP\xb1g\x1d\xd9\xec\x84\xbd\x0b\xd04\x86|(Q\
|\xab\xae\xc7\xe5\xdc\x991\x99{\xe2\xb0\x92\xc7:\x1e\
\x0a\xc4\x08\xc4\x0a\x1c[B\x9c\x01\xa1@}\xddS\xef\
\xba3\x02pr\xdb\x0c)/#d/\x99\xe3Z:\
8\xc2\x1dZ\xe3\xeb\xae\xa65\xdb\xf2+\x86\xa7\xd6T\
\xc4\xf3\xe6\xf9]lz>\xe1\x89F\xa1\xc8\x84\x9fc\
-\x15\x9b\x05z\xe2$\xfc\xe5\x096\xad\x80\xd6)N\
\x84|\xa8\xcc\xbe=\xe7}\x9f\xd1\xfe\xc8\xa7\x7f\xb4\xe8\
\x12$Zc\x83\xcd\x7f^\xbc\x8d:zTc\x9c\xe3\
\xd8\xdbFD5zj\xdf\x0c\x832c\xc6\xb6\x94%\
-N^\xe7\x98\xbb\xb5\xb2\xfc\xcc\xad\x13\xd4\xcb\x8c\x95\
\xfb|v\x89~\xc1.\x0aBf\xef?\x10\xe5\xa1\xcc\
P,\xf7M|\x85Hz\xf7{\x9bU\xa6\x97\x9b3\
\xff|\xc6c\x0f\x0dF\xf9\xf2\xcc\x9f\xe5\xab\xebA\xfe\
_\xf1e\x7f\xa6=\xe1\xb1W\x84\x91\xd8\xd0NG|\
\x82\xd6!8\xc6s\x0d\xa0:[\xf2\x1a\x8b\xf5\xe6\xef\
\xb3\xf1l\xdbO'\xd4\xe6T\xfc\xebQp\xb9\xddy\
[\x95FL$\xf7Lw\xd4\x87\xce\x22\xdb<\xad\xb1\
\xfe\xdaG\x15\xf3\x1a\xa2\xe9\xcc\x16\x85\xbf\xa0oC\xa3\
\x00\xe0\xba\xd9\xff\xddkE\x96!\x8f&S\x12\xdd0\
q\xe3\xd0:n\x1c\xcf8\xb5\xd7\xbeg\xfc\xe3\xe7h\
\xf8\xc7C;\x97\x9e\xf6\xd3\xbd\xfa\xa9t\x94|\xa8\xb4\
}\xf5\x1e\xf6s\x9b;w\x08o\xedx?\xcf7\x00\
\xc6)o\xf0\xbd\xbfNY\x09\x0a\xdc\xec\xa5\xf7\x9a\xd0\
+c ,\x1b?\x01\x0fp^,$\xb7\xd3\xa9Z\
l\xa3\xef\xadu\x05\xc8\x9e\xd4\xff\x91\xa9\xa1\xe7Ot\
\x98\xab.\x0b\xccN\xe4\xd1\xa0%\x81\xd6`\xdfn\x1c\
\x8e\xed\xab\xbe\xf03\xdb\xa3\x1f}\x95\x1ds\xac\x97\xc3\
\x18\x86\xdf4Q\x0a9\xf2\xf1 K\xd7\xdd\xbf\xd1\xee\
\x7f\xf5\xcf\xb5\xe3]\xafo\xbbk\x8foW\xdf\xe9\xbd\
\xda\xfe\xc9\xef\xd1\x8e\xe7W\x1c?>G\x16\xb6\x09\xd8\
\x06\xd6\x17w\x1f\xdd\xbe]o\xc7\xb7\xbc\xb8\x1d\xef~\
i\xdb\x1f.Z\xbb\xfa.m\xff\xa4\xf7i\xed\xec\x89\
t\x1aY\xe7\xd9p@\xcaZ<t\x9c\x17\x86\xe9\x9b\
\xef\xba\xa7\xdd\xb8~hg\xe7\xfb\xf6\xb8\xc7\xde\xd6\xae\
\xf4\x03\x8d\xc8\xe7$FR\xe4~\x1b7<\xb3\x89\xc2\
\x0cc\xcf\xe7\xf7g\x85\xeb\xaa\xa4;_7=\xd9\x1e\
\xa82sL\xab\xcb\xadk'|1\xe1\xc0\xfbT<\
\xb06l\xd3\xa8\xdcz\x98\xe4\xf2\xfb\xd91o\xee\x87\
Q\x8dq\xdcw\xd9gD\x95\xb0e\x8d\xec\x03p\xb8\
%\xf8\xc4v\x96\xde\xb9Y\x86\x0f\xd1E\xfb\xf6\xd4w\
{r\xfb\xbd\x9f\xfc1\xed\xb9\xff\xf2\x87\x9d3\xf7\x08\
\x97\xacU\xb6\xe8\x00Y/\xa4\xd6?0\xe1\x22\xaat\
.Z\x81\xe8?\x01\x82\x05g?\x13\xae\x9c\x14.\x0c\
E\xa6v\x95oA\xd0\xdb\x9e\xe8_\xa7\x1e\xaf\xf6\xc8\
\xda\xba\x8eI\x85\xa26\xc0\xe37\x08\x1c,t1\x0d\
u\xf4\x04G\xe4\xa5$w\xc6\x04\xd8\xf7\x99\xe9\xc1\x94\
\x04\xd2V\xca\xb7\xd0\xe7\xa9_\xeb\xa1\xf0(!\xcf#\
\xab`\xb81\xe3@\xfc\xa0\x00\xa3%\x87\x12\x8b*\x80\
\x9a\x83\x06+\xc7\xa6\xc2<`\x923\x9eu\xc4\xc6\x85\
p\x80\xd90\xc7\xbb\xa8\x95`\xed:\x16\xc4\x16I\xc4\
\xee\x13\xc3\xe0\xa4t\xafe\xe0\x94\xc5\xec\xbb\xc0\xf7j\
b\xeb'\x9c\x93\x00{3\x00\x98\x95\xc4\xad\xf9\xde\xb8\
\x85\x1bz\x8e1\xb5\xd6\xde\xff\xd9Om\xbf\xe3\xa3?\
\xf0\xe6P8\xd4[\xf2\xf5\xec\xc6}\xed\x9e\x1f\xff\x8e\
v\xffO\xfc\xb3v\xfe\xa6\x17\xb5}7/\xb4\xab\xed\
\x9e+WZ{\xf7\xdf\xd2n\xfb\xf8/k\xfb\xf7\xfe\
\xd8v\xda_\xa13\xc3\xd7\x1b\xedL\x9e\x1c\xfc\xf4\xba\
\xff\xd6\xee\xfe\xf9ooW\xdf\xfc\xcbmwz3\x11\
\xdb\xce\xf0\x1d\xae=\xbb\xb5g~J\xbb\xf2\x9c?\xd6\
NW\x9fB\x8b\x90\x16\xe3\xa6\x11\x1d\xda\xf1\xb4o/\
{\xf9\xab\xdb+_uG\xbb\xe7\xc6\x0da\xae\xf6\xa4\
Ay\xec\xa3\x1f\xd5\xde\xff}\x9e\xd5\x9e\xfc\x84\xc7\xf2\
\x5c\x15Z\xa1-*\xfe\xb7\x96\xc9$\xbf\xf3\xd6\x90\x9c\
\xd75\x04\xa7[\xe8\xf7\xde!\xc2\x07.\xa7\x81!\xc9\
\x9b\xaf\xaf\x22\x00k\xcf\xac\x99z\xac\x7f\xdb\xfae\xef\
\xcc\x9c7oE\xc3%\xb8\x15u.$\xd9\x99\x1d5\
~3\xe5\xcf\xfc\x99\xcfh\xff\xec_\xfe\xa7v\xc3\x09\
\x17u\x9b\x19O\xd2U1a\xf6\xfd\xcf\xc7;\xd3X\
\x10v\xa9/\xf0\xb3\x84\xa5-\xa6{\x90\x9a\xa3&\xcf\
\x1c\x02}b\x9e0\xbf\xa1\x83\xad\x80\xfe\x98\xa6>\x8e\
ad2\xfc\xf7Qk\x19\xf3o\xe44\xf0vON\
\xdc\x1c\x98\x80\xe5\xb6.[\x8e\xdey\x12\xa3\xcd\x92\x90\
q\x97\xa6\x86 \xb5?e\x12\xe2g\xc6\x99\xaf\xa4\x0c\
Ol\xd9\x04\xe0\x11\x87-\xca\xbc\xb1L\xd5oc\x84\
\x9av\xb7h\x0b\x82*\x1d\x81\x80\xf6\x8d\xd5|:.\
\xfc\x15I\x1ejx_\xf2B[C\x14\xe0\xf9|-\
Y\xadN\xfdK6\xa4\x10Y\x8c\xebGQ\xcd\x1f[\
\xfb\xdc?\xf4\x09\xed\xb6G\xf5\xa5\xe1c\xd0S\xdbE\
\xdf\xb1\xb1\xd8\x9cpl\xa7\xfb\xde\xd4^\xffO\xbe\xb0\
\x1d\xfe\xfd_m\x8fy\xe3\xf3\xdb\xa3\xda\xa1uy\xff\
Q\xed\xfev\xed\xfa\xbd\xed\xeaK\x7f\xba\xdd\xfb\xdd\x9f\
\xddn\xfc\xc4?j\xfb\x9e\xfcc\x019q\xdd\xbd\xef\
\x87\xb6;\x1d\xda\xfd/\xff\xbev\xdf\x8f|A{\xd4\
\x1b~\xa4\x9d\x1f\xdf\xd0\xceN=\x8f\xf8\xfd\xed\xecx\
\xbd\xed\xef\xfb\x95\xd6^\xf0\xb7\xda]?\xf2\x85\xedp\
\xdf\x1d\xb4\x04\x8d%i\x8bm\x1c\x8e\xfb\xf6\x0b\xbf\xfc\
+\xedW_\xfcr:\xb4\x844S\xe4m}$\xcd\
\xd2\x9b\xderw\xfb\xe9\x9f\xfd\xa5\xf6\xeb\xaf~\x9dl\
\xb5JugLi\x09#a\xfef\xe5V\x89\xf4\x9a\
\x16\xe5mY\xbc\xbd\xfb2\xc5`\x17\xe3n\x1e\xc8r\
k\x89\x86\xe6*|\x8f7\x06\x022\x94q|\x11/\
`\xbdU\xda\xcc\xfc\xecX;\xf2\x8ed?\x82\xf5b\
xR\xf1\xe8\xc4\xa3l\xc9?\xe5\xb2D\xa4w\xef}\
\xdf\xebi\xedC>\xf0}i@Kf\xba\x1a_B\
\x88\x13x\x08}\xa9\xc7=\xe2\x88<w\x95\x19\xd7\x1f\
\x03\xbc\xc4d\x9f\x16\xfa\x5c\x13\xff\xf1Zhw\x03\xb3\
i\xcf\xe1Y\x0b\x13\x8e\x82m\xcdln\x11\x1a\xd6L\
\x22\x9e\xf1\xa0\xe3\xa6\xe3&\xe0\x1b\xf6\xf1\xdc\x8a\xfb\x88\
\xcd,V\x9e\x1aVf\x81\xff\x1a\xb0jF!\x02P\
\x0f\xd5\xd6\xdf\xde~\x02\xf3\xc4\x91\xd2+\xae\x0f>\xde\
\x03\x13\x10\x81\xe3\xdb\x07\xdb\xd0\x09v&\xce\xb1\xafP\
\x95w5Y\xd7th\x14\xad\xbc3J1\x9e\x03\xa4\
:\xa1\xc2*&\xa9\x13\xbb\x8f\xfb\xd8\xdf\x1c\xce\xbc\xaf\
\xc6X\x99\x00\xd8d\xc3\xd7;A~\xe3\xbf\xfb\xab\xed\
\xb6_\xfe\xbevew?%\xf5\xe8\x8b\xaf\xcb\xef\xc7\
\xee\x09\xb2\xbb\xd1\xf6\xa7c\xbbz\xfd\x9ev\xf7\xbf\xff\
\xcb\xed\xc6\x0b\x7f\xb0t\xf2\x09c!\x7f\x90];\xbe\
\xe1g\xda\xe1y_\xdbn;\xbe\x8e,\x86\xcc\xe8\xef\
8/\xf8\xbe\xb5\xb3\xe3\xbe\x9d\xefN\xed\xb6\xd7\xfeX\
\xbb\xfbg\xfeR\xdb\x1d\xef&s\xc0\x9a\xf0\xd3\xfb\xff\
\xc2\x17\xbd\xac\xbd\xe6uol\xed\x8cl+\x96\xe3A\
L$\x1d>\x87v\xde~\xe9\x05/\xa2\xf4\xa55B\
2\x07\xb8\x0aF:\x98\x02\x9e>/DEP\xb6 \
\xec\x07J*\xbeL1\xa2\xb2\x85\xa0\x5c\x8e\xf8\x07$\
\xacQ\x06\x97\x0bM|\xb0\xcb\xd2\xb8\xe3\x1a\xb1\xb9\xf5\
\xf8\xcc\x9e\x1d\xdfMWt\xec\x99 p?\xf8\x99\xa5\
\xc5~+\xeb\xc3\x88G\x5c\x9f6G\xb5\x06\xcc?w\
\xb9\xc2\xfb\xef\xf7\xfc\xcf\x1f\xd5\x0e\xc7\x9b\xf3\xd7\xf1x\
\xcc\xc3\x9c\xd4\xe3dn\xe8QO\xec\xa5\xce/ \xb7\
\xcb\xd8\xefL0\xe1\xf4wi\xa2\xd9\xa268\xf4w\
\xf2\xfeL+\xbc\xd8\x8e[\x0f\xe4\xf8.\xbe\x0f\x19\xef\
\xcf\x84\xcd\x19\x93\x90\xfb\xbbT\xc0\x80\xf4\xb5\x03\x03~\
a\x0f\xb5\xd3\xec\xb2\x87:?\xc2\x1c\xef\x22\x17Eq\
\x9f\xe8\xb8I\xe2\x91\x19\xc8H\x15Z\x07\xb6\x091\xb7\
\xe87\x90i\x07\x22\xa3\x82~\xc7]\xdb}\x11L\xb2\
7Y\x9b\xd4\xe1\xae\xbf\xd80\x19\x85u5\xf3n\x02\
X\xb5\xeet\xb7\x07\x8a\xa9\xc4y\x0a\xc6\xa8\x98\x07\xb6\
}G\xbd\x9d\xf8\xd2\x87&\xc2K\xae}\x11\x1fh^\
~\xf3\xfb>\xa3=\xeb\x19\xef\xc4Y\x18nBbd\
\xfe\xe2\xd4n\xbc\xee\x85m\xff\xbc\xefmgr\x5c1\
m0\xf1Y`\xd6\xa2\xf7\xf1@\xe3\xb8z\xb8\xb3\xbd\
\xf9\xfb\xffNk\x17\xf7\x14\xf5y\x8dK\x8f\x07\xbeh\
\xf7\xfe\xfc\xb7\xb5k\x17ot\x0d\x82\x09\xe0!a#\
\xef\xcfNm\xff\xeb?\xdc.~\xe3y\xac\x99X\x1a\
\xce\xe9\xd8\xee\xbe\xe7\xbe\xf6\xf2\xdb_k\x12\xaa\xc4\x00\
CM&N+\x0c\xbb\xdd\xae=\xffW_Fv5\
nv\xc9&\xef\x9a\x992\xa5\xd0\x1a!\xac\xebf\xbd\
\xf1\xe9\xb4\x93\x9bV\xf5\xdeZ1=\xd8\x9a\x17\xfce\
\x88P\x94\xfe1\xb6m\xf0~k\x95j83\x09?\
&\x82\xca\x8c`\x86\xdf\x16-\x87\xf7\xb4G\xb8\xb2\xa4\
\xfe\x9a0e\x0cS^k\x97\xdb\xe7\xe8\x17\x12\x89y\
\xc2\x08\x01\xa4J\x12u\x93a\x81\x22\xd4}\xe2'~\
d\xbbz\x0e\x1f\x90\x9a\xc9\x80y\x9fD-\xc27v\
]\x99\xa5]7\xf1qHa7\xf5\x11\x06\xee\xfef\
d\xabv\xc2S:\xd8g&%C\x88\x0dd\xca\xaf\
oA:\x99\xf9?\xcd\x15(\xee\xb9\xd1gi\xce\x18\
\xf0\x18\xaa\xe7\x949\x87\x87\xff\x10.\x1a\xeb\xb2\xb3v\
\xe3\xfbQ\x0b\x8eg\x5c\x9b'\xcbo02\xb7\xec\xa0\
?\xac\xe6%\xce)s\xb8\xca\xc1\xa5\xca-=\xed\xb2\
z$\xabrb\xb1\xcd\x92\x01\x93\x17\x81=\xc3\x1c\x8d\
O\xbf\xdb\xbf\xda\xefq\xb2\xe0\x8d?\x0bi\x09\x04O\
\xb9LY\xf6\xcew\xc0A\xb0\x0c\xf9YS-eS\
\x01\x0e0\xfa\x9d\x1f\xf5\x9b\xdb\xb5+t0d\xbbl\
aN\x98\xdb\xbb\xe7y\xdf\xd7\xae]\xdc\x19\xe00h\
\x0d\xe8\x9f\x1b\xed\xfc\xb8o\xfbW\xfc|\xbb\xb8\xe3\xa5\
\xeb\x84\xe1\xbe\xd7\xb4\xdd\x1b\x7f\x9a\x13\x83\x04\xf8B\xa5\
)}\x91\xf3\x0e\xae\xed\xaf\xb7\xeb\xaf\xfe\xff\xa6r\x89\
\xd7\xac\xdc\xfe\xea\xd7\xaa\xb9\xc4\xcfs|\x0ee\xdf\xee\
\xbc\xeb\xdev\xd7}]\xbb\xa1\x19\x16\x8az\xe3\xfa\xa9\
\xee\xf3o\x8f4o^zc\x18\xbf-\x0e\x00\x1az\
\xf2\x80\xda\x81\xb5\xe8\xde\xbf<s\xfa\xe0\x96\x91!1\
\x81\x03f\x8f\x11\x1e\xe3:\x88\xe7\x04,\xd9\x80\xf5\xbe\
Jy5\xd3\xb8MB\x8be\x8d)0\x1c\x19\xb5\xa8\
\xe8\xb7\xdd\x8b{\xe3\xd2y%H\x808\xb6g=\xeb\
\xa9\xed]\xdf\xe5I!\x93\xebtl\xa0\xe1S\xc9\x9b\
\x89}\x19\xd4D\xf0\x8c\x89\xd6\x02\xfe\xc7\x7f\x93\xa0\xa8\
\x91\xee\x99\x00y\x92\x13p\x97\x8b\xab\xb4;\xa7\xaf\xd0\
\x08\x16\x00y\xed\x9d*\xfc\x0f\x9fGDxM\xea\xf2\
\xef!\x9b\xed\xa8]\xf2\xda\x00\x98y\xc65_-\x1d\
\xd4CN\xff&\xb5b\x81\x83[M\xeah\x89\xa1\xf7\
\x9d\x0c\xa9\x0b7 \xd6\xa5\x81\xcel,\xf9\xf9,\x85\
\xe2{\xfft\x89?[\xed\xdc\x9be_\xfc]\x0e\xcd\
C\x0c\xa6\xb5\x97\xb7\x96\xb7\xa3\xd0\x84St\xc3\xba*\
\xac\xe2\xf0f\xcf\xf4\xcd\xf9\x9b?\xe0Y\xf0\xf3\xbd4\
\x0b`:\x88S\xbb\xfe\xb2_j\xa7\x9ePH8x\
V\xaa\xf4>\xf7\xd0E~\x9e\xc3\x0e\xcfH#q\xde\
\xeem\x17\xaf}\xc5JJ\xd6S\xbbq\xf7K\xdb\xd9\
\xfdw/ \x5c'EI\x96\xc8\xc3\x1b_\xd1\xda\xee\
\xa2\xee\xb3\xaa\x96w\xed\x8do\xbe\xd3\x88\xbfl\x1cZ\
oi\xadtGc\x9a\xfb\xe3\xa9\xdd{\xff\xfd\xcc\xdd\
\x86u\x19%\xa0\xb0a\x15k\x9c\x1e u\xba\xbe\xf5\
\xa0\xc5\xdds}5\x01\x1b\xd7\x99_\x8f\x97W\x05o\
a\x1a\xac/\x0f5&\xa0\xd4O*L\xea}:\xaa\
\xf8\xe7\xd1!\x85\x979Q\x16\xdey\x19\x7fA\x0b\xea\
C1\xb7\x14c\x22\xb72p\x91\x09\xb0\xbe\x99\x93f\
\xdc\x03\x97\x987\x92jw\xedl\xbfk\xef\xfb\xde\xef\
=\x107\xfc\x0e\x82M\xaa>\xe0r\xf5\xab`\x1cZ\
\x11/O\xfc\x06\xa1\x14\xffmI\x95\x0bFD%\xe6\
6}~\x0b\x93\x96\xe9\x1d\x13k\xd7\x90?\xab\x86\xec\
\xa5\xc2\xcc\x90\x03\xf4\xc8\x1cz\xa9>\xf7[\xb5\x9e\x93\
\xbe\xd5\xfb}~n\x04\xae\xd3Y\x00\xb3Ag{C\
\xb9ih@qb\x96;\x98K\x8c\xbb\xe4*\xcc)\
\xc2\xf7%\xf7\xcd\xd7k\x0b[\xdaK\xea\xfc5{\x09\
R\x1b\xd7\x12y\xdcR~+B\xe5d\xdf%\xf1\xaf\
D/,1\x04\x8b\xf0\x12.\xf5\xdd\x9f\xfe\xd4!\x94\
d\x8d\xc9\xf0\xe5H\xc4\xb3\xab\xd7\x98\x10\x92Z\x8a8\
\xdfn\x83g\xcdG\xdfwt\x84sW\xa7\x1f\xf98\
\xe7\xdd\xf1\xd0\x8e\xf7\xdfX<\x00\x86UK\xdd\xd3\xff\
\xd8\x0e\xb4\xa7<\x8cC\xaeC=\x1d\xf2\xb0\xbf0\x1b\
\xfe\x94\xe82\xd2\x1d\xfc\xa5\x09\x99\xf4\xf0\xd4\x9e\xa3\x5c\
\x1c\xfei\x0c\xe2!\xe1\xce\xb5p\xe0\x9an\xf6\x88P\
\xb2\x9a-\xdb\xfc/\x97\x93\xc03\xa7\x5c.\xefh\xb7\
T\xc0\xc8-\xb5\x0f\xad\xd8\x96fK\xd5\xa3\x8c!2\
\x01^z\xc6\xfa\xd5\xb7\xdaC\xa9\xcc\x09\xbc}*\x02\
hR\xf3\x5c2\x8e\xc9\x82\xa23r\xedX\x19\xd7\xc3\
V\xc2\xbb\x84\x03\xe7/\xadM\x05\xd6=\xd6\xf8%\xe6\
\x0d\xc7\x9f\xefN\xedY\xcf~\xfa@\xfcC+\x92\xd1\
\xb4\xba\x1e\xbe\xab\xf8>\xd7\xf2n\xee\x9e#\xeeQP\
\x84b&\x9a\x15vS\xc6w7J\xfd\x1a\xea\xbe\xa6\
\xbd\x96\xc7! w\x93F\xd2^\xf4\xef\x99\x9d[\xd2\
\x96\xb3\xdc\x13\xe1\x13\x9f7M\xe3\x94V\x17m\xed\xbb\
\x177K~\x00\x9b\xdf\xd8\x1c\xaf\xef\xbd\xa8\x97\x00V\
K\xebb\x8b\xd2\x98U\x93n\xcdf\xe1\xb3\xf3E[\
Om\xef\xb069\x9f\x006$\x03\x95z|:\xa9\
4\x9f\x92m\x0e\xfd\xc6\xa8\x91\xb3\x1fm\xc1\x09\x90B\
\x02\x13\x196\xf2&w\xe4(c_'\xfaK&\x88\
\x05\xa6(\xc2\x94O\x12\xe8\x92\xf8\xd9\xe9\xd4\x9e\xfc\xe4\
\xc7\xb9\x05|9\xae\x9d\x97\x05\xc3\xf8\xec)\xcf\x08y\
\xa3;S\x10\x16\x88\xf4\xffp\xc6\x84\xf4\xfa\xfe1m\
\xff\xceO[\x9c\xef~\xeb\xea\x13\x9e\xd5v\xbb\xc7\xb6\
\xe3\xde\x8e6\xf2\x9c\xedQB\x93\xd8\x0f\x80\xb3\x87\x9d\
=\xe6\xe9\xe1\x08\xe5\xd8g\xeb\xf5\xe3n{\x0cq&\
\xc4H\xf5\xab\xe7d\xcf\x89go\x03\xe1\x12Ksj\
\xe7\xfd>\xec\xae\xda!ds\x9b\x9c\xe8\xe5\xec\xb5~\
>x\x8c\xac5\x89\xef\xcd\x0f\x8b\xf2{gdp.\
\xcf\x04\x98\x13\xe2n`Ll\xfd\x8c}\xe1{@p\
k\xea\xe31?\xbegs}\x98\x19N\x13\x8c\xea\xc6\
\xe5\xc4)\xe3x\xec\xfb\x03\x93\x8c\xe82D,?\xe7\
Oe\xccvu\xe0\xa7\xb1\x98O\x88E\x18\x19\xdc\x00\
\x1f\xbfN\x00\xaf|0\xcf\x82c)\xfd\xc9\x92\xbfi\
\x11\xec\x93\xee\x9f8mn]\xb7?{\xa0J\xa5\xbe\
\x96)\x10c\xdb\xb5'?\xe5\xb1\xe4\x84\xad\x87\x91\x09\
#\xe0\xd5\xdc]\xc5\xecu\x97\x88w\xef\xbe:\x1d7\
\xb0\x1c\x90U\x04\x1c\xfa\x87\xf0?/\xd1\x86\xdf\x93\x90\
G\x9f\x8e\xdd?\xcf\x8a\x99\xb55\xbas\x15u)\xa3\
\xce\xb30#\xc6\xe4\x07\x86\xee\xb9\xf4\xc6:\xae>n\
\x89\x04C\x1e\x80\xd5\x22\xe3\x99\xf6\x18i\xf1\xc9\xf7\xa4\
\xca\x13\x80\xf9\xf6~\x19\xe2\x97E\xcbTl\x17\xa3\xad\
<\x12\xb5\x99\xc4\xba.\x19\xb1\xdac\xa6\xd2\xf7u\xcc\
\xec\xbd\x99\xf0\xab\xf4F\x87\xed\x88\x0d\x7fe\x92\x96\x8a\
\xb5\x05N\xb1\x93\x11\xe3\xf0u\xcb0+\x17\xa0T\xf5\
\x11\xd7J\xf5\x8b0Fy\xdc\xf6\x808\x06\x9e\x8e\xed\
1\x8fy\xd4M\x9f\x8c\xa6hz\xb7oO\xf8\xe8\xcf\
l7\xf6W\x05N\xddM\xe9\xbc\x1d\xe1\xab\x01)\xee\
\xc8\xf68\xea\xd1\xe3\xde\xaf\xdd\xf6\xf4\xf7[o\xe4\xca\
\xbb\xb4\x8bw\xfd\x9f\xda\xfe\xc4G\x85\xc6\xf3\x19vm\
O\x1b\xfd\x06\xb15\x9d\xa9\xb9~\xbc\xd6\xce\x9f\xf9\xbb\
\xb3\xe3\x84\xeb3;\xf7\xf5\xa7\x9f\xf6\xd4\xa7(\xde\x9c\
\xcd^_\xb3H\x04r\xed\xda\xd5\xf6\xd8G\xdf\x06\x12\
\xcc&\x8e\x81\x10\xc7\xb0\x9b\xaa\x0cJ\xae\x81\x88zM\
Af(}=\xfe\x94>;\xaf\xfd\xb2\x05\x84\x05I\
c\xe2\x89z[$\xc4\xcb9/\x8e\xeb\x16afL\
,G\x82\xb9\x05\x07D!\xe1\xd6J\x1e\xe7e\xea\xac\
\xd5\xa13\x06b\xa6y\x9c\x97xzc\xdc\x0f\x95\x93\
W\xac\x1b\xcc\x023\xb5k\x91+\x95\xc4\xe8\xb5\xa9\x15\
\x5c\xbc\x10\x06\x07k\xef\xcc)5\x17\x8e\x83\xaeE\xda\
$\x8f\xed\x89\xc9\xf2\xfd\x15\xda\xc0\xb8FR\x8d\xb9\xf5\
D\xf6xa\x04\xbc\xba\x7fK\xa9\xf0\xbc\xc1(\x8b\x80\
\xcb\x8c\xean\xe7\x9e\x990\x0bc\x1b\xa6Q\xc2\xb9\x06\
\x0c\xd6\x82\xfeL\x857\xde\xe3kc^\x14\xfe\xe8\xd5\
\xf9\xd8L\xdbb\xcf\x84\x15\x967=\x1c\xc8\xf2\xc6\xcd\
\x8c@V\xb5Xop\x7f\xa9\xf3X\xac\x1d\xb9\xd5\x9b\
-\xab4\x98\xf0\x9b\xc4.\x8aJc[6PL\xe2\
\xc2\xcaq\xa3\xae\x98\x9aXU\x9e\x92\xa8\x99\x00'\x07\
\x1cqt\x1a\xab\xce}\xdf+\xe4,\xfa\x94R\x95\xc4\
P\xebwE\xbf}`u\xb7\xca\xf2\x0b*\xa2\xe9\xc6\
\x13n\xef\xfci\x1f\xdc\xf6\xbf\xe5S\xdb\x8d3\x8e\xee\
\xdf\xef\xae\xb3\xea\xdfo{\xd2\x98\x1c\xdb\x8d\xe3\xb5v\
\xed\xe3\xffD;\xdd\xf6\xb8)\xfch>\xe8\xbf+\xed\
Q\x1f\xfce\xed\xde\xab\x8f\xed\x1e\x01\x12\x19B\xce\x10\
\xe4\xc9\x7f\xecf\x07\x0aC<\xb4\xe3\xfeF;>\xfd\
w\xb4kO\xf9`\x82c\xb5T\x01\xf2\x0e\x97'=\
\xf1\xb1\xed)O\xea}\x80\xb3\xcfd\x0d\xc9\xa6}\xcf\
g=\xb5]\xbd\xc2\x09W\xcc\x11\x8b?\x11>\xd55\
?o \xde\xde\x01l\xca\x82\x04\x09lF\x1c\xc75\
&\x83\xf5\x8ck\xc1\xc4\x1a\xc3R\xa7S\x1eU\x81\x19\
\x9eF||\x9d\xebL\x01\x08\x19\xc6\x1e\xb5T7\x13\
\xf2g\x92'~\x1f\xde*\x0e\x8d^-\x8f\xdf\xfc\x17\
\x11\x1a\xdb\xd3\x22\xf3\x18\xb8.\x86=\x12\xab\xcc\x18~\
K\x06V\xcf\x0fK\xc41\x5c\xd8\xa4\xec\x85\x9e\x84\xb5\
\xb9U\xf8\xa8\xf0\xb8\xafo[a\x0awN\x99\xc2\x18\
%r\xbe\xfaq\x1d\xce`2\x5c#M\xc12c\xee\
\xdf\xe7\x12\xe3\xe7\xdb\xa2@\xe6\xf7\xe5X\xff.1U\
\xbe\xef\xa8k\xce\xdc\x00Gg\xe6n\xc4\xff\x14\xddE\
\x84\x02ZQ\xd4\x95\x9es\xa6\x150\x14>z\xa2\xea\
\x87w\x86\xc4{\xb1\x9f6>\xd5Xduu5\x80\
~XM%\xfd\xcf'\x0a\x08\x96S\xbeXI\xa9\x09\
\xd3\xa0}\x1b\xd6\x0e\x18\x11S\x85\xa9Z}\x22Ao\
\xe1\x1cOK\xcf\xbaKZ\xff\x91\x89}_\xf3\x9e\xb1\
\xce\x13\xe2\x17M\xdd\x8fq\xa1\xf8\xd2\xb9~Vaw\
\xfa\xa9\x11\xb3\xa1c[\xd5\xc8\xd4\x07y\xf4\xb0\xbf\xda\
\x1e\xf7\x07\xbf\xb6]\x7f\xeaG\xf0F;\xf6v0?\
\x12\xa6\xb3;\xb4\x1b\xdd\xa6\xff\xdb\xffp{\xf4\x87}\
\x86H\xe3K}\xed+s\xdf\xce\x9f\xf4\x01\xed\xfc\x83\
\xff\x8fvc\xf7\x04\xce\xf0Gf\x9f\x83\x842r\xb2\
\xa0\xeb\xbbc\xbb\xfb\xd1\xef\xdf\x1e\xf3[\xbf\xa6\xb5\xfd\
\xe3\xa9_3#\x00j\xef\xdf?\xf07\xbd\x17\xa5@\
\xa6\x05\xed8j\xbfa\xfb8\xdf\xed\xa9\xef\xdc\x9e\xfd\
\xf4\xa7Z\x82!R\xc9\xfa\x16\xe2\x81S\xb3\xb0>\x9b\
7\x91\x00\xca\x14\xbf\x19\xfei\xef(\xf3Q\x97\xa0\x09\
S\xa6\x9c\x99Z8g\x1a4@\xfc\x97\x89\xf6\xd2\x9a\
\xe7\xf6\x8e\x1b\xce\x7f(\xdf^En\xb7R*\xcd\xd9\
Z\x19%\xf6e'\xcd\xc8\xc8\x9b6e\xf4\x9a\x1e\xf1\
\xdf\x8cI\x8cs^i\x9a\xda*q\x8dx\x03\xdf\xb6\
\x86\x9bF\xc6\xee\xf2\x9a\x15\x8e\xe0\x9a\xad\x03\x0b\xdb\x9e\
5\xcf\x8e\x809z\x0ajoH\xc2cb2\xec\xad\
\xae\xb93I[\xacy\x9b\xd7#\xab\xbc\xeb\xe8\xb0\xfa\
7L3\xc9-|\x97\x19'\x86M\xde\xd3\xf3~!\
\xf3\xc9F\x86t\xa2=\xbe\x15\x0d!\xd5\x97\xf0\x86W\
\xfb/\xed9\xed\xf5 \x89\xce\x08=Ns\x0a\xfd\xcc\
\xb6$;U\xcb\xab6\x08\x01\xf7s\x00D\x0dm\xaa\
\x08/\xddv\x8b\xad\x0f\x09\xc1\xe2\xb0\xfe\x99\xe36K\
\xdd\x9d\xd4\xf8Ay3\x82f\x1fpq\xfe1\x84\xcf\
M4\xd5\x87\x03\x8f\xb8 \xbe\x1fNr\x04\xe7.\xed\
\xd3\xe3x\xde\x16\xa5\x07\xb2\x8e\x0d\x1e\xf6\x13f\x83U\
3\xe8\x02K\xbb\xfc\xa4H\xd2.O\xf4\xacT\xf7h\
l\x02\xff\xb3.\x01=\xe6\x99\xed\xf1\x9f\xff\xdd\xed\xfe\
\xdf\xf6\xd9\xed\xfa\x95+\x94\xa6\x97l\xf4\xbb=\x9d\xf1\
}\xf7\xd5'\xb7\xf6q_\xdc\x9e\xf8\x07\xbf\xa1\xed\xaf\
=F\x1c\xf7\x96U\xa3]A\xb1oW\xdb\xb5\xf7\xfc\
\xacv\xfe\x91\xdf\xd2\xee\xb9\xed\xd9\xedb\x7fj\xd7\xcf\
\xbb\xc3\xdf\xa9]\xecZ\xbb\xde\xce\xdb\x8d\xa7|T{\
\xfc\xef\xfc{\xed\xec\xb1\xefO\xed\xb1\xd5~\x89\x13\xe7\
\xef\xd7\xae^i\xff\xd3\x87|`{\xea\xbb>\x91\xbb\
\x82\xc3Eh\x92x~\xdf\xe7\xd9\xef\xde>\xf0}\x9f\
\x1d\xa2T\xb8\x9e\x18wmu/{\xd0Cb\x9c\x9d\
\x09j\xe7^\xf8\xe2\xec\xb2\xe4s0\xa9\xdf\xef+\xe1\
\xd2\xed\x04\xb0\x9e\xec\xc8\x10\x04\xf3\x11\xb9\xfd\xec`\x86\
\xef\xa3Gq\x95cC\xe3\xb6\x89\xdb\xb8\xb8\xc9\xdc\x06\
\xeb\x88z\xc9\xbeo\xaan\xf4}\xb4\xe1\xc7y\x5cn\
\xc3\x18\x82l\x1b\xf7'\xf9\xa1d\x98\xf8X\xed\xf8>\
\xd7\x97\xf1J\xae\xcb\xa5\xe2-\xfc\x0b\x96\x98\x1c\xbb\xe4\
\x91\xf5\x16o\x7fY\x7fIE\xbdJ\xb4\xc3x\xe7\x04\
Bj\x9b\xb6\x8d\xfb\x96\xa6\x9dM\xb1\xd3\xbc\x1e\xc3Z\
\x91u\xa8g\xac\x80A\xb0\xef\xf3\xbec\x9e\xc7\x884\
\xad=\x5c\xb3\xf0\xb8\xea\xd9S8*\xd9\xd3\xa3\xda\xf4\
<\x96\x0ba\xd2G\x87\xc2\x10\x9a\x884\xd9\xa2&\xee\
\xc2L\xce\xd5o}\x8a4\x98\xeaH\xc7*\xcf\xc7+\
\xda\x14\xc2Q|<u\xc0W\xc9\xcc\xa2g\x01dI\
\x9a\xcd\xc3\xac\xee\x1aFE\x12#\x0e\xea\xc1F\xcdv\
\xfc\xac\x16\xe5\xd2\xc7/n,\xe4@B>+\xca\xa1\
3\x17\x0dU\xbaW_\x1a\xd2C8\x85%@`m\
\x00\x12_\xd4\x5c\x9b\xaa<\x0a`G\x06\xc7\x1dP\xe0\
U\xc2\x22}\x92\xcd\xd9\xbd\x97\x8f\xfd\xcc\xc5\xc3\xc4\xc6\
\xe9\x18\x169\x18\xc7&\xddK\xdd\x02\xa3\x9b\xf0\xae\x1e\
\x16#_l\xa7\xc7=\xad=\xe1\xb3\xfev;~\xd4\
g\xb7\xc3/\xfd`\xbb\xfe\x9a_n\xed\xcac\xda\xa3\
\x9e\xf9\xa1\xed\xdao\xfa\x84\xb6\x7f\xe7\xf7\xa3\x839\xba\
g=3#kEl^\x87+\xed\xec\x19\x9f\xda\x1e\
\xfb.\x1f\xd1\x8e\xaf\xfd\xaf\xed\xf4\x1b?\xd3.\xee}\
K\xdb]{\x97v\xfe\xb4\x8fn\xd7\xde\xe5\xb7\xb5\xdd\
\xee\x89D\xfc/7\x9ac\xbbv\xf5\xac}\xd0s\xde\
\xbb=\xfb\x19\xf7\xb4;^\xf7\x86v\xf7\xddw\x13\xcc\
\x1e\xff\xf8'\xb4wy\xe7'\xb6\xdbn\xbb\xaa\xf9\xc5\
g\x08Py<\x87\xac\xd7\xd4\xbeX\xd3\x11Q\xc7\xfa\
&o\x96\xd2\xa0\xae\x19\xad\x0d.\x8fMT\x82\xf6\xcc\
\x0c\x05\xce\xccoc\x9b\xc8\xb3\x1e\xdb\xb7\x1f5\x03\xf6\
\xc0\x95\xa5u;j\xfcx\x1f\xcd\xe6\xcf\xe7\xd6xk\
\x17\xcd\x95V\x16\xe0\xa4Q\x82\xc6|\x18#V\x9d\x95\
0\xd32,\x17,\xe6\xc8\xbc\xf0\x9a\xeepb\xc6\x85\
\x1e)\xfb\xb5v\xf4\xed\xd6\xf0D\xc6\x97\xc1\xca\xb4\xcb\
*o0A|\x9d-\x9a\xcc\x80V ]\x87\x07p\
'=]\x8ee]e\xef\xdb\xda/\x8co\xb7A\x1b\
\xc4N\x95f\xc2\x11\xb8\x17\x83\xe3}\x0d\xb3\x05\x8fE\
}\xae*}\x94\x9c.\xeb\xdb\x9e\xc1&\xf7Ot\x18\
\x12\xed\xd5\xaf\xb0\xa9\xca\xeb\x16{\x9f\xcf\xe1\xa5\x9f7\
+\x88\xa9o\x98%,\x98*y\xb6\xf9\x19\xe3~*\
\x02\xcc\xb1\xdb<j\xb3\x15Ih\x84\xd4E\x126\x88\
\xafJ\xf9\xec\xf5mj\x1f\x01\x9c\xeb\x17-\xfb\x89\xa4\
\x9aM\x0a5\x81v`\xe9!f\x90\xbe\xa5\x1f\xd4\xaf\
c?\xe7\x8e\xc7\xd0C\xde\xd8\x8b2r\xf7Yc\x12\
\x11t\xb6\x8f\xc9\x89\x85t*\xe2\x19i\x07\xf6\xb0)\
j\xd2\xdf\x9e\x07\xbf\xb6\xe1Vc\xc9\xd7f\xe3e\xa7\
\xb9+\xed\xfc\x99\x1f\xdd\xce\x9f\xf9\x91\xed\x1a\xe5\xec\xef\
>\x07\x9d\xb1\xea\xa70\x9e\xbau\x80N\xea\x22\x0eu\
\x82\xf8\x8c\xa3\xdc\xb7\xdd\xfe\xa2\x9d\xf6=j\xe1\xbc\x9d\
\xae\xbek;\x7f\xc6\xa7\xb7\xfd3>\x9dO\x9d\x22\x06\
\x07\x84\xf6r\x04\x87\xc7\xc0\x0b\xb8\xbf\xf9\xf8\xc7=\xa6\
=\xfeq\x8f\x8euy\x86m\xa5\xfa\xca\x5c\xb4V\xa2\
\xc9\xc0\xe6z\xbd\x0eC\xc26\x96\xb8\xc5\xf5\x9bJR\
\xcb}\x88\xd7`\xbf\xf6\xbf\x9bI\xf8z\xddN?\xac\
$\xbe\xcb\x9a\xce\xb6\x96\x19\xb16\x84Y\xf5a\xc6\xbc\
\x01\xb7xi\xfb\xa1Sj\xf59\xa4\xaf\xf9:\x81\x96\
\xf4\xe6\xac)\x98\x7f\x9f\x04\x06\xed{!\xe3r0\xdb\
\xea\x0b\xc1\xfcv\xc7\xd3\x1d\xa3w\xec(IpV\xf6\
\x1a\x1c\x00ge\xcb\x1a\xe4=HO\xdft=[\x18\
\xaf\xd3\x82y\x01\xef\x8f\x84\xd9\xf6\xa1P-e\xfai\
>z\xac\x12\xdeA\x16x\x9dI\xab{k\x9f\x0d\x0f\
/\xf7?\x02\xdd\xf0\x17i\x00b{\xcc\x85\xd3F%\
\x5c\x22\xe1\x02\xe21^u\xd0&$\xd7\xd3\x09*\x91\
\xce\xd0\x0f\xd9\xce\xa4:\xefi\x5cU0\xe6^\x8bz\
\x98I1\x82\xe2\xf8\x0d\x96JQ\x13e\x8eN\x12\xbb\
\x1f|\xa5\xe6\xcf\x93\xea\x97\xadr\x5c2}*[A\
\xf3\x80\x83+\xd4\x01.\x02:J4B(z}\x9c\
\xd4\x8f\x89\xbelJJUK\x7f\xd9\xf8E\xa1\x86\x80\
\x03qE\xa8|\x1bv\xa8\xe6\xa4*\xd4\x04\x1d\xb7,\
\xe18\xbbs\x85\x01\xdb\xe4\xb0X\x97\x11\x93\x22\x19\x9a\
\xe7sM\xd7\xcc\xd3\xd3\x93\x09u`\xf5\xc0<n\x95\
\x8f7\xde\xa2Q(\xc6\xe0\x8e\xab\xf6\xf2\xb3<\x14\x7f\
/\xb4`\x04\xf8\xf2Z\x95\xc8\xf8n~k\x1c\x8b\x93\
\xfcY\x13\x0f\x82}*\x11\xf02\xa3Q\xcaP\xe5\xf5\
\xbcG\xeb\xc4=5\x93p+\xc53 \x95\x90\x10Z\
_d\xac\x1e\xb8\x93\x06\x1f\xe8\x12qK\x5c[|m\
\xe6\xecxs\xda=kw\xbfP\x07\x9f\xceh\xaaz\
\x1f\xce\x965E\x97\xef\x03\xad\x14\xc7X\xb0@4&\
\xdb\x1a;\x8d-\xe8b\x92/U<\x11\x5c\xde\xebK\
\xeb\xc5\xaf\xb5\xd3\x8a\xa6`Vw\x85\xef\xad\x0e\xfa\xd7\
\xdd\x8fu\x07\xff\x08\xf7\x1b\xfaQ\x15p\xb3P\xa7h\
O\xda\x03\xfd\xf7\xa8R\x0a\xb4\xd5\xd6\x93\x01\x0a\xed\x1c\
\x1d\xdd\xefM\x85\xaev\x1d\xa5\xf9#\xc0\xe3f\xb5d\
8\xaey\xce\x89\xadg@sl\xbe\xda2\xc8\xd6_\
sr\x1cj\x17\xedj\xa4\x81\x10\xae\x93\xbc\xf0A\x94\
\x93Te\x00]?l\x16*\xf80\xae\xae\xe5\xe8\xb1\
\xea,\xba\xb2\xb9Al\xfe\xfdlk\x9e\x04\x19\x83<\
Sq\x8a\xd8p4\x16L\x1a&\x85\x18\x08\x84V1\
1@(\xe6Yg\x0dN=|\xae7\xcd\x0c\x03\xf9\
]\xe0\x9c\x81\xb0\xa8F\xe9\xadZ\xd4\xc3\xe2$\xc7\x83\
\x88\x8c9\x8e\xd9X-\x8fXr]\xf1\x9a\xad\x010\
e:dw\x88\x94\xa9\xec\x96\xeb\x9bmJU7\x0e\
\xb3\xe8\x0f\xaaJ\xccWYW}\x12\xdcz\xb9YI\
m,>b\x85\x98$\xd9\x17\xb8w\xab\xb5/\x13c\
\x8d}\x91Of\xecG\x090\xc2\xd2;R\x8e\xb3a\
k-J\xf3\x06\xe3%3\xcd\xeeA\x80\xbf\x11>\xae\
\x7f{\xf4\xc0\xf6\xe2\x89\x1fK\xfe[\xca\xad\xac'\x8f\
{\xe7\x8c\x93\xa6+s\x8c%\xe2\xf0/\xaf\x0d\x0b\xed\
\x83%\xef\x8e\x80*@8f\x04\xaakW}\xddV\
f8\x97\xe7g\x95\x09\x94\xd8\xfd\xbc\xe77\xd5u\xb2\
\xb8\xff\x5c\xb26\x9c\xc6\xe2\xf0\xd1\xd8/\x87\xe3\x9c\x90\
\xbe\xcb\xd7z]\x04C\xbb\x8ek\xbe\x96\xe0xNx\
\x9a\xd5\xa2,\xd0%^\x0a\x99(\x1d\x1c2\x93\x0a\xad\
\xff\xb9G\xccQJ1I]\x17\x19\x9c\x87\x12\x17\x14\
\x17 o\xf0\x18k\x8d\xb3\x8e\xad\x90\x84\xad\x9e\xe0\xde\
\xe6\x99\x93\x0e\x85\x91\xe9\xe16\xaa\x01\xce\x13\x95,\xab\
y\xf2\x97\x90\x17\xde\x87}\x86a\x99\x89,\xb7\xedd\
\xbbA\x1d\x04\x98VD\xc8sv\xfa\xbcj#\xacN\
\x84Z\xd9\xc9Y\xd2\xf4\x82z\xe82\xbf\xc7\xf7\xad\xe5\
pa\xf2\xeeZ?\x96\xda\xdbR\xdfe\xda\x5ck\x7f\
+\xcc\xdeV\x85m\x83\xd0F=\xd8\xe5\xf2\x04\xb0Z\
\xc3\xacUc\x09\xb4R\x8f>\xb8\xfe\x05\x0f\x9c\x0d\xff\
\x81*K\x84i\x8b\xba\xf9V\xca\xe5\xd6\xf1\x03\x03\x0f\
\xd5u\xb8\x5c\xf5@\x8cPy\x0fE\x84\xa9\xaa?[\
\xcbVX\xce\x9e[\xd42\xed\x965\x06\xf4\x88\x13\xfa\
8=\xef\xcc\xe7\xc0\x9b\xe4\xe0\x0bQ\xd4?\xc0\x03\xf8\
`alzP\xee\x98f\xb9\xa8L\xfc4\xfc\xb99\
\xf8\xab&\x80H,aS\xcf\x0a\x04\xaa\x8b\xf2\xc4\x0a\
\x11#\x07\xbe\x19\xb2\xe6\xfa\xbc\xcd\x9b\x05\xea(-\x1b\
\x09L\x00H\xb6op\x5c\xae\xf2\x02\xe86I\x97R\
\xd4&b\xeckc\xd9\xdbT\xf82\xfb\xa6^\x11\x15\
.\xdfw\xef\xa6E1\xc0(1D1*^\xd4\xc2\
\x1aZT\xab\xa8\xb2\x06`I#\xb0v=\x97\xcc\xdc\
\xad\xfd\x9d\xbd\xb7V\xff\xd2\xf5[\x91R\xb6\xd6\xff\x90\
a\x02jK\xd6C\xaaD3\x02\x88|\xd6\xfe-\xab\
\xb5=>x{,\xf0\xc5\x00A4\x86\xb4\xbd\xdd\x95\
\xc3\x11y\xed-\xef\x06\xa7\xe5.\x92\xfb=\x80\xfc\xcf\
\x16&`*\xe0-\xe2\xcc\xe3j\xdb\xcc\xec\xd8/U\
\xc1\x97L\xb0\x98\x0d\x83@\x99\x9e\xf18n\xc9d\xe1\
\xdf\x03\xb8EpX+\xa3\x80j\xcc\xc9\x1e*yN\
@\xa3o8\xc2c^\x97\xf0\xfaG\xe1\xfc\x00\xa7\x94\
}\x0a\xaa\xa6\x98\xae\xd4w\xa6\x7f8|\x0c\x17\xc3P\
\x87\xb6Gh8I\x04\xaf\xd3w \x1f\xff\xf1\xaf\x8d\
\xaa\xe797h\xc7\xda\xaa\xe2\xf0x\x0c9\x11\x98O\
2Xy k\xff&'\x1a\xc6\x11\x8b\xb3\xa1j5\
<\xf33\xaa\xb2P\xe7\xcd\x94\xcb\xbe\xbbE\xa2\x7f \
\xcb\x03\xd5\xcee\xb4\x05o\xcb\x82uQ1o\x0f\xcf\
\xb2\xa6iz`\x0fFz(\x15\xd3| \xf1\xd0\xdb\
\xe78Q\x14\xf3\xb9\xc8\xb0\x12\xe7Cn{\x00\xda\x1c\
\x84\x02:B\xb8;\x0awit]\x9b0\x98F\x8f\
\xeb\x9a\xc2\xe1=\xbe\xb0\xd2N\xcc\xe7`tr2\x16\
\xb1\xe7oY3\x9b\x0e>Z5\xd1\xf1\xf7\x9e\x0fV\
r/\xa3fg\xb0\xa0\x8ct~\x10\xb0\xe7\xf3\x84s\
\x1e\xfeHh\xb3\x1a\xa4K\xb6\xac\xe2\x96\x85\xe2\x93\xb4\
\xf9%1\x8c\x9b\x9d\x94\xc8&\xae\xb6\x12\xf6\x94\xf7\x8e\
\x11\x0a@W\xc9L\x01\x99%\xd35I\x13\x0b|'\
Nz\x1d\x00g\x92<\x03\xcf\x12t\xc0(PvA\
\xe4@\x90\xbaU\xb5\xce\x87\xf2\x8c=c\xf8\xf0&\xe1\
\xb3\xbb94\x04L\x03?C\xae\x91X\xf3E\x7fo\
Ve>+7\xab6\xdf\xca0\xdc*\x81\xbeY\xe9\
\xfd\xa1\x86\x94+i\xe6\xa1\xd6\xc7\xba\xdcl\x1f\x1f\x0c\
\x1b\xfc\xdb\xbe<0g\x1a<\x8c\x0a\xa2\xb1%\xaf?\
\x90\xbaJ\xaa~\x7fj>\xfd~\x10\x990\x0ae\x84\
\xccX*\xf5z\xd8/\xdd\xce\xed\xd7\xd5J\xae\xff\x81\
\x06\xec\xb7d\xfa\x1b5\x07\xcb\x85s\xd7\x04:\x80a\
\xb3\xeb\xba\xd4\x01s\xb9\x99\x85\x09\xd3\xbb\xa8\x81\x9e\xc6\
\x1d\x8c\x03\xb9\xc5GO^\xd6\xaaw\xe7\xea '\xe2\
\xf9s\xa2\x9e\xec/\x00\xaa\x18\xc7J>\x00\xdd\xd9\x8c\
\x1c\xdbD\xa2\x0ej\xdc\x81\xd0\xa0\xa5\xe5\xd0%\x01\x95\
,\x14\xc4\xbc\x0b0\x0c\x92\xd9\x07o\x008u\xd4\x1f\
\x08\xb4\xa0\xee.{\x90T\xd2\x97%\x94x\x97T\xfe\
En\xe7\xd1\x00\x11\xdb\xedpU-\xca\xaaj\xd4;\
h\xe5\x1a\x1f\x0eD\xe1\x91r3\xe5\xe1A\xf0\x1f~\
}}\xa4<x\x85]\xff\xc6\x14\xd8\x83\x10\xe5,B\
,\xc4\x9d\xf4$R\xefO6m'\x99{gB\xdb\
\x16\xa5Y)\xe8\x9d\xc4\x89\xd1\x9c\x1a\xca\xf6oN+\
\x17\xcdaF3\xc66\xfa=\xf6\x8b\x8bt\xa6\xea\xbf\
\xff\x0d\xd3:\x98\x01v\x80D\xeb\x08\xe56z\x92a\
\xb0\xb7\x18~!\x8e\xe9\xf4\xbd\xec\xbcf\xdf\xbd\xb3\x1c\
T\xe0f\x0a\xf0y\xc43\x10\xd9\xf6/\xde\xf5.\xeb\
^5X:\xa2V\xf2\xedsV>\x03\xed\x96RI\
\xfbk\x0cC)\x91QH;\xcc%Q9o\xb6\xd1\
j!\xd7\xf6\xfa\xba\x9f6Q\xe0 {\xa8\x0d\xfat\
\x99Exk\x0bw\xbb-\xedf\xed\xf3[\x9eYz\
\xee\x11B\xf4\xb6*[\xb2\xcd=R\xde\xbe\x0b\xf0?\
Nc\xb9\xacF\xcfk\x99]\xad\xd9?l\xe2\xc4\x97\
\x85\xb9\xad8\xae|~\x87\xb0\xdc\xd1\xa1\xce\x9bn\x97\
4\x14c\xfb\x16b;0*\xaa\x15\xe7\x93\x01\xf1\x8c\
\xd6\xdf\xd3\xbf\xbb\xec\xa0[\x98\xa3\xca\x87n\xa6\x1d\xce\
&\xe9\xacM\x1f\x014\x0c\xd6g\xbf\x8b\x8c\x80WQ\
+\x81 \xc1V\xf2\x9c'\x80\xf8\x98\xc6\x81s\x5c\x9a\
\xdc\x15/\xc9\xa5\xb2\xb6p*\x80\xfb\xc7\xa2\x87\x82\xa4\
\xe3(\x1c\xfe\x94\x89\x0a\xce\x8c\x15\xc7[\xa5k\xe5\x05\
\xc9\xa7\x11r\xa6(\xbf\xc9\xb6\xd8Qo\xc5\x81.\xf4\
fa\xe1\xfb\xbf\xf9\xfa\xcd\xd4y\xd9g\x1e\x88\xf2\xf0\
\xb6\xb7?R\x1e)o\xab\xc2\xc9\xcb\x5c`\xf2\xf8D\
\xc6\x0d\xa0\x0f\xfa\xec,Tt$T\x15\x11\xbe\x19\x1c\
\x97q\xe7\x89\x04`(\xa7k3\xc3L\xd8Y6C\
\x8eg\x09T\xf5\x84p\xc0\x82po2uz\x85\x06\
R\x0d\x93\xcd\x9d\xfdPf(\x8e|\x00\xd8Y\xd5T\
\x15\xa46\xa0|\xe6m\x92\xd8!g\x1a\x8b*\x1a/\
\xf1\xf7\xbftR\x1e\x98\x1b\xc9\x09\xc7\xe7\xd1\xf11\xb5\
jg\xd7\x1cxqD\xe8\x09\x9b\x02\xdc\xa9p\xedf\
\x8b\xe5;\x18\x99\x01$A\x8a\xc7\x11\xb3\xef\x03\x8f\x8b\
\x12\xdcH\x9f\xe9DA\x010/\x22\xa7\xee\xc7\xd9\x03\
4\x11\x9a\x10Sz>?\x18\xa4\x1f\x9c\xb3\xef>\x19\
\x14m\xc1\x87\xed\x90\xaa\xcdi\x08T\xf3\xc0@\x1c\xc6\
\x17\xea\x0c!\x8b7S\xfc\xea\xb2\x9f\xb3M1.\xd6\
|\x96of\xb3\xfd\xda33\x89q\xe4+\xefk\xa7\
\x00\x1b\x8dJNO\xa3\xe3\x0e>*\xbf$D\xe5\x9e\
\xb7\xcc\x06\xae\x96`\x99\xc9\xbb\xcb\xf7\xcf\xeb?W\xbb\
n\x17w\x0b\xf0\xf7\x97\xaa\x8d\xbd\xean=_/z\
\x7f\xcd\xf2\x94\xfb\xa1\x12\xdd\x96\xe4.3 \xe4\xef\xb8\
\x12\x1b\xcbwc5\x05\xf3>m\xdd\xad\x97\xd0l\xea\
O\x18\x93a\xabiC:\x9f~\x1e\xb7\x09,v\x90\
\xd5\xd0Y\xd7\xce\x86\xd0/W\xe3\x5cW:\x83\xf9r\
O\x91\x03\x853\x95\xca\xbb\x8c S\xd4\x18\xf2\xa5t\
\xac\x8f\xb9s&\xce\xcaV\x1f\xe2\xf0!0\xd5D4\
\x10F\x92\xa4\xb1\x06s\xeaz\xf8\x1f\xf4\x9aR\x9c\xff\
\x09\xc9\x92@8\xfbX\x8a\x13\x09E*\xafJM\xa0\
\x8d\xc1aM\xae\xa4\xe1E\x128\x89\x86d\xa5\xbf\x1d\
p\xa7\xe6\xee\xa0=\xf0Q\x07:\x09\xb24\xfb\x93\xec\
C\x86\x7f`\xa2\xa7\x8c\x83\xdd/\x92\x1d5\x86\x82>\
\x9fs.~Q\xd5;&\x00c\x88\xaaim\xa9\xb4\
\xc7\xf8\xfb\x19\x14\xfa\xd7%9\xc0\x0d\xa8\xbb\x89\x1dp\
\xa7\xaf\xf9\x9aX\xe9p9R\xc6*\x0e\x04\xf2a=\
Au\x15\x9f\xb31\xc5k\xda~&x=Y\x90\x1c\
.\xe4*\x0a\xf6.<\x7f9\xd5=\x1d\xdd\xc7\x0c\xd1\
\xfe\x82\x0fr\xa0M\x04\xf5Q\x84\x8deF\x1cF_\
\xf8\x1c,#\x040b\xf6\xacS\x7f\xc8\xfe\xa8\xd0\x85\
\x9e\x1a\x98\xcf\x88\xc2\xbdp\xfd\xb4\x82JQ\xe3n\xc0\
\xeb\x05\xfb\xe3\xbe!$Ff\x9b\xfe\xf1\x89H\x84\x8c\
\x9bW\xa6\x1d\xb5\xe9\xdb\x1a\xfa\xe4\xef\xe2E\xf7\xdb\xd5\
\xe7{i5\x01I\xe6\xfec\x5c\xc6\xa1U,\x8b%\
\x87\xf6\x8f\xba9\x09\xec\x0e\xe6b\x82\xd3\xcb\xedS\x10\
\x9c\x81\xcbI/\x0f\xc4\xd2\xb7\xb9a\x8f.2\x18\xd1\
B\x9a\x09v\xc2\x0a\xab\x95\xfb\xf7#|m\xd5\xf0]\
#SV\xcdne\x8e]?\xfc=u\xb8\xaa\xfb\x84\
k\xf6\x8aEb\x8d L\x0cr\xb0_\xa7\xeeN\xf7\
\xbc\xef\x82\xe7\xe2\xab\xfb\xfe\xd5jC\xcb\xc1?\xdd\x07\
\xac\xe7*\x07a\x97\xc3\x80\x22F\xac\x12\xc4-\x14%\
\xd6F5\xe21\xc9\xa3\x99\x80\xf0\xab\xee\x87\xde\x8f\x85\
\xb3@r\x98\xdf\xce\xb7\x17\x19\x8d\xcb\x949\x13\xc0{\
\xd3\xee9b\x9f\xd6y5.}\xd6e\x00\xd4g\xc2\
\xf2r\xebM\x0e\xfe\xa1_D\xfc\xcd\x9c\x5c\x95s/\
\xad\x06B\x18\x08\xbd\xbd@R\xaddy\x8a%&>\
\xc0\xbb\xfa\xcb\x0d\x08\xb9\x00\xd8+\x12\x1e\xeeB\x80h\
!En\xbfZ\x87[\x0a\x8f\xa9\x1fI\x8btC\xec\
1Z\xf96x?\x88\xc8\x10,3<\xe4\xa3)!\
\x19L\x9eO\x85\x0a\x07\x1bld<\x06\x06AS\x05\
_\xb4vv\xa5\xdd{\xb8\xda^{OO\xcb\xbck\
\x17\xfd\x14_7\xf3\x04\x17\xcf\xc8[\x15\x1a\xd6I\xd9\
\xa0B\xee9\xc7\x04\xc8Wf4=QagOc\
v\xac\x0d\xe5\xcf\xa1\xa0\x10$*\xd0\xe3\xe3\x92\x1d~\
\xb1\x83\x9d \x14I\xa3\x98oN}\xa5\xb07\xb3\x10\
7{p\xf4\x96#I\xdcb\xc0\xfa\x82\xf6D\xea\xb1\
5+)\xa1\xf4\xbap\xcf\xd2\xbb\xfe\x0cf\xe4\xfc<\
\x92y\x032\xc6\xc8_4\xb7\x1a\xfa\x8f\xbei\x97\xac\
\x1e:\x16U\x9cFp_\xa2\xa6\x15\xf7v^Xs\
\x00\xe09GO\x0ep\xb5\x12\xd8cg\xd0{]C\
&\x0c\x0c\xcd\x97\xe4\xe6\x18\x96\x84\xd4\xdb?\xea\xabn\
\x91G\xb6f\xc8\xe7\xc4/.Y_\xf2 \x9f\x80i\
q\xc8`\xe4\xf5\x8c6\xc0\xca\xfc}\xadm\xd4\x9f\xc0\
\x0b\xf9\x90\xa5p\x19\xab\xc3g\x08L\xc2\xf2\x94\x1d\xec\
\xde\x97{\x86h\xb4\x0fz\x09\xcc`\xcas\xc8\xeb\x97\
a\x89\xfc\x84j\xbd\xf5c@[\xd4\x8f\xc8\x0c\x10\xbc\
\x02\xec\x84\xe8\x85\xc7F\xe6)\xb2&\xad\x1d\xfa9#\
\xe0)\xf9\xb4\x5ceXP\x1d\xe3i\x1b\x03M\x0d\x8e\
Kqu\xaa\x81V\xe6\xa3\xd7\xa3g\xbb9f\x120\
\xa0\xbf\xbaX\xe2}\xff\x15p\xb9\xb2\xa7\xe8\xf1v_\
\xcfbIB5\x98k\xeb\xf7\x16\xbao\xfb4\xe2U\
O0\x97|\x90\xcc\xfen-.\x9b\x8e\xeb>df\
\xa0\xaa\xc3\xb0\xe6e2\x17\x22\x03n\x1b\x92\xcau\xc0\
\xa9\x01eb*\xc8}\xa8\x0ak5\x1c\x81\xa7\xb0H\
\x1e\xcf\xc8|9\xdc/\xe5\x9c\xb7\x1c\xaf^B\xd8\x84\
\xcc\xf9\x88MN\xfb\x99\xb3}\xf9\xe9\x05\xa1\x84\x14\xef\
\xb9\x1e{\xa2r60\xa7\x08\x06\x14N\x00\x80\xb4\x83\
\xba\xf8\xa8]+\xd5i~\xa8O\x09~|\x22\xb4\xc7\
\xc8\x0b1\x976)fg\x8a}\xcc\x8b\x12y\x00\x10\
\x9a\x18\xf2;Q\xb5E\x8ehB\xe3Y*\xa8mW\
|\x06\xc3\xae\x9d\xf6\xe7\xed\xfa\xf9\x13\xda\x1f\xfa\xd6\xd7\
\xb6\xfb\xdbm\xedt\xb8\xdanPje\xa4\xdc\x04A\
\xe5s\xcdU\x9e\xe8\xb9\x0a\xc0\x14\x0au\xa1\x13\xab\xc9\
\xdb\xb5\x9f8\x07b\xcb\x1b\xa7\xdfe\xe7J\xdel\xdd\
\xa4\xc1\xc4_\x16\x10\x1dd \xd8MB9\xe1\x08\xc9\
\x04\x91\xa9\x04\xbc\x82O;\xc0\x1f\xa4\x9e\xdfG\xa8\xb0\
\xef?i\x9e\xe4\xa0\x04Ng)\x93\x22'\xf1\x1a#\
\xc1\x9c\x0ez,3\xc1\xf5\xd2WaC\x14\xe9\xf3\x93\
4\xc6]?~\xbaK+Ll\xbaS%\xd34\x99\
W\xd2\xc5u\xcf\xdb~\x8dN\xa6\xe0\x0d\x05\xb3O\x1f\
\x95x\xe4\x90\xcam\x7fd\xb0\x0a\xd6%\x02\x06\xf5\x22\
\x8d\x8f\xb17\x85\x17\xc9n\xe23\x91\xa4\x8e3\xde\xb0\
L\xb4\xfbXO\xea\xe0\x0ab\xd1\xdb\x01\x8c\x0f\xfb}\
;\xeb\x5c\x10\x88\x0cT\x94.\xe5r?b\xbb\xff&\
\x07k\x06\x08k\x8e0\x82\x0b&\xb3$\x10\xec\x05\x81\
\xa9\x16NB\xb3\x84y=Rv/aS\xa4B\x1a\
?\xed\xc5~D\x14\x98\x1eh\xeavd\xae\xda\xcb\xc1\
0\xe0\x02\xfaY\xf1>\xccI\x19#=\xf4+\xad{\
\x99\xb7SOM\xd6\x01J\xf0\xeb\xef\xf1b8\x1eY\
\xf0`\x86V\xc2\xac\xc4\x91\xeat\xec\xe9\xbb\xbbg\xb9\
.$\xd9\x1crP\xcdE\xbf\xcf\xe3\xe29\xe9\xf8H\
\xde\xef&\xb6Ny\xfb\x11\xd5\x1c\xd3Kkxw&\
k\xb3\xf7\xac\xd7\x8f\x1c\xa3\x8a\x80x\xfc\xa7\xd3\x19\x9b\
\xebh|\xfd\x9d\x1e\x1e\xcd3C\x9a\xbb\xdd9\xfbM\
aB\x09\xa6\x92\xd1T\xe3\xb9\xcd\xb1\x12\x9ah>\x8e\
\x95\xd7P\xaf\x9f\x8e\xdb9\x1d9\xe4\x0b\xa4\xbe\xaf\x09\
:\xd6\xa3\xdf\xebc\xecx\xe9\xa0\xe6F0o\x0c\x16\
\x850\xe3$Y\x1f:\x0dr\xc4\xfbi/\xc7\xe2\xd2\
\xfd\xbe\xd6\xcf\xe9:A\xa0w\xf8\xbc3\xa5\xfd\x18\xe9\
}\xbb\xf3\xffw\xcf\xa8sP\xafs\xd9\x7f\x93bB\
\x16\xcf\xc1\xcdK\xe0\xb2\xe8\xdd\xe9\x87A\xa0u\xfd\xe1\
e\xdb\xf7&\xde\xb3\xb2\xe6X\x18E\xbeX\xe6&\x80\
\xf8\x0c\xc1\xdb\xddb\xc6W\x04b\x91\xa6*\x8d\xf1 \
\xfd\xcb\xdb\x10B\xb0N\xb4\x7f\x85\xd6\x9f\xc35G\x13\
\xdd9c>f\x05\x09\x00t\x99\x89\x08X\xeb\xd19\
!K\xcf\x1e\x10\xd1o K\xb9}y1A\xe2n\
s\x9f\x98\x1b:\xf4v]z\xe0\x1a\xdcs\x87\x0a\x00\
\xc0\x87**$\x8e9|Q\x08%i3\xce\xc2I\
e\x01p3G\x0e\x97\xc9O9tYk<\x16L\
0B \xc5\x81\xb2\xe4 \x8di\xe1M\xc9\xf6\xb3v\
u\xdf.\x1e\xf5N\xed\xfa\xf1QB\x00:#\xd1\xe7\
\xeb\xe0\xa4!9i\xc8\xf7Q\xfb\x94R,\x07\x0e\xd0\
d\x93Np\x98Ea\xc2\xd5'\x94S7\x03\xb1u\
s\x84\xc4\x96\xda\x91\xd6\xb6\xec<\xd3\xd4O\x04\xd4\xdf\
&\x7f\xf4h\x0e\xea\x11-\xf6\x0bw\xa44#_\x88\
\xbdl\xd7B\x03\x8c\xc4!}\xb7A\xe5\x07\x10\xca\x09\
\x92\xee\x1a\xce\xc0\xa6\x15I\x08U\xf0\xaa\x83\x91g\x00\
Tz\x92\xbd\xc0m\x99\xa2\x96\x10,\xc5\x0c\xdb1\xd4\
L\xbf\x1dL\xf5|\x05#B\x04\xa1N\xf4}\x92\x0f\
\x88\xa8a\x9d)\xeb\xac\xfb\x90\xe9Eo\xd7\xc0\xa1>\
1*\x8d\x0b\x13\xe1\xd6\x8fWu\xd2\x0a\xb8*\xf5\x86\
u\xc2\xba\x05bXd\xdd\xb24\x8c\x11#\xf5\xb7i\
\x5cz\xdbg8D*\x88\x91\xad\xed\x9c\x06\x05k\x8a\
p\x07\xb4>29\x90d\xb9 d\xc9\xed+\xb0y\
2@\xac\xb7^\xdf\xb1\xafA\x09\x97\x22\xbb\xac\x0a\x1c\
\xf6!\x96\x0b}\x83j\x94&\xaa\xb3\xaa\xc6<\x81y\
\xa7\x1e3\x8d\xeb\xc728\xc9\x09\xbb\xa5\x13KY<\
\xa7\x9e9\x0d\xcc\x85\xd3$\xe1Pu!\xf0~f\xfb\
\xba\xe7\x1c \xe1\xaa1\xa9\x98Q\xa7\x8dP\xb8\x13\x08\
\xf8L\x164G\x06M?\x8f\x84C\xfb<2\xa3E\
,\x00D\x7f\x80\x010'\x9c\x0b\xe6\x09\xebS\xe6A\
\x98=\xf6\xff\xc2\xdaf?-\x86+\x1f\x5c\xd6\xcfE\
\xed\xa9cz\x1f\xcew\x8fi\xf7\x11\xfd\xe8\x9a\x80\xfe\
\xd7B\xb5\xc1\x90\x17B7\xa0&\xfd\x8a\x87EU\xf8\
\xb7b\x08\xecZ\x94\xaa\xf5\x1e\xe5\xb6\x99\xe4\xd8\xa0\x86\
\x1df$P0]@^\x00\xc0\x9a\xd8\xc5@\xdf2\
s \xb9[H{\xc9Gz\xfb\xb3!\x14_\xa5\xcc\
\xafX\x05<\xef\x22x\x88\xa0T\xc1\x0c\x11\x01\x8e\x97\
1\xb3\x8b;\x9d\xd6\x06\x04\xd8\xb8s_\xe4\xbc\x1f\xdf\
\x83sH\x02\x16{h\x07\xec\xd4GU\x9e\xa6\xc7R\
\xdao\xf4\x0f\xf6v;\x94 :\xf51J\xc6 :\
\x1b\xd0\xb9\xdc\x80\xe4/\xe9\x99\x0eU\xbewH\xd4\xeb\
\x89P\x92\xca\x91\x92\x0b\xd5m\xb0\xe4\x22\x12\xbff\x00\
,\xda\x16\x82\x09\x07AH\xba\xfa,\x18\xa5\xe9\x88\xa2\
\x13%sG\x1d\xf6\x07:\x8aX\xd0Z00\xf4\xe7\
\xbb\xba=\x87\xaf\x04w#\x7f\xf4\xa6\xd8\xee\xec\x82\xf2\
\x91\x86\xec\x90\xf3@\x12 \xb3\x13\x0f\x8em\x96\xfe\xed\
\xe3\x8cg\xfb\x19\xd5\x05\x15\xb1\xe4\x80\xe0xT\xe5\x1a\
\xc2\xd3D\xa8\x09\xb6\xf0\xd5@\x12\x0c\xef\xf7x\xaa\xbd\
vU\x15\x81\xf7p:$$\xd4\xb1\x10\xf9\x82\xf8D\
\xd8Q\x94\xbf\xba\xc9\x1d\x15\xd3\x04\x1bp\x18 \xcb\xa7\
\x9bW\x93\x5c\x87E\x04\xa6\xc2\xa7\xd4v0P-N\
`0a\xad\x82\xe9\xa2\x7f\xef\xcc\x12P\xaaaTC\
\x04\xd5>A\xf4\x891'\xd6kFk\xddt\x90\xd5\
\x99j\x99\xa49\xe7(\x14[_2\xeb\xd0r\xe1\x1d\
\xacmqZ\xc5)\x9a\xea\x8b\xa0\xeb\xcc\xf5\xad\xd8\x09\
\x16-\x03U,D\x11\xb6\x1b\x10~\x90\xe3\xb1\xd9L\
(\xcc\x1d\x90\x9b\xec\x9d\x9e\xa8\x8b\x18K\x9dG8z\
\xb1\xe8a\x96.\xa7)p\xfb\x86\xea\xf1&>$?\
#\xe5\x86\x18\xd6\x1c\x83K\xf7\xe4X_\xa4f\xf5\x82\
\x90\x22fu\xce\x02LL\x02\xe6u\xe8\xc5\x9e(\x5c\
\xc4)\xb69e\x9c\x09\xfd\xef\x85\xbd\x99\x1c\xec<s\
es'sM\xb8\x11D\xce\x8d\x1b\x0c\xabh\xbe\x98\
\x8d\x17\x06\xaek(1\x061\xf1\x18O\xeb\x09r\xfa\
\xcd\x0bE[W\x18zU\xfb$!O&\xbe\xab\x9e\
\xf1\x95\x14\x8f<2:\xee\x9d\x07\x92\x9b\x1b\xf7~\xda\
\x9f\x9e\xa6X?\xc4\x11<\x0e<\xf4!c\xc9<\xae\
-\x855\x1ai\xec@\x96\xfa\x1b\x0c4\xf0\x8fh\x91\
\x92OA\xf4\x01\x089\xab\x1d\xc7\xa2\x13j\xdd\x1fU\
\xee\xd9fa@`I\xdc\xee\xd1\xf3\xe2\x95\xa8\x8b\xaa\
\xab\xe54\xd4mvd\xe5r\xf1\x04z\xaa\xcaq\xb6\
)\x06\x0c#7~\xefl\xa8+\xf4\xd9\x01]\xcf2\
P)\xd1\xa4!8v`q\x8bR\xcf\xf5t\xee\xfd\
\xef9Z\xd8\xaaI\xa5\xda\xa5\x0e\xa8\xcd\xf5\xfc\x01 \
\x151\xe0\x84\x05 -ISgv\xc6p\xcd\xbb\xe0\
\x88[\x92T$\x0b\x15\xeaK\x8e\x97\x94\x0c) 2\
\xc3P\xc8\x80\x08\xe6\xc5\x87GZ\x9af\xaf-\x02\x08\
\xd9\x88I\x99\x16\x1d\x97L&\xa3\xb4\xd9\x95\x01#g\
\x1f\xd1ih^\x06\x1fi\x11\x11\x8a\x87\xb5\x9bi\xfd\
k\xcf BD\xdf\x10I\x96aX\xb1q\xda\xcd\xce\
\x18\x05\x15\x1b6\xbe\x18\xb7v\xdd\xbcb'\xe1i\xad\
\x0aOg\xb0\x85\x09M\x98\x1ceF\x83\xe9\xc7\xb7\x02\
\xa0\xb2=V\xe1+\x17\x95\xa6\x89j\x9a\x91\xbb\x1a\xf8\
\xc3\xbc\xf8\x91\xc2B\xafq\x15\x09Q{4\x8eup\
\x16\xcc{\x06\x0b\xd6l8\xb8\xb9>\xd3\x1f\xdd\xa6|\
\x844\xafl\xc9\x9e\xd9\xa5~\x91\xfc\xd5\xe8Fj\xef\
\xfeam\x98\xeeOB\xe4\xac\x0eW\x96\x99\xb8*1\
1\xaa\xf6\x12\xfd\xf2\xc4E\xb2rz\x07\x060\x81 \
\x90J(E@\x0a\xb3\x09\x82l\xe3\xb4cZ\xc1\x10\
\xcc\x0a\x08#0\x94&|wr\x84\x99\xdbt\xbee\
\xf7\xe9\x05M@\x06a\x82q+\xf7\xb7\xe3Z\xd7$\
\xf2\xaaxT\xeb\xd7\xa3w0\x22S]\xd7\xe8\xe0X\
o\x9cj\xda\x9f\x87\x16y:\xb8\x08\x90\x22\x0b\xa0\x99\
`c%|\x0d{\x1aam\x93\xf4\xd9\x9ah\xc8\xe3\
\xc8l\xdb\xe7\xf5\x14\xaf\xf52\xcf X\x99\x82\xe3u\
\x87\xe7Pw\xe6{f\xf5b*/q\x0aw\xd0\x96\
$\xff\xbd\x81\xe1\x96S^\xf1\xddy\xe5Q9\x1f\x0e\
!\x91M\xd0\x0b\xab\xdf\xcc\xd9\xa1_\xb4\x00\x01\x00\x00\
IDAT\xd1\x82\x07\x9fs\x5c\xf7\x84?\x82\x01u\
#\x8c\x04\x1c\xc8\x9b2\x0f\xe3\x1a0\x93\xf3\xfc\x0f\xc8\
,G\x80-\x00\x84%y\x9bd\xf4i\xe0\xb0:\x22\
>\x1e\xdan\xdf\xad\x1f\xa3\xa3Df$0&0\x01\
\x99 \xd0\xa8\xf5\x88_\x03\x01P\xc3Z\x89\x1a\x0b\xe0\
\x18\xa8\xe0\xc57\xe3\x8a\xfc%\x06*:\x93\x10\xc2\x0f\
\x83HL\x10l\xb5\x22\xa1\x98\xa4\xe5L4^\xfcu\
\x84\x97\xc1%'^\x89\xed\xd2\xa6\xd8\xa4\x90~\x8d\xd8\
\xa9\x9e\xb4\xa9[\x95\x5c\xc2h\xb4\x038\xf1\xdcx5\
:\xdb\xa6H\xd2\x92t\xd4\xc6c1\xb2\xf7\xf0%\xdf\
\x04\x85\xbe[+\xc2\xb8\x92\xda\xd2\xbd\x1f\x8c \x05\xb7\
m\xdb%\x12B\x83&3\x88\xec\xaf\x80G\xbda\x0a\
N_b3U\x0d\x18\xef\x8b(\x149\xc9\xcf]\x02\
,\x0c\xa0\xe1&\x13=G(\xbdd\xe2\xa5\x16\x86\x8f\
\x90\xdb\xa0\x01\xe8\xfb\x83\x89#\x88>$iVy\xbb\
\xf5\x94\xc6f\x92\xa2y0\x07\xf8DN\xd0zN0\
1\xad\x014<\x80\x0f\xec\xbeJ\x0f\x84\xd0v\x86\xb5\
3:\xc4\xf4v\x98\x1f/\xda\x8d{\xde\xd2\x8e\xf7\xbc\
\xa9\x1d\xee\xbd\xb3]\x5c\xdc\xdd\x0e7\xeeo\xedx\xbd\
\xed\x0e7X\x0d*\xf92vg\xe7mw\xfe\xe8\xb6\
;\xbf\xad\xed\x1f\xf5\xf8v\xf51OhgW\x1f\xdd\
\x0e\xdd\x06rvMHeW\xb7\xc2\xe6\x1d\xb5\x97:\
\x0fJ\xe4E_\xc1\xdc\xac\x93\x12=Cz>\xc1w\
bV\x5cE`xW\xf2\xabH\xdb&\x84u\x1f\x03\
[\xa5\xde'\x8a\x85?\xb1\x0f\x88\xb9\xc33\xd8\xbe\x05\
<\x1f\xfb\x03U\x9a'\x0a\xdeM\x92\xb5\xb7\x01?\xd8\
)/jN\xe0\x9a\xccGHa\x14\x17\xbf\x13\x08\xa2\
\x96\xc23\x96K\xf6\xffeS@l#k\x0d\x16\xb5\
\xc6\xa7\x91B\xb3\x19\xce<\x90w\x03\xa3\x0aa\x16\xf7\
\x1cs\xbf\xf1\x90\x1e\xdf\x7f0\x9ek\xfe\x0f!\x97\x82\
ZF\x1dC\x80\xf5\xa0NW\xdeKm\x84\xc1y\xbf\
v\x1057m~\xb1\x81t\xd4I\xf1\xfa\xda\x1f\xe1\
\xc8\x8bC\x08\xcc\x89\xc3\xce\x19\xb6\xc6\xe0\x09)\xf6\x0a\
\x89\xa9\x04\x97J\x1b\xa5\x13dQ\x95\xf2\xeb5\x17U\
M&<\xa3#\xe7\xee\xef\x169\xba\x850\xb2\x03\x9b\
x\xca\x0bQ\xca~\x0b\xb8\xd6?]Je\x80\x8bY\
Q\xbd\x9a{]\xa2=\x90~\x9b4\xbaT\xccVD\
\xd3%6er\xa4#\xc7'q$\x02\x02\xdd]\xe8\
\xd9\xd1\xaauPd%\x08\x80$\x22$k\x92\xec\x0a\
\xdd\xa9\x09\xaan\x80\x80\x1a\xec\x11\x12\xdc\x0f\x10g\xcf\
\x89\xfa\x85\x0c\xed\xcc\xeeh\x9e\xb9\xec\xdb`N]\x1c\
\x1e\xc4\xaaVV\x1e0\xc2UiD\x11\xad\xdb\xf0\x92\
\x1f\xdb\x98Tq\x80K\x1e\xc2l\x81\xf4\xd2\x95C\x9c\
\xf4\x82\xf8Qt\x84)\x1b\xd2\x874\xf2\xba\x85\xaf\x85\
#f\xa7\x03#\xd5\xce\x84\xf8M\xa8\x9a\x1dc,y\
\xed\xc6\xec\x966\x10\x9e\x93\x93\xaa\xec\xc5+\xdf\x85\x8a\
B8\x19\xa4\x8d\xc5eb>\x22\xca8\xbbw\x84\xbc\
\xcbu1\xa1\xa9\xb4\xee\x1db9\x87\x05I\xb9\x0a\x96\
b\x1c\xf9\xec\x0fY7$Y9\xe6@\xc8\xa8^c\
\xed\x06\x98N\xf4\x9b\x8d\xc5D\xd0\xd5\x01\x15^\xca\xec\
op\xbe#\xcf\x9f\xd6\xee\xfd\x8d\xf6\x96W\xbf\xb0\xdd\
x\xcb\xab\xdb\xf5\xbb\xdf\xd4\xae\xdf\xf9\x9avq\xcf\xeb\
\xda\xe9\xfa]\xad\x9d\xae\xb7v\xbc\xd1\xf6\xc7\x1b\xf47\
\x12\xdc(%p\xd3\x9d(wMB\xef\xc3y;\x9d\
=\xb6\x9d?\xfe\xdd\xda\xb5'>\xb5]}\xc2\xbb\xb7\
\xc7<\xe5=\xdbmOy\x8fv\xd1\x1e\xd5.\x8e{\
\xfa\x10c*\xeb\x99\x0c\x19\xe4{\xc1\xec\x021Np\
\x94@$\x8a\xdb\x13u\x01VZ\x90,\x03\x93LP\
\xd45b\xcb<:5w\x9f\x90\xe0g\xa5\xb8 \xcf\
7\xf8\x02\xc6M\x5c<\x0e\xc8!q\x9e`\xa0OF\
\x19\xa1\xc1`\xff\x1f6\x0f\xf5\xbe\x990\xd7_Mb\
O\xa9\x15\xe8\x178\xcc\x5c\xcf\xbcO\x0c@\x5c\x93\x86\
\xe1=\xed\x89x\xdaSFO\x8b\xa2Sw\xe8\x85c\
\x0eNA\x00\xb6\xdc\x00\x03x\xe8\x8b\xc0A\x1c\x1c\xac\
\xaf\xc0\xc58\x9b\x00\xfb\x94M\xdc\xe6\xe6\x9eN\xf6\xd3\
\x88\x8f\x22\xde\xbf\xd2$\xb8\xbc:\xec+\xcb\x8e\xa9\x18\
\x07\xf7S\xf6?\xd1-\x16\x86\x19W3\x0e\xf5\xda\xe6\
sB\x0c\xea\x11lR\xd9\x88\x94 \x053P\xfd\xa9\
x|\xcfy!\x16\xc0C\xc3\xdc\x94\xcfw\xec85\
\x00h\xaa\x0a\x1agS\x9d\x9f\xd2\xc2\xf0\xdf\xb3\xaa\x88\
'&/:\xbf\xf0\xc7\x85\x19\xc6\x83\xfb^r[\xe9\
g]lr\xc0\x9d\x07\x07\x1f\xf1\xe0\x15?/\xf1\xf2\
\xc5\xf5S\x22*pP\xf3\xf6\xad\xa8\xf6WM\x8e\xbb\
h!h\x95\xc6\xc6\xa9\x86eaU\x8c\x161>\x9a\
R\xdaL?\xec2\xc0NL\x83\x89\x5c9_ \x18\
0\x03\x82T\x88\xf90/W{/\xfbb\xec\x0a\xe7\
\xcf\xecpc\x12\x16\xd6\xa97+\xb0\x96\xc3\xa5\xa1\xd2\
\x10E?\xbf\x18G\x8c\xab\xf5\x0e\xb1f\x0er\xfd\x8d\
\xc3^DJu\x19O\x10\x0b\x12;\xeb\x8b\x1cL\xc7\
\xb9)\x0b\xe2\x83\xf3\xb3\xb9~\xef\xa1\x9d\xcc\x06|\xad\
#\x95\x1e\x16\xe6\xe6\x0aa\xb7\xa4r>\x13i~\xdf\
\xce;1\xda_o7\xee\xba\xa3\xdd\xff\xfa\x17\xb7\xb7\
\xdc\xf1k\xed\xe2M/o\x17oyu;\xde\xf3z\
\xb2c\xd3\xfc\x0brec\x80h\x81T80\x9c\xa3\
\xd0q\x84\x81\x1d\x8c/D\x03#k\xea\xe2\xae\xb6{\
\xfdk\xda\xf5\xd7\x9f\xda\xfd\xa7}\xbb\xf3tl\x87\xb3\
\xdbZ\xbb\xed)\xed\xfc\x09\xef\xd6n{\xd7\x0fj\x8f\
}\xb7\x0flW\x1e\xf7n\xed\xc6\xee\x9a0\x83\xec\xf8\
&V\x00U\xcc\xb3\xab\x83\x8aa\x0b0NLJ5\
\x05\xaaQ(\xeeM\xae\x83\xa8\x1a\x93:\xa9{\x91\xa9\
L7\xbdO\xcd\xca\xe2d\xd3\x04\x98\xbf\xcep\xf8u\
TR|mS5)\xb8R\xf4=\xe3\xde\x9c\xb3%\
\x9b\x00\x18\x9f\xc3\xcc\x11\xebe9O|B\x14o\xcc\
\xf1\xfb\xc9\x99*\x97\xb9\xf2\xa5L\xac\x8e\x8eh\xe0\xb9\
3%\x0f\x8f\x8b\xb6W\x1c\x16\x83\xa3\xaeg\x14\xf4_\
\xab\x8f\xd8K\xd1\xa2\x9b\x1e\xc1\xe0T}\xcf\xa5\xc7\xa8\
(\xa1\xc8\xe4,\xda\xfcZP\x85\x8f\x95\x8e\xc40v\
\xde\x19\x09\x5c(K'\x1c\xbe\x93\x90&\xb7\xa8{\xf2\
\x00\x8d\x9b\xf6L\x80\xe3bI\x95kI\x8e\xaa\xfa\x97\
\xec=jLu\xf6O\xdf\xb6\x1ez4\xa9w\xa9\xef\
6>\xc7\x04\xc1\xce\x0d \x92W\xb4iYl#\xf0\
o\x93\x98\xa97\x82\xaf\xa1Ya\x8d\x8b\x86\xe0\x85\xe5\
2\x12\xff\x0c\x03\xdad~\x05+\x12\x18U\xc3\xd1\x87\
\xc38[k\x93C\xe9\x88;N\xc8\x0a\x1b\xb0g\x19\
CL\xbb\xf7\x930\xe4k\x8e\x8b\x11\xce\xe5\xc9\x122\
u\x15\xf1\x95\xa4K\x98\xd1(\x92-\xac\x0f3c\xe4\
\xe2\xe1\xe7\x1153O\x16V;\x22\xbb<\x969\xa2\
\x0a\xf0r}\x22\x9b/\xccxd\xf3;\xd5L\x1dh\
z\xacxX\xa7\x1c\xe5`p\x84\x0a\xfa\xe8\x98'3\
\x1a\xf6\xf5\xd9\xbd\xc4\x11\xde)D\x7fwo\xbb\xf3\xb5\
\xcfow\xdd\xfes\xed-\xaf|~\xbb~\xd7+\xda\
\xfe\xe2\x9e\xb6\xef\xda\xb9\xae\xd1:\x1d\xc9p\xd4\x9f\xd7\
\x84l\x84\x04\x1cs\xe3\xccq\xbe\xb0#\xacvO\xfb\
G\x1a:\xf1MagV\xf6\x0dh\xdd\xb1\x96\x1ch\
\xefo\xbb{^\xd5\x8e\xf7\xdc\xde\xee\xb9\xfd\xa7\xdb]\
}\x1d?\xe6]\xda\xd5\xa7\xbc\x7f{\xdc\xb3>\xac\xdd\
\xf6\xb4\xe7\xb4\xb3\xdd\x93\xda\x0d\xf1i9v\xed[\xd7\
Vz\xff\x0b9\xa7d\xb9\xcc5\x00\xd9\xa7\x22\xff.\
\xd7\x81\xaca#~\xd8\x5c\xa2sL\x0c\x7f`1\x1c\
\xa1\xc6>t\xce\x22\x8a\x9bS/\xb5~\x13\x0c\xe1\xa8\
\xec\xc7\x16\x9d*\xad\x9c\xc5\xa8\x09\x97\x80\xab\x82\xc7\x1a\
\x91\xae\xe0\x17\x9ep\xc9\x80\xe0T\x5c\xd5?\x83\xf9N\
\x99\xfb\x09NT\xdf\x02\xd4\x99ia2m,\xf0S\
\x95\xe9c\x96q\xd0\x9baX[ \x0b_\x22\xa0\xaa\
\xf1\xeb\xef\x85B\x01,\x8c0\xcc\xa9\xa3\x92\xa2ag\
\xaf\x80\x02\x82\xc4\xbf#\x00\x148\x8e\xf0\xe8}Q)\
\xb1\xddv>9y3T\xd7\xe1 \xb7\xdb\x90G\x19\
B\x8c\x7f\xd6\xfa\x9c\xf3\x08\xb8\xd0\x12\x1cp\xac\x0da\
\xec)\xf6\x94+]W\xfb\x07\xdb\x8d\x84*:m\x8c\
y\xec\x82A\xf3\x9b\xc2\xdbo\xa3\x1aT\x99\x150*\
:\x7f\x8cD\x99V\xe0`\xcam\xe2h\xa5I\x91/\
\xe8.\xee8\x86\xcbGO\x18\xfe\xf6)\x7fC!\x15\
;\x9c.y\x8c\xa3\xe6\x80\xc7\xc6K1#\x07c\x0e\
\x92c\x8b3M\x19a\xb61\x19\x13\xb7[\x18o\xcc\
e!1\xe8\x05\xb3\xba\xf4\xdb3GS\x98N~W\
\x85\x97\x1f\x90\xc7I\xa52`\xda]\xf2\xf5P0\xcc\
\xea\x9b\xec\x99\xac\x11\xd2\x0c\x8f\x92\xc7\x01\x8c\xd4a\xdf\
\x1d\x01\xf7\xed\xfc\xf0\x96v\xf7\x1b^\xd4^\xfb\xf2\xe7\
\xb5\xfb_\xf6\xb3\xedt\xdf\x1dm\xdfnP=W\xa9\
{g,\x08\xf4C\xc3\xba\xac\x8fp\xd3\x1eW\x8f\x1c\
\x06!\xa9\x0c\xd0y\xc4 \xac\x9e\xe7\x1e\xb1\xef\x03\xf6\
+T\xb4\xd2[!X\x9c\xefB\xf6\x81\xec\xa9\xe3\x99\
\x10\xa9\xfb\xdf\xd0.^\xf1\xe3\xed\xf5\xaf\xf8\xf1vz\
\xd4c\xdb\xa3\xde\xe9\x03\xda\x13\xdf\xfb\xa3\xdac\x9e\xf6\
\xc1\xed\xbe\xb3G\x13\xb2\xf2\xc9u\x08\xae~i#\x97\
\x85\xce\xcc\xfa\xfc-\xcd\xc3\xec\xf7\xda\xba\xb0\x00\x93j\
\xa2\x0b\xa6\xc3\xe3\xdd\xdcn\xaaBfI\xfb\x01\x07r\
\x153\x5c\xe6>e\x18\xb4\x8eh\x86\x5c\x1a\xaf\xdd\x88\
q\xfc\x93\x97'\x8b\xda\x87kZ;\x996\xec\x8a\xe4\
oUw\xd6\xb4\xcb\xab\x854\x12\xce\x7f\xa7\xa8/?\
\xafC\x10\x13k\x0e\xbb\xd6>d\xbas\xda\x06\xe3s\
\x8d%>\x19R\x8br\x83\xd9D\xa2\xda\xdfW\x08\x95\
\xb4\xe6IS\xa2H\xefA\x85M\x9b\xce\xd8\xbf\x93\xa4\
\xd3\x0dLj`\x02 t\xe7E\xc9\xc0:\xf3K\x8a\
\xc2t\xbc\x97\xa3\x9f\xd0\xa3z\xc5{\x93\x01-+\x00\
\x196\xcc\x82\x93\xa6\xbe\x88\xc7l\xb7W\x9a\xea\x8e%\
\x16(\x06\x88@\xc8{R\x1b\xf4\x1c\xe3l\x0c\x93n\
\xceG\x9am\x8c\x14H\xa8I\xacg\xea(\xd4U\xa5\
\x82\xe8\x82:<-(\xd5\xd6\x08#\xa0p\x91\x10H\
r.\x8cb8\x88\x84\x7f\x8fUTE\x14\xc3\xc0a\
\xc6\x0d\xee\xbd\xa21\xf5d\xc7$\xf5\x86\xcbcM\xfe\
',\xf1a\x09\x90Y\xc1q\xf3\x1a\x92\xa5/!\xb6\
\x1d\xd7\x04\x09\x07\x02ok\x81M\x15\x8c\xaaL\x8b\x85\
d5 .\xbc\x8e\xb9\x0e\xb6S\xebX\xf3:\x948\
v\xe3}\xa4\x9d<\xcf\xe1W\xb4\xdf\xaa&#T\xec\
\xcdb\xa3y+hA\x02\xf2\xae[\xf4\xc8\x8d\xf6\xc8\
\xd4\xfb\xd9\xaf%\x86\x05\x9c\xd9\xa0\xfa\xb6L\x9dp\x8c\
\x14\x07N2%\x1e\xda\xf1\xaeW\xb7;^\xf0\x9f\xda\
\xbd/\xff\xa9\xd6\xee~M\xdb\x91\xe4\x0cg\xd2hs\
\xe0\xd0P\xc4\xc1\xef\x82}\x9a5\x00\x11\xb1c\xcf\x05\
\x22\x16\xbe;\xaf\x0f\x13\xd3\xe5\xafO\x14f\x1e\xfc\xec\
8\x0a\xf8\xf0:\x22\x0f\x96\xfb\xefn7n\xff\xef\xed\
5\xb7\xffT\xdb=\xea\x9d\xdb\xa3\x9e\xfe\xa1\xed\xc9\xef\
\xff\xb1\xed\xda;\xbd_\xbb~:c\xa1\x05\xce\x96.\
l\x17\x82\x947^m!\x11\xa5\xc6S\x19\x0b\xb7\x06\
s\x88\x9f~\xb1(\x038mF\x01\x09\x11\x1d\xec\xa3\
\xc3\xd7%\xcc\x17\x02H\xc5\xf8\xf9\xf9\xea3\xb3\x17\x1a\
\xd1\x99\xa9\x8e;\x08\xb1w\xdf!6\xfd\xb0\x1f\x90\xd7\
\x1c\x82u\xc3\xdce\xdc\x0a\x0dp\x0c\x1f\xe7k\xff\x7f\
\xea\xde\x03\xdc\x96\xa3:\x13]\xdd\xbd\xf7\xc97ge\
!$\x81\x82\xc9\x22H\x80\x11\xc6 0\x98`\x1c0\
\xc16x\x8c#\x06?\xc7\xcf\xe3\xb1\x9fyc<\x9e\
\x19\x8fq\xc46`\xa2\xc3\x18l\x0f\xc9\x88`r\x14\
I\x22HBY\xba\xd2\xcd\xe1\xdc\x13\xf7\xde\xdd\xfd\xbe\
\x95\xaaVUW\xf7\xde\xe7J\xd8\xef\x15\x1c\xdds\xf6\
\xee\xae\xae\xaa\xaeZy\xfd+\x0b\xf2\xf2\xc3{\xe2\x80\
;o\xa9\x08\xd6#\xe1Jn2\xfb\xbaq\x8dl\x04\
\x17\x80\xe9\xe8\xa6\xd7\x10\x1ac\xf1VW\xb9Dyk\
\xa8\x9d\xf9\xa1:\xdf\xbc\x99s\xa4!\xbb\xbe\x1c-\xc7\
\xc0X\x95:\x95>:\xdcWr\xb5\x11\x07W@6\
S_!5W\x85\xb0\x08\x16\xd7B\xfdZ\xb3iL\
\x80BBB*\xac\xfb]\x05K\x82\x89T@-e\
6\x1d\x12\x9f}\x9e\xba\x1b\xecwn!\x12\xf78O\
\x88\x13\x88\x0c\x03\x93\x0d\xe6^\xa4{\x1fV\xab\xd6\xed\
\xaa\x1b\xc4o\xcc*q\xa0]@\x8ceX\xba\xf1\x9d\
V\x162`OX\xbd\xe6\xefM\xf7\xfe\x1c:\xc1\xc7\
\x08tn+R@\x1a#\x00\x86\xc5\x99\xc25MY\
TT#T{ \xa7\x17&_E\xa3\x1f%\xe0\xfe\
\xc0Y\xa1O\x9b\xe4\xf4\xa3\xb4Z\x09j^\xb0\xf1\x9a\
hT~\xec\xcd\xc3\xaa\xe9P1\x06\x82\xdf{\x9e\xf9\
\xeb*\xeaw\xa1\x89\x1e\xd7\xdf\x01\xebF\x02\xa2M\xff\
\x0bvV\x0b\xf1\xc1f\xa3\xfd\xfd\xb8\xc2\x194\xa1L\
\xe3}g\xb3\x22<\xff\xd6t\xcf4^\xb8#\x16\xee\
~{\x0e\xd3\x1a\x96m\xedZ\x8b\x8d\x85\x11\x97R\xa0\
M\xe2g}btU\x96CQ\xa1\x00\x5cC/\x1f\
\xc0\xd2=7\xc0\x91o\x5c\x0b\xe5\xa1\xafBV\xae\x92\
\xe9\x1f\xafQa\xad\xe1Nss\xf231#L\xac\
X\xfao\x0a\xd6sfQ\x1b\x0f\xa1{\x16Zc}\
\xc2u\xb4\xfbTU.\x11\xbd\x07\x87`\xed\xd6ka\
\xff\xad\x1f\x85b\xfb9\xb0\xf9\xc2\xa7\xc2\x96\x0b\xae\x82\
\xaa\xbfE\xe0\xd6\xf1?\xe8Z\xf4Y+\x01\x98\xd5\xc4\
-d\x16\x0e,'\xf8\xac\xbb\xa54X~u\xe9;\
U>\x1e\xa7\xc9\x86\xdfk*\xb7\xa1O\x9e\xa4\x04\xd6\
=\xebRH\xb9\xb8\xba4\xedv\x0d\xdb+<)\x0d\
\xda\xca\x99\xb1\xb58\xe5Z\xc8\x1c=\xf1\xe6\x7f\xc7\x83\
&\x91\xde\xe2\xd1\x05.\x8eH\xc13\xcao\xc0\x03&\
\xe87\xd8\x9b\xfa,# 9\xdc\x8e@\xe0Hg[\
\xe8\xb3\xc5\x05\xd0\x8cz\x97\xcb\x02\xb3~\xf8]z\xd3\
\xf8>\xac\x80 \x84K\x83@\xea\x0e\x81\x02\xd3\x95\x08\
\xfc\xa6\x893`\x99X`\xb6\x8a\x18\x82%\xc8$\xe5\
\x06\xbe\xe1\x90\x01\xf8M$\xf7\x0a\xa1\xf3\x16\xee\xd0\xbc\
\xafD\x9e\x01n\xacI4<\xbe\x9a\x96\xa8\x88\x8a\xea\
\xb7\xd3+\xdd\xcbh\xaa\x7fn<\xfc\xbem\xea\xa1y\
\xaf4\x1e\xad6e7E\xbb`\x15j\x14\xd6t\x94\
\xb5\x1e@\xfb\x9e\xbd\xb9I\x07\xde\xdc\xb8u\x90O\xed\
\x9f\x1d^\x91h\x093\x1f\xb9\x9c\x22B\x11\x9bB\xc3\
w\x1f\x8dW\x89\xa8\x11\xccRL]\xbf\xb7\xfe<+\
|5\xd7\x92\xfb\x095Z\xbe\xdf\x0b\x08\xcdw\x16|\
\xea\x98\xbb\x97\xdc\xe3\xd5\x99\x8c(\xc4{*$\x88)\
\x0d\x08?\xb3\xbek\xbe&D\xad\xd0\xbd\xca\x02\xacj\
Z\xa8\x01\xa2\xe5\x09\x03\xfb2(zk\xb0r\xcb'\
\xe0\xee\xeb\xdf\x07\xd5\xc9{\xa0\x97\xafq\x8c\x0a\x09\x80\
\x8c\x1aHY \x0d\xcdC\xc7,LC\xf6\x93\xd7\x9c\
=\xb6\xc6\xd8\xf9;\x90O=\xd7Q\x1a\xa3a\x0a\xba\
#\xf4\xfd\xe9z4\x9b\xdf+\x14\xc4Z\xa1\xbb\x02\x05\
\xfe\x11\xc0\xf1[\xe1\xe4\xe7o\x81c_\xfdG\x98\xbf\
\xe0J\xd8u\xf9\xf7A=\xb3\x97!\x87\x15v\x97\xee\
\x95x\x01\x07\x8d\x1d=+\xd2T\xfd\xdf\x8a`i\xd0\
1\xd9v\x1c\xd1\xd4\x8e5\x11\xabD\xb8\xe2V@4\
V\x84\x09\x98\xbf\xf6\xe9\xe8\x97\xe2\x81\xd8,\xa9v\xca\
\xc3\xcfwJ\x90eH\xed\xcfK\x9a\xc4\xcdl\xb8\x83\
\x10\x02\x98\xbf\xf2Q\xf8m\xfd\xc4<\x07,\x1eGD\
OS\x02C\xd8\xecz\x1a\x04@=\xd9ni\xf9\x13\
\xaf\x80\xc9\xa7cR\xff\x9a!\x19\xa6\xa2!\xc5P\x99\
\xf5\xd4\x80\xcc\x04\x8d\xb4c\xb0\xf3\x11 \xa0\xd4\x04C\
F\xd5\x5c0\xfd.\xcc\xd5\x0e\x1f\xccZ2\x06\xea\xb8\
\xcf\xe2\xa7\xb8j\x84\xba\xe61\xb0Ab\xd3'\x0f\x81\
G\xed\xf3\x07]X@\x82\x81\xda\xbe\xf9ZM\xef\x8a\
|X\xd2\x94\xe13\xd2\x9c\x8e14\xbe\xab\xe6Fn\
\x8d`\x92\xba\xf9C\x0b\x88[S=\xd8\xc2\x8cL\x8f\
\x22\x04\xc8\xdf\xd8?U\x0c\xb1\xae\x0e\xf5\x99\xb7\x0b\x00\
\x81I-\xf1\xd9\xb8@\xa4\xf0{\x07r\xdc0\xc7\x86\
\xad=+\xa4\xdd\x8a\xd4\xfc\x9e\xd2!\x0d\x03\x8f\x0f\xb7\
\x1f\x97\xc5t\xf0\xb0@\xbaF\xa6\xf7H\xba\xf7l\xd8\
2\x8cx<q_\xe1\x98\xe5\xac\x84\xf9\x15\xad\xe6\xdf\
4\xb9\xf5\xba\x13Y\x96\x22\xf9# \xc0\xae\x1f\x85\x98\
N\x81\xf4LF\xd8\x93\xd7\xc4\xda\x92\x11\xfc\x0b\xe8A\
\xbf\x18\xc1\x89;>\x03G\xbf\xf8n(O\xdd\x019\
\x8c\x8co]\xb0\x17\xb2\x9c\x0b9\x09\xae\x83\xb3\xa4\xb9\
82kY\x13!H\xa0N\x9d\x8e@s\x0a\x8d\x94\
>\xebB\xcd\xd8\x9e\xb9\xf11Q\xe2(c&\xb3\xbc\
\xa6\xd7\xe8\x8b\xf7o!\xb6\xd9Db\xb6w[j-\
N\x09\xe2\xec\x0d\x8f\xc2\xea\x8d\xef\x85;o\xfd(,\
\x9c\x7f\x15\xec}\xd8\x0b`4\xbb\x0bF\x81\x86\xe7\xcc\
\x84Q\xecBc\xc1\xa3\xe7\xfb\xf7\x5cG\xe9v\xee\xba\
TvS\xe2\xbcN\xda\xd4\xee9.&H\x9d\x91\xa4\
X\x8d\xed\xd3\xccL\x84;\xa7vE\xe7?>v\xb1\
\xb5+\xfen\xa3{;V$\xc3\xcf\xea\xce\xbec\x9e\
\x97\xa2\x93\xf18\x13\xb8\x82\x86\xa6\xd7I\xe5\xb2C\x8a\
joA\x8c\x04[\x13\xd5\xcd\x17\xac\x81J#\x91D\
A@@\xf1\x82yF\xd5\x5c\x18B\x8a\x16fE\xa8\
[Z\x1cG\x17\xae\x14\xa8Vg\x9c\xf6\x93\xb5`\x97\
\xd6\xdc\xa6\x11\xe6\xf4\xb7\xa8&m/\xc1~g\xbd/\
\xa1\xf9V\x9f\xa1\x0c\x95s\x92\xb9\x8f*=\x06\xd1\xa8\
\x1b\x82\x87yu\xfc\xc3FF\xfc\x9d\xe1T\xc3\x86\xfd\
\x10\xaa\x9d\x8e\x93m\xf9\xc2\xbf\xbd\xef\x8d\xf1\x0f\x18\xbb\
\xdbi\x84\xe4v*\x5c\xc53\x89\x17w\x1b\x83,n\
h\xf2\x91\xc2M\x8a\xfb\xcefvk\x22\x0a\x0d\x89\xb1\
\xcb$^\xdfxSwI\xa4\x96\xa1c\xe1\x11/\xd9\
\x0b\xb1\xd4\xbe,\xe2\xdd\x18\xa6\xaa{'\xc5\xf08\xaa\
\xdb\x13\x1b\x0d\xc4\xab\x13\xd2m\x18\xa3\xc0w\xe0\xbb\xe0\
{xG\x06\x84\xa0\xa1eFAJ\xa6\x9ae\x93\x00\
\x97\x09\xe6\xad\x02q\xfa\x9e\xa8\x07\x1a\xaf+\x82\xa5{\
Z\x03\xabL\x1fM\xa2\xa4\x8cY\x80\xf2E\xdb\xa3k\
\x04\xa7!U\xf0\xc4\x13;\xae\xb9A\xden\xca#\x0e\
\xc7\x8cq&\xbc\x0b\xfb\x22\xe7!\x03*\xa0\x9f\x95\xb0\
v\xe0Kp\xd7\xe7\xff\x0e\xca\xe37S\x8e<\xa7\xea\
1\xfe\x83\x17D\xe5\xdd+~E\x8d\xdf\x8a\x10\x87\xb8\
\xf1:\x86\x1aaHx\x0e\x14[C\xef\xb0G\xfee\
\x8a\xaf\xa8\xb0\xe6<\xa6\x06V0\x93\x03\xcc\xf4\xd6a\
j\xaa\x82\xb9b\x08\xb3\xbd\x1cz9\x9eA\xca%\xa0\
\xac\x91\xb5a\x05+U\x01\xcb\xc3)X\x1e\xf6`4\
\x9a\xa2\xb9\x10v\x06\x1d&\xa6M(\x980\x99at\
\xc6\xa2\xeaA\x95\x0dM\x8c\x92_+e\xdf<G\x06\
:f\xdd\x9c\xado\xd9`\x15Vn\xbe\x16n\xbb\xf5\
\x93\xb0\xf0\xe0\xaba\xf7\xc3\xbf\x1f\x86S\xbb\xc5\xf2\x87\
\xe7\xc3g\xe0\xc8\xab\x92\x85\x96S\xde(_+\xd5\xdd\
\xdc\xfb\xc0w\xa5\x09\x91x\x8f\x01\x98r\xfb\xc8\x9e\xdb\
\x88\xc9\x05\x1b\x00}\xf5\x94\xf9--B\xc9\xeb\xb0z\
)\xa6\x0aY9h\x88b\xa1\x08\x80f\xd26\x07\x19\
\x90X2\xd8\xe5f\xfd\xe6~\xdcr\xd6\x09j\xd8\x0b\
{\xb6\xc5\xf3\xd1\xb9\x8e\xa31)\x81!\x0b\x02\x8e\x19\
o\xa3y\x9d\xa5\x93\x0a\x05a\x9f\xe5-\xce\xf1\xb3-\
\xbf\x8d]\x09l\xb8\xd3\x22_\x1e\x8b\xc0\x22SjL\
^\xe0>\x08\x80Z\xe2\xf8+\xc5\x88\xf1\xfb\xc1\xa9\x15\
-\xbe\x8c@\xbcN-b\xca\x94H\x84\xb9\xc2\x02\x12\
,m`\x1co\x9b\xd6\xc1\x92M\xa8\x81\xf1\x06\xb7\xb2\
\x91\x97\x84lZ ot\xbb\x8a!x\x04\xf3\xfc\xb4\
&\x19JYv>\x9e\xc9#\x81\x89\x11\x9b\x1a\x16\x8f\
h=\x949\xb7I\xdcM\x0b\x89\x9d~h\x02#z\
m\x04\x0b\xbf^\xba*r\x9dyy$\xa4\x18y\xdd\
\x91\x0f\xe1\xfd6*95\xfeT\xeb\x96\xa6C\x81(\
\xd0@\x8d\x90\xe8\xa1e\xed\xb5\xcdui\xf4N\xccJ\
\x00c\xa2\xebm\xcc\x88^\xeb\x18]\xb4\xaf\xac\x16\x11\
\xff\xee\xc7\x13J\xde\x936\xbf\x17\xef_k\xaeA\xc8\
\xfc\xf5\x19$\xaa\x18\xff\xb4\x9a\xdf\x9b>l\x0fF\xe2\
\x1d[\xc65\x91\xf0\xbf\x86iK(`1\xc2\xbb\xdd\
\xef\x05F\xe2#k'\xd3\x9d\x04B.\xdd\x07w}\
\xf6\x1d\xb0\xbe\xff\x0b\xd0\xafW)\xd2\xdfm8e\x96\
\x81\x85B\x05\x1a\x8dg`\x9383C.*C\xbb\
\x1f\x99?\xa6\x0eb\xcd\xa2z\x0d\xf6lZ\x82\xbd\x9b\
W\xe1\x92=\x15\x5c\xbas\x19\xf6m>\x05\xdb\xe7J\
\xd89]\xc2B>\x80\xb9~\x05\xd3\xf9\x08z\x98A\
H@=\x18\xc8\xca\xe7bTe\xb0^\x03\xac\x0d\x0a\
8:\x98\x82\x03\xcb\x05\x1c^_\x80\xbb\x8f\xce\xc17\
\x0f\xe7p\xeb\xf1\x198\xb0\xb4\x00GV{Tz7\
G\x01'\xafa\x08#\x12\x02\xa8\xf6\x06\x97\xd7s\x19\
\x03(\x80\xf2\xda\x8a;\xca\x8a\xd6\xb2\x96d;,\x07\
\xb0t\xd3{\xe0\xd4m\xff\x06[\x1f\xf6<\xd8\xfa\xd0\
g\x13\xa6\x00\xce?\x87\x12\xca\xac\x07\x05\xd2Lc\x9a\
\x8ft\xacdsy\xe4I\xd7U\xd0\xd3x:\xc4\x83\
6\xd7y\x5c\x0c\xbbGR-\xa4\xad\xde\x12\xd0ru\
\xeb\xbd^\x08\x15\xd6\xe4\xf6\xa5\x9f\xb1\xd2\x83T\xd6\x00\
)\x92\x1d\xcaa[K\x9f\xf9:,\xa2\x93\xbe\xb33\
n-\x95\xb7\x1f(S1\xe3\xf7\x84\xc9}\x1f\x1c\xd5\
\x94e[\x85c\x85\x5cv\x976\xf9P\x9a\xeeZ\x9e\
\xd5!\x00tu\xc8\xa8}\x02'J\x96\x07\xf6#\x96\
\x11\x9a\x98\xfb=\x00\xa4\x89M\xd4\x11\x97\x92\x8f\xdd\xcb\
u\xc2\xa0\xc1\xf3\x0eb\x02l\x7f*0hE\xbfX\
\xeb\xd1\x5c\x01\xe3\xaf7&\x970\xb5\x8e\xcd\x9dvK\
x\x09\x8a\xe7\xa4\xb2b\x9b\xe9\x9c7'\xea3J\xac\
}\xccCl\xfav\xeb\x92\xdc\xc0\xe2\xab\xc5r\xa2\xee\
\x1a\x06\xbbqfx\x17\x01k7b4\x7f8\xfd\xa6\
k\xad\xbc66\xd5\xb1U'zB\x82\x88\xd0\x5c\x1b\
\x9a\x8e\x8e\xcf\x86\xbaj*\x9b\xcc\x95>l\xcf\xa0p\
}\xa7\x9e\xe7t7#P\x92_6%\xe5\x8fi\xa7\
\xc1\xfcS.\x96\xaek\xadh\xc5\xf76\x11\xdb\x9c\x90\
\xec4l\xef\x17\xe6\x1b\xa3\x9cd\x1b\x01,re\x90\
\xe4\x8a\xd7\x07\xaf\x85-S\x18A\x5ce\xa8\x9d#\xb0\
\xf3\x0a\x1c\xfb\xea{\xe1\xe4\x0d\xef\x81^u\x1c\xfaR\
\xe7\x92K\x5c\xe3\xde\xd4\xac\x18\x15 B\xc6\xa0(\x8b\
</>\xcd\xa8k\xf7F\x03\xd8\xd6?\x05\x0f?w\
\x04W\x9e\xbb\x0a\x0f\xdf\xb5\x08\xe7m]\x83\x1d\x0bk\
0\x9f#F\x00\xf65\x82l(\xe5n\xf1G\x184\
\x957\x1eI\xd9h\xc1v\xc7\x15\x98\xca3\x98\xc3\xe9\
\xf6k\xd8\xd7\xaf\xe0\xd2y\x0cX<\x08p~\x01e\
Q\xc3\xa0\x9c\x81S\xa3i\xb8\xf5X\x1f\xbeq|\x1e\
\xbe|\xdf\x02|\xe1\xf6)\xb8\xeb\xf8&\x18\xd4S0\
\xeaKJ#\xad\xb3d9(\xc3s\xb4B\x851\xcd\
:\xe2\x02D#\xd2\xae\x0b\xc8\xd6W\xe0\xc4\xe7\xdf\x06\
'o\xfa8\xec~\xfcO\xc1\xec\xbeK\xa0,\x19\xeb\
@\xe3\x8b\xac\x966\xb6\x09=Q\xab\xdf$\xcd\x0a\xbb\
\x09\xdb\x95\xb9n\xc2\x0e\xc3\x019\x12\xce4\xc1\x9e5\
\xfc\x8f/\xb8\xe4\x84\xf5T\x1f\xad\x0e\xb2\xfb\x7f\x9e&\
\xeb\xc3\xaeQSQl\xbb7\xb6\xa2[T>\xdd\xea\
\x0e\xa67\x81w`\x05\xed\xa4Pb\x85:9J\x0e\
,\xadE\xf0\xe9R\xae\xfc\x83C\xd8{\xfdn\xac\x05\
\xc0\xbf\xacX\xfb\xe3a\x91O\xdc\x98\x90\xedKo\xfa\
yb\xff\x89\xd1\x1c\x04\x1c\xc8\x05\xc1\x08\xe7a\x81\xc3\
j\xe3\xca\x0c\xd3Z\x9cO\xa1\xf3c\x08\x99V[\xda\
\x93\xb9&\xd2\xa0\x1bXSb\x99\x08R4\xcc\x1a\xba\
!kG\x916\xea~\xa7\x0a\x82\xbeRq\x82\x95\x09\
\x86\xba7\x05\x07\xc0.\xc1\xbc\xd5\xf4\xfe\xc06\xae.\
f\xc8I\x04\xc7\x19>\xd0K\x9a\x93\x1fd\x1f\xf0\xe5\
\xdf2\xf7k\x96\xae\xb1\xc6\xb6\xd9\xfdfS(\xc3\x91\
mle\x9c\x7fn\xc2k\xed~L\x11\xab\xa6kI\
\xa1\xb5\xa5\xf4v[\xdf\xd62\xa0A\xad\xb28\xb9T\
\xda\xe4\x0b\xbbG\xaa\xfbG-h\xfc\xa1\x81\xef\xa5\xf7\
\x8c\xb8\x068\xe7>\xf4\xf3\x11\xac\x1f\xfe\x06\xdc\xf1\x99\
\xb7@v\xfcf\xe8\x91\x11\x1f\xd3\xbc4m\x0f\xff\xe5\
\xba\xf0q\x8a\x17k\xfc:W\xfc\x1c\x99)@Q\xae\
\xc3y\x9bO\xc0\xb3\x1fr\x1c\x9e~\xfeI\xb8p\xf7\
\x1al\xed\x0f\xa0\x18\xaeC]\x22\x9a`\x09\xd9\x80\x05\
\x17\x14\x1c\x0a\xcct\xa1\xf45\x8c\xb0/\x5c\x8a\x13C\
\xfcpq\x1a\x85\xfa\xa6H|\xc9\xb1\xae+I\xc9S\
 \xac\xaa\x82b\x90\xc1l\xb6\x0a\xb3\xb0\x0a\xbb\xb6\x97\
\xf0\xb8\x1d9\xfc\xf8%\x05,g}\xb8ki\x1e>\
w\xd7<|\xe0\x9b\xbb\xe1sw\xce\xc2\xf2h\x06\xea\
\xbc\xef]%\xe42\xe0w\xcc\xe7Aw*\xc7\x9a\x8c\
\xd0\x12QWP\x15\xb8>r.\x17\xef\x81\xfb\xae\xfd\
-\xca\x18\xd8y\xc5\x8b\xa1\xca1c\x00m\xa5Z\xaf\
]\xf7C7P\x8b\xdf/\x1bu\x1175\xc1qL\
n\xec\x18,\x031TR\x05@\xda\xc9\x86P\xb4S\
\xa3\xae\x99L&0\xebs7\xde\x9a\x11\xff\x10Y\xd6\
\xc2g\x85\xe3b\xd9!\x11\xf36\xe6\xe5\xb4!36\
hY\xac\xa9\x8b\xc4\x91\x9a\xf3x%\xc8X\x1aZ\xe2\
\xaez\xa9\x8eB\xc9$\x22\xbc\x22=Y\x84\xb0\x86\x96\
/\xb3uK\xdaj\xa2\x88\xa4\xd0(\xe7Z\x8b\xe2p\
_\xc2\x14\xd4\xad\x8ey\xe9\xa1\x11\x9c\xb1\xfau,\x86\
\xe8\x05y\x9aA\xf0\xa2\x7f\x96\x22\x9b\xe5\x0el\x81\xfd\
vZn\x93}\xa6\x92\xdd\x10%\xdf\xd9FF+2\
\xfb\xc9U\x89\x82F\xd6$g\xbfS\xe0\x1f_\x04I\
\x8c\xfd\x0e\xb3@\xaaq\xb9q0\x91\xe3\x05\xc2\x8ai\
6\x22tr\xf9\xdao\x16\xad\xc4\x16\xb9a\xcc\xfb\xe3\
\xf2\xab\x1c\xbb@\x01^D\x10U\xcb\x0cSZ\x98d\
\x86\xc8Y\x8e1h\xbe?\x03Y\x1b\xd0\x17#\xf0\x08\
\x8e\xf5D\x8c\xcd1\x7f\x1f\xf3\xe1s\xfc5<O\x82\
\x03#\xf4\xc9\xc6z\xf0d\xe47[d\x8aV\xa09\
\x06\xa7QX\x08\xe1hm\xa3\xa6l\xdf\xfa\xfb\xd3\xef\
\xccf\x07\xa0\xc9\xdeG\x00\x13\x84\x8e\xecK7\x8e\x96\
R\xb0e\xc4\xfc\xfd9A&+\x84\x87d\x80\x0a\x8a\
z\x00\x87\xbf\xf0vX\xfc\xd6\xb5\xd0\xab\x97\xdd\xf3\xe8\
\xfd\xca\xb9c1\x04\xfd\xf5\x8c\xf1?B\xa3>\x99\xf6\
\xa5\x1eA]\x10(P\xaf\x1a\xc1\x99\xf3\x07\xe1\xb9\x97\
,\xc3\xf3/8\x01\xe7o[\x82\xf9|\x00E9 \
sD>\x94z\xf0\x22\x8c\xe8K%V\x8f\xf1.\xf4\
$.0\xe5\xd7\xc1\xbf\x07\xa5\xe1*\xc4\xb82\xbf\x92\
\x82\xa8x\x02L\xdfu\xef\xf2\x9e\xcb\x07#\xd8\x9c\x0d\
\xe1\xf2\xe95\xb8\xf4\xe2\x13\xf0\xd2K\x0f\xc3=+s\
\xf0\x91\xbb6\xc3?]\xbf\x15\xae\xbb{\x1e\xd6\xaai\
\xc2\xad YD\x84\x0f\xdaGT\xeaZ\xde;e\xea\
p\x11m\x1e\x10\xcf\xa9W\xd7\xb0|\xf3\x87`q\xff\
\xf5p\xe6\x95?\x0d\xbd}\x0f\x13\xafG\x0d9\xa5P\
\xb2\xb9[s\xe7c!\x951FXI\xe0g\xa2%\
\xc0\xbb\x84R\xbb\xd7\xf3_\x8d7\xc2E\xd6q\xa3u\
\xc7ckl\x8c\xa9z\xdaN\xef\xdc\xe1u\xb0\xcf\x9e\
 \xe2\xad\x9a4\xd6\xcdf1c,\x02\x9f\xdd\xbf!\
<\xbb\x0aB\xea\xfajN\xc2D\xc8\xb7\xb6\xd02\x92\
\xb9}\xa7\xc2d\xf8|\xaf\xf0(\x8dk\xc2%{\xb6\
e\xea\x00\x98\xcf\x02ES\xb1\xf9e\xce\x84K\x12\x91\
\x08\xaeh\xa8\xfb\x9d\xb1%\xec\x1a\xc4-\xf5yR9\
V\xfc\x00\x07\x06\x87\x08\x9cV\xdb\x99\xd0\x5c\xc9\xcc\xc7\
\xa3@9\x08Uc\xae\x18\xd7\xba\x88\xa4\xd7,\x8d\x85\
\xc0\x09'r\xcdiF\xbdzf!!\x8a.H0\
\x8aDu\x7f(GkJO\xa9\xe7z\xadQ\xee\xd7\
\x80\xbd\x0d\x08\xab.\x0e\xc0\x05/\xfb|\xd1\x00\xa3\xc0\
\x88\x10m\x81(\x93\xac\x09\xbf\xc3\xac\x01^aS\xcc\
\xfc\xb5\x22\x80\x05\x85\x85\xec\xf5\xdd\xf3rWhi\xca\
x\xe0Z\xf5P\xd7\x9c\xe6\xdf%ZG\x99\x0d\x81\x9a\
\xa2f\xb4\xa6.\x12\xfbI\xdd\xfd\xc8\x95(5\xc5C\
\xb9\xc4{\xb5kMu\x0c]+\x11\xf8\x08\xe9z\x83\
\xb7\xaf\xc0O*()\xdd\x90gj\x9dv\x05\x88\xea\
\xb2TX\x01.\x1c3\x07o\xd1\xf79\xc2\xe2\x02T\
\xbd\x1e\x05\xf4\xd5\xa7\xee\x82;?\xfcz\xc8O|\x13\
\xfa4\x88\xbe'\xfc\xf4:\xecX\x01JJ\x0bdW\
\x1b\x9a\xc1\x8b\xaaD\x8f:\xcc\xd6K\xf0\x84\xbdG\xe1\
\x15\x8fZ\x84'\x9dq\x1c\xb6\xf4W \xc3\x82>\xa3\
\x1c\xa5\x11\xd6\xe8\xb3>3\xfe\xe4b\xf9\xb8\x07^'\
\x15\xe0d\xfcn\xb5\xe4w\x05\xfa2\xd2TPjY\
\xcd\xb2N\xd3\x13BL\xcc\xab\xa05\xc8\xeauxP\
o\x00\xe7_p\x12^|\xe9\x01\xf8\xd6\xca&\xf8\x97\
\xaf\xcc\xc0\xdf\x7fe'\x1c\x5c\xdc\xcc\xe3E\x98c\x0a\
\x9e\xe4\xc2i\xc1\xf9#\x17G<\x0b\x80\xde\xf2A\xd8\
\xff\xa1\xdf\x86\xcd\x0f\xfd~\xd8\xf9\xe8\x17\xc1\xa8\x9e\x81\
\xba\xc0\xb5\xe2 W\xcf4\xd3\xfb\xc5}\x1d\xf1\xb64\
\xf4xXv\xd9\x8fB;\x19\x8f\x131~\x10\xda\x9f\
\x00h9C`\xea\xd9\x13t\x19\xd0\x80D v\xe3\
\xbc\xb4\xd3\xe2\x8d>\xb3\x0e\x89~\x94\xa5e\x83\x86\x8b\
\xc8\x02\xab\xd9`\xc2\x0b[\xdf]\xb4\xde\x04\xb4'\x88\
\x80\x91\x10\x97r\x11w5k\xd9\x197O[\x19\xd7\
\xd2\xbd\xa4\x0b e*\xf0x\xdf\xca\x94\xbc\x8c\x12z\
\xc7\xda\x07b\xfb\xedzyj\x22e\x93\xa5\x9b\xae\xd7\
\x83\x8c\xef\xbb\xeb\x19\xfc\xbb2xs\xaf\x9b\xa7\xf6k\
\xf2\xe1\x95\x98&\x82hR\xad\xe1\xda\x88\x99E\xc7=\
\x8d\xb1\xe7\xd6K\xeb\x91\xeaHH\x91\xe0??b\x0f\
\xed\x1a\xfa\xfc\xc2\xe7t\xb5\xe0\xa0i\xcf\xb1F\xd99\
~\xa3\xf9F}\xe9\x1a\x92\x04kL\xf3\xd6g\x16\xfa\
\xa8\xedA\xe1t\x16Z\x03-\x92a5\xbe\x969\xf8\
\x0b\xbc\x94\xdf2\x03yg\x1c\x04\x15\xf6\xd1,\x84\x15\
\x9c\x0b\xb1\x92\x84\xdd\x09\x98\x8f\xd3\xbc,\xe8S$\xe8\
:k\x99\xafR\xa9\x829U\x82\x0cre\xd2\x8d\xc6\
\xee\xb4B\x9d\xb6\xa4\xb1Fw&\x85Ub^\xb8\xf6\
\xcc\xccQ\xbb\xed\xe7\x15,}\xfb\xdf`\xff\xa7\xdf\x08\
S\xd5q\x8a<\xd7\x12\xafn](\xfe \x12$\xd8\
\x16\x04E\x85\xbe\xf0\x0a\x16zK\xf0\xdc\xcb\x8e\xc3\x8f\
\x5cv\x02\x1e\xb1\xfd\x14\xf4\xca\x15\xc8\xcb\x8a\x0a\xfa\xa9\
\xb5\x01j\xf4\xcd\xe3\xaf#I\xabSmUc\x1ad\
\x87\x07\x02ox\x1eu\x1c\x1cY\xce\xbf\xd1\xf7\xceI\
[{\xa4;z\xa6\x98\xdee\x9b\xb1\xe5\xb0\x86J\xaa\
k:+\x0e]_\xc1\xecJ\x0d\x8f\xca\x0f\xc0\xc3\x1e\
7\x05?\xf7\xd8e\xf8\xd4ms\xf0\xc6\xebv\xc0\x17\
\xeeX\x80A\xbe\x990\x01P\x16\xd0TRo\x05\x0a\
\xde\x94\x04=b\xb8a\x09K\xdf\xf8\x17X9t\x0b\
\x9c\xfd\x94WC9\xbb\x9b\xe2\x12\x10\xa2Td\xd4`\
\x9e\xf6}\x09\xfau\x10o3\x8eAx\xc1\x8f\xdd/\
-Wu\xf6\xd1\x98\x8b %:,z\xab\xf8He\
\xd4\xfb\xe1\xa2o\x09^k9\xe3&\x0e\xac\x8b\x97\x8c\
\xa3\xdf`\x11\x05\xd1E#\xe5\xcf\xe3\xe7*\xbd\xf3\x9f\
\xc89\x8e\x14TJ\x15\xb5V\xee\x16\xc5\xack\xac\xcd\
\xb0\x806ww\xd3\x15\x91\xea\x93_Z\xa8\x0c(\x0f\
N\x06\x01\x8677\xbal\xdd8\xed\xdf\x84\x83\x0e~\
\x8f\xc0WP\x22V\xbf\xb7?\xd7>ZSK\x1f\xc6\
\xb9\x8e\xb1D\xd7\x94\xac\xda\xa2h\x9b!\x7fz\xbf\x89\
o1\xc1p\xa1Y<v\x9b(CvK\x977\xc7\
\x99\x1a7\xfe\xce)`\xe18b\xd6\xee\xae\x0fx\x8b\
\x91J\x13\xd8\x0d\xc1\x9c\xed\x1f2)/\xbd\xb3D\xaf\
f'[\xc2\xd2\xce\x91~'\x0a\x9es\x89\x5cB\xe3\
\xf3W\xea\xf39o\xda?\x98\xe6\xd8\xb1C\x5c\xdf\xaa\
\x05\x9b\xaar\xde\xc9\x16E\x05'\x81\x05C\x8c\x84\xb0\
\x7f\xaf\xc1\xc4\xe7\x86\xdfG(h\xa5ZSP\xd6\xa5\
Wk\x89Z\x01\x9a\xef\xa3\x9d\x16\xab\x0f\x9d\x99\xbb+\
\x99\xdd\xbaZ^\xf3\xe2\xf3\x10\x8e\xb8\xcdJ\xc5B\x0c\
\xbf;j9@?[\x83\x83\x9fy+\x9c\xfa\xe6{\
a:\x1bQ\xdcM\xa1ikt\x0d\x0b&1\xf1s\
\xc2R\x9d\xc1\x5co\x11^\xf6\x98S\xf0\xe3\xdfu\x04\
\xce\x9b9\x02\xd9h@\x98\x159\xe6\xdc\x89\xd9\x94\xca\
\x02S\x8a\x17\xa3\x04\x92@\x10\xac\x88?\x1fd\xfa\xa7\
\xaf\xac\xb0\xc9B\x02\xfd\xeb\x17\xce\x09\xda\xbc\xf2\xdc'\
\x0b\x13\xb9\x8b\xaf\xd1`53r\x1a\x13\x9556\xe6\
e\x1f\xf0\x8b\xe6\xf6>\xf4\xd6\x01ve\x8b\xf0\xdc\xb3\
O\xc13\xce_\x84\xcf\x1eX\x80\xd7\x7fv\x17|\xe2\
\xd6\xedPb\xe5@|_\x84\xc6\x16\x06Y\xa9P\xc0\
qMC\xa8`\x1a\x0a\x14x\x0e\xdf\x00\xb7\xff\xcb\xaf\
\xc3YO\xf9y\xe8\xed\xb9\x9ck_&2\x86\x1c\xad\
r&\xe7\x10PH\xd3\xc8:\xd3\xb8\xdb\xaa\xee\xb8\x15\
L+Qm{\xc8\xd3%\xd9\xe3\xf4\xae\xd4\x89\xd5b\
\x96\x1f\xd3R\xcc\xcb\x7f\xe6}\xf3\xc1u-\x0c:\xf5\
\xf8x>m\xcc\xb2v\x9f\xfbt\xe2\x90^\xa7\xb9\x9b\
\xb3z*\x18R\x03.=\x02^ji\x22\xb2\xb6*\
\x8cv\x8c)>\xdd\xf6\x1d\xbbh\xf4\x09\xf1\x5c)\x06\
\x80'\x96\xd2\x9eUK\x8a=\xd54\xad\xa0\x0a\x86~\
\xd3\xbe\x03,\x01J2b\xac\x1dO\xc16>J6\
H\xab\x10\x13\x9e\xde\x8bVD\xa7m\x05\xbe\xd7\x94&\
\xdc&q1\xc3S\xff\xbf67c\xb1'*s\xe6\
y\xf3\xf5\xbc%\xd8\xba\x10\xac\x9b\xcb\xadm\x1e e\
\xf0m\xa6\x1b\x96\x1e\xc5'\x8e\x0a\x9ac(\x82\xf8\xe4\
4?\xd9R\xe6o\x8f\x05\xed\xcf!\xf7\x1f\xe2f\xeb\
\xda\xba\xb5w3V_\xb9\x07e\xe2X\x84\xd2dX\
xbL\xd9\x0eNA\xe4MN\xbf\x93IU\xf6\x94\
\xdb\x18\xe2K\xb3{\xc5Y\x02<\x22\x1a\x07\xa0\xf1\x97\
,\xa9\xaa[Ar\xa3E`\xc3\xcf\xf1i\xf4W\xb0\
\x84\xde\xff\xcf`:\x94\xc8e4l_Y\xc3g\x7f\
\xc4\xa9H\xe2\xe3\xd4\xba\x03\xb6w\x81\xb6\xd6\xb5\xf0k\
\xac8\xf7\x9c'\xeea\xa7S\x02i\xb4'4(L\
\xf6X\xa1Zr0'\xbd3\xac\xf4\xc5{,\xbd\xdf\
\x1aZ\x83\xc3\x86\x17FL\xa8~\x00\xd9\xfaa\xb8\xe3\
\xda?\x86\xd1\xd1/\x11\x80\x15\xcd\x06}\xf9\xeeZ~\
\x1f\xfe\xb8\x17\x94G\x8f\xa6~\xfc}\xa68\x01/\xbc\
|\x19~\xfa\xd1'\xe0\xfc\x85\x03P\x0c\xd7 \xa7@\
>\xb1P\x09\xb4\x07\x8b^^\xb8\xe6\xe2\x1c\xbco\xfc\
\xfbQ\xed\x92\xd7_\xf7\xb3\xbe\x17\x1b'\xa2\xefNG\
\xa5\xe7\x11\xd3\x93\xa571\xd1\xf2\xber\xa6j:\xec\
\xba3\xa5\x96\x03\xc9C\xdc9\xf9\xe5\xe5\xe5iA*\
&=\x19\xcc\x0d\x97\xe0);\x96\xe0\x09\xdf\xbf\x0e\x9f\
\xbao\x15\xfe\xdb'v\xc0\xe7\xf7\xcfRn}\xdd\x93\
\xaa\x81\x22\xb0\x92\x98\xa3u/(ir\xe4,.\xbd\
\xc1\x11\xb8\xfb\x83\xaf\x85m\x8fx)l\xbb\xf4\x99\xe4\
2\xe1\xf3\x16f|\x10\xbe\x01\x09\xbf\x9c\x96\xa9\x98\x18\
\xf8\x14\x1d\xa3m)K\x16\xb9XT\xb8Dk\x87\x08\
`<#\xbd>\xce8\xb1V,O\xdf\xe4)&V\
I\xe8\x8b\xcc+\x8eL\xf0\x22\x17\x0aS\x1c\xd3\xa1V\
\xbf\xf1\x8c\xd8\x8e+>oM!\x85yH7\xa3M\
Z]\xb3\x98gY\xa4B\xa5\xff\xe1\xf9\xf2g\x1a\xcf\
\x09\x0bfm\xf5\x8a\xb4v\x03'7i\xc0\xbb\xe2!\
\x84)\x9a.\xe3Mx\x80\xc2\xfcvZ\xcb\x99(5\
\xe6\xc8\xeb\x81\xb8\x0d\xf4Wz\x0d\xb0Zg,\xd9\x18\
kF\xc4PC\xc4\xa6@b\xed\x944\x9b-|i\
z\x14\x1dG\xe0CO\x87\x17\x99\x12\x03_$'\x9f\
HY\xec2A\x85\xe6\xfa&\xfa\x94\xb6**\x9a\xe2\
\x85\x0bn\xa1H\xa4D$^\xc7h\xb38\xb7\xbeq\
^D\xf2\x8a\xcb\xef\x97\xc0\x14\xb6\x90H\x94jc\x7f\
\xc5\x83o\xcb}\x8f\x0fp\x9b$\x9c\xca\x07\xd6k\x9a\
\xf9\xb8vn\xd6T\xe7,NrP\x03\x1dV\x04\x96\
\xa4D\xabn\x18\xf1\xab\x09\xf74P\x9f*\x0c\xf9\x02\
<vV,\x10\x88N\x89\xda\xab\x06\x91\xbaju\x1a\
\xa0\xc97\xab@\x97l\xaec\xde\x7f,\x8c0\xd2\x9d\
M2a\xde\xafA:\x12\xbch\x81\x8b\xc8\x92\xa5I\
{\x86H\x91\xd0\xd1D\x9c\xb4\xef)\xf9\x8e\x12\xfe\xdb\
I|\x86\x0cZ#\xd7\x91\xa2\x96C]\xe4P\x1e\xf9\
:\xdc\xfd\xa1?\x86\xde\xfa\x9db\x0aT\xa4;\xbb\x08\
\x1e\xf5\x92\x18)j\x0de\x01E>\x82'\x9dw\x0f\
\xfc\xc6U\x8bp\xd9\xce\x03\xd0\x1f\xae\x00\xac\xdbwm\
\xb1\x13\xe4\xbf\x04\xb4%i\x84\xb4\xadU\xfb\xf6g\x99\
\x84k\xf1\xb5Z\xcd\xdf*1\xa1[\x80\xbf'\xde\x22\
\xb9X\x9e\x08z\x9d?X\x1d'\xf4\x93x\xc8\x02\x80\
\xeeWQ6\xd4\xac\x1b`\xba\x8b\x19~\xba:\x09O\
\xdd\xb3\x08\x8f\xfe\xe1#\xf0/\xb7l\x87\xd7\xfd\xdbn\
\xb8wi\x8e\x81\xd1\xd4mGn\x11\xaexh\xd7\x13\
\xbfFZ\xd7\xaf\xd6\xe0\xe4uo\x82\xe1\x89\xdba\xcf\
\x95?\x01#\x98\xc7DFv\x8b\x88+\xc2\x0a;\xea\
\xd2\xb0\x1ax'ch\x04\xae\xaa\x12`+lv\xd1\
\xec\xf8\x84\x85\x0b\xc8c4\x05\x9eZ.U\x9a\xe0\x94\
\x82\x0e\x1a\xddm\xaa\xef\xb6\x16\x8csw\xa6Z6\x96\
.z\xe1\x9a'\xc9q\x00\xe6\xe1\x09\x1c\x81vp\x22\
\xef&\xe6\x8d\x90\x9aOH\x0b\xd2s\x0b\xad!-i\
\xd2(&\xba\xe0\xe7v\xebG\x90\x05\x10\x0f4\xfc<\
b\x98\x8d\xf5\x96]\x10\x0b\x03\xd9\xf8\x97\xd6 \xc6\xce\
\xad\xd7\xbd!\xe2\xc6g6\x8d\x9a\x16^\x03\xc9\xcc\x81\
\xe0\x22\xd5\xfc\xa3q\xd3QJ\x98f\xbbMY\xe6o\
S\xbf9mY\xf2&S\xfb%\x0b\x03\x0aK\xea\x97\
\x95\x04'Ju\xd2\xb9z\xe9:6!\x07\xeb.\xcc\
\x84\x03]t\x99\x84y\x89d\x9f\x96\xba\xf5P\xb4\xe4\
\xa9\x9b+\x1bV\x1fA2db\x1a\x0a&\xee \xa5\
\xd6\x8c\x7f3\xcc(\xfc\xcc\xad\x9b!\x8a:\x9d\x86V\
\xe4\x84\xd8\x16\xa9XL\x99\xac#\xe3\xfb\xc2(m\xd1\
 I\x0b\x95\xa8uCDi\xb5\xd4=\xe4\xdc\x15\xca\
H,\xbe\xbe0/\x17\xe3\xca\xa08\x81\x0b\xcbX\x0f\
\x1c\xc0\x8e\xb1\xf4\x04\xeb\x19\x11\xfa$C`S\x92\x1f\
\x00\xa5\x0f\x02,\xdd\xf5)\xb8\xef\xa3\x7f\x0aS\xf5q\
\x8a\xdeGR\x80Q\xfb\x9ea{\x06\xc0Q\xd7\x0c\x18\
\x94\xd7%\xec\x9b?\x0a\xbf\xf1\xddG\xe1\xb9\x17\xdf\x07\
3\xd5*\xe5\xea\x13z\x1b\x9a\xd4q!\x94\xa1+\xf9\
\xb1~ \x09\x1c\xe3-%\x965\xd9\xeb\x14\x1b\xa8\x0c\
\x9e\x17@\x84\x81v\xe1W\xebN\xd0'\xaae\xc6M\
\xfb\xb0ke\xde7\xed\x22y\x7f,\xa8\xf39\x93!\
\x88\xd6\xa6\x05p4\xf5\xb9\x84m\xd5Ix\xc9\x83N\
\xc2w\x9f\xbb\x0c\x7f\xf9\xd9m\xf0\xa6/o\x83\xb5j\
\x86,fU\xa1Q\x19\x10\xe5*\xe5\x14+QeS\
P\x14\x15\xac\xdf\xf2op\xe7\xd2a8\xef\xa9\xbf\x02\
\x83\xfeBT\xdd\xd3+Y\xbc\xff$XY4pD\
p\xd4j\x98\xf1\xbbwg/\xe0gq\xe4TL\xc5\
T\xb5\xb1\xe7J\x8bU\x19S\xbc\x0aG\x08l\xe4\x22\
\xf3}\x9eFh\x11M3\xe6\x98!u\x99\xea\xed\xdc\
R\xbc\xa9\xed\xda\x8d\xb6z\x8c\x89\xddZ\xc6S\xf7\x06\
E\x90Zx\x97\xbaAS\xce\xc0\x940\x93\xe6\xc5m\
MO\x82F\xf9\x87}\xa4\x1a\x03\x86*\x1c\xa1\xeex\
\xba\x89kt\xb7\xf3`\xcd\xa5\xd4\x80\x10\xcf \xd1*\
\xa1?q\xa3CA\x84\x92!s=\xa1s\xbd\x9ap\
\xaf\xf1\xbe\x13\x1e\x7f\x0apH\xbf\xe39\xf9\xb9\x85\x92\
\xadJ\xfa\xb1\x1cGcKHp\x93F\xb9X\xcd\x9f\
\xfe&\x9e\x1b\x95C\x8d\xae\xd7\x03\xc4*\xaa\xb7\x99\xdb\
Q\xe8z7\x5c\x08c\xa5j\x8e\x83Hm$O\x12\
-c\x8d\xdbd\xf9\xcaJh\xe5\x89\xa1\x19<\x15\x93\
\x90\x85?.#\xc3\xc9A\xdeD\xef\x0bvH\x81\x1a\
\xb3G(eS\x90q)\xdbZ\xca7\xe7\x01\x19\xe6\
\xab]5\xcd\xd4,\xc9\x14oV\x06\x91\xe1\x02-\x8c\
\xab\x1c\xfau\x15\xf3'\xfd#\x1a\x81\xcdb\xa0\xa0A\
\xb4BH\xee:\x81\x115\xd1\xcdb\x82f\xfbO\xbe\
\xb3h\xbf\xa7\x84x\xfaWq\xa2\xf1\xdf\x1c`\xaa\xc8\
\xe0\xe4\xb7?\x0a\x07?\xf2\x870]\x1fg\xc6\x8bg\
1+e\xad\xc23B\xeb%\xef\xb2\xa8\xd7\xe1\xfb/\
:\x0c\xef\xf9\x91\xbb\xe0\x87\x1e|;L\x0f\x97 \x1b\
a\x16\x00\xa7\x84R\xb0\x1f2\x19\x12XDp\x22P\
=\xff\xf9\xa8\xae\x88\xd1\xd3\x0f\xdaG\xa2\xfd\xac\xfb%\
\xf8\xdb\xcf\xaa\xb9n\x89s\x14_\x83?\xce\xaeAc\
\xab\xe9|\xd3\x8f\xb8\x19\xf0\x9d\x97\x98\xa2's@O\
\x021>\x14lp\xecz\x1e\xe9\xdd\xa3\x15\x83\xee\xa4\
\x18\x87\xf3\xe0\x08\xfc\xceSn\x85\xbf\xfb\xf1\xbb\xe1a\
\xbb\x8f\xf1\xfe\x0bA\xdb\x8c\xe0QC\x89 j2\x1f\
B[<\xf8u\xb8\xf3\x03\xbf\x05\xfd\xf5\xa3\x11\xc34\
\xfeu\xebZ2Y;\xe1\xba\xb4\x09\xb5\xfa&\xd3\xeb\
\x14\xee7e\x22\xfc\xe6\xad\xe6\xee\xaeq\x02\xae\xeb!\
\x18\xc6$\x9a|\xd75I\xba\x9bR(\x12\xedt\x99\
?7\x0d\x9a\xb4}\xab\xa5\xce\xa7U2\x1d\x92\xf5\xe1\
\x0dn>\x1b\xdfXAi?\xd31\x8d\xb7B\x80\xa5\
\x87\xd1\xdd\xa6$c\xc7uD\x07<}\xcd\xd9G\xe1\
\x09?3}\xbb\xe0\x11a1kc\x07E\xdfQf\
\x0c#\x04\xeaO\xe3\xf9\x01~?\xabG\xd6\x8a\x11k\
\x8fak\xea\x02*\x88\xc4\x9fS(\x97\xd1\x92\xf0\xd0\
\xd0+\x8b\x8d\x0dF\x82u\x7f\xa3/V\xe6\xa5\xe3\xb5\
?\xfe\x80\x8c\xdfl\xcc\xc3E\x83\x8b\xfcW~l:\
\x16\xef\x07\x12c\xa80Q\xf1cJ\x80X\x0a\x89*\
%09i\x9d{\x0f\xb1\x0f\x9cd\xa2\xa8r\xfa\xbd\
\x90{w\x9f\x9d\xb9\x0f\xaeSFK+\xed,%\x98\
\x9b\x8e(\xf2Z\xaa\x98M\xf0\xdc\xb50!\xd7\xa7\x9f\
3\xfd\xab\xd1\xa9\xa8y\x05\x06$\xd1\xca\xcc^\xd4\xb3\
F\x81i\x81vYE\xfbN}\x9d\x8a\xa0\x87\xeb\xa7\
\x95\xf0\x02h'7G\xd2s\x03\x8d\x5c\xf6\x8dc\xe8\
\xba\xb6\xf2#El8HNP\xd0\x1a\xa62\xad\xe8\
(B\x91\x5c\x1f\xc1\xf0\xb9\x22R\xf6L)\xa3\xb0\x9f\
5\xb4\x11\x96.\xc5\x01b\x1f-\xcf%S7\xdf\x7f\
\xec\x1b\xff\x0aG?\xf9'\x84\xf0\xc7ik\x86\xa8\xca\
\xfd\x9a\xd6\xe4\x04\xf1\x1a`Wq\x08^\xff\xf4\xbb\xe1\
O\x9fv\x13\x9c3s\x1f\xe4\x83\x92\x03@\xcb\x0c\xaa\
RM \x22\x0eI\xd8:\x0d\x0d\x19(\xe1\x03\x88\xdb\
\x8d\xfe\xe69\xf9h\x7f\xc3`\xe8\x80\xca\xdei\xb2|\
]e\xaeG\x1fkR\x1d>`^\xa7\xf8\xec\xb1\xf5\
\x11\x85\x12}>\xd6\x0e(u\x9c\xf4Sqf(b\
\x11U*\xd8\x88s\x8b\xd0\xd5\x90\x80\x95\xd0\x1f\x0c\xe1\
\xbb7\xed\x87\x7fz\xd1\x1d\xf0\x0bW\xdd\x06S\xd9\x0a\
\xe7\xec\xd3\x1a\x17\x14\xc2\xc7.\x0a^sDP\xe5\xf5\
\xe2s\x91\x9d\xb8\x05n\xfd\xc0\xef\xc2\xd4\xeaA\x03\xc8\
$\xe34\x022+!\xb8w\x18\x90\xc9\x97$\x97\xf3\
\xa1>\xe7\x04u\xe2\x18\x12\xb3w,\xe4t\xc3]\x80\
\x82\xa7\x0a\xbf\x1cw\xc3\x97x\xe6\xaf\xc5\x9b\x14\xad0\
\xa6m\xeaN\xe1sR\x06>q\xfe#\x0c\xf0k0\
E\xfa\xbe)\xf4\xc5-\xe4\x15*\xa0U\x8d\x1f\xb7g\
H`\xe5\xb5\x0f\x19\xa5\xba\xa8l\xf3\xbb\x90i\x95\xd2\
\x1c\xc1\xcd\xa0^pOH\x1cU4\x05\xa6U\x12\xbf\
\xe2\x96\xb8n\xc7\xed0L\x93\xbf\xf7\xf1W\xa9\xf97\
\x840u!S\x1cJ\xe5\xdd\xa3\xba\x87\xacu\x98\xf8\
\x9b\x0c<d\xcd\x1d\x9a\x89\xfcY\xb5\xbd\x10\xe5P1\
\xa7jkD\xf0\x951vI\xb0)\xf3HS\x92\xa5\
\xcf\xa5\xaf\x94\xc4d\xd9\xa4\x95z9\xeaX\xccvc\
\xf3+\xbb4\xe5\x96;\x9cVl{\x11\xc1\x007\x84\
Jej\xbb\xa1\x0c!6oR`d\x08G\xe0\xd7\
`\x027It,%\xb6\xbf\xc54g\x5c\x1c\xd9\x18\
\xf0\x0e\x02\xa3!3.\x1e\x0ae\xfc\x12DW\xf7\xb8\
2\x95\x83\x81U\x8dN\x0e\xb5j\xc9.eK\xd2\x1d\
'\x9cL\xd3Wf\xa2\xae\xe3\x1b\xa8\xf0\x0aj\xb8\xde\
\x8a\xe0\xe7a\xfe\xa2\xbe\x14\xa1O\xfe5\xd6\x00\x87r\
\x17\xf4\x9e\xb0\xc64\x06,\x16\x00b\xd2HL\x9b\xb8\
\x13\xa1[\xc3\xfex\xc2\x1a\x9b%\xdb\x88\xa4\x17\xf6\xb8\
\xd8\x0f\x99\xee\x8b\x0cN|\xeb\x03p\xecs\x7f\x0d}\
\x84\xdbs\xe7\xde\xe9\x97\xdc\x9d\x105t\x07\xe4u\x01\
\xfd\xaa\x86\xc7\x9fq\x0c\xde\xfb\xe2\x03\xf0C\x17\xdc\x02\
\xd3\xe52\x14\xa5\xb8%\x88\xab\x09\x81#\x930\xfe]\
\x086?\xd6\x0bQ\x8b\x1f\x0bFlU\xf3\xc2\x13\xcf\
)\x01\xac$\xdfY\xad]g)Isn\x0d\xedz\
0A\x13\x81\xcf\x10m\xfd\x8c\x0c\xdc\xfa\xae\xac6[\
\xb3\xfb\xa1\x943\xc7\xf1$\x0c\xacE\xc2\x00}/\x82\
\x0cY\x07\x9a&N%w\xdb\xea%\xf8\xcf\x8f\xbd\x07\
\xde\xfa#w\xc3\xbeM\x87\xc5\x1a\x82kI\xa0\xc1\xee\
z7z\x82\xfb\xc6Z\x01S0\xbdx\x07\xdc\xfa\x81\
\xdf\x81\xde\xea\xbd\xae\xc0\x975\xe3\xc6\x9a\xb0\x8aJ\xe1\
v\xb3A\xa2i+f\xd6B\x93\xfc\xf5aP\x99\x9e\
\x0b'nY\x99;k\xa1m\x89\xf3`]\xbd\xa9\xbd\
\xdc\x85\xd6i\x85\xde\xaeg\xa8\xe0\xe2\x82\x87\xddJ\x1b\
\x06-\xd6\xb0:\xb3\x02\x83\xa7!j\x09\xe0\x8b\x0a\x83\
\x1d\xe1\xcf\xa4\xa6\x0fc\xd0(\x03\x96\xb1\xd0\xd1V\x1b\
 5\xde\xae\xbf\xbd\x12\xe2\x85S\xab\xd06\x17H\x9e\
A\xb55\xf8\x87\x15\x92&\xdf\xb4}u\xa2BX\xdf\
G\xdc\x89\xbd&\xee\xb4\xbbE\x93\x8eR\xa3\xd2\xcfH\
Y\x1d\xd2\xa6\x22\x95O\xb9\x1f\xc6[\xb3\xd8p\xa9\xb1\
\xebC<QMm\xd4\xa6\x902y3\x84\xc2\xf6k\
\x98Y8\x97\xf8\x19\x1cU\xac\xe3\xb4\xd9\x09\xf4\x9aY\
\x1c\xef4\x7f5\x08\x9f\x91~\x83\xfb(\x02\x15\x0b\xac\
\x08\xc2WC\x9e\xcb\x12f@>`l\xec\xf0\xf5\xe1\
8\x12\xdf3U\xef\xe4PP\x16Ewl\x19\xbbU\
\xeet\x0cf>\x969\x87\x874Z}\xba\xb7\xc5l\
\x96\xdcs\x89=H\x87\xc9dS$\xacN* ;\
M-0\xfa\xb0\xf9_\x97\x9fXR\xb0\xf1\x85\x88\x90\
\x1b\xc1k\xb9\xb1\x1c\x8d\x1aB\xca\xd7\xcb\xcf\xd2\x0c\x0e\
%\xd6\x98\x0d\x91S\xbe\xf9\xe2-\x1f\x81\x13\x9f\xfd+\
\xc8\xb35\x1a\x1fU\xfb\xcb\xfc\xfbv\x03\xa7j\x82\xbc\
\xe3z\xf5\x12\xbc\xfc\xb1\xf7\xc1\xdb\x9f\xb7\x1f.\x9c\xbd\
\x07r\x14H%E\x8f\xf8\x9f \xea\xe1\xbaT\x88l\
We0\xc4\x0a~\x18\xf3^1\xd3DB\x84\x8c_\
\x83\xfb\xec\xfaZm\x8b\xf7gp\xd0\xfd;Wk\x88\
X\xe4\xf4\x9c\x8b8%V\x07#8(\x1d0\xfb[\
\x85\x1c\xc7DE\xb0\xe0\xd7\x18\x0a\x85j\x88\xc0\xe5$\
\x03\x80\x1c\x1br\x11\x88E\x03\x7f\xe7\xbf\xf5b\xdd\x93\
\x15L\x0d\x86\xf0\xb4\x9d\xfb\xe1\xff\xfc\xe8\xddp\xf5\xd9\
\x07aDA\xa9R\x0c)\x22!J\x86\x8b\xac\x84Q\
\xd1\x83\xde\xca\xbdp\xc7\x07^\x0b\xbd\xb5cP\xe7\x98\
\x1d\xd0\x14R9\xb5\xd0@8'\x9a\x9e\xc16\x9a\xed\
\x95\xa56\xe6l\x18\x8e\x1d\xb2\x8bc\x09\x01{\x92c\
\xa0\xfd\xa2\xfb+\xa4\xc0\xc1\xbe%\xf7JS\xf9\x94_\
\x1a\xe3\x8e-\xcf\xe3\x04\x05{\xce=\x9f\xe2\x9a*!\
}g\xc1\x95\xf9\xae\xec?+(\x19\x0d\xccY,\xf5\
~Q\xe0\x1a.\xe8\x84 `\xe7\xd7\xe0}\xb5\x22`\
r\x96Mh\xfaO\x04\x01\xbbN\xd4*\x93\x16\x16\xdb\
Z>\xa9/\xc6-l$9L\xf2B\xa2O\xcc\xe7\
\xa9\xebU\xe3\xf1\xdb.\x16@\xfc\xdf0V\xba\x8d\xc7\
\x1f\xfb\xf8\x9d\x8ee\xe6\x95Z2?\xae\xf6\xa6\xbe\xa2\
P\xfa\xf4s\x0e\x7f\x8b\xef\xb3\xff\x1a\xa9\x5c,$\xde\
J\xe2&\xcb\xffD\x84\xb5\xc9\x1c\xe4\x07\x83\xb8\xc4\x1c\
\xcf~,\x0f\xe9\x12\xbf\xbfp\xbdS2\xa2\xf6\x89\xfb\
\x1e\xcb\x1acZ\xd8:\xcc\xc0*\xec\x98Z\x85\xdd3\
\xf8\xef\x00\xe6\xf1\x80\x95#\xaf\x11\x1a\x89\xdc\xef\x1b\xaf\
\x0d\xdb\x0dn\x99}\xaa\xb9C!\xbef\xfeQ\xed\xdd\
\xfc(\xa0\x10t\x0b\xaaMF\x9a\xde?c\x89^\xc3\
D\xe7H\xac\xa4L\xf9\xbc\xf5`9\xf5Wr>3\
\xe7\xa1\xd50.:?\xc6\x98\x91J\x1e\xba}U.\
\xcf?\x83\xc1=\x9f\x87\xa3\x9f|\x03\x14\xf9P\xd6\x03\
S\xf90EH\xcc\xcf\xc6'\xc8YE9l\x81E\
\xf8\xc3g\x1f\x82\xdf~\xfc\x9d\xb0\x15\x0e\xb0\x09\x9c0\
\xf9qx\x88\xff\x00\xe4\xe7V\x86\xc8?\x82\xa0\xa8\x16\
\x01\x17\xcd\x1f\xbfK\xef_\xe6w\xceZ\x9b\xdfo\xea\
\xce\xe09\xa8\x06\xef~\x17W\x191\x7fu\xd3\xa9\xfb\
A\xd7\x08\xe7%\xc2rL\x98\xc3\xfd\xe1S\xda\x94\xb6\
YaB\xadrh\x0dp\xf4B\x84\x15\xd2\xb2\xdc\xfc\
E\x80\xa3\x7f\x010\xeb\xef\xc1\xf9)\xf8\xeb\x17\xdc\x0e\
/\x7f\xec~\x80z\xc4\xa8\x83\x91@\xa7\xa8\x13\xb5\x04\
\x07b\x90i\xb1\xbc\x1f\xee\xbc\xf6wafx\xd2\xac\
\x91\xeeec\x09\x94\xa0N'\x93\x07{0\xcc\x88\xb0\
kO\xe7?\xf6\xbdF\xcd\x9e\x01\xa5\xd5\x94Q\xa3\x94\
9vE\xa6\xce\x94)3m\x07h\x99p\xf2\x02\xfb\
\x1e;\x18\x99\xa5\x9b]J\xaa\x9d\xb7^\xd3\x1co\xe6\
\xaesj\x0d\xf5\xa5\xee\x04\xbe\x86\xf7_\xce\xe9\xce\x0a\
\xced\xfa\xa2dh\x1d\xba\xb08K;\xe8\x0c\x89\x89\
^\xd7?\xd6MRk\xc9\xcb%\x82R Ty\x1a\
\xcd\xf6Uu\xbfM`5\xd0,\x80\xb6z\xec:\xa5\
` $\xa5p\xfa\x0eW\xb8\x0aMN~\xe1d\x11\
\x1a\x12\x91\x96\xd5\x0c\xcd\x7f1i\xb3w4\xfbO\x9b\
\xfe\xf1_\xf5\xa3j\xe3\xc0&O\x88\xc9\x93m|`\
j\x16\x14\x92\x14{Q]\xbf\xbe\xaa`\x9bP\xe2\xd3\
\x16\x15\x0b\x5cS\xc8Tqf\xbf\xaa'2<:\xdc\
\x10L\x88,]\xe7\xcd\x22\x8c[\x81T$\x22<n\
~\x8d\xd9\xea\xe1\xb1\x1b\xd8\xe7\xedS\xd7\xb0\xe3Rr\
\xf8\xbd\x0f\xdcI\x8b\xb4a\x138\x0dF\xbb&\xfcs\
\x81|\xae\xca!\x5c~\xc6\x10\x9e\xff\xb8Yx\xc4\x05\
\x0bp\xc6\x96\x1eL\x93\xd2R\xc2\xa0\xcc\xe1\xd8r\x05\
_\xbb}\x00\xef\xf9\xe2\x00>w\xfb\x10\x06\xf5\x9c\xcc\
\xc1\xd7\xb0\xe7\x02\x22\x9e\x91\xc5\x84\xd7\xd1\x81\x16\xbe\x9b\
\xe5\xa5D\xe0K\x08[\x10\x13\xc0\x91\x80\xba\xd7\xf8\xe0\
s-\x00\xba\x0a\xb5i\xd5\xcc\xf49\xa2A\xf2\x1e\xf1\
G\x8b\x01\xaa4\x95\xcd\x95\x87\x93\x90)+\xcc\x8ae\
D\x0bc)\xa8\x8f\x8bU\x91X\x8a\xc0\xfeo\x9d+\
\x86(H\x80\xaa\x13\x00P#\x10\xb3\xb3\xb5@\xa8\xa0\
'\xafO@vd\x1f\x1d\xff6\x1c\xfc\xd8\xeb\xa1\x0f\
+2V\xb6\xbaP\x9a+\xd1\xb1\x0cz\xe4\xe6\xa6\xac\
s\xc8K\x80}\xf3\x07\xe1\xcf^p\x1c\xae\xdcy/\
\xfb\xfa\x85\xda3\x06<\x9e`\xd4\x9cX\xf1ew\xa6\
O-Sf\xe1N\xa1|\xce\xd7\x85t\x81R\xf7\x08\
s\x80-\x11A,\x0c\xedw<\x1b\xa6\xca\xa7\xb8{\
\x18\xa1\xd0H\x15\x82\xfb\xef\xaafJ\xea'\xf5A\xee\
\x1f\x1e\x08k\xce\x86A\xaa&\x9d\xd8W\xbc7\x05\x94\
Ig$s\xd5\xf1\xab5\xc4\x02G1\x8e\x80\x8c\xb3\
\xae`\xeb\xfa\x08~\xf7q\xb7\xc2\xe5;*\xf8\x8dk\
\xf7\xc0\xfap\x16 C\x04D\xbe&\xf4|\xf3\x9a\x8c\
\xb2\x1c\x8a\x13\xb7\xc2m\x1f\xf9\x1fp\xde\xd3\x7f\x0d\x06\
\x94\x22\x88K\x84B\x04_\xc9o\x98\xc0\x9b%\xceC\
\xb4Z\xc1\xe5w\x11\x1c\xa2\xb1[\x84:\xc5?\xf15\
G\xec\xabR+\x97V\xe6\xf4\xe7\x89\xea\xa4\x18!4\
\x04W\xf2\xaa\x13\xbf\x1aN\x81e\x1ak\x94\x15\x920\
\xe5\xa9\xee_\xc1*\xd0R\xccn94\xe3\xa8%\xc3\
!\xf1YS\xfb7\xee\x8c\xe8E\xe7.Z\x1e\x057\
^Ow\xe2\x1d\xdc\xbdfZHoD\xb7p_r\
\x0f~o\xe9\x05Z7\xa6%h\x91\xdc\x13j\xf9\xb2\
1Y\xfe~&Z\xec\xb64j\x89y\xaei\x06M\
\x951'\xa2\xaf[\x8a\x1c\xf1Z\xc5\xd5\x00[\xb4_\
\x9d@,\x95\xc5\xcc?\x96\xac\xe2\xcf\xd8\xc4\xe1\x0f\x8b\
%\x9c,U\xda\x14\x92\xa6\x86\x1f\xf7\xbb\xd1f\xe7\xa1\
&\xaf8\xd0(-\x1dzf\x9e\x1a\x8b\xdc\x19\xdc\x9f\
\xf2\xe7\x84\xbd\x06\xeaZ\x98\x9af\xccR\xf4L\x89\xfa\
U\x81\xdf\x0a<~\xf5<A\xf1\xe3\xe1\x02\x22~\xac\
\xe9ui\x93\x0e\xbd&a\xd0\xd8\x982\xc0\xc2\xcc2\
\xfc\xd23g\xe0Y\x8f\xd8\x04\xf3\xbd\xcaU\xa6\xe3\x9e\
\x0a\x98\xce\x006o\xc9\xe1\x9c\x87O\xc1\xd3\x1f>\x03\
_\xbfg\x08o\xfd\xc82|\xfc&\x80a\xdd\xa7\xc8\
s$\x90DP\x1c>\x80\x8cQ\xb8W\xf0.\x12\xc0\
J<F\x8f`\xe8M\xf3|\x83\x9d\x96\xf7\xed\x19S\
\xb0\xfd\x9e/r\xd6\x17\xff,\x9fe\xc0\xd7\xe1\x98U\
\xb4\xf7\xc1}\xf1\xbaY\xa1L/\xe772Y\xa4\xb0\
\xeb'\xfa,6#j`\x96j\xb9B\xeaY\xb6\x1f\
\xdc\x07\xf7|\xf8\x7f@\x7f\xb4(\xe3\x15r\xad\xc1\x81\
\xf8\xa6\xaa\x0cF\xc8\xf5I\xab\xcf\xe0\xc1\xbb\x8f\xc0[\
\x9es\x18\x1e2\x7f\x00`\xa8\x18\x07\xbe\xe4.=\x0b\
5\x7f\x05\xc4j\xc1\xffH#4\xea\x1eU\xadH>\
\x8b\xfap\xc47p\xd1\xe1\x7f\x14\x8aV\xb7\xba\x02\xaa\
xH^\xb5\x89:\xb0 G\xd0\x95\xe9k\xf6\x92\xe9\
\xda\xcab.\xf9&D\x1b\xf5\xb4,\x9a\x91\x04\x18\xeb\
q\xc6\xc0HN\x17\x95\xe2]\x15\xc0\xfc\xfa\x1a\xbc\xf8\
\xa2[`\xe7\x0e\x80\x9f\xf9\xfb\x1d\xb0\xb4>G\xc4:\
\xcbF\x12\x99\xe2FI\xe3d\x00\xa0\x1e\xe4\x07\xbe\x02\
\x07?\xf5W\xb0\xeb\x89?\x07C\x02_B!7\xa1\
5\xbb\xc5\xf6\x81\xc2n22\xc1\xf0\x8c\xfb\xf7\xd0\xd6\
\x98\x89'\xf6\xb6\xdc\xcft\xc9\x9bK\xa8G\x12\x18X\
\xf8\x0a\xcc\xde6\x1d7b\x8e\xe9g\x87\xcaUC\x89\
L\x08\x04\xad<\xc1\xca\x89\x12\x08\xac\x8aF\x1dX\xd2\
\xfc\xe9d\xe1Nn\xd7\xc3[E\xcfTzdi5\
\xae\xbfI\xf3N\x8e\xd5\x93\xb3V\x0bJD\x9a\xc6Z\
\x1d\xc3\xe9\x86|&\x85\x80k\x1by\x93\x03\xa2\x92\xea\
4\xe1\x9fN\x19\xc4S\xe6\x86\xb6\xdf\xd5\x1c\x9ab\xbe\
]\xcc?~\xde$&\xd9\x86\x89\xdd\xceY\x18\xac\xee\
\xe5\xa6\xf6+\xd2|\xd2<\x1e2\x0a\xf5)i\xc4l\
,\x0c\xd8\x0d\xe7\xa32\x9b\xe3\x15\xeb\x9d[\xe0\xc0E\
o\xcc\x99\xe4\xeb\x8c\x18\xd5F\xdb$\x9b\x8b\xc7\xc4\xbb\
\x12\xcd\x94{\xb7.\xc1\x1b\x7fj\x13\xbc\xf013\xb0\
\xb9\x8fV\x17&b\x1ca\xcfU\xd18:\x9a\x99\xf3\
\x0cd\xf0\xc8\xb3\xa7\xe0\xf7_\xba\x05\xfe\xfc\x15\xf3\xf0\
\xb8\x0b\x870U\xafI^9\x9b\xbc\x9d\xf9\xd4\xc0\xdb\
\xc6BT0&\x97\xf5\xc2\x19\x07j\xc1j5\xf1\x8b\
\x095\xdc\xef\xe6\x1d\x92\xd2\xe4u %\x09~\xfeB\
kQ\x10t\x01\x99\xf1\xb9\xf0/\x8d\xc7a\xc7\xccy\
\xd3\xd6\xd4\x9c\x5ckG\x1c4\xb2\xb89\x7fkJd\
\x18f;Q\x5c\xcb)\xc8\xf3\x93p\xdf\x07\xff\x00\x8a\
\xe5{98S}\xb0\x12\x1f\xa03$\x1d\xa3\x9a\xa2\
\x87>|\xdf\x01\xf8\x87\xe7\xdf\x07\x17\xcf\xef\x07(G\
d\xe6\xac\x11\xf1O\x04\x11\xb6\x96\x99\xa8\xfe\xf0\xc1c\
`;\xf4\x99q4\x8e\x07\x19\xb6\x19!|\x08\xa4\x14\
0U\xbdT\x1b\xdd\x90\xcb\x10\x13\x00\xd3\x88\x10\xf6\xf0\
_\xfa=\x1b9\xf4>\x1e\xa1\x8e\xb2\x99w\xed\x9e\x11\
\xfdx\xdc\x1e\xbf7\xda}\xcd:\xef\x9a2!\x08\x84\
\x90b(\x0c\x03A?I^A\x7f\xbd\x82gm\xfb\
6\xbc\xfd\x85\x07`\xeb\xf4\x12k\x8a\xd6\xa4\xaf^{\
\xba\x11\x11\xdaJ\xca\xf3_\xbe\xf5\xc3p\xe2\xfa\x7f\x86\
\x1eVD\xccs\xc8#\xb3z<\xbe\xd6\xf1*\xbd\x11\
\x80\x18C^\xcc\xd3\xe39\x86\xf3\x95\xd9\x1a\x0cA\x8f\
\xd0\x19\xb8\x04\xcc\xe1Q7\x90\x1b\x83\xbc\x1dGS\xf4\
]\x18\x93x0\x07\xb9\xc9\xd2\xdd\xd4\xfcZ}\xde\x96\
vz3Usq\xa0M\xb1\x0c\xcb\xdds\x97\xfez\
\x1b\xdd_'\xd3\x04}\xbf\x81\x15&1~]\x87\x8d\
(\x09\xcd\xa6)\x89\xd1\x9cS\xcfb\x1e\xd2\xcei\xc7\
i\xc6\xf5i3\x16\xbf\x08\xccx\xc7C\x1e\xc6\x03\x8f\
\x9f\x95\xfa\xb1\xf7\xa5\xe6\xd5f6\xb2>\xc2@\x84L\
\xa0\xd8\x8dc\xa0i-(|\x96\x9fG4N\xb3_\
Sso\xae\x84?@\xa9+\xb2\x0d\xac\xa9m\x8e\xff\
\xd59l\x99\x19\xc2\x1f\xff\xf8\x16\xb8|/\x82\xd62\
Ag\x82'\xf1\x05\x89\xf4B\xd4\x84Pw\x99\xc92\
x\xec\x83\xfa\xf0\xa7?\xb1\x0d\xfe\xec'\xe6\xe0Qg\
.A\xbf^\x17\x22\xef\xdf\x1b\xfb[%\xd7\xbe\x12\x9d\
68h-X\x08\xd1\xdc\x83wj\xb5\x96\xc4\xdc\xbd\
\x1bD\xd2\x85\xc8M`#\x84\xb51\xccp\x18\xaf\xd6\
}\xc8T\xebtR\xe6$\xfb\xc6\xfa\xa9;\xdf\x8f-\
\x8c\xc5\x8c\xa7\xd7_\x87C\x1f\x7f\x03\x99\xff\xd9L\x8c\
\x82\x15\xc2K{\xd8l5\xb5\x90\xb0Z\x8d\xe0\x91g\
\xde\x07oy\xf6\x018\xbb\x7f\x18\xf2\x11~_\xc8:\
p@(\x0b\x03a\x80\x9c\xd3\xe0#A\xc0\xacL\xe7\
\x1c\xdd5$Q)\x03`\xd3'2x\x12>\x90\xa9\
S\xec\x01\xfe]\xc1\xa8\xce(\xc0\x90~\xf0wv\xb7\
\x93 \xc3h\x81\xa5\xbc;\x16\x02\xe8w\x12\xda\xc2j\
\x06\xf6\xf9\x8a \xa8\xd6\x83X\x98sW\xc6{\xcea\
BH\xfc\x04\xc5\x05h\x99`5\x1dKP-\xc2/\
\x0f\x01\xae\xdau'\xbc\xe1G\x0f\xc2\x5c\xb1\x08\xd9\x08\
q\x06|\xa9jZ=\xc7\x9cy\xdf\x17y\x0eG\xbe\
\xf2\xb7P\xee\xff\x82\x94*7\x19C\x81\x02\xe1\xd7]\
\xad\x9b~\x8f\x1af\x1a\xcf\xde@\x8e\xb0@\xad \xdb\
-\xcd\xee{\xd7\xa7\xc4\x17\x09\xfa#\xed\x8f@\xf1\x89\
\x87\xe0\x05P]\xd7\xf6=\xae\xfd\x8f\xb7\x18\xb4~\xdf\
\x90\x09,\x0d\xaf\xed\x95\xcd\xfex2|\x9fK\xbb\x0d\
\x95@\xbd\xd3\x22T\xba\x19Z~a\xd6cr\x9d\xbe\
\xbbY>\xa4\xeb\xa8d\xc6\x06\xd0\xb6\xf1\xf1\x1e\xfa\xa0\
}\x19\x17=\x22\x1e\x8a\xc7>\x88M#\xea[\xca\x92\
 \xb1\xe8\x03\xb3\xbe\x88&\x88\xac~\x12I\xdb\x91\x09\
$5\xe8\xb6\x8db'\xc5\xbd\x8b9:`\xd2~\xbc\
q?\xaaq\xaa/\xca\x8dD\xcc\x80nc\x90\xb8\x1b\
\xe5m&P\x90\x03\xe1\xc3\x98\x84h\x9d\x85\xc8\xa8\xf4\
\xaf\x12&\xcfC\xb4F\x0e\x93\x10f*9\xf5uB\
KB\xe6\xa4\x04$\xd7\xa8\x5c\x1c\x9fzv\x9a1\x16\
\x9e&\xc8{\xac\xbak4\xd0\xfb&\xad\x11\x83\xb4\xd6\
\xe1\xd7\x7f\xa0\x0f\x97\xedb\x04i?\x16\xed\xdbrW\
\xff\xaf\x83=\xa1\xe8s\x80\xd9\x0c\xe0\xaa\x8b\xe6\xe0Q\
\x17\xcc\xc1\xa7\xbf\xb9\x0c\x7f\xf1\xc1\xa3p\xe3\x81>\x0c\
aV\xf6\x0fj;#\x11\x1e\x98\xe8\xa9'\x83\x87\xeb\
c\x1cx\x8e\x12\xb9!\xa6P\xcf\xcc}\x9e\xad\xc3\xb8\
\x93\xfci\x8fhh\x85\x00\xf5\xfbj.5\xef\xa6\xf8\
\xb0:l{\xb7\x06\xd6\x0a\xa3c\x13\x1f\xb1\xf8\xff\x99\
(\x18\xe6a\x97*x\x80\xf7A\xba\x0b%~\x81\x89\
\xb3\xee\x19MU\xe2\xe72N\x04P\xba\xdf\xc9\x1b\xfe\
\x19\xd6\xee\xf84\xf4\x14\xc6\x9a\x84\x00}?\x9a\x91\x81\
\xd6\xaa\x1c\xf2j\x08\x8f\xd8{\x04\xfe\xe6\xd9\xf7\xc2\x99\
\xbdc\x14\xf2\xae\x01`\xaa\x99j\xde\xbb\x9a\xfcY\xf3\
Q\xb7VG\x01\x93\xc0t%\xae\x09LSB\xc5Q\
*\xcb\x89\x87\x09r\xc1\xbc\xc7/\xb1\xac0\xa3\x01f\
0\xac\xa7`-\x9f\x85\xf5z\x06\x8e\x8f\x16\xe0\xe8`\
\x01N\x0d\xb7\xc0R\xdd\x87\x11F\xc9C\x0dSY\x05\
s\xd5\x10\xb6N\xad\xc3\xae\xfc8l\xeb/\xc2\xf4\xf4\
2LW\xeb\x000$tB\xdc\x83\x0at\xc4\xef\xc1\
\xd7\x5c\xe0\x02PJ5\xd5\x92\xe4\x06N\xf7(\x8d\xb4\
q\x0a\xb6\xe9\xf5n\x07H\x80\xab\xdbK\x92&V\xac\
\xf7\xe0\xa9\xf3\xf7\xc0_\xbd\xa0\x86\x97\xbd\x0b`P\xce\
\x0b\xf2\xb7GDd\x81\xd8\xe3n\xf4a\x00w|\xec\
\xcf\xe1\xfc\xe7\x9c\x05\xf9\xc2\x19\x0e\xe8\x0a\xc5\x1e\x05\x00\
U[\x02\xed/*\xdeTH\xdd\x0a\x8fL\x99:\xe3\
,\xb8\xab\x0f\xd9(!F\x83\x0f\x99\x18\xf7E\xab\xa2\
\x01\xad\xb4~\xb27\xe9\xb5+\xbd\x15!H\xb3\x96D\
\xc0\xf6\xa6M\xa6\xb7\x8cF\xea\x81\xcf\xb8\x13\x1f\x1b\xd4\
\x16\xac\xe8x\x92\x11\xb4\x9b\xac\xd5\xe2\x97\xa8E\xc2\xef\
\xcfZ^\x9e\x17\x0ax\x8f8\xe1\x80\xf6\x98\x06NJ\
\xa1)\xa7\x88\xe8{\xf2K\x86b[.\xebB\xf1\x18\
\xb9\x08\xd1\xfa\x5c.x\x11\xcck#&\xfeF\x93\x8d\
\xe8\xe8C\xa4,\xc6(\xbb\xb1\xc0\xd0c\xbf\xa1\x04f\
\x8di\xcc$\xc5t \x9f\xc5\xaf&\x05\xfe\x13\x8d\xd8\
\xfc\xeb%\xa2I|\xfav\x03\xb7\xb9\x16B\xbf\x8cm\
r\xf8\xf5e\x1b\xb3\x8e\xf3\xf5\x19x\xda$3tE\
E\xda\x91\xa8\xe2\x16\x0b.N\xd8p\x0cI\xc0c\xdc\
\xae\xb0\xfd\x86B\x8a\x88M\xd2\xaf\x07\xfcP3\x5c:\
\x93b\xcc\xba\xcak\xf0\xf3\x0b\x9f\x8f\xbez\x8eF\x1f\
\xc0S.\x1b\xc15\x97,\xd0F\xcb\x1bEk6\xd2\
X\xe8\x99-\x00\x9ez\xd9,\x5cy\xc99\xf0\xd1\xaf\
\x9d\x84?}\xcf\x11\xb8\xeb\xc4,UY+\xf1\xd0\xa0\
o\x9a\xcc\xd7\xe2\x13v\xd6\x10&\xc9vv\xee\xc0\xc6\
V\x1a\xb7\xf6|u\xcc\xb0\x5c\xc1\x17'\xa4\xc4\xb1\x01\
\xae\x9cI<\x03\x1f\x87F\xff1\x05Z\xe4y\x0e\xd2\
V\x0b\xf0\x05\x8cE;\xf2\xe0K:\x8e\xf0,4\x8b\
\x15\xb9q\xd2/\x98C\xce\x00FH\xc8\x87\x87\xbe\x05\
'\xbe\xf2\x0e\xe8E\xd1-\xbe\xca]\x0d\xbd2\x87\xf5\
\x02\x91\xfbj\xb8h\xfbq\xf8\xab\xef\xbf\x07\xce,\x8e\
\xb3\x0d\xdb\x09\xab\x02\x0aF\xea\xa17\x19\xab\xb9W\xb5\
\x9d\xf8\xbc\xa7\xc8\x88\xae?+\xc4\xa2\x89\xd3:\x0b\x90\
\x0e\x15\xa8\x01\x18\xe65\xacg=89\xda\x097\xad\
\x9e\x0f\xdfX\xdd\x07\xb7\xac\x9d\x07\xdf\x1c\x9e\x05\x87\xcb\
\x05\x18\x8cfa%+`\x80fvr\xa9\xa0\xaf\x9c\
\x1f\xdaG\xf7T5\x80\xa9|\x08\x0b\xfdU\xd81}\
\x0a\xce\x81c\xf0]\x0bw\xc3\xc5\xb3w\xc1%s\xf7\
\xc2\x9e\x99\x83\xd0\xcfV \xab\x87\xd0G\x9b\xbd+\xfd\
\xca\xc2&\xc6@\x90\xed N\xe34\xb4\xa7U\xe0\xd7\
=&A\xb286b\x04\x81\xf6\x83\xf7c _\x05\
O;c?\xfc\xe1\x0f\xd4\xf0\x8b\x7f\xbf\x87\x82\xfc|\
\xa6Cs\x9f\xe1l\xfb\xa3Cp\xd7\x87\xff\x08.x\
\xf6\x7f\x86:\x9fs\xf1**\xd6\xa5\xaa\x85\xc4-E\
\xb3\x1a\x9fDA\x91M\xbal\xadZQ\x80\x99V\xc0\
l\x08G\x86>\xa7\x83CZi\x15\xd3\xa5\xf4|\xf8\
\xac\xda\xfebkT\xdc\x97\xf96\xd0\xea\xc1X=t\
\x1cMa\x82\xdfs\xd7\x1ak`\xa8\xa1\xc5\x1c\xe1\x1a\
\x8c\xc1ixt\xcbx>\x92\xb2rz\xe1G/R\
K\x89(\xbe\x86W\xb7\xf1+\xfc\x5cT\xc5\xc9\x99\xaf\
\xb3~\xb5\xe4\x98\x06\x03O\xf7d\xfe\xdd\x98\xb7cR\
\x7fu\xd6z\x8f\xdd(i\xd3SS\xaa\xf4\xef\xca\x95\
\x22\xb5\xccv\x02&\x986\xc3\x84}\xeb\xefd\xaa\x8d\
s\xee\xa37\xc4\x82\xb2\xf8`U\xe3u\x1d\xd9\xcd\x9b\
\xc66\xb0sp\xfcN\x8b\xb7\xa8\xbb_\x22\x9c\xd1\xec\
8B\xdfc5\x82\x97?y\x1e\x0a\xa9\x9f\xce\xbd7\
\xed;\x935\x8dT\xe6\xf1\xcf\xe5\x15<\xeb\x11\x9b\xe1\
\xc9\x97n\x86\xf7]w\x02\xde\xf8\xe1\x93\xb0\xff\xe44\
\x94\xd5\x0c\xfbP\x85\x83*\xa1\xe5\xf7\xa0Z\x9bQ(\
\xe8;\x8eP\xf7\x87#\xd4\x0eb\x06oV\xc4\x5c\xab\
\x91\xfaM\x1f\xbc\xdd_\x06\xd0\xd5\xaf\xbc\xab\xfe\xa5\xf9\
\xda\xd2\xb7\xa2\x06\x1a;\x09\xaf\xb5\x12La\xa8Q\xba\
'g\xcdx\x02\xe5\xdf'\xffSA\x8fJ\xf7\xa2\x10\
0S\x9e\x80\xdb?\xfe\xa7P\x94C\xd2\x1b)\x22]\
\x1d\xafN#@\x5c\x00\xace_\xc0\xde\xe9\xa3\xf0\x97\
\xcf=\x0cg\xcd\x1c\x86|\xc0Y\x01F4u\xb6[\
r\x86\xb8\xfd*\xe3h9\x8a\xd6\x9a\xe2\xf7\x9f\xa9 \
G3\x1a\x89\xdb\x08\x03\x10{p*\xdb\x067\x9d:\
\x07>\xb5t)\x5c\xb7r!|{t\x1e\x1c\xaaw\
\x90\x99\x1f\xea\x19\xc8\xd1\x15@\xcc\x9e\xca\x0cBV\xa1\
\x15\x87]\x04lW`-\xb6\xac\xfb\xb0V\xe5\xb0\x5c\
fph-\x87\xafg#x\xff\xd2cI\xf3\x9f\xab\
V\xe1\xbcM\x07\xe1\x11\xb37\xc23\xb6}\x03\x1e1\
\x7f3l\xed\x1f\x87~=\xa0@H\xb2\xcf D\xaf\
\x1c\x00>\x8bFkv{,\xd8r~\xde\xf6{)\
\xf9A\x7f\x8b\x85\x0d\xdd/\xb4\xfey\x06E\x89U\x0b\
\x87\xf0\xc2}\xf7\xc2\xda\xd3{\xf0\xcb\x1fD2<\xe3\
\x02}\xad2\x80\xb6\x9b\x91\xa4\xb3\xd6'\xbe\x05\xf7~\
\xe1\x9d\xb0\xe7\x09\xaf\x80\x0a\xc1\x98(;E\xdf\x96Z\
\x00\xcb\xd0\x22\x1a\xd1\xa7\xa6\xc0\x86B\x18\xe7\x9b\xf3\xb5\
!\x98\x8d}\xaf\x9e\xee\xc9.\xd1\x80?\x11\xbe\x95\x8e\
\x04\x1b\x14\xe9E\xd4\xdf$\xca^x]Z\x19\x93\x89\
\x8f\x19k{\xdful\xda\x0f\xaf\xe09\xc9\xdc<\xb0\
\x94Z\x82\x1c#\xb4ZH\xe39V\xb1\xf2\xd3\xf6\xd0\
\xf9^AiW:C^\x14\xd1\x81\xb6\xb9\x09\xed\xe1\
\x8a\x9c\xedk\x81\xb6Ve\xe7I\x09\xd4.P*\x10\
\xa2\xad\xc5\xf2S\xc3\x94\xe4i\xd2\xfdn\x0d\xed\xb5u\
\x03\x18\xa6\xe7\xbe\xf6L\x8c\x17.J\x13\x9cP\xe3\x1f\
w\x8d2\xe9\x00Y\xce\x1c(K(\xe5\x13c\xae\xf7\
\xda\x9f\xd7<=\x83\x0f\x9f\xdb\x92\xae\x98\x1a\x8f\xfb\xdd\
\x08\xa4A\xb5B6F\x22\x5c\xf9\x85g\x8c\xe0\xf2\xb3\
\xa6\x19\xd1\x8c\xd2\xcc\xd0\xf3\x1a$\x91l\xa8I\xc6\xaa\
\x118\x006MW\xf0CO\xd8\x0c\xd7<f\x1b\xfc\
\xeb\x17N\xc2\x1b?|\x02\xeeY\x9a\x85Q\xd6\x8b`\
C5E\xcc\x17\x8dQ\x93c\x9a<\x9b\xe7\x0a1o\
\x1e\xa0X\x03\x8f\x0a\x82\xc88-\xb2\x03\x89\x09\x86`\
\x07@E\x0dS\x98\xcf%\x86\x86\x08l\x85\xb5\xf8>\
WF2\x1c\xb3\xe3\xcf\xecs\xed\xf7+8\xf0\xb1\xb7\
B\xb6t\x10 G\xfd_M\xb3>W\x9c\xe9\x0dF\
\xfb\xa3\xd0u\x12\xfe\xe4\xf9\x07\xe1\x92M\xf7@>*\
\xa0$S\xa5X<dMU\x91\x88\xe1\xb3\x93\x8d\x9e\
a\x99\xbf\x0d\xb4\x13\x86\x88q\x1dy\x0dC\xe8\xc3\xa8\
\x9a\x82[\xab\x8b\xe0\xfd\xf7>\x1c>\xbc\xf2\x08\xb8m\
t\x0e\xacW3P\xa1\xfb\x07\xd7\xc4-\x17V\x1a\xe2\
\xe0\xdaBL\xcd\xe4\xf5wB`\x15\x98h)\x86C\
\xde3\xa2PR\xf1\xa6\xac\x80\x95|\x1a\xbe\xb5\xb8\x1d\
\xbe\xbet\x11\xfc\xdd\xc1k`\xfb\xecax\xc2\xfcM\
\xf0\xdc\xdd_\x81'n\xbe\x01\xe6\xf2\xa3\xd0\x1b\xa1`\
\x84x\xe6\x08j\xe4\xde\xaa?\xbb\xf2\xfe\xdb\x94\x96\x98\
P[k\x81u\xa1V\x05g\x5c\xf4\x07%\xfc\xe8\xa5\
\xf7\xc0=k\x19\xfc\xd1\xc7\xce&b\xe3\x85\x00\xb6;\
\xa1\x05\x0e\xa3\xff\xd1\xec\xdf\xcb\x00N\xddt-l9\
\xf710\xbd\xef\xbbH\xf8k\xb8$#\xc6\x16\x08\xae\
\x12\x05o\xc7\xaak\xe5\xef\xf5<\xad1\x1f\x03\xda\xa6\
g\xc4\xed\xd1\x0d4g\xc9r&\xfft5\xd90\xbd\
6\x9c\xa3\x9f\xa7\x15JxF\xb1\xd2g\x058;\x9f\
\xb42\x97~\x9eOO\xf2\xe2?[\x8f\xdbg\xcf\xc6\
 s&Z\x82\xf3,\xa3O\x09\x01\xe1\x07j1\xb6\
\x965\xaehI\xa9\xce\x0e\x88\x8d3xRqe\xf6\
}\xf7xK(1N\xd7T\xb6\x8b\xe56\x94\xf8\x9e\
Yc\xb1\xcd\xc2\x8bzV\x14\x9a-b\x1d\xaa;\x86\
=-\xa9YS\x94.2\x0b3\x08\xf2\xc3\x91\x00q\
\xafz\x18\x1a\x91\x0b\xb2Qx\xfc:v]\xdeI\xf6\
w\xcaL\x13\x7f\xae\xd6*'\xa9k\xe1\x18YOz\
\x22\xfa\x8d\x0c\xaaS\x90RB\xda\xa0A\x05LZE\
\x22\x820~\xe8\x92A\x84D\x14\x03\xdc\x84\xf9\x19\xb7\
\x02\xee\x90G]<\x03}!\xf2\xdc\xe7\xe93\xff`\
\x5c\x0e\xb5\x0d\xff\xc08\x83\x1a\xb6L\x01\xbc\xf0\xcaM\
\xf0\xbd\x8f\xdc\x04\xff\xfa\xe5S\xf0W\x1f^\x82\xfb\x96\
\xa6a\x98\xf5\xa4\x1a\xba\x00\x93\xd2\xabA\x86\xcd=r\
\xb8\x82\x07xq\xf9\xc5\xc1\xfa+\x83o8\xaf\xfcZ\
\xc8\x08\xf9P\xf9\xfd\xc6\xd2??\xdd\xef9u-\xd1\
\x13\xdc\xaeQ\x08du\x1eD\xaeU\x1d\x91hd~\
/\xc7V)\x17?\xe04\x7f\xb5|\xb0fNx\x0c\
E\x06\xabw}\x06\x96o\xff$\xf4D\xf5d\xc6\xaf\
\x9c_S\x00qo#\x91X\x85\xdf{\xd6!x\xf2\
\x9e\xfd\xd0\x1bj|\x82\x5cc\xfc\xfd<r\xc1l\x90\
\x1a\xe5\xf60h\xf1%}\x8f\xfc\x8f\x17f\x9c\x90\x0a\
#\xa8\x8a\x0a\xca*\x87u\xd8\x04_^\xbb\x08\xde\xb6\
\xff{\xe03+\x8f\x80\x93\xe5f\xa8K\xf6\x15\xf3J\
bJ\xa9\x10\xb3\xc05\xa9\xeb\xaa\xb1=\xfc\xb7\xf7\xdd\
j\xec\x85\xe6C\xb3\xa0*Nh\x02-\xa2\xbe\xb1v\
A6\x05\x87\xd6\xcf\x86w\xaf\x9f\x05\xffr\xe4\x09p\
\xfe\xc2\xbd\xf0\x82\x9d\x9f\x82\x1f\xdd\xf1Y\xd83}/\
\xf4G\x15\x14\x18\xb4\x87#\x97s\x81i\xae5\x06&\
J&\x89\xbeY\xcfH\xf9_z;L\xf0$(\x91\
\xd7\x84\xc6D^F\x8e1Q\xb7k\x7f\x1d\xe0\xffz\
\xf8a8xo\x0f\xde\xf1\xed3\x9c\x85\xca1XZ\
\x17\xc1\x16\xc8\xf0\xd4\x0d\xe0\x9eO\xff\x0d\x5c\xf8\xbc\xd7\
BU\xcc\xc9\xbb\xd6\x12\xd3\x9c\xde\xa9L]\xe3e\x9c\
\x86.t\xd1\xee\xc4\x90~\xc8\xdeNB\x01\xdb\xc6\xe7\
\x803w\x98v\x90\xfb\xb4a]hq\x09\xdb\x98\x84\
\xc8\x8f\xce\xfbM\x9eobx\x1a]$5\xf6D\x13\
\x03bC\xbeP\xac\x82L\xfbg\xd1N\xcbB\xf3\xe3\
U\xe9\x90w!\x16\x12\xa5\x05zfXh3\xe7T\
}\xfeZ\xd2\xd9)W\xb8;\xb4\xbcx\xb8\xfem.\
\xed\xb8q\x0c\x81\xa8iQ\x8a\x9f\xd25\x1e\xa6\xc0\xbd\
G\xb5f\x5c\xa38\x91$\x15\x0f\xb5\x90X*Q@\
\x15^\x9b\x84\xb6\x12\xbd\x08\x8b\x18\x18K\xa3\xf6\xea.\
A \x5c,oN\xe9\xf2\x0fu7%V\xde\xa7o\
\x05\x09\xff,;/8\xad\x18\x85\x86\x8b!\x91\xe3\xa9\
fek\x11p\x86fS\x91\xd1^\xd7f\x02:\xdd\
5\xb1\xa0 \xce\xa7)\x04\x1e\x85\x93\x8bv\xe3G\x1e\
\xe4\xe8;\xdd\x90\x08m\x9d\xcd\xe0\x87\xaf\xdc\x0c\xcfx\
\xe4f\xf8\xa7\xcf\x1d\x87\xbf\xf9\xc8)8\xb4>\x03P\
O3\xbe\xbc\xc9{f\xa0\x1d\x8f5O\x80P\x09`\
\x0c\x99a\xc7g\x91\xc4\x1c,&\xfb\xc5\xad&\xa4\x1e\
\x0a\x8ea\xd2BCJp[\x88\x8f\x80\xaa\xf0\x03B\
\x80\x9aFIQ\x09V\xd2`\x1e\x8e\xc7p\xc7\x9c\x98\
Po\xb8\x04G>\xfbV\xc8\x09\x9aO\x04\x19N\xf0\
\x15\xe5\x8a\xa1h\xf1\xfd\xf5\xcb\x01\xfc\xf4\x95'\xe1G\
\x1e|\x884^E\xd9\xb7\x1a+a\xf8\xab\x8bI\xf3\
\xff[|\x88do\x12\x92\xa1if*\x82(q\xc5\
\xb1\xae\xc3\x02\xdc\xb0\xf6Px\xcb\x9d\xdf\x03\xd7\xae=\
\x1eV\xea9\xc8Jf\x00T\xaf\xc0U\xcaf\xf7\x80\
\xd9\x08~-\x9c\xca\x10\x17l\xf1\xe3\xe1\xeb\x8cu\x80\
n\x13&#\xe7\x9c,\x1d\xd4\x05\xd6<\x98\x87[\x97\
\x1e\x04\xaf[}0\xbc\xf1\xeeg\xc2\xf3\xf7}\x08^\
\xb9\xef\xb3p\xf6\xf4\x9d\x90\x97%\xc5K`@j\x0d\
}\xc8\xea\xbeaH\x5cX\xc6\xb3\xfe1V\xa7\xe0w\
\xb7B\x14\xf8\x88U\x15\x7f\xfbi\x87\xe0\xeb'\xe7\xe1\
\xfaC\xdb\xa0*F\x8096\xc6\xf4g,)%\xf4\
V\xee\x80\xc3_}7\xec|\xf4K\x04\xa6\xd8\x06\xc5\
zZ\x16*N\xe9\x94R\xfbwC\xd9\x8c*\xd15\
\xa8\xbd2\xb8N\xbf{\x0b\x1dt\x0fca:\xca^\
\xbf\x1f\xa6\xfbx\x8c\xfc\x0c\x0d\x0ag\xc1\xd4\xf4W\xeb\
\xf7\xdd-\xa4\xb9F\x04Dz@\xb2\xb1\x06\x8c\xdb\xbd\
\x1a\x06\xfe\xf0y\xee\xa6\xdf\xa9yv\x8d\xa9}\x8c\xdd\
}\xab\x95\x9b\x14\x95\xac\xc3\x04\xd2\xd0HZ\x99\xa4\x0d\
dj\x99P`\x8a\x92\xabuq:\xac\x00\x8eI\x9a\
\xa0\x86x,\xe91\xa5\x9aE\xacjZ6\xfc\xdf\x8a\
t5\x1e\x028\xa5\xed\xc7R^\xbc\xe1\xad\x10\x92\x9a\
\x87\xd5\x01\xbd\xbd7\xc4\x01\xa04\xa4\xe0}\xe9\x98\x9b\
eR\xbb\x9a\xd2[\xa3+\xcb\x98\xf1\xb9}\xca#\x9f\
'\x1as:\xfe\xfe\xd3k\x19j\xfbd\xbe\xada\xdb\
\x5c\x0d/{\xcafx\xd7\xaf\x9f\x09\xbf\xf8\xbd\x05\xec\
\x9dY\x84\x1c\x86Nj\xf1\x02\x12jh\xfc\xbe\x10\xa3\
=\xb5\x15|\xd0\x9f\xfdL\x85\xde\xae]\xa8\xd7\xa6k\
\x13\x10\x03\x8b\x9e\xa7\xfeb\xbd\x96\x9b\xb5\xe0\xc833\
\x13yO\x1d\xda\xfd\xaeP\xb9\xa6Z\xa2{@\x0e\xfd\
\xbc\x07\xc7\xbf\xfcwP\xae\x1e!\x13\xb96- E\
}\xa3\xcf\x1c\x17cT\xc0\x95\xe7\x1f\x83\xd7<\xf6\x0e\
\xe8\x97'E\x88\x92\xae\x8cNm\xcb8{+\x94@\
\x19\x07k\x16\xcd\x97Y*\xe5\xe3\x13\x87\xcd\x00\x86Y\
\x06\xb7\xd5\xe7\xc2o\xde\xfaR\xf8\xf1\x9b~\x19\xde\xbd\
\xf2TX\x1en\x86j\x84>{\xd4\xc8\xd1\xa7\xefS\
\xf6\xa8\xda\x9f\x94v\xa6\xf5\xa4\xef\x22\xe3\xabX\x17\xec\
\x0f\x15\xcf\x91\xf5c\x8b\x12\xe2S4\xdf\x9b\x7fW5\
\xf4\xea\x1a\xfa%\xba\x16z\xd0\x1b\x15p\xa8\xde\x03o\
\xd8\xff\x83\xf0\xd4\xaf\xfd\x1a\xfc\xfe\x9d\xcf\x87#\xd9^\
\x18\xce\xb0e\x11\x11'!\x1f\xa8<&\xef\x83\x9fc\
jA\xbaurL \xae\xe5@\x10\xb2j5\x00(\
\xcau\x92)\xb6\xc2qx\xfd5\x07`g\xef\x14d\
\xe5\x8c`/\xc5\x01\xa1\xd8Q\x9f\x9ey\xe2\x9b\xef\x85\
\xfa\xd8\x9d\x0c\x81\xac\xb0\xc7j1\x11\x0d\xd4\x09\x99\x86\
\xce8:\xdcB\xdb\xe9o\xa5[\xba\xd7\x8d\xbb\xc0\x17\
\xa7\xf1Z\xb1\xd2\xb7TDW\x1b\xe3Oi\xc1\xd6\x15\
\x9a\xa2]Metc\x0c\x92-\x83\xf1\xf1\xcf;\xfb\
pi\xc1\x9a\x1d\xe4\xde\xa7v\xa2\xd8\x1e1\x9d\xe7s\
\xd36\xc6\xc6\xb5\xe6\xf3.\xe6\x1f\xdf\xd7fI\x08\x04\
\xa5\x04l\xb3\xde\x97\x98}\x93u\x84\xbeP\xd6\x19\x88\
\x5c%\x834\xd2D\xd4\xc9\xa7\x91$\xa9\xe5V\xe9\xb3\
\x16A#\x1c\x87'\x92\x89\xe5\x096\xba%\xa0\xe9r\
@\x9e\xac\x85\xe4-\x9c\xf78\xa9j\xbc\xd0\xd1l\xae\
\xb6w\xdb\x8bv\x81\x22\xea\x97\x0b\x05\x14\xb5\x06h4\
@\xe8\x0f\x9b\xbc\x05w8n\xe0\xb5\x09\xfc\x15\xfd\x8f\
e\xce%A\xbf\xf3\x8d\x09\x80\xc7\x9d\x13s!\x14\xb0\
s>\x83\x9f\xfc\x9e-\xf0\x0f\xbf\xbe\x17~\xe6\xea\x1a\
\xb6\x17\xa7\xa0\x90\x1co\xf2U\xabOL1\xdbM]\
w_\x9f\xa1y\x88\x9a\xef9!\x04H\xaez\xca\xa2\
\xe3\x84\x81\x96\xe5\xd1\x13\xa5\xe9\x83\xear\x09R\x16\x0d\
\xeeDJ\xb2\x0f]IZ\xe6\x17\xa0<\xf6uX\xbe\
\xf5\xe3\xa4\xddk`\xae%\xa2\xe8\x13\xe4*\x0c#\xd8\
1s\x1c\xfe\xe0\xe9GaK\xb6\xc8&[B\xae\xb1\
\xeb\x00P\xa1V.\x1f\xd1\x990D\x84\xc7\xa9\xc7T\
\x10\xe0\xa88\x91g\xbc\x14\x93\x90a\xe0Z\x01\xa7\xb2\
-\xf0\xf6\x03\xd7\xc0K\xae\xffM\xf8\xdb\x13\xcf\x81\xe3\
\xc3]\x90\x95\x98\x9e6\x22\x01\x05#\xf1\x9d\xb3AM\
7\x98\x9e\xa7{]\x81\xc2L^\xb5[\xd3\x08#\xc1\
\x1145\x9a\xd0\xf0,=\xe0k\x14<K\x05A\xac\
eAn\xcc,\x83~Y@Q\xf7\xe1\xc4\xe0L\xf8\
\xfd\xfd/\x86g}\xe9W\xe1\x9f\x8e?\x09\x96gf\
\x90Sc\xb8%\x14R\x9b\x81\xfbb=]+\xf7\xd9\
\xd8\x87\x06\xcd\xb0\x0c\xc2\xd6!a)\x07\xf2\xb2\x07\x17\
-\x1c\x81\xffr\xf5a\xe8U\xcb\xce\xdd\xd7\xa8N\x92\
a\x9c\x02\xda#\x96\xe1\xee\xcf\xbc\x99\x5c\x02J\x07\xd4\
,\x1d\xaf\x0d/\xa1\xc5\xb4\xf7\xe3\xb4\xc2\x8a\x0c\xd3\xe1\
\xd9\xa7\xb6\xb3e~\x9e\xe4\xf8\x1a\x1c\x94^\xaax\xf7\
F\xeb\xeebv\xee\xfdX\xabr\xa2~Cs\xec]\
\x96\x85h\xdc\x11\xa4\xefFZm\xf1\x1fR\xb1\x0aq\
\x1c\xc1iX`\xdb\xfa\xdb\xe8\xb5\xba\xd6m\xeb\xad\xa5\
\x81\x95^5]\xf8\x1dZ\xbcG>Vi?x\xb4\
\xf9$\xc4\x01\x88\xbf\xd5\xdfY\xb90:H\x02h'\
\xde\xc8\x9ack\x831\xf4\x87\xcf\x96\x9f<V#\x8b\
5\xf8x\xc3`\x7fh.f\xc1\xc6\x97uLK\x9a\
xE8k'\xbb\xb6\x8c7\x22[r\xad\xc6!\x98\
~\xb4\x9c\xa4\xa8\x95\xba>\x0e\x96C\xfe\xe3\xe7\xce>\
`\xed/\x14v\xd2o\xb1\xcb\xd2\x10T7\x95\x08m\
z:-x!x\x18\xf7sg'[\x92\xcc\xd8X\
y>\xbe\xb2\xae\x08\x8c\xb2o\xa1\x07\xbfp\xcd6x\
\xd7o\xec\x81W~O\x0d[\xa7\x96\x00\x90\x10\x22,\
\x82\xb0;u\xc52\xae\x96\x08\xa5\x15\xe6MOf\xcd\
\xe1\xcdh\xde\x91hV|\x0d\xf7\xc7\xda_\x13\x17\x82\
\xe2\x0cZ\x88\x96\xc6}\x04\x1c\xc3H\xe9\xce\xcdE\xcc\
\x97\xb3\x1a\xd4\xef\xe8\xea\x90\x8b\x7f\x1f\xcb\xfa\x1e\xfa\xfc\
\xdfA^\xad\xbaBH\x0d\xeaC\xcc\xb9\x22A\xe9w\
\x9ez\x08.\x98\xbf\x07\xb2\xa1\x80\xd7\x98`R\xae\x1c\
(\xc5sd?\xd3njX\x9e\xd8\x08\x8f\xbeC\x9a\
\xbfF\xbc\x930\x80Zr\x0d\x83\xac\x0f_]\xbe\x14\
^q\xe3O\xc2o\xdd\xf72\xb8\xa3<\x13\xeaQ_\
R\xe0\x90a\xe1\xbfh\xeaGfaw\x82\x08.\xce\
\xfa\xa6\x1a\xb6-\xf1+Q\xea\x94\xb6\xc7\xe3\xd3\x02A\
\x1aO\xe1\x5cBt\xb6q|\xca\xa0pgx_9\
\x0b\xd8\x82\xde\x89\xc5\x97P\xd3\xab\xb0(O\x0e\xbd\xaa\
\x077\x0d.\x86\x9f\xb9\xfe\xa7\xe0\xd5\xb7\xbc\x14\xf6\x17\
\xe7\xc2`\xa6\x842g\xf0^\x06\x1bR@\x1e\x83\xac\
&&)u\xa9xL\x15O\xb3\x9c\xbb\xc5eUa\
_#\x98\x1e\x0d\xe1y\x17\x1f\x84\xef{\xf0A\x06Z\
JT\xdcSl\x0c|;\x83#\xd7\xc3\xe2\x1d\xd7\xd1\
VE\xc1\x04\x91\x02\xbd\xe0\x1c\x0a\x0e\x14\xe9\x1f\xc5g\
\xf1XT\x08P\x00%\x0e\x06\x85\xc8\xa2\xe5\x18\x8b\x9c\
\x0b\x16\xccF\xfe\xb4\xd2\x984`\x92\xc1\x8f\x9aN\x83\
\x04\x0drg\x8c\xcd\xd2\x81\x15!!p7\xdc\xc8-\
\xb1WasI\xab\xe1\xa7Y*\x0e\xc8\xb8J4\xd5\
Z\xce\x85\x17\x98\xd8\xd2h\xc1\xc9\x82\xe7:\x96f2\
*\x04\xe8\xaa\xc9\x98\xdb\xe9Q\xa0\xd5\x9b\x02@,x\
%\xe6\xa9uJ\xe8y\xd1W\xc4\x1e4>\xca\xf3I\
\x99\xed\xc6\xa0\x07\x9b\x93\xb0[*\xade\xd7\x1d\x16\x81\
\xb8\xb5\x99\x7f\xc2\x0d\xdd\xce\x8c\xac\xdf\x8a1\xe8B\xed\
9\x18\x87+\xd6c\x8a\xe6t\xb4\xc6\x863\xcf\xb4\x11\
\x96mRX\xaa\xaf\xf0:&\x82\x1a\x8a\xe5\xd9|,\
1\x1b\xa1(a\x96\xb6\xab\x95\x12\xaa\xe2\xd6*\xb4\xc8\
\x8b\xc2\xa0\xa8\xefL\xdb\x98P\xa1\xb6\x01\x0c\xaa:k\
\x13\xc0/>c\x1b\xfc\xcb\xaf\xef\x85W>\x09-\x02\
\x8b\xd0/GP\xa0\xe6O\x98\xfd\x12\x80\x97@\x88\xec\
r\x1f\xb9\xf5\x15\x13l\xec\x1e\xear\x8bE\x1d\x86\xfd\
\x09QQ\x22K\xdajl\x22\xa6\xaa\x8d)\xcb\x9a2\
g\xfe\xaeWW\xb0t\xcb'\xa0>\xfa\x0dU\xbd\x9d\
\xf6\xed\xcb\xd5\xf3\xfe\xc7\xbb\xaey\xf0\x01x\xc1E\x18\
\xf1/ BR\xee4\xdc\xf4>\xf2\x9f\x89I\x9a\x98\
\xfab7L\xd8\xf0]\x10tm\x86\xbe\xfe9\xf8\xfb\
#W\xc2+\xbe\xf93\xf0\xf1SO\x86\xe1h+\xf9\
\xfa\x0b\x84\xeaE&#l\x88\xb5f\x0aat\x8c\x09\
\x19\x0a\xfb\xc5\xd9\xec\xca\xd1\xff\xd8/\xe6\xd3\x17\x00\xbd\
)\xc8\xa7\xb7@>\xb3\x0dz\xf3\xdb\xa1\xbfy\x17\xf4\
7\xed\x82\xfe\xe6\xdd\xf4ooa'\xf4\xe7\xb7@1\
\xb3\x00Y\x7f\x06\xb2\x1e\x0a\x1dl\xba\xc5\xf2\xc7l\x12\
G\x17\x05\x9a\xfdEp\x10a\x9b\xa9\x04[epM\
\xf2\xba\x80>\x81\x12m\x82\x7f\xbc\xfbY\xf0\xec/\xbd\
\x0a>\xb1\xf8\x04(\xfb\xd3\x80P\x89\x1c \x86\xfdq\
\xedy\xa5\xa0\xd6\xadb\xd7U\xd31\xd5|\xce\xeb\xac\
B\x9d\x0a\x9b5L\x0f\xd7\xe0w\x9e\xb1\x0cg\xcd\x1f\
6\xf2\xa7U\x99\xbc\x85\xa3\x9fUp\xe0\x0b\x7f\x0by\
\xbd\x04Y5\xe5\x18\xae\xbar\x09\xa8j\x0c\x92d\xe0\
\x1a\x08\xb2\x94\xe2\xad\xec\xfb\xf6\x09\x9d\x11sv\xbf\xa8\
\xd4\xa8E\xd1:\x00\xdc\xcc\x99\x0a\xa1\xcdu\xb7\xc9\x84\
#\x9a:9\xf3\xe7^\x94\x99\x07\xd7\xd7\xe6\x0a\x01\x01\
K5\xad\x1f\xa0A\x9f\xa95m\xd0z\x13+\xd2V\
\xd4(\xbe\xbfs>b1L\xcd3\xc9g\x12V\xc4\
T\x9b8\x94\x9b\x0fk\xfb$\xda\xfd\xf7\xa1\xff\x8d>\
\xe3\x0e\xd9\xb4\x97\x08@\xc9\xa2\xcd\xe1?\x8d{\x09\xbf\
\xe3\xae\x9a\xcc>\xbe\xb3\x9d`\xfb\xefSfX\x1f\x5c\
\x932\xa55\xad\x01\xf1\xef\xd8(\xf8\xc2\x8c\xda\x99X\
S\xa6\x9b\xa0\xda\x9c\x13\x99Z\xe6\xa6\xc8j\x89\x8aP\
-\x01\x5c\xcdq\xa6\x99\x22K\xfb\xa7\xe3`\xe8nv\
M'\x15\x044\x92\x96\x18\x02`V\x00\xc0\x99\x9b3\
x\xf5s\xb6\xc3\x0b\xae*\xe1\xcd\x1f9\x02\xff\xf2\xb9\
uX\xa9\xb0\xea\xda\x14En\xb3 (6\x05S\x94\
\xa9M\x08h3/\x06\xe3\x90\xe2 \x98\xd7\xad\x96+\
{\xaf\xdd\x99zn\xb8\xcf\xb6U\x8c\x0akI/\xba\
6Z\xc5\xaf\xa2H\xf4\x1eT\xd5)X\xfc\xda\xbb\xe8\
\xf99\xd6\x18\xc8\x10\x0b@|\xfd\xa6\x9f^U\xc1\xee\
\xfeq2-\xcf 2\x9e\x8b\x90\xb7P\xd3\x1a\xef!\
\x8c\xdd\xc1\x05\xf3\x0c\xf8\xa8\xf2\xbb\x22\xc6\xad\xd5\x14)\
\x0f\x1dG>\x84A\x01p\xa2\xd8\x0d\xaf\xbb\xe9\x09\xf0\
\xcec\xcf\x87\xb2\xdeJ\xfej\xc2\xe7w\xd9\x0e\x02e\
%\xcb*1Q\xc6\xaf,\x95\x06\xf3\x02\xb2\xa9Y\x98\
\x9a\x9e\x85:\xefCV`<H\xdf1]\x19\x16\x09\
y\x85\xcb\xcd\xcc\x19\xc9.\xab\xa0/\xc4\x1d\xf7IU\
\x96\x94s_\x0f\x07P\x0eV \x1f\xa2\xe5A\xa7*\
(m\xd6\x18#q5>c\x02K'\xd7p\xcb\xda\
\x05\xf0\xe2\x1b^\x09\xbfy\xc1\xbb\xe1'v\x7f\x08f\
F+\x9c\xb9S\xf7\x82\xf49\xae\x83a\xcf\xb2\x9a\xc6\
5\xb0W\x91\x185kE\xdf\x17\x97s\xce\xea\x1e\x9c\
\x01\x87\xe0\xb7\x9e6\x0b\xaf\xfc\xe7\xcd0\xaa\xa7\x19\xc7\
\xd1\xa1\xeb\x85\xe7>_\xbb\x1b\x8e\x7f\xe3\x13\xb0\xf5\xf2\
\xa7\xbb\xdd6\x99\xacn\xe2\x14\x9c0\xc3\xf3\xb7{\xd9\
*\x11n>\x81KB\xf7\x86 r\xeaZ\xb6\xd0\x13\
\xdb\xe8>|v\xae\x16\x05\x1f%\x9fj1\xcd\xb2\xe3\
ls\xeb5\xdd\xd3\xed\x01v\x99Ms\xb4\x96/\xe5\
/\xd1-\xc9\xb1\xc8\xc1\x89\x05\x157\xa7\x00\xb8(\xa5\
\x00\xa6\xfbv\xd7\xcb\xbd\xfc,\xae\x9e\x98\x5c/:\xb4\
\xe9\xb5\xcb\xd2\x02\xc0\xe4\xa0.]\x92L4\x0aI\xe5\
\xf1~C>|1\xf3\xb7\x9bE\x18\x9d\xa3\x0eMm\
(\xc5\xbc\xb8/\x1f\xf8\xe55.4\xa1z\x06\x13\xe2\
\xa35g\x1c\x0a\x1df&z\xc8\xe3\x0am\x06N\x92\
G\x1bG\xc9\xdbq*\x0b\x97\xf9\xa6\x0e\xaa\x1etG\
\x909h\xacn\xdb\x1c\x09c\x7f\xf0\xb2\x1b\x816\x93\
\xf8\x98\x22\xc1\xcah\xde\xf7\xbfy\xbf`x\x00\x94\xe9\
\x8e\xdb\x83L\x94]\xc8\xba\x81\x1d=ok\x0e\xff\xe5\
\x05\xfb\xe0EO\x1a\xc1\x9b\xae=\x0a\xef\xff\xea\x1a\xac\
\xd7\xf3b\xb6\x94U\x8f\xaa2z\x02\x1c\x814Ey\
\xf7\xb1\x15 \xd5\xd8\xb4\x1ck\xf4a\x1f\xde]\xe3\xe7\
c[\xd2\xb4\xe9\x96\x07\xb5\xba>\xd1\xcc\x95\x1b?\x06\
\xd5\xea\x01\xf2C\xe3\xcc\x86\xe8\x8f6\x15\xfb\xf4\xbf9\
\x0c\xe05\xdf}\x1c\xce\x9b?\x0cP\xb2_9@*\
SnJ8\xf6\x02L\x22\xef\xc1\xf7\xa5DF\x83\xee\
d\xdc\xe2K\x1fA\x1f\x0e\xd6\xbb\xe1\x17\xbe\xfe<\xf8\
\xd4\xc9\xab\xa0$d;$.\x08H\x84L\xbd\xe7A\
g\x82\xa0M1\x8ccL@\xbf\x0f\xf9\xecf\xc8\xa7\
\xe7 \xef\xe1\xf5\xe8\x9b\xd7\xc25!d\xab\x0a\xa4\xb4\
\xfb\x05F\xd6\x9d)2\x9dk\x1am\x0f\xa0\xd7\x83\x22\
\x9b\x01\x98Fqd\x1bT\xe5\x08\xaa\xe1\x10F\xab+\
P\x0e\xb0 \x95\xc5\xccP\xb8n\x5c\x0b\xd6\xdc\xf0<\
\xa3\xe5`\xaa\xec\xc3r\xb6\x09\xfe\xf3\x8d/\x84\x9b\x17\
7\xc3o_\xf8^\xd8<<\x01\x05!\x0a2\xe3#\
\x8d^\xaab*\xc5\xe1\xd5V\xd1\xc03\x13}\x05l\
nG\xf7\x09\x8f\xa3\xa8\x07PV\x05<\xe3\x9c#p\
\xf5\x05\x0bp\xed\xad{8u\x90\xde\x81\x87\xa9e\x0b\
\x15\xa7a\x1f\xb9\xfe]\xb0\xfd\xc1\x8f\x03\x98\xd9\xa6Y\
\xe1\xf2v\x9b\xa8\x05~\xedx-]\xaa\xa7\x13N\xfd\
\xde\xb1\xbb\xd4\xd1\x13M\xd7$\xf2\xc55;\x18\xee\x5c\
\xa5.)O+\xe7s,\x9f@AZ\xa2\xe8\x99\xee\
\xc7\xae\x8b0%1n\xb1\xb0\xde<?\xd6\xaa\xe1\x83\
Z\x1b\xc2D-WD\xc3U*\xd5\x09|\x15\x08\x1f\
Z\x1dQN\x89q\xd9\xfa\xf7\xef\x01\x86\xfcS\xd2}\
\xc7V\xe2\x98\x0e\xb5\x1b=\xc6\x0b`\xd8\xa4Zzp\
gp\xa3\xd2G\xca]\xd5\x03\xeb\x1e\x10\x0cW\xa4O\
[\xedL\x82I\xf8\x5c:i\xd8\xc5\x02\x98\x85\xf3Q\
\xb4j\x8c\xcb\x9c\x7f\x9eR\xba\xec\x93$*\xd3.\x94\
\x0bZ\x8b\xccE\x84\xfdn\x98\x0am/\xf5oF\xf9\
\xae6\xda:\x5cK\x1d';\x14\x1a\x0b\x1d\x009\xb0\
\xd9\xd2\x87\x15\xd6\x8d\xfb\xf9o\xf6!\xa9?\xd9\x99\x9f\
$z\x9b\x91\xa6\xd0G\xea\x0c{B\xe0\xfc\xdar\xad\
s\x09\xfeQ\xcd_R\xe1\xdc\xa6\x9b\xc0\x15\x81\xcf,\
j$t\xc66Ai`|\xd29\x18\x8c\xd8\x0f\xdc\
\xdf\x96v{D\xc1e\x13mY\x17u\xe6\xc4.$\
DE^\xc3\xc5{z\xf0\xff\xbcx7\xbc\xe35;\
\xe1i\x97\xadC\xaf^\x85\x02\xa3\xcd%\x10\xd0y\x1a\
\xf1\x1dP\x9e\xa3\xfa\xd7<!$\xc1\xc0\x98\xee\x98\xa1\
\xe8X\x195\xaeB\xa2m-.\xea\xf3\x13\xa9\x5c\xab\
\x0e\xd8\xb9[mE\xf7\x9c\x0dNL\xad\x8d;C9\
\x832A\xb9\x02'o\xbc\x96\xe6\xcb\xbb\x84\x80\x99\xc3\
\xdc\x7f\x110/\xdbu\x10~\xe0\xd2\x83P\x8c\x18$\
\x87\xf1\xd9\xf9\x07\x19\x16\xe3\x94\xebc\xac\xb0\xcd\xa9v\
\xf8\xce\xd1'\x8ehyX\xf5\x91\xe3D0\xf5\x89\x93\
\xbc\xcb\xbc\x077\x15\xe7\xc2Kox1|l\xf1I\
P\xd5\xb3\x92\xd6\xc7{\x9c}\xe2\xec3\xe5\xe5\xe4\xd5\
\xd7\x02E\xc5\xcc\x0c\xcc\xee\xd8\x073;\xce\x80\xe9M\
\xdb\xa0\xd7\x9f!\x81A\x99\x13Cw\x1b\x7f{\xae5\
\xd95\xcfZ\xe9\x89\xb8{\x04\xb5\x90-&\x92\xe6$\
\x96\x0d:+E\x1f\x8a\x999\x98\xde\xb6\x0bfv\x9d\
\x09\xbd-\xdb!\xefc>\xbd\xe4M\x0b\xa9Fs4\
\xd5\x14q\xb4\xa2\x80^=\x05e6\x0b\x7fs\xe0\x1a\
\xf8\x85\xaf\xff \x9c\xec\xed\x82\xaa\xc7\xc5\xa20\x98\xcf\
\x95 \xa6\xb3\xa3\x96\x05\xd5\xfa\xfd\x1e s\xb2\xc6)\
Y\xc1E-bu\x0ds\x83\x15\xf8\xb5\xa7\x9f\x80-\
\xf9\x9aD\xa2\x17&\xa5M_3\xef\xe9\xa9\xf2\x18\x1c\
\xfe\xc6\x87\x1d;g;\x99\xaa:\x9eA\xe2\x1c\xdc>\
\x16<\x03\xc6\xffg%\xa9\xca\x0a\x1a\x0f\xbdc\x93-\
\xc0\xcd\xd33\xa5\xd0\x1cp\xa9\x95&u\xff\x19\x7fu\
\xbc\x97\xb5\xe0\x93\xa9\xfcg\xcf\x853\x97\xdb\xefM_\
:\x8f\xf8L\xc5\xe7\xc6\xf6\xa7t\x91y\x90\xa9\xd2\xe8\
\xa2\xf5*\xff#0\xd5\xbe6N\xa0t\x07\x05\x93\xf8\
M\xa4\xac-\x9e\x9eP-\x00\xd9O.\xb7&\x88\x03\
H\xcf%e}\xb6n\x1a\xf7}\x1c\xc3\xa0\xf54\xe8\
\xf7\xe8\x1aq\xf9Y75\xcd\xa1\xc9\x1c\x9a\x90\x85\xb2\
\xf2\xee\x05\xa4\xb4J7\xc9(\xb8\xc9\xbe\x14\xe7's\
7YSR\x88\x84\xc6\x93\x0d\xa5\xba\xf8\xf9\xf13l\
\xa3\x03L\x97\xf1\xcb\xf5\x81[z\xaf\xf1\xd1\x184\xb1\
\xd3mm&\xa8\xb4+aL_\xf8\x1f9\x84Q\xce\
Dt\xa5_/\xfeZ\xff\xb6?\xe6\xea\xd8\xb4\x1d\xc5\
,X\xd3\x95\xff\xaf\x91\xa4\xe1\xfe7\x16\xc8X(\x0b\
\xdf\xa32\xc2\xe6S&Y3\x7f13\xf8^\x9d\xc1\
w\x9dQ\xc0\x1f\xbdl\x17\xbc\xfdU\xdb\xe1\xa9\x97\xac\
A?;\x09}\x0av\x12\xdfd\xc3\x04\x172\xe7T\
\x85\xad\xeegG\xeb\x0bc*\x0f\xb6X\x15\x02\xbf\xac\
#\xe2\xb26y\x06\xa3[\xbf\x00\xb0z\xaf+\xba\xe5\
\xac\x16|\xa0]\xca\xd2T\xb5\x06\xbf\xf9\xe4S\xb09\
?\xc5iy\xba?\xac\xf6)\x0252i\x16\xacm\
\xa0\xadh\xec45f\xbaE\x85\x8c\xa8$x\xe8A\
>\x0d_\x1b=\x14^\xf1\xa5\x97\xc0\xd7\x97\x1e\x099\
F\xf8\x8b\xcf\xdd\xa6FiY_\xce\xf1\xc7\x00\xc0\x1a\
\xfa\xd3s\xb0\xb0s\x0f\xccl\xdd\x0d0\x8d\xd8\xf6}\
\x11\xc6\x0c\xa1uk$Z\xaf\xfb\xb7\xbd\xb5\xfa\xbcM\
\x10\x95\xbe\xfb,\xcf\xa17\xbf\x0dfv\xed\x81\x99\x9d\
\xbb\x010\xda\xdf\xc5R\x8a\x1em|\xaf\x22\x06@Q\
\xce\xc0{\x0f?\x15~\xf2+/\x80C\xc5\x99P\xf7\
\x84i0\xb8\x80\x14\xcf\xf2@2n\x08\xf2\xe3\xe8 \
}\xe0\x83\xbaH\x90\x97\xf4Il\x0f-\x8e\xc2\x8b\x1e\
\xbd\x22\xc2\x04F\xb8\xc6\xfbG\x03\xd4\x00N\xdc\xfcA\
\xa8\xd7\x8f\x8b\x8b\xcb\xbbI\x9c\xd4$\xe6u\x1d\x89w\
\xeb$\xda\xb8}\x9e\x8cQ17\xa7\xca\xfa\x8ei\x96\
\xc9\xf9\x16r\x8c\xd4y\xb1\x8cq\x5c\xf3\xf7[:i\
Z\x0b\x03\x8e[@!\x83k}UK\x9f\x09\xa1]\
\x8f\x1f_\x1c\x03\x11\xf3\x93\x94[\xa0\xa9,L\xb6\x0e\
\x1a\xf3 4@\x8f\xbd\x0dV0&Mk\xad\xb6\xa6\
\x88 \xf2\x915\xe18\xe0/k\xa9\xbe\xa7\xfe\x16\xeb\
3u\xf1\xa0\x86@j\xba\xa1%L)\xed1\x90j\
$\xb8Ha2c\xf3I\xdae\x12Z\x0e\xe2\xef\xe2\
\xcd9\xc9\xc6N\x9b\xacB\x1c\x80\xc6\x18\x0csvf\
h\xa7\xa1\xe9\x17\xfe\xaf\xe6j\xb7\x8f\xcd2{\x8e\x9e\
f\xdd\x19?\x0e\xb2\x00\x9c6(&k\x09X\xdb\x00\
\x1b\x9e\xa05a*ylq\xa4\xac\x17\xce\xc6\x0bh\
\xac\x15\x92dN\x93\xcb\xa0\x9f\x03<\xfa\xec>\xfc\xcf\
\x97\xef\x82\xb7\xfe\xec.x\xec\x83V\xa1\xc8V\xa0G\
\x10\xb7\x8c\x81.w\x06\xe6R\x97\x87\x1ei+\xe9\xa9\
\x98w\x92EV\x85`nm~\xca\xb4P\xa0}r\
\x81\x1a\xde\x1bE\xbd\x06'\xbf\xf5\x1e\xb2\x8a1\x08L\
\xd8'\x8e\x14?\xef\x95\x19\x5cs\xc1a\xb8\xea\xac\x03\
\x90\x97hJ\x17<y/\xcf\xf1{\xaf\xd0\xfad\x1d\
d\xa1\x97\x99y\x13\xc7\x97\xb8k\xe4\x5c~\xab\xba\x08\
^\xf9\xf5\x1f\x80\x1b\x87\x0f\x81\x12\xa6$\xe5\xd0\xba\x08\
T\xfb`C8\xc1\xdaNm\x86\xe9]\xfb\xa0\xbfu\
\x17@>\x0b\x19\xe1\x00(\xee\xa00\x0e\xabu\xa9+\
\x90\xfaB!%A\xb7\xdd\xbf\x9c\x0a\xe9W.|G\
\xac\x15\xfb\xd9\xa1\x82@&|\xfc{z\x0e\xe6w\x9e\
\x01\xd3\xdbvB\x9eO\xb1e\x04\xdd\xd3\xc4_y@\
\x1c\xfd\xdf\xe7h\xea\xbc\x80\x0f-_\x05\xaf\xfc\xe6s\
\xe0\xd8\xf4N\xb2\x06a=\x06\xb7P\xb9O\x8d\x0b\xea\
\xb3;\x81\xce2#\xb6\x18\x88\xbd\x05\x0a\x02[\x1b\xc0\
\xf4h\x05~\xf6\x8a\xc3\xb0cn\x10\x99t\xfd\xd9g\
\xc14\x87\xa9\xf2\x14\x1c\xfb\xe6gX\xf8\xa3\xaf\xbar\
\xe6\xbdPI1\x1c\xc4\xb7\xb0\xdeBIV\xab\xb4\x13\
\xce\x08\xe8\xea\xcb\x14F\xcas\x8cvm\x97\x80a\xdf\
\x9d\xe1-)\xcbW(\x80\xa5\x04\x05Q\xf0\xa2\xf7\xed\
\xfab\xa0\x04w\xadfm\xf8qf\xe6\xa6\xc4\xf9\x93\
\xd2\xcbl\x8d2\xee\xca\x08\x85O\xc79N\x80\x08\x5c\
\x05\xce\x9e.\x96.\xe3\x16h\xa7\x07\xe1:4\xfb\x0e\
\xb3(\xba\x9a\xb3\xc67\xf4\xca1Q\xa3v\xf8\xe6\xf1\
\xc9\x00'+\xd5\xd8\x7fS\xc4\xaf\xabuo\xa6Xr\
T\xb1&%\x19&(H\xc2\xca\x90\xfa>\xde|\x1b\
\x91p}?i\x1c\x00\xd7g\xb0f\x9av\xc3\x87\xcf\
n\xdc\xd6\xfe\x8d\x09\xb4UWjh\xfe~\x8en\xd3\
\xb0\xfa#\x07\xde\x8d\x0c\x1e\xb8\xa6V\x19}\xb62x\
\xde\xc4,\x0845\x89\xb1\xfb\xa0\xe1o\xe3\xa1Oe\
\x00\x8f:\xb7\x07\x7f\xfe\xca}\xf0\xfa\x9f\xd8\x0c\x97\xec\
[\x82\xa9l\xcd\x80=\xf9\xf2\xb4q\xa3gVNZ\
N4\x1b\xa4\xd51\xba1{\xa7=\xce@?\xcfa\
\xf9\xb6/\xc0h\xe9\x0eb\x96\xe8\xff\xf5\xc2\xa9\x8e\x04\
\x83\x02\x01z\xd9\x09x\xd5\x13\x0eQ\xb1\x1b\xde\x10\x9c\
\xa3\xed\x88\x98\x0a\x00d\xe6\xce%e\x16\xff\xf5\xe6i\
2\xef\x22\xf1\xc4\x1f\x89\xb5\xab\x8b\x0a\x86\xf9\x14\x1c\xca\
\xce\x80\xd7|\xe3\x99p\xe7\xf2\xa5\x00e\x8fL\xed\x82\
\xcd\x18\x12!\x0d0,\xfa\xb0\xb0u7\xccl\xdb\x05\
E1\xe3\x84\x11d\x9a(\x18\xb0\xa0)\xb9\xef\xf2\x83\
\x82\x81\x85\xa4nm\xc1\xd7\xde\x84\xac\x18\x03l\xb2v\
\xe6\x0e\xbf\xa6\x18\xf7 A\x09\x9c!PA\x7fv\x13\
\xcc\xed\xde\x0d\xfd\xcd\x9b\xc9\xf5\x81\x82\x00\x85\x04J\x9a\
0\xe6\xe1#pP\x06SPT3\xf0\xf1\xc3O\x86\
_\xbe\xe1\xd9prj\x9bX\x8ad\x9fx\xbf\x8aK\
\xedm\xd2)\xc3\x88\xe4\x162\xe3\xe7\x88\x8f\xc0`N\
\xbb\xe1\x10\xfc\xd4#Nq\xf9\xf0TVF!n\xa5\
|\x00\xc7n\xfe\x00d\xebK\xc4H\xd4\xe5\xda\xae\x14\
\xe4\x09+\x5cZ\x01\x0a\x9b\xd2\x01\xbe_\xe3\x09\x1a\xe6\
\xec\xc0\xda*wNB\xbf\xb00S\x87\xf5\xb4\xcd\xfa\
\xeb\xaa]\x9ag\x85\x1a\x7fSx\x02M\x116}\xd2\
\xdf\xc2\xf4\xed\xde\x8b\xfb\x8ay\xdf\xfdiMu\xb0\xe9\
\xd6H\xcd\xcb\xba\x14S-v\x89\x04\xf4G\x15\xbb\xf0\
\xd1M\xbf\x8d\xed[A{\xac\x96\xaf\x7f+C\xd3L\
\xf9\x14\xb4\xaf\xba\x01\xda\x06\x1ek\xc6\x06w\x8c\xd3k\
\x94i\x8a\xa4\xed\xe1}\xd4O\xc7R\x8fM\x87i\x12\
\xdax\xb1B\xff\x5c<\xffx\x01\xc3\xcf\xe39\xa4\x19\
$\x9f\x7f=\x88u7#e\xf1]|R\xa2\xfd\xb9\
\xba\xf2\xc1\xd3\xa5_\xf65z\xfa\xc0k\xe8\xf1\xdcR\
\xe3\x89,\x01V\xd3%\x93\xa42`\xf1o\xba\x07?\
\x906\x00%\x22q\xd0\xa4'.\xbc\xa7$j\xda\xad\
\xf3d\xae\x1a\x15\x04\xf4\x87\x0a\xe6f\x05\xcc\xe4\x00O\
}\xe8,\xbc\xe5\x17\xf6\xc0\x7f\x7f\xe9\x1c\x5c\xbaw\x11\
z\xd5:\x179\x12\x86\xc8\xb0\xa9\x15\x1bL\xd5|J\
\x1a\x1e\xe7\x8c\xbb\xd5\xd0\x85\x91\xf8\x01\xdc\x1e\xc444\
V\xc4\xd4Yw\xeb<\x96\xe1+A\xf3y\xdb\x0c\xe5\
\x8bj\xc8\x10\x16\xbfu\xadh\xc1\xa8\xd5+\xc1\xd6s\
\x8a\xda42\xb5\x0a\xbe\xef\xe2#p\xd9\xce\xe3l\x95\
\xa6\x18\x0f\xbe\x87\xafE!\x91K=[\x82o\xcf\x1b\
W\x88c\xcd\x14s\xe3)(\x90L\x9b\x05\xac\xe5[\
\xe1Wn~\x06|\xed\xd4\xc3\xe8o\x9c3\x97\x81\x95\
\x1a\xeedm`\xdc\x05\xfcgja+\xcc\xef8\x13\
\xf2\xe9\x05\xde\x95\xba\xbf\xf4i\xaa\xed\xbb\x006\x19\x0f\
\xe5\xc1Gg\xa5\xe1C\x96 A\xb9\x8e\xb5Y\x9bu\
\xe0\x058\x14r\x1c\x12\x9f\x13\x84<\xd8\x10^\xc3P\
\xe7\x05\x8dyz\xf7^\xc8\xa78\xbd\xce\xed$\x12\x1a\
\x94\xb6LA\x95O\xc3?\x1c\x7f:\xfc\x97[\xbf\x0f\
V\xe6f8\x98\xcfAf\xe3\xb9\xc5\xeb\x99\xcc*\x88\
\x90o\x16=P5@\xd5\xaaG\x94A\x81\x95\x1d\x7f\
\xe2\x11\x87\xe0\xec\x855\x89k\x88\xdcd\xe4\xdb\xe5\x88\
p,\x19\xbcx\xc7W\xbc;V\xddzn\xbc\xf6^\
\xfeN\xab\x15\xc6-\xd8\xe7\x81\xda\xe4\xb3D\x14K!\
\xb0H8I4\x9d\x8d\xd4\x10\x0a\x5c\x19m\xdcC\x05\
\xc5\xde\xa8U`\x9c\xa2h\xf9\x88\x02\xdc\x84\xcd\xe7\xc5\
[Z\xa2\x96\x00P\x1f\xbe\xd0W\x17\xc0\xab)\xb2\x8d\
u\x90\x13\xe96\xae\xafK\xd1f\xf53\xa3\x8d\xfe5\
g\x9f\xe2/x_\xb5]\x9f\x8c\x01\x08.g\xb04\
\x8d=\xb0c\xb1\xebHJ\x959?<\x9f$#\xd6\
\xdf\xc3\x05O\x9a\xb5\x13\xd3\xf5~\xae\xc4\xf5qjD\
\xc7\xb5\xd1,9\xc2\xd7\xc4\x13\xc4X~\xedZ\xdad\
\xad\xcd\x7f\x9b\x1a\xe38d\xbcv\xc1#\x84T\x0d\xae\
\x0b\xec\x9fz\x8d>;\xe8\xbd\xd1k\xdc\xac\x1f\xbbu\
l\xea\xb3\xd2M\x13<\xc1\x95\x90s8\xd7\x0fTk\
\x1f\x97Z\x00|0\xa5M\xbbls\x9fL\xde8T\
j\xae\x00x\xda\xa5\xb3\xf0\xb6\x9f?\x0b\xfe\xd7O\xcc\
\xc1\xc3\xf6,A\xbf\x5c\x85)\xc4\x11(1\xaa^\x90\
\xc3\x1af\xc9\x10\xe1\xac9\xa7\x90\xf89?{\x8b6\
\xd4\xb4:\xe9{Qr\x8b?\x05;\xe8\x8e\xdc\x0a\xc3\
\x137\xfaT\xa3\xc4\xdcp\xfdf\xaae\xf8\xd9G\x1e\
#\xf0\x1f:\xe2\x22\xa8:\xf3%\x09\x00\xde\x92\xab\xd3\
\xe4\xa9\x8a\x86#\xcc\x83\xa2\xbes4AW\x14\xed?\
\x84\x1e\xbc\xfe\xd0c\xe0\xc3\x870\xe0\x0fK\xd8F\x8d\
\xee\x1b\x09\xd6\xf84\x99\xd5g6o\xa7t>\x05\xd1\
\x92\x9e\x1bcw{Z\x03\xb4L\x0c\x90\xfbWb\x0b\
|@Stf\xdcZ6\x09\xb1\x8a\x16v\x9e\x0d\xa2\
\xea\xe2\x16r(\xfa\xd30\xbb\xeb\x0c\x98\xde\xbc\x95S\
\xf4\x0cn\x00\xbf.\xb4\x0c\xf4aj\xd4\x83\xb7\xed\x7f\
:\xbc\xf1\xbe\xa7\xc2\x1a\xfa\x9c\xe8\x8dq56\xbc\xcc\
\x9a\xd59M0d\xa9\xf2\xa9\xbeA\x03z\xc4\x8c|\
\xa1:\x06/{\xd8\x22@i\xdc$\x9c\xf8(nC\
)\xcc\x065\x1c\xbd\xf1\xfd\xe4&\xd2\xbf\x99\xc9\x098\
\x92\x13\xce\xbcP\x1d\xbb\xfeR{\xb5\xd9\xd42\xe7^\
z\xf0\xf7\xa4VQK?9\x1b\xc7\x14\xa6\x1a3\x96\
\x94e\xd7\xbe\xcb\xa6\xe6\xae1\x13\xdd4\xbb\xb6\xf7\x1a\
\x90)\x9d%\xc7Q\xa0p\xebqB\xf49\xf4n\x92\
f\xf7\xb4\x02i\xbf\xb7\x82\xc1\x86h\x5c\xa2\xd2O\x97\
\xa0\x14\xe1R\x93\x88\xe4\xfc\xf4\xf6\x86\x94a\x02\xa5(\
\xdc\xcc\xeeS\xf1\x8b\xc5C\xb5K\xdcfN\xf7RI\
\xa8\xa9\xa5\x1aw\xd1|\xa9\x81,m\x09\x9c3\xd3x\
s\x95\x83\xfbHl\xf8\xa0\xcf1B\xc8\xb8\xcd\xdd\x1a\
\xc4\x91X\x83\xd4\xbdJ\x06\x98\x14h53k\xde\x8a\
\x02E\xf8\xc6F_)+\x86\xdd\xdcN\xeb\x93\xf5\x08\
5T\x03\x08\xe3\x9eiL\xea\x0f@\xf3\x07\x025.\
\xbf\x8bR\xe3\xb6\xf78\xd3\xe3i7E\x83\xe3\xbd<\
S\x00\x5c\xfd\xd0\x05\xf8\xebW\x9d\x09\xff\xf3\xa5\xf3p\
\xd1\xce\x93T-\xaf\xa0Bg~\xad\xd84\xe9\xf7]\
\xbc_R\x1a~b\xd2\x81$\xaf\xf7\xe18\xf4G]\
?\xe2\x90d\xcd\x91\x04\xb0\x12N~\xf3Z:\xb4\xa4\
\x19GEM\xd4\xe5\x83\x9f=\xe3\x8c{\xe1\x92\x9d\x8b\
\x90WX6\xd7#\xd3\xd1\x10(\x8b\xc4F\xab+S\
\xd4\xfd\x11\xac\xbe\x04\x0fbya\x8e\xbe\xff\xc8\xe2\x15\
\xf0\x86[\x9e\x09%,4O-B\x13\xe3\xaaU\x19\
\xf4\xa6\x16`~\xcfY\x90M/\xc0H\x91$\xf59\
Q=\x8e\xe0\xd9\x9a\xf6GB\x8b\xd7\xb0X\xabW\x9c\
{\xfd\x9e\x8b/\xb9\x02LT\xcd\x92c \xbcU\xc3\
\xb3^\x12b\xa3\xd8%\x8e\xd4\xe6\xef\xd4R\xef\xb1\x0e\
x\x9f\xf4\xb6\xec\x86\xb9]gA\xd6\xc3\xd4D\xd6\xed\
\x0b\x0a\x1a\xc7+\xfad\x05(\xebY\xf8o7\x7f?\
|z\xe5Q0(\x04\xaf \xf7\x16#\xeb\xaa\xf1\xec\
\x9e\xd1\x1e\xd9=#\xb4J\xa0\xab\x89\x8d\x10`\xd1\x90\
,T/\xfd\xae\xe3\xb0kf\xdd\xdd\x19S^\xf7\xf6\
O\xdd\x09+\xc7\xf63M\x8f\x04\x0d\xc1{4\xa5\xc4\
\x05\x97!\x01\x95\x9e\xa2\xc8\xb47\xcdc\xbd\x12\xe1\x05\
\xb7\x94`\x1f\xfb\xd9\xedC\x02\xcdV\xdc\x06\x93\xb0\xbf\
\xb4E\xb6\x0b\xa8\x87\xad\x99\x81\xf0\x98\xa5\x95\xbd.\xb3\
\xba[\x95H1f&\x9f\xba\xde\xd0\x90\x86\xff?\xdd\
\x92\x8a\x9e\xcb\x12\x89yP\xda=\xda\xe5B\xb0\x83\xcf\
\xe3(\xf9\xb8\x83\x80\xa1:\x94\xb0\xd8\x9c\x91\x9ar;\
\xb3\x1c\x17\xe0\x10^\xdb\x8e\xde\x965L\xc9\x9a\xd2\xe4\
\x13/\x9a\x83S\xd3H\xb8\xe1\xb5\x7f\x1f\xa5\xce\xfd%\
F\xe4\xbbj\x1b\xd7\x04\xf3k\x95D\xdd\xd8\x9c\x13\xaa\
yI\x07\x93| \x9aW\x86\xfcf\x8f\xa1E\x1f\x98\
\xe7D\xe6\xb0\x965\xd1\xf7\x92z\x1f\x1b\x9f;\x9b\xf7\
\xb5\xd6\x82Z1g\xb3\x0a\xae\xbel\x1e\xfe\xe6\x97\xce\
\x81\xdf\xfd\xa1i\xb8`\xd3)\xe8!\x03UUY\xf6\
u%ft\xceOO\x1dn\x1dX8V\xba\xde\x08\
Z\xc4\xec\xc9\xe4\x9c\x0ej\xe5U\xe14\xbdQ^A\
\xber\x0a\xd6\x0e~\x99\x19\x8f\x04\xbb\x85\xf5!\xf8]\
\xf5\xaa\x01\xbc\xf8Q'\xa0\x0f8v\xc5\x93\x0f\xcf\xb5\
c\xac>\xaf\x8e\x99\xa0\xd3\x0c\xfd\xba\xf32\x8d\xa0\xca\
zpGv>\xfc\xd6\xb7\x9e\x01\xcb\xd5.^;\x81\
<v}\xa3\xe9\xb4\x04\xe8o\xda\x0e\xf3\xbb\xce\x02\xc8\
\xb1r\xa3\x9cF\x93\x1eL\xde\x0c\xe7_u\xe1\xbd&\
\x08\x91\x19\xa0[A\x17\xbchR\xd3\x82 b#$\
F\xbe\xed\x90\xf9\xb4i\x93\x1eA\xb30\xe9Z\x9c\x82\
(\xeflz\x96\x04\x1a\x98\x9aa\x93>G\x07R\x1c\
\x06\x16\x15\xca\xb3)X\xa9\xb6\xc3/\x7f\xf3\xb9p\xa4\
\xda\x0be>\x84\x1c\x85F\x0b\xb3M\xb7\xa8\x10\xeb\x95\
\x14O\xac\xd5\xea\xa1g\x8dK\x1a\xa3\xfdg[v\x04\
\x9e}\xf1\x8a\xab\xd4h\xa7\xe3`\x93q_\x15%,\
\xde\xf29q\xee\xaa\x02\x11\xac\x9cYk\xb4Tt\x03\
\xdc\xf8=\xe9\xcd\xfdZ\x82\x9b/C\x93\xb3\xeeVv\
]y,\x80\xd8r\xe7\xf7\xe9\xe9\xc4\x07\xd8\xb1Y\xc1\
1\xbc7\xb4\x08{\xe6\x1c3IY\x7f\x07\xb7\x22\xd6\
\xae(\x08\xcf\xd9\xd9\x1crf\xb7\xf2\xd1\xednn\x9b\
O\x13\xc6\x9e\xbf\xf4\xc2k\x8a\xef\xf8\xbf\xe5\xd9y\xdb\
\x9aDJ7\x09\xae\xbc\x07\xfd\x19K\x12!+A\x0a\
F\xb7\xdc\xc1\x11\xb1\x1cWkb\xa7E6\xf5\xa9\x10\
\xa1\x09&\x94\xaeb\xed.>\xcc|\x0dK\xaa\xc1\xba\
Hn.\x13\x12C\xdc\x04\xe3;\x96\xaf\xfc\x18l|\
\x82\x1e\x02k\xb2\xf1\x99\x10\xdc\x81H\xa4A\x90H\xd3\
<e\xfd\xd3\xe8gt\x0cT_n6\x81\x09L\xa1\
\x88\xe9y\xbe&\x80\x93R\x9d\xe0\x96\x10\x08\xc4\xb2\xe1\
\xff\x16\x0d!J}\xa2\x19\xa6\xf6\xa4\xf85\xb5~\xb8\
\xf7\xe3\xa9\xc9UMG\x0f\x9c\xa0\xc1\xbe(\x05i\xe2\
\x09f\x04\x18\xd3\x14\xca\xdac&6\x92!`\x1b\x92\
a\x97\xef\xc5\xcf\xc9Q\xbb\xcb`\xbe\x07\xf0\xdcGo\
\x81\xb7\xff\xca^\xf8\xcd\xe7\xf7\xe1\xbc\xcd\x5cp\x88\xcd\
~Z\xcb]\x08K\x03\x12\xc2\xa7\x01\xd1\xfew\x90\xbc\
\xa2YF\xcb\x97\xd2V\xd4w\xcd\xe3\xc3\xfc\xf2\x8a\x8a\
\xd0\xac\xdew=\xd4\x83\x93\xd4\x91\x06\xee\xa9KL\x96\
\x8f\xd6\xf4\xfc\x85\x03\xf0\x98s\xd7\xa5V\xbb\xeeO6\
\xff\x92\xbf\xd7\xc1\xd0r\x8e{ \xdcHW\xf4tz\
\xdd\x1c\xf1\x8f\x85\xa0\x06\xd9\x1c\xfc\xd7\xdb\xae\x82;\xab\
\x0b\x04?\x0c\xf7\x09\xe7\x0f\xa8\xdf\x14\x85\xa3\xd9m{\
an\xcbn\xc2&p\xebD\xcf`hf\xbaO\x16\
\x85\x22%\x22\xab\x94Z%\xf8\xed\xca\xbb\x91s\x84\x01\
\x8a\xf1\xfa\xf9\xda\x0fJ;\xf8\x1e\x17\xabD\xeeB\xb6\
\x98P\xc0_\xd0\x81\xe6}\xc7\xf9\xd4\xe2O\xd5HI\
\x8d2/\xfa\xb0i\xf7YP\xcc \xb8\x940h:\
\xdf=Ab\xe8\xc1\x1d\x83\x87\xc2\x1f\xdd\xf34\x18\xf5\
f\x19\x07\xc1X#\x14\xcb\x80q\xf3\xb5\xb1EGq\
7\xa8G\xb1v\xd0\x19\xa6\xbd\x83\x81\x87\x03x\xc9c\
N\xc1\x5c\xb5\xc6\xc1\x91\xc4\xb98MS\x81\xd6(k\
\x01j8u\xf7\x97\x000\xae\xa5\xd2\xe0E\xbf*1\
\xf4\xb4\xcf\xc4\xe1\x95\xb4\xb4\x8a\xb5r\xbb\xc1\xc5\x8d \
W{r$\xe3\x09\x041\x83\x0f`\xad T<*\
\x5cn\xfb>\xc7\xb5\x90\x9fX>\xc2\xef)\xe6c\x9c\
\x12\x9b\xd2\x865]U\xd7\x8f\xf9\x92+f\xad\x950\
I$\xd0\xa0L\xbe\x8f\xdd0\x0aj\xa5}\x9b\x98 \
\xe9\xdfZ\xf7\xd2\x16B\x1f\xbc\x9b4\xfb\x1b8aZ\
7\xe3\xd3\xf7t\xc3#3\x925\x8b\xac4\xe9\x12\xce\
V0\xd0\xf1\xe6\x1b\xd5\xa64-\xcf\x1e\xb0\xf0{.\
*\xc2\xd5\x97l\x10F\xda\xdc\xa2\xec\xcaG}[\xe3\
\x93\xc1\xa8\xb6D2\x98\xbc.w\xd8$\x13\xd7\xcc\xcb\
\xe6\x94\xc6\xc18\x89\x16\x80xx\x0b\x03\xf7`\x81)\
,#Q\xad\xc3\x8fb\x5cK[5T;\xb0\x12\xbb\
\xcf\x91\x9e\xb4\xf1\x01\x0e\x19w\xea\x1d\x07\x9b\xc4\xf4\xef\
\xb4\xa8`v\x0f`S\x80\x16\xccAw\x16\xa8\x8d\x09\
\x19\xfc^\xba\x84\x84\x8d5J \xcdJ\xd84\x05\xf0\
\x82\xc7.\xc0\xdb\x7fu\x1f\xfc\xfa\xf3r8{~\x95\
\xaa\xb0\x95u\x0f\xea\x1a\x83\xbf\xf0\x0c\xb0\x89W}\xa9\
\xc4\xf0\x89\xc1\x0a\xacU\x07\x80I\xfb|\x84\xf9:y\
/\x87^V\xc1\xc9\xdb>\x0d=\x02\x9b\x09\x0f-\xa6\
\x8ci\xb9#\xac(\xf7\x92\xcbO\xc1\xa6\xfe\xb2\xf3\x0d\
\xfbYM\x16c\xe3\x14=\xd9\xe5\xd8\xff0\x9b\x81\x8f\
\x9e\xba\x0c>x\xe0\xc9P\xc14#1\xba\x93\xcb\xe7\
\x16\x13\xc8\xe6\xb6\xef\x83\xe9\x85-\xa4W\xf2\xd8\x15\x9c\
\xc77\x97a\xe0\x9e\xa8t\xc4\xcf?\xd6\xf2\xf4\xba`\
\xa4\x09\x0b\xa5\xd3sEp\xd6\xa0\xe1\x80vH\xe0\x1d\
\xd6\xb6 m_\x84m\xfc\xc95\x7f]\xca\x13\x93~\
N0\xb5\xe6\xfcd9\xcc\xed\xd8\x0d\xfd\xe9\x05\xb14\
(\xd0\x18\xb2\x0et\x95\xf4\xe1\x9d\xf7>\x09>\xb7\xfc\
\x10\x18\x14\xa6F\x80c(\xe1\xbb\xd6U\x10%Z\xae\
5\x8cEbN\xf2\xaa\x0f\x0f\xd9r\x1f<b72\
iE\xb5\x8c\xe8\x81\xb8Q\x8a\xc1\x01\x18\x1c\xbc\x0dJ\
B\x174\x0c3:#\xd6$\xed\xc4\xf0\x8e-\xa2\xfb\
\x82\xc7\xeeo`\xaf\x8a-\x96\xd5\xbe\xd7\x93\xd6\xb2\xf8\
]O\xc0\x87\x9c\xd5CY\xa0a\xe4m}\x8f\x1bW\
fb\x08\xac\x9b\xd9\xe5\xb6\xa4n7\x96\xa6\xd8u\xc0\
\x7f\xfb\xdf\xd3\xb4-T\x22\xdb\xf8\xa4\x0ac\xb1\xd2\xc9\
|\x937\xbd\xbaTY\xb9\xf2.\x95\xb0\x9f\xb0\xffV\
\xaa\xa9\x82\xfb\xb8\x97\xa2\x0f\xf0\xba\xb4\x92(\xae\xe0F\
\xa6\xb4\x04\xdcj\xfb\xdfMM3r\xdb\xb1\xa4*e\
`\xd3\x1bVu`\xcb@\xfd\xdd\xedsV\x0dB\xc7\
\xd0\x0c*q\x03j\xf1Y\xfb\x03\xd2\xcd\x90\x92\xfd*\
\xf1r>A\x0d@\xb1kb\xc7o\xd8r\xc24\xa5\
\x81)\x9c\xe9\xad\x97ym\x9f\x0c\xc9\xa1\xb3\xdf\x09\x0d\
.?\xd7\xd4\x80\xb8\x7f\xfa\xbf\xaf\xb4\xa8cK\x13{\
\xa3-L\xcc4\xd9j\xe13\x17\xee\x0fb!J\xee\
ht-\xa0\x97g\xb0}*\x83\x17=~\x0b\xbc\xf3\
\x97w\xc1\xaf>\x17`\xdf\xdcI\xe8\xd5%\x14\xa5\xe8\
\x8e&]\xc8\xd9\xcaZP\x9ey\x15\x9a\x15%\x83\xa7\
\x07\xef\x82f\x07\x83\xc5\xc30:\xf1m\xd2\xb0\x1b\xfd\
\x116\x00\xa2\xf4\x0da!;\x01\xcf\xb8\xf8$'s\
T}\x8f\xda\xc7\xab$\xb3\x0b\xc4\xc1`\xde.\x92@\
\xab\xf1a}\x81\x1c`\xb5\xde\x09\xbf\x7f\xc7\x13a\x0d\
6\x9b\xf3\xe1\x99K\x99\xf5a~\xdbn\xe8\xcdo\x85\
Z\xb3:\xd4wo\x9e@.\x0f3\xcfp\xef\xb3\x10\
\x17\xd3\x1b\xfc\x175\xff\xc6)#\xb0\x9dP\xc0\xb2f\
jw.r\x04.2\x99>A\xce\xbad\xd7D\xbe\
\xec\xb0\xac\xb0F\xd4\xa3\x05\x88\x1c\xb1\xb47fw\xed\
\x82bz\x8e\xb5y\x11\x22\xf0l\xd5u\x01'\xf3\xbd\
\xf0\xba\xdb\x9e\x0d+\xfdM\x8cM@g,g\xf3\xbd\
(H\x1e\xf9\xd4\x93\x13w\xc2muA!IUo\
\x08S\xa3ux\xde\xa5\xc7x\x8fS\xed\x878h\x97\
\xdb\x14\x94p\xfc\xe6OB6D\x1a\x19+%qf\
R(t\xc7\x82~\xf3o\xb9\xd6\xa0-\xc6Zf\xfa\
\xfd\xa6}\xd4\x8d\xf77\x91\xb0\x1c\xef\x1bS\x01-\xbe\
\x92\x22\xf9\xd4J%V\xd6\xdcg\x95\xd5\x92\xe3\xef\x8a\
\x01\x99\xbc\x7fF]Ul\x07\xad\x22i\x84Wzg\
Z\x0e3\x9eSl\x09\x1e\x1f\xd0\xc8n\x95\xb4p\xa4\
\x92\xb9=\xbf6\xe6\x81\xc7h\xcb\x195\x05\x0b\xde\x87\
v\x88\xf6\x04M0\xc0\xc9$3\x95VJ2\xf9\xa9\
\xf9C\xe1w\xbb\xfa\xb7c\xf0.\x88p\xb2\xf2W\x9a\
A\xe89\xf6w%\x05\x8a\x94\xff?\xec\xc4\x0b\x00v\
SZ\xa6\xe5\xcc\x93\x01\x84-\x13\xce6)W\xe7\x11\
\xbe\xb8p\xde\xee.WT\xc3\x8c,\xf6\xeb8\x8d!\
-\x84\xa4\x9e\x1b\x8f-)1\x9b\xfeI\x18pBH\
\xbb\x04?\xae5\xef\x99\x04\x0b\x22L\xd1L\x11\x14o\
\xfa\x97\x80\xb5\x07\xa2\x91\xf9\xde3t|\xa7;\xa6\x01\
^r\xe5f\xf8\x87_\xde\x03\xaf\xb8z\x08[\xfa\xcb\
\xe4\xfb\x15\xbf\x8dcH\x8e\xa0D\xd3\x1d\xa7\xf5\xd8\xa6\
\xfeb<\xa0hl_;\xf8M\xa8\x07\xcb\x01\xfc\xb5\
3\xebR.=\xd6S\xc9\xe1q\xfb\xf6\xc3\xb9[\x07\
\x12\xc0V\xb3\x0fZ&\xa1\xbe?\xfe\xd3\xe9\xdd\xc1s\
\xf3\x9c}\xbbN\xbe\xcd\x01Fy\x01o:v\x09\xdc\
\xb4x)\x97\x85v\x82\x82`\xa0W9\xccm\xd9\x01\
\xfd\xb9-f\x02\xde\x97\xaf\x9aS@\xfc\xcd\x1c\xdc-\
\x13\xae\x0d}G\xe33\xfe[\x93\xb7\xad\x16\xa1Xi\
\xf0\xcf\x16\x97\x81\xeb\xab\xe02\xc8Np\x10\x1a\xa6%\
6\x8d\xad\x82\xac\x04Rp\x08Y\xf8\xfc\x8e=\x90\xf7\
f\x03+\x00\x024\xf5k\x80\xcf\xad>\x02>x\xe2\
\xb1\xe4v`\xa4Eq\xbb\x88&\xcec\xab\xb8\x5c\xb1\
V\x864.\x0c\xd7dlT\xaa\xb7\xca\xe0\x9a\xcb\x16\
aW\x8e\xa5\xaf5n\x22\xbc\x96-XCX=t\
=\xac\x9f<\x0a\xc3\xc1\xd0\xbd\x7f\xf6\xdd[\x8b@\xf8\
o\xdc\x92\xd7*$\xb8\x0b\x0a\x96|\x03\xe7&l\xdf\
\xeb\x1b\x11\xea\xdb\xc7\x12\x8b\xb0\xca\x1c[^xB\xa1\
h\x13>2[\x04\xc9\xce\x9d\x1e9\x06\xe0\xc7\xb2\xde\
@\x98\xf1\x96\x00\xe6\xe3\xd9\xc4B\x91\xf4\xe6\xbe\xe3a\
\xb0\x16\xafa\xc3\x8d\xbe\xe8;\x95(\x9b\xf3\x0a\xbb\x8d\
xr\xfb\x04C\x8d\xb7M \xa0\x08S\xc3\xe8Iz\
7\x1e=\xeb\xafo<A\x02\x12\xf4~\xf6\xc7\xf8>\
\xf5\xc7c\x5cs\x9f\xd6h\xae\xe8v\xde$,~\xbc\
h3\xfb-d\xa7\xcf\x87\xc3\x8f1\xd4.\x98\xe9\xfb\
\xbf\x93\xda\x9cF\x12\xc7ZFb\xc3uI\xc7t\xbf\
5\x92\xd2\x80\xa5\xf0\x86\xd1\x92\xf5{\xbe\x9e?c\x7f\
3\x13x\x0f\xfd\xd9l\xfa<\x0e(J[d\xbcl\
\xcf\xfe]\x16\x06N\x87\xf9\x97\x13\x08^L\xbcC\x80\
$-\x9d\xcaZ}\xd3r\xa4\xc1\x9a\xecBb\xc2\xcf\
\xe8~\xe9\x98\x80I,\x03\xbcw\xc2t,F~C\
\x8b\xd6\x9ey\x80_|\xfa6\xf8\xbb\xd7l\x83\x1f~\
\xdc\x006e\x18m\xcfZ\x1e\x16\x90\xa1\xf2\x00\xb4n\
\xe8\x83\x97R\xb7Rq\x8e\xf7\xb4\xaf'\xc1\x9av\xd3\
\xca\xe4\xa2\xda\xc5/\xbb|\xd7\xe7 \xc7\x88r\xc3\xa0\
\x02G\x11b\x0fT\x00\xcf\xbf\x14\xf1\x0cV%\xee\xc3\
\x87\xd1\xe9\xd9Q\xe6O{\xc8\x98\x7fi'kl\x0f\
\x8d\x09\xa3\xe2Q\xfb/\xe0\x08\x9c\x0do\xbb\xe3IP\
e\x08\xd7\xeb\xdd\x12\x04\x1cT\x03Lm\xda\x0aSs\
\xdb\xb8\xf0\x8e\xc6c\xd8\xfd\x83\x96:B\x1b\xf4g\x05\
\xdd\x00q\xf4\x8d\xbe\x9d\xf8\x8c\xd9\xdf\x15\x0b\x9f\xdd\x8b\
\x9a\xce\x16\xfexBg\x7f$\xb4\x9f\xc3\xfbY\xa3\xce\
s\xa8\xa8\xa2\xa4\xac\xa4,\x07\xfb\xa9\xbd\xab\x80\xf7\xa2\
\xb8\x03\xe4\xbd2C\xc0\xbe\x0a\x98\xdb\xb9\x0b\x0a*\xc8\
\xa4g\x1e\xdfX\x9fL\xf6\x7fr\xe7\xf7\xc0b\x7f'\
\x9bcI;\xf34\xc4F#\xf9\xf8\x1bo]\xa1y\
8e[p\x02\xa0\x84\xddS\xc7\xe0I\xe7/\x0a\xad\
\x91l\x08\x17\xcd\xafg\xa6\x80b\xf5 \x0c\x96\xee\x81\
\x95\xe5\x93\xb0>\xc0R\xcc\x08\x10\xc5A\x85\xd6=\xc4\
\xe0KF \x8a\xdeI\x8c&\xc2\xfb\x19Y\x8f\x0a\x90\
\x5c\x8f\x843\x0e\x12\xca\x04\xbd\x02\x89\x89i\x0b\x96\x95\
\x9f\x90\xa15\x83\xf9\xfc\x9e\xf0\xef6\xa6\xa5\x9a\xb6\xe7\
\xce\x08\xd5\xbd\xf0}\xda\xc2@\xbe\x99TI\xd1\xba\x88\
\x9e\xa8f\x1fM\xcb\xc5Wa\x1a\x1d\xf9a\xc4\x85\x19\
A\xffrin\x02\xc1ve\xba\xc3J\xb2\xb1[\xa2\
\xb9~\xca\xe8)\xe5S\xab\xe4\x18\x88m\x079,\xf5\
G\xd4\xda\xceGE\x95\x13ThX\xa9q1\x18t\
\x0c8\xbd\x98oh\x91\x8e\xda\xda8\x9f\x8a6-\x88\
B\x833\xa9\x0c\xa9\xfe\xac\x97\xde\xb1\xbf\x16|u\xeb\
\xbf2!?\x8d\x8d\xd3\xbc>\xd5B\xd3_z#\xa7\
\x99\xa45\xb1\xd8+\xac\xaf\xa5\xe9\xb7\x09\x81\x90\x1as\
\x8b\x86\x10V\xe2K\x19\xe9\xf8_\xea\x17N\xafy\xa6\
\x12d\xe1\x9a\xdf\xb4\xaa\xe3\xc6\x9f\xc0\x02Q\xa8}4\
\xe7n%|\xbd\xc6F\x11O\xe0\xe3\xe7p^s\x7f\
(\x04\x9c\x8e\xf0\xd2lx\xf0K8w{\x01\xbf\xfa\
\xfc\xed\xf0\x8e_\xda\x09\xcfy\xd4\x00\xe6P\x10\xa8G\
t\xd8Ih\xad0t\x0b\xcd\xbe\xfc\xf6X\xd0\x12\xdf\
\xb9;\x07\xde\xe4m\x9b\x07#\xca!+Wat\xec\
6Z\x16$\xba\xf1\xf2#\x9c12\xaa\xd9\xfa8\x5c\
y\xce\xaa\x94\x95g!\xc6\xed7\x87\x0e\xe95\x08\x1b\
}\x1fX\xc0\xb3)\xa7ubq\x987\xdd\xf3h\xd8\
\xbf~\xa1\x9cd\x0e\x92\xaard(X\xc8g\x13\xcc\
m\xda)\xc2\x0d2\xc6\xb4\x8f\xd9\x9e\x8d\x940\x1c\xb7\
\xe0\xbe\x80\xf9{\xf7\x8a\xca\xadM+\xa0\x00(\xa1`\
H\x8cY\x19\x8b\xc9\xaeqq;\xfe3$\xd4L \
\xf5!\x1e\x87 \xf41\xf3\x8ar!\x1e\xf40L\xc1\
\xccN\xcc\x8a@\xc7\x00\x07=\xd3Je\xd3\xf0\xcd\xd5\
K\xe1\xfd\x8bW\xc0z\xde\x93\x80@\xb6\x04p\x9f\xea\
\xa2k\xb6\xd0O\xab\xf0\xb5\x5c\x0d\xb0\x18\x0d\xe0\xb9\x0f\
[\xa3\x9a\x0a\x12\x90\xe5\x5c\x97z\x1f\xba\x84P`\x5c\
?p#\xc24\xc1\xea\xd2\x09\x18\xac\x0d\xd9\xd21Q\
\x0c\x92\xfd;\x8c\x81Ps;=\x9a\x04*c1\x0c\
n\xec\x80\xd0\xb6B\x87\x0d\x9aM\x94\x02n\xd2\x8c\xf8\
\xc7\x7f\x17\xb8/\xc7\xe2\xcc\xa4i\x81G\xc8\xe3\xc2k\
\xadVq\x9aw*`9\xf8$\x12H\xf9\xb3\xae\xd6\
\x1c\xb3Z\xd3b\xec\x98v\x1e\x1c|\x22l\x11+k\
:\x81\xd1\xd0\xf1|R\xc6?)\xf1T\xb6\x8b\x1bO\
\xd3\x8a\xec\xd0bsD\x9b\xd1\xa6e\xd9}OIs\
M\x9a\xa1v\xb7\xe6\x18\xf5\xc5%7\xb6\xb9\x8bl\x0c\
&\xeb\x80\xeeID^\xda\x962\x83\xd9y\xa8\x22\xc0\
k\xe0\xfd\xb7\x0e\xe2\xd6\xd0&\x8fV\xe5\xfbf43\
\x13\xd4\x13\x08S\xe3\xdf!\xd7P\x08\x83\x82\xac\xc1\xf8\
\xf4\x5c\x00\xcd\x14\xc2\xd04e\xf3\xc2\x8d\xc0H\x1a\xbe\
\xa6\x00v\xbdS%\xe6\xe3\xdd\x0am\xd6\xab\x89\x05_\
'\x95\xa3\xaf\x15\xe0\xe2\x9d=\xf8\xaf?\xb8\x0b\xde\xf9\
\xaa\x9d\xf0\xfd\x0f\x1f\xc0|v\x0a\xf2\x12+\xefz\xdb\
\x10\x97\xd9\xb5\xae\x01\xbf\xc7\xe25qc\x914\xab\xa5\
C\xb7\x00\xac\x9f\x14S\xbaD\xfe\xdbj\x93D8s\
\xb8d\xcf\x09\xd8\xbdy\x95\xe3o\x82PnA\xff\x0b\
\xc8x(\x9cZ?b%\x8c\xa6\xca\xfbp\xa48\x1f\
\xfe~\xff\x15\xf4\x5c\xd4\x98\xbd\x99\xbc\x80\xac\x98\x86\xf9\
m{)=\x90\xd7Dw\x88\xa4Y\xba\xc0N\xd9\xdf\
b\x89h{\x1f\xf6\xefvw\x902\x0d/\xb1h\x1c\
\xbfc\xf8\x0eA2</\xdeL\xccU\xf5Hk\x96\
{\x90y\xa3\xfb#\x0dN\x84\xd7qlx\x16X+\
\xb5\xb2i\x06\xbd\xe9y\x98\xdf\xbc\x83\x82#\xf9s\xb6\
|V0\x05\x7fs\xef\x13a\xd0\x9b\xa5\xf742\x96\
\xbd.\xfa\x17\xcc_4S\xfa\x95\x84\xf0\x1c\xae|\xd0\
\x22\xec\xec\xafz\x96\xa0\x00?\xd6b\x05\x19\xac\x1d\xfc\
*\xf4\xb2\x01i\xa9+\xcb\xcb0\x1a\x0e\x93\xcf\x88\x7f\
\xe7\x1fM\xc6\x8c,\x8ebA\xe1\xedb+I6$\
\x008\x9d\xe6\xf7\x83Zt\xf4\xfck\xbazZ\x88q\
\x9f'\x94\x8c\xa0\x7fs{f\xb2\x00\x02\xa4e\xbb\xfc\
\x8d3\xea\x05ZWp\xafe-}\x1f\x8d\x117\xfa\
\xb6g?4\xd5\xa7\x8b+\xd9\xf8\x82\x94{\x95\xbf\xd3\
,6\xbe\x81\xcf\xa1}6A`\xa7\x0fe\x1bq\x9a\
\xd4\x8f\xa3\x13\xb1is\xb6\xa8\x8f\x9a\xfa\xd9\x9f\xa4&\
\x0c\x1b\xc4\x90\xd4\xc3\x1bc\x0a\xc7:\xe1\xa6\xeb\x902\
]\x1fB0t\xfb\xb7m<\x9e\x97\xde)\x7f'\xdc\
\x07n\x06\x91\x15 \xfe<\x9c\xae\x0a4\xfc\x9fI6\
\xd7\xb8\xcd\xd8\xd6\x1a\xd2\xb1Ja\xe2\xd3v\x8a\xe5\x03\
\xdcB\xe9\xd83\xfe\x8dF\xf5\xab\x95\xc1\x99\xbd\xa9\xdf\
T\x1f>PP\xd3\x07\xed\xdfc\x9f\xa3d\x97\x0e\x15\
?\x03\x89\xe5C\xf6\x16\xf0\xda\x1f\xde\x05o\xfe\xb9\xed\
\xf0\xa4\x0b\x97a\xa6Z\x17\xd0\x1d\xdd\x13\xfc\xae\x10\xa4\
\x86\x99C\x0c\xfd\xa9><f\xd5ZJ\xb7:z\x1b\
\xd4\x94\x06\x86.\x85\xc4\xb9$8\xe7\x0c\x9e\xf5\xd0\x12\
\xa6\x11\xf7?8@\x86\xed\xeb^6{\xca\xd7\x7fw\
\xda\x00\x17K\xcer\x18\xe6}x\xc7\xc1\x0b\xe1`y\
\x16E\xb7\xb3\x09\x5c\x0av\xd7}\xf2\x7fg\xc5\x94\x03\
\xefU\xe4\xba\xc6|\x12\xbf\xa7Zk\x8cG\x04\xf1\xea\
\x88oK\x9f\xf8v\xa8\x9eA\xe0N\x88\xeew\x81\x5c\
\x02\x99-{\x10\x95\x96@S\xa3\xcf\x05_\xc4\x09\x16\
\xea\x1ac\xceA\x9ay]@o\xf3V\xe8/l\x96\
\xf8\x00\xfc\xe9\xd1\xf7_Y|\x08|i\xed\x12z\xd7\
\x98Q\xe1\x94\x145\xeb;\xc1?>\xdf\xcc\x5c\xd94\
\xed\x0b9\xe1\xfb\x9e\xad\x96\xe0\xbb\xf6\xac\x06\xe5\xd4y\
\xbd\xd8iTR\x1cR\x0e\x83S\xfb\xa1\x1e-R\x1d\
\x06\xac\xe1\xb0r\xea\x14\x0c\x07\x03\xb98\x14\xc2um\
\xdc:)\xef\x91s\xc5r\xab\x17.\x08\x84\xc9\xbc\xf3\
\x86\xd2\xa6\x18\x13\xa9\xd6\x82\x11\x90\xfa\xdb\x02\xf78\xe4\
\xc7(\x85w\xa3\x96\xe96\xc5\xa0\x16HavQI\
\x80h, P0(\xd3\xc71O\x09\x90\x02\x83\xcf\
\xc7\xcc;\x14\x0c\xe21\xfaku\xcf\xb4\xcd\xd7Y\xab\
\xe4\xb1!o\xe0\xc5%oW\x1b(\x8e\xde\x19\x1f\xe4\
`\x91\x09NP\xe11\xbd\x0fG!{\xb3\xba\x14\xf0\
D\x9f}\xefj\xcc\xd3'\x08@\x22\xa8Z\xe4g\xb6\
\xc6`\x01lQ\xec\xeeD\x80]\xa8\xc14\x99\xabJ\
l\xbeiq\x90pa\x1b\x8b\xc7_8\xddR\xfbL\
y\xb1\xc9\xd2A\xbb\x05=5hj\xf1\xcf'\xdc9\
\x92\x94\x95YX?e8\x07\xb6 \xb8\xc9\x1b\x22\xa4\
\xa7\xbbyh\x5c\x90\x89\x8cZs\xf9S\xf3J\x9b\x8b\
\x84(\xb9C)\x92\xb7\xe4\xfd\xf3\x7f\xb9\xb4\xb2\x8f(\
~\xa0$\x81\xee\x98\x80\xfb\xd7\xacp%\xcc}\x5cU\
\xbf\x89\x9a\x8e\xd7\xa3\x08\xf1A\xe4\xac\x81\xcb\xcf\x9a\x86\
?z\xf9>\xf8\xe3Wl\x82G\x9c\xb3\x02E\xb5J\
\xe0=\xeaw\xe7sG0\x83jG\xa5\xf3\xe1A\x85\
\xe4\x19\x92=\xb3\xbc\xffz\xd9\x8b)s1Wx\xaf\
\xcb\x15x\xfc\x19+P\xbb\xfd!\x0c\x9d\x00~\x84h\
K\xd4\xb7jw\xdeZf\xd2\xb8\xe4_\x0c*\x1c\x15\
\x0b\xf0\xc1\x03W\x10\xca\x1d\x17\x04\x12!\x22/`z\
\xd3v\xe8M\xcdq.\xb8h\xc7\xfa\x5cF\x0c\xf4\xd9\
&\xaa\xc5a\xe3\xdd\xd5\xcc\x81\xe0t%\xf6YZ\xa1\
^\x89\x1c7\xd6f|\xec\x8a/\xf6\xe3\x9e.\xfb\x12\
\xadr,3k\xc6\x8b\x9eby\xb2\x16\xf8qEz\
\xe4u\x10\x09\xc1\xbd\x8fV\x82\x9e\xc3\xf0\xe7\x80C\x83\
\xb5!L\x91g\x8e%\x909+~v\xfb.\xe8\xf7\
fhM{Rs\x00\x01\x82\xfe\xf9\xf0\xe3\xa0\xec\xf7\
\xa0\xceF&nI\x05]E\x064\xda(\x9duo\
\xe6v\xd9U\xb4\x87*(\x86\x03x\xfcy\xa7\xd8\x9c\
\x9bc\x10#\xee!qc\xd0\x1e\xe2(\x13\xc4\x0e(\
\x97\x17\x99\xde\xd1{.a\xf5\xd4I\x18\x0c\x19Q\x90\
\xe9\x16\xa6?\xb2\xf8\x13\x9a\xe6\x0b\x09\x84\x14\x0b\x88\xa1\
7\xce{L\x0a\x1b~\x80\xf3b\xba\x16\xf0\x0a=o\
1\xc4xG\xd9\xdb\xf8o\x1f\xa5\xaf\xb5`\x94\xceG\
\x96\x89\xc4\xfd!\xde\x01\xf9kd+\x85\xd9c\xb5+\
\x83\xad\x9a\xbd\x8f\x09pcv\xe6`\x0fr\xe4\xe6\x97\
\x187\x1d\xa7NhP/\xc0\xc4\x16l\x7f\x85If\
w\x0a)\xee\x87R~\x18u\xd3\xde\xa6\xb1\x01\xbe\x9c\
u\xb3\x02)\xf3\x0b\xe1\xbe\x13\x99\x85\xbb$4#\x85\
\xc4\x92\xa4\xd3\xe6L\xd1\x1c\xfb\xda\xd4\xef\xcf\xba\x8e\xd9\
\x10F8\xe0\x8e\xe4\xa0&P\xa4\xe2\x00\xaa\x98\xb1\x06\
\xe6\xf1\x09\xe6\x14\x94\x8a\x8c\xd6\xc1\x8f\xd7k\x1av\xae\
\xfa=\xf6\xa1Z\x88\xef\xdfj\xbb^\x82m\x08\x02\xf1\
\xda\xdb_\x22i\xd0\xfd.\x9f\xdf/\xf6f\xdc5\xde\
\xa7H\x7f\xb9\xc7o\xd4\xf0\xff\x1f\xd3l$\x89\xfa\xd0\
\xba\xdd\x02\xfay\xd3\xa2\xb4\xf1\x86D\xba\x9fe\xf0\x84\
\x0bg\xe1\xaf\x7fz'\xfc\xf1\xcbg\xe1\xbb\xce>\x05\
9\xac\x12\xa8\xcf\x88\x82\xeb\x90\x19 \x11\x12!\xd9\x15\
\xa8a`\x99\xac\x1e1\x18L\xb9\x0e\xc3S\x07(\xf0\
\x8c\xcb\x1c7\xdf0^\xbf{n\x11\x1e\xb4k\xd9\x04\
\xf7y\xc6H\xa6x\x11\xf0|\x00i\xf8C|\x0e\x83\
\x83\x08l\xa4\x82\xb2\x97\xc3\x8d\xa7\xce\x81o,=\x18\
j\x8a\x0e\xf4\x96\x84\xa2\x98\x85\xd9M[\x09\xe8GY\
\xbf\x15\xbe\x89\xc1\xd3\xe3\x84\xc1$Zx2\xec\xdaM\
\xb6\xc6\xcdX\x17~\xc7N8\xe8\xba\xd7X\xf8\xe8w\
\x05\xe0\xd2\xb0?o\x1e\x88(\x80\x9eW\xeb\xce\x12\x80\
\x17\x07#\x5c\xc0\xdc\x8e\xbdd\x11(\x0b4\xb7c\x1c\
H\x0f\xde\x7f\xe0r\xb8\xa7:Cp\x06\xd9\xc5&\x83\
q\xfb\xce\x01\xd0Xk\x85\xcb\x1a\x909\x93{\x8f\x19\
\xd8U\xfbV\xa0_#\xe0SL\xc74\xc3\x80\xc7U\
\x9e\xbc\x83b\x0f\x08FY\xac\xac\xeb\x8b\xa7\xa0\x1e\xac\
Sq+2\xe3K\x00\xb4j\x85V\xf9k\xd2'\x09\
\xae6<\x8b-Wc_\x9b\xebcc\xe7KM\xff\
\xf5X\xac\x906\xebg\x9bU\xa0V\x85\x8b0=\x04\
M\xa3\xd1\xb5?Om\xc5\xd5R\xcft\xfd7\xe6\x9a\
>\x83Js-?a\x0b\x1e\xb4\xfex<\x1c\x0d\xa4\
L\xf3F\xfb;\xc5\x0e\x98\xe0p\x17\x03p\xba\x0d\xc9\
\x803\xa1\x925\x00\x09\x0d\x13\x1b%C*\x8d74\
R\x1f\x82C\xf7\x06\x0c3\xf1\x9bj\xd0m\xfe\xe4\x98\
\x19\xf3\xefZ\x01-Q\x89*\x91\xfe\xe1\xcd\xee^k\
\xa9:\xca\xb7Zsc\xc8\xf0\xdb\xcd3^\x10H\xad\
\xbd}\x81\xf6\x131\xf9\x04X\xd6\xde\x14\x14\xaf\x94\x9d\
\xc3\xc4\x8d\x22\x8a\x05\x0d\xcc\xd1(O\xfc5j\xfd\x81\
\xb3\x00<\xf0\xadiF\x8b+\x945k\x09\x84\xf7\xa4\
\xfd\x8c\x936\xd4RJ\x0c\xd6\xcaj\x98-\x00\x9er\
\xf1,\xfc\xd5\xcf\xec\x83\xd7\xbdx\x01.\xde\xb6\x0c\xfd\
jH)\x5c9Z\xc6(\xd5PRGM\xba%\xed\
\xa3\xba\x86\xe1\xc9\xfb\xa0\x1e,Je@\x8f\xac\xe6\x9e\
%\xb1\x02\x8f>c\x156\xc1\x9aPc\x99\x93\x0ao\
\xa25\xf2<1j9\x0b4eNCS\x22Q\xc2\
\x00i{\x09\xf0\xae\xe3\x97\xc3\x00\xb0\xd8\x8fO\xb1\xc2\
\xdf\xd1\xd7M\x11\xfftV\x94\xf1\xc6DY\xd7[\xec\
Kb\xf1\xa3\xe8\x80\xb8\xaa-i*\xc2t%R\xbc\
m\x8fY%B\xc7\xe4]?>\x86\x86\x89g\xdaZ\
\xc5F\x17\xc6\x06 f\xaf\xa6j\x89\x1f\xe0tN\xb6\
6R\xbf\xac\xca\xc9\x8f\xc6\x19`\x9f<gb\xdc\x86\
\x89\xe7Ss0\xb5i\x9b\x98\x88\xd9=s\xb4>\x0b\
>q\xf2aP\x15Rv8\x88\x04\x97ehK\x0b\
6\xc5\x8f\xf8\x83\x12\x8aQ\x05\x0f\xde\xbd\x06\x9b\xa6\xb1\
\xd6\x83\x05\xe0\xb1{\x9eE\x9a\xb5#7\x8b\x86\xcf\xff\
cCN\x0d\xcbK\x8bP\x0d\xd7\xd9*\xa52Q\x03\
\xcf\xde\x8eG]!\x16\x12X\x9e\xd5b\x8a\xb7\xff\xc6\
\x9fo\xb45\xac\x0b\x09\xabt\xdbsb\xc1\xde*\x8b\
Y4\x1c\x1bc\xc5\xfa\xa6\xc5\x18h\x1f{\xdb|\xdd\
s:iJ\xe8\xdb\xefRD\x1a}9\xcb\xad\xb1f\
EA\xb4\x81P\x10\x05\xc6Ol\x7f\xb5\x1d\xb5\x9a\x96\
\x8d)\xc3M\x02u\x05u\xde\xd8\xfa\xcaN\x8a\x97\x14\
\x1bE\xdf\x12\x97B\xca\x1e\xe0\xdd\x11\xe9\x83b'f\
F\x17h\xb6]\x12(-\x882~\x09\xe8Ki\x86\
]\xc2\xc4X_\xa7\xc0\x15\xb3\xa9t\x9cD\xa9\xe3w\
\xbaVR\xcatBK\xf4\xf9\xe4\x87\xcd\xaf\x8fe\x9c\
\xfeW)(\x03\xff\x7fh\xaa\xcd\x14\x01\xe1\xf2)\x83\
\x1d\xeb\xe8\xff:\xed\xa7S\x96\xb9B\xa0\xd2\x86\x07\x98\
\xcfkx\xe6e3\xf0\xd6W\xef\x85\xdf\xfe\x81\x1e\x9c\
\xbb\xf5\x18\xe1\xf9\x93O\x98b\x10\x14\x05\x93\x10|\x9c\
\xd0\xbc|\xe8\x0e$\xe1l\x8e\xc4\x93\x940)bv\
\xc1\x15\xe7\xa1?x(Y6\x12H\xa9>c\xe3\x02\
\xa0\xf1u\xee\x09v\xc7\x0d\xf3-\xf0\xe9{/\x17\xa4\
x\x95#2\xe8\xcd\xccCofN\xcc\xa3\xec\xff\xe6\
5v\xa31\x96#\xaf\xd2'\xf7\xa1\xdc\x1b\xacz*\
\x06 \xfeL\x09\xba{\xa6g\xfe>\x0a\xa7I\xdcb\
\xc1\x82\x85\x08,\xf3\x1c\xee\x8b\xd0,\xab*\x0a\x95\xff\
\x09\xdc\x08N\xf0p\xb2<_\x8b'uj\xdbN\x98\
\xca\xfb2\xcd\x82\xd2\xef\xdew\xf0R\x18\xf5f\x8ce\
\xca0(\x03\xb8f\xa1\xb8\x95\xf9[\x8b\x07\xc3\x09W\
\xb0\x90/\xc3\xb9\x9bW\x1b\x8a\x04\xf7\xe3^\x00\xac/\
\xee\x07\xc8\x86\x90\xd1\x0f\xd37\x92w2\x80\xb5\xc5E\
\xc8\xca\x81\x8b\xc3jc\x07!\xc3\x11Cy\xf2\xfc<\
\xb0L_\xd7#\xf5\xd3\xa6\xed\xb7=\xb7\xd5\xf2W\x8b\
K\xc0\xfd\x8d\xd9,\x9c\xb1\xc1v\x81\xc9\xe6\xd0\xa6y\
7\xffN\xe9\xf2\xfe:\x1b$\xda%4\xf8=\xa2\xcc\
\xdf\xaf\xffF\x14\x18y\xe3\xb1\xfej7\x911\xe9W\
\x1c\xdd\xcfY\x89:h\xce\x81&\xb4d\xf2=\xb1\x0f\
Mq\xbb-\xac\xa9\xfe\xce\x9a\x8b\xcf]\xf7:\xae\xf7\
_Y\xeb\x81\x8e\x89< nr!HL\xda\xa4\xaf\
\xd6\x09\xbe\xde2\xe8\x181\x8e\xb5\x07\x0d\x04\x91\xa7\x19\
\xa2\xe9\xb6\x1eJ\xfa\x181,LQ\xfd\x8d)\x17\x84\
\xef[\x0b\x94\xf8\x03\x82\xf7\x91Y.`Fj\x81\x10\
aI\xbfs\xbe\xcaps\x84\xdeW\x91\xb1\xc4Q\x99\
\xd4\xa0\x1a\x9f\x84\xee\x18\x9e+\xcf\x17\xff\xe2\xb4%/\
Yj\x0c\xc0\xff\xf7[\xb7\x5c\x8bAu,\xa42\xf1\
\xf7\xfbG\x09>_u\xba\xcfV\xc1M\xab\xc9q^\
}\x0e[\xfa\x19<\xf7Q\x9b\xe0o_\xb3\x0f~\xf9\
\x999\xec\x9aG\xd7\x00\xfa\xf2\x94s\xb3\x8f\x8f\x89O\
\x06\x83\x13wHP\x1e\xbfO[Z\x98\xeb\x0cpT\
\xf8Cw\xb1\xcb\xc0C\x17I\xec\x8c'\xc9\x22\xf93\
\xe1\xd6\xec\x95\xe0\xcc+N@\x96\xc1\x8d\xc3}p\xf3\
\xfa\x1eqC+\x96z\x01\x0b\x0b;\x99\xc1\xbb\xba\xf6\
J\x07l1.\x8d)h\x9e\x1d\xb6l\x84\xf5)\xb4\
4-G\xb1\xabv\xed\xe7\xa9\xb9\xd8\xfa7+e8\
\x07\x13o\xa4\xc9j$X+\x83\x8e(\x1a\xc5$$\
L\xc1d\xf5\x12\x81Qk\x00`f\x83\x06\xbe\xf9\x5c\
\x0e\xb3/d\xber\x8f\xab\x9d \x94\xa3\x80>\xc5I\
\xd0\x0a\xa3E(/\xe0\xab\xc7.\x82\xc3\xf5.\x18\x91\
\x9b\x85\xfb\x08\xe6\xe8\xd2\xba\xa2\xaa\x9d\xc2$\xfc\xdf\xe8\
|A\xbc\x89!\x5c\xba\x0b\xdd\x0c\x5c\xf3\x81\xde\x89\x1b\
\x03\x0bl\xb4.+\x8b\x00\xab\xa7\xe89h\xed\xc1\xc7\
Q\xa2\xa4<wi\xf1\x04@9\x0aS8)FB\
\x05i/T)Mu.\x06\x07\xf5,\xe6y\x92\xce\
\x0cM\xf52`\xa3\xb5*a0\xae)\xde\xbf\x08\x02\
\x01\x96\x7f\x84<)>s=\x15.\xea\xdf2\xebL\
\xfevV\x16\xde\xc7\x5c\xa5\x91\xe1\xec\x1dF\x81\xfa\xff\
;Z7\xe3\x0e\x95\x0c\xb5\xbc\x05\xf7M\xea\x07s\xf7\
5-\xe2\xad\xeeq\xc2\x00\x08\xaf\xa5j\x80i\x8d\xbe\
)\xd1\xf0\xe7\xa9\x01jdhSCf\xc8\xd9\xa6\x88\
!\xb75P\xc2P\x02S\xb0\x14\xfc\xf1\xb9\xe0M\x89\
\xca\xe64\xdb\xc9\xb6\x99\xdd\xbb\x98\xb4|\xd1\xf8\x9e\xad\
\x18fQ\xed\xe6\x15M\xbe\xb5\xbaE\xd4T+\xc1\x1f\
\x827m\xc0_\x1aX\xc7@\x063RT\xd4_t\
E\xf2\xbbI[r\xdd\x5c\x8aQ\xdb6\xfb\xff_c\
\xe4\xb2\xf0\x13\xfa/\xfdcS\x9f\xd4\xc4\xbd\xd1bC\
\xcd&F~\x22\x94[\xa6\x01^t\xd5\x16x\xe7/\
\x9d\x09?\xf1\xa4\x11l\xcdW\xc4\x0d\xa0p\x9dRm\
n\xe5X(\x00\xab\x95\xc9e\xe4#\xb6\xc6*\x9c1\
\xbdL\xb9\xdf\xea\xea\xb2J \x83\xb4Ha\x99\x0eS\
\xad\xfe\x8eD\xf2\x13'\xcf\x86\xf5l\xda\xa7Vf\x00\
\xd33sP\xf4\xa6#\x0d\x93\xf7\xb1\xfePHX\x80\
\x1e\xe9\x9fw\x7f\xc3/]\x04~\xe0\xa3\xf7x\x00\xcc\
$\xad\xe0\x97\xda\xad\x1eD\xc0YF\x82\xfep\xddE\
\xe3\xa7\x08n/\x90x\xc2\xee+\xf9\xb9\xf1\x04\xd1\xd8\
\xfcv\xa67\xed\x82>\xe1\x10\x94\x00\xd54,\xc2.\
\xb8y\xe9\x5co\xa6\xd5u1\xb4D\xdfAc\xbc\x14\
Dj\xe2\x86\x04\xf8\xe9\xd23\x07L[\xb3\x11!A\
\xc66:\xea\xab:\x05\xd52\xc3\x07;\xd5\x86\xb8 \
\xa6i\xe2trX&!`]\xc6\xa0q\x11V\xcb\
\xb7\xbbP\x9e\x12\x98\x95%\x88\xd5K}\x9d\xf5\xe9\xbb\
ZdW\x18\xab\xfdRp&/\xa4C\x5c\xb4\xb7*\
b%\xbb:\xc6[\x0a\xe2\xc6\xa2\xb4\x17\xa3\xc7\xb5.\
\x1ed[\x9b\x05\xf2\x81\xf4\xaev\xbb\xa0M\x0c\x80\xd5\
@[M%\x86\xa1\x13\xaa\x91\x93aMzLd2\
\xe7\x99\x85y\xc9y\x82\x89\xfb{\xd2\x8b\xe2\xa5\x181\
R\x8d1\xff\xa4^\xa85\xb1Y\x8d\xc5\xf5\xef\xa4\xed\
\x84\x09+\xea'$\x81\xed\xe3\x88\x9f\x1d2\xfbx\x1d\
\x1a=\xba\xa7\xfb@K\x0eX\x89zO\x16>\xde\xc8\
\xa1\x0b\xc6\xa2\x18\x03v\x18*e~\xa7\x02\xf6\xff\xdd\
\x9b\xd5\xaa\x14\x87\xc0\xbe\xf7\xb4%\xe0t\x85\x00\xa2\xe1\
X\xfdN0~\xe9\x9f\xbc\x82=s%\xfc\xfc3w\
\xc2\xdb_\xb3\x1b^\xf0\x88\x12\xa6\x8be\xae\xb0I\x8b\
?\x84\xb5\xe5c\x0e7\x90\xd1\xc4\xf0s\xd5\x98\xf9\xbd\
l\xea/\xc1\x9eY\xfc\x8eK\xf6\x92V\x1a\x18/\x91\
I\x8be\xaeK\x1b\x13azX\xf7\xe0\xcb\x87\x1fB\
\xfd\xe4\xc8$d-f\xe7\xb7\x0b\x83g&\xc7\xa8\x9b\
6^\xc2@\xc1:Oc\xc8\xdcZ\x9fm\xff\x8eb\
\x04\x9c;G\xe27T\xf8a#\x22\x17\xef\xb5\xe6\xd4\
\xac\x11\xf1/\x85\xc9\x1c>\x82\xa1u\xc4\xech!M\
\x94\xb9\xb7\xd8\xd91p\xa0\x95\xc1I\xd6\xfa\x13\x86f\
\xba\xa7b<S\x96Aon\x13du_\xe4\x93>\
|{\xf5<\xc9\xa8\xe0b-\xd4ec\x0d\xa2Cf\
\x04;F\xe0\xcd!\xcbQI\x02x\xe8\xb6\x01\x14\xf5\
\x88,H\x1c\xe8\xc9\xf7[:\x9a\xe7\x19\x0c\x17\x0fD\
\x11\xfe\xfa\xbe|\x80\xe8\xf2\xa9E\x80r\xc0e\xaa%\
\x1bC\xdet0G\xfe\x9c\xd7Bs\x00\xb2h\x1f9\
\x01\xba\xc5b\xd8\xad%\x87V\xa9\xb8\xb9\xb5p\xc1s\
\xb1h\xa9\x01\x99\xa1\xe9\xbd\xcbe\x90u\xc4\x9c\xb0\x80\
\xa8\x01\x94\xe3\x05\x80\x94K:m\x9d\x0e\x9f;\xa9\x0b\
y\xd2\xd6\xc6\x03\xad\x80\xc2V\xc5\x86oB\x7f\xd7\xc1\
\xea\xf9m/\x09\xdb6\xe8N\xa6h~q\x10\xb3c\
\x98\x16?\x07\xb7\xbbTF\xa2\xcd\x90.\xfe2\xa9$\
\xe6\xe2\x02\x04-\xcd\x13\x09\xcf\x1c\xf0\x87\x93*\x0cQ\
\xd0\xfb\xa3\x22\x1e\xa9y\xdb\xbf\x1dP\x12\x05\xa0\x98\x14\
\xacpU\x82\xa7X\x91\xc3\xae5\xe7m\xbbS\x91X\
\xab\xc9[\xfb:\xc9\xda\x18\x80\xa3\xfb\xb3I\x1f\xa8\x0d\
~\xff\x9a\x9a\xe6\xf9/\x15D}\xc0\xa0\x15\xd0\xec\xba\
\xb0K)\xc4\x0f\x98\xa4\xc9\xbb\xa3G\xb0m:/q\
\xbf1\x03;w{\x0e\xbf\xf1\xc2\x9d\xf0\xd6\x9f\xdd\x09\
W?d\x00E\xb5\x06EYK\x06\x8006\x8d\xf4\
\xd5\x1ei\xe3\xe4p\xe6\x16\xac\x5c\x88\xc1\x5c\x08\xbc\xc5\
\xae\x0d\x9e\xa2\xc6\xad\x88\x05\xc0\xcc\xb51:\x93_\x5c\
f\x9b\xe1\x86\xb5\xb3%\xed\x8d\xc9\xff\xd4\xd4\x1c\xf4\x8a\
9\xb7\x1b\x93{\xc5\xf5/\x82\xbc\xd2\x8a\x18\x18KK\
v\xcbO\xb3/e\xe46\xef^\x5ch\xee\x0c\xfa\x82\
c*\xb8p\x0b\xad\x99M\xc2\x1e**\xd1\xd0\xbdp\
\x16\xa5\x15\xc7cs\x02d\xc2\x17\xce\xa4\x12Q\x00F\
0\xbde\x9bd\x8a\xe2\x09.\xe0\xba\xfb\xf6\x00\xe4\x08\
\x99\xac\xa6~\x11\xa0\x94id\xcdw\x22\xec\xcb}\xcf\
\xb9\xff\x5cj\xf9A\xbb\xd6`\x13\xe6\x98\xe2>\x22\x17\
@\x82\x89a\xfe\xc9\xa9\xbb\xc5\xcb\xd0\x5c\x1bL\x0d\xd4\
z\x08+\xa7NB]\x96\xae.A\x96\xa4k\x8e\xfa\
:!*2\xbcOl\x9a\x1e\xd7Rw7\x85ug\
\xe07\xd9U\x16\x0b\xa4\xf9\xcc\x89\x9e\x9d\xc9\xfa\x88K\
4\x1e\xff$\xf7\xda1\xa4\x84\x8c.\xe1\xa4\xb1G7\
\x18|\xdd&\xf0\xc4\x82\x86u\xfcD~.a\x80&\
\x98F\xa3\xe1\xb5\xd9L\xdc\xa6\xb6\x9e^(\xcb\xaa\xd1\
\xcfB\xbeH1oq\x10\xa0\xafZ\xd4DZ\xe2\xbe\
]\x80\xc6\xd8\xbcn\xadSmb\x02\xa2\xc8}\x8d)\
\xe0\x12\xa1,UPb\x0c\xfa\x19\xf1`\xd1|\xd8t\
\xa6y\x0a\xc1v\x8f\x00!\xd2B\x00\xaf%ja\x8a\
)\xe0\xa3\xa3m.<\x17\xecp\x02\x88\x8b\x11`_\
W\xa3\xbc\xa3yfl\xc9a\xad=\xda\x8c\xd1\xea4\
\x82~\x02\xeb\x02\x12C\xcd\x8eE\x9f!z\x8b\xc6\xb8\
P&h\xfc~\x91qN\xc6<\xc3\x82\xc6~_\x86\
z\xa6\xfd|C\xa3qZ\xa3\xfa\xed\xf9}+\x83\xb7\
g\x02\x9b_\x7f/\xe9s\x16\x7f\xe7\x1ct\x0f:\xb3\
$2W\x0f\xf4\xa2\xc1w\x17\xed\xe9\xc1\xef\xbdt'\
\xbc\xe1\xe5\x9b\xe11g\x9c\x82\xa2\x5c\x93\xf8\xb2P\x80\
T\xf0\x19|\xf2\x19\x0bK0\x95\x0f\x9c/\xda\x05\x11\
\x919\x9f=\xefT\x13\x9e\xb4G\xbbG\xfc\xbb\xa4X\
\x121\xa7\x1e\x1b\xee\x83\xfb\x06\xdb\x09\x0b\x80\x5c%Y\
\x06\xf3\xb3[)8W5G\xc21\x88\xce\x1e\x9f\x17\
\x99\x9f\xd4\xb7o&N)\x86\xbf\x08\xbf\x89\x88\x7f\xb7\
\xe3\xd4\x0cM\xf9\xe6\xf6\xdd\xfaJ\x85\xba\x9a\xfe~\x8e\
n\x0b+\xbe\x19\xed\x9e:\xd7*p\x5c\x9f\xc1Z\x05\
\xd8?.\xe9\x98\x84\xe5\xceE\x81\x5c\xff\x94\xb1\xe0\x9f\
\xcb\x19\x15~\xef)\xde\xbb\xee\xc8\xbc\x98\x81bz\x96\
\x95\x87\xac\x80o\x0f\xf6@\x99\xcf\x08\x16\xb4\xdcK\x8c\
\x9b\xcf\x82G\xf6\xf4L\xccZgx\xac\x8c\x8a\x87\xb1\
>[\xa7\xd6`~Z3\xae4\xca\xc2\xff`\xff\x05\
\xde\xber\x8c=\x1bn\x09\x0ds\xc6\xf7OE\xdb\xd8\
%y\xea\xd4I\xa8J, \xc4\xb4\xa9y\xd6%\xf2\
\x88\x00qX\xd0c\xdf;\xa6\x91z\x8c\x0c.I\xab\
\xe7\xd3\x9fu\xe7&i\xad\x98\xe9\xb9MS \xb2(\
\x98\xe1\xdd\xa4\x16: 9\x8d\x83\x18\xaf\xfd\xdb\x96d\
\xb2\xb4\xef7\x9e\x1a\x9c\xbe>\x0c\xa4\xf7\x05\xa7\xdc]\
\xee\x9a\x94\xf5\xc2j\xee\xf6\xf3\xae1\xd8>R\x16\x86\
\xbcK\xfa\xa0\xbf\xb1h\x86h\xac\xaam\xb6i\xac\x93\
.\x92\x95\xa3\xad\x05\xc2\xden\x11\xc0\xee\x9f\xd6\xc8\x87\
\xc1\x15\x94\xd1\x00<#/\xda\xf1\xbb\xe3C\xae\x8e\x10\
Xe\xd2\x96\x92p\xed_\xf1\x8bk\x8a1\x16\xf0\xc2\
6\x09V15\xdb\xd3}Z\xb3\xf5\x04k\xa7\xa9$\
I\x81\x8dK\x95\xb1\x85\x06\x1e\xa0\x16j\xd9\xe3\xaf%\
\x98\x13\x9e\x95\x03\x83g\x06\xc5\x0c\x89\xfb\x0bq$'\
k\xde\x848\x99\x84\x9d\x12n\xc7\xafqx-\xef\xb3\
x\x7f\xb3\xb0\xd1\x87\x12\x1eyA\x01/\xbcb\x00u\
\x89\x8c=\xec\x89\xb5I\x89=\xa9\x0b8o\x013h\
8\xc0V1\xd0\xf5J\x7f\x0f\xee\x0f\xc5\xaf\xf7i\xba\
d\xdc5B\x09\xae\xe6\x8dk;`\xa5\xdcB#\xa9\
\xf3\x1a\xf2\xa2\x80\xfe\xf4\xb4\x04\xc8\x85fq\x16\x1e|\
\x80\x1f\xa7\xf8\xa5\x81\xc3\xdc\xba\x99\x0a~\xae\x8a\x9fj\
\xb7R\xbc\xc4\xfa\xd7\xd3\xd6\xb4\xb4\xcbP\x1e\x18\x98\x7f\
\xbd\x8b]\xcf\x93'\xa6q4\xb9\xae\x84\xb7\x02\xb1\x06\
\xe8\xa7\xa3\x85t\x0cA6\x11\xfcZ\xc4\x89\xd7\x9a\xb5\
\xe5\xa9\xf9\xcd4\xd5!\xf4\xe0\xbe\xf5\xcd\xb0\x5c\xce\x22\
1\x95\xca\x956\x8c7\x9e#4\xf7\x8c\x14\x9c\xaa+\
t\x89T\xd0\xab\xd6a\xc7\x0c\xe3\x0d\xb8\x98\x8fx/\
f\x19\x8c\x06K\x02\x22f\xf5=+\xf8\x8a \x80\xc2\
\x0e\x06\x06.\x9d\x82\xb2\x1c\xf2|\x044\xc7E\xcb{\
\x03\x13\xfb\xdc}\x89*\xe3#o\x02\x9du\xcd\xaf\xad\
M\xa2\xb1[\x06gi\x94\xbb'\x82\x9eo\xaeO\x15\
\xfe\xb4\xb4I\x85\x08\x7fM\x9bA[-\xcb\xc97o\
\xbe\xf7\xf77x\xc9\x84\x96\x8c6\x0b\x88\xfd\xce\xed\x88\
6\xffC\xc3\xa4&\xda\xc5\xc4\x8bb\xa4w>0\x9e\
 $\xb2a\x03\xe9\xf7\x81l\x9e\x98D\xe8a\x8d\xc5\
\x89\x85\x9b&AM\xb5\xf8\xa546\xfd\xd8\x01J\x14\
\xb5\x0a?JLD#\xf1\xba\xbd\x1a\x05\xedF\xb1\xef\
a\xb2CH\x9f\x05<\xdd\xe3[\xb3\xb5\xc1J\x8e\xf2\
\xee\xee\xa70\x96\xf6\xb1w7fu\x18J\x85\xc4\xb8\
\x82!\xd4p`\x0d\xe0\xf0\x9a\x04RRp\x13\x15\x9f\
n\x05\x9e\x193*gY\x9a\x04\xbf\xc1ZY\xb4\xc0\
\x11\xafO\x08F\x13\xf4Ok'\xe8\x5c\x8c\x92\x13A\
\x9b\xfa\xb5\xc1\xaa\x8bP\xf6\xe0\xd0\x1dw\x91\x85\xac\x0a\
\xd0\xd0\x84\xd6\x8b\xf6\x88\xb7\x5c\xb0\x87\x03\xf0hDA\
U7;\x0e!\xd4jr\x0e\xf6C\xe5\xd2\xd9\xf0l\
\xde\xbc\xb6\x13\xb2zJ\x90\x1f{05\xbd\x09\xea\x02\
\xc5\x92&\x11\x1a\xb7\x17\xe2\x12\xa9\xe1\xef&\xad+3\
Q\xf5\xe4#\xe7L\x1b\xb3\xf2f\xad\xf9G\xa3\xfe\xed\
\xda9\x22/\x96\xaa\xf4\xa0\xcc\xd9\x8f\xfc\xc7V\x01\xc0\
\xbe\xb9\xc6\x9fy\xef.\x98\xd2\x8f\xc5Z\xdb\xfc\xac\x15\
\xb4\x06\xa0?;\x0fy\xde\xa3X\x80S\xf5n8\xb4\
\xb6\xcdW\x9e\xb3\x02\x98\xa6\x81\xaa\x91]\x859[\x05\
\xc9\xd9!\x05e\xb0\x1e\xc2\x9e\xd9%\xd1\xc8Y0\x0c\
\xd6X\x95\xfcr\x05\xea\x11\x06\xf9E\xeb\xa2\x96W\x0c\
V\xa4Z\x0f:\xaf\x1cV\x96\x96\xd8\x12\xd0|\xa9n\
\x8e^pU\x01\x84\xe7\x9d29Oj\xc2\xf6{J\
b>\xc60\xff\x98\xb1\xc7\xfb\xd2*\x92\x1bz~\x16\
V\xf7\x9b\xb8\xb9\x92\xdb\xe19\x0b\xac\xb3\x1d\xae\x91P\
=N\xbb\x136\xd2R\xae\x08\xbb>=\xfb\xf06\xa2\
\xe7\x07\x87\x8d%\xc9\xb8\xa3\xf6\x17\xe5Q\xfc\xe8\xe0\xda\
\xeb\xa2T\x1dm\xdf\x89X\xb36\xc6\xec6\x8ene\
\x8f\x05\x94\xd0\xc0\xd3}\xa6\xfev\xcf\x9bp|\xb8.\
\xac\xcf\xca\xd6!\x9cq3\xb2 2\x8f\xee\xb0O6\
\x9b'\x9cC\x83\xf0j\xc1\x22'T\xc4\xc8,:n\
%<\x16\x954e\x95\x18;\xb3\xe8\x80\xa6\xb4\xaeq\
\x0dM\xc7#\xf8\xf4\xdd\x03x\xfd?\x1f\x81\x1b\xee\x1e\
@?\xab\xe1\x89\x97\xcc\xc2\xcb\x9e\xb2\x13\x1ey\x8e\xa4\
\xeb\x9c\x86\x85\x22< \xf1^W\x811%\x0c+q\
\x0a\xb3cb\x1feX\x0aY\x85.vC\xd1\x19\x8a\
,=(\x02\x8e\xf2\x11\xdcv\xcfa\xc81G]\x85\
4=F\x12\xd2F\xf0\xa5U\x0eg\xcc\x0f\xa1\xa8\xd8\
\xc8j\xf1\xf8m\x92\xad\xce$\x9e\xb3\xfe\xee^k\x96\
\xc1\x81\xf5\x1d\xec\xa2\xc8\x11d\xa6\x073\xd3\x9b8x\
\xd1\xc5\x8f\x85>\xdf\xf0\x0c\xd8t5\xef)N\xadw\
\xdbg<\x0c\x19\xbb\xa6\xa0\x197^\x5c\x9eV?\x8f\
\x09\x1c\xf1\xba\xc0\xc4\xea$-Su\xaeY'\x9dk\
\x1b\xa4\xb2\x09\xec;6\x16\x00\xe7\xbfW\xb7\x86\xc6[\
HZqQ@6=\x0fP\xae\xc2\xb0\xd8\x02\x07\x06\
\xdb\xe1\x92\x1e[\x80(\xcd\xd6\xec9\xc7P\xcd\xb0\x99\
\xaf\x8aEA\x5c\xa3\x1cW\xcdB\xe4\xaeY\x16\xcd\x5c\
\xb4{sq\xa1\x1a\xadB\x85\xb5)@3;\xfc\xbb\
\xd3\xf8\x0a\x87\xbe\x82V\x19N\x0e\x83\xe5\xa5\x15\x98\x99\
\x9f\x87~\x9f1\x0d@\x96\x94\xadO*\x9c\xdb5\x1a\
\x1f\xc7\xb5\xf1Vu(\xa8V\x91\x08\xf9\x8a\x8dA\xa4\
{\xdb\x84\xc2:\x5c\x0f\xd7\x85\xbc\xc36\xa5\xb8\x9d\x86\
)\x1d\xf1\xef6\xbc\xd6\x1d63\xee6\x06\xdf|\xc6\
\xfdQ\xc0\xdc\xd90\xcf\xe9\xa5\xcd\x05\xe1&'?\xbd\
\xe6\x1dW!\x81\xb3/\xc61\x18\xed\xd3`\xdb;\xab\
A\x8c\x98g\xeeM\x09\x03\xad\xa6\x9b\xd3l\xaaY\xb3\
\x0f\xda\x83\xab\xaau\xa3\xe5\xae\xce>\xdb\xac'z\xa7\
\x92,\xae\xe8\xdc\xd2\x87\xfc\xcb\x1ewg\xcf\x15-@\
\xd6\x91r\xbd\x19\x97\x9f\xefA,h\xdb\x81\x16\xb0\x08\
Q\x0d\x1b3Q\xc0#\xf5m\x91*\xda<\x08\x0a\xf6\
\xc2\x9a5\xfe.\xc8g\x1bh\xa9}\xd2}\x80\xe2\xf1\
\xb2\xe6\x7f\xdd=\x03\xf8\x99\xbf\xdc\x0f\xeb\x83-P\xd5\
3\x80\xe4\xec}\xdf\xac\xe1\xdao\x1e\x80\xab\x1fZ\xc0\
/\x7f\xdf>x\xd0\x0e\x86(%\xda\xcf*m\xa7\x08\
\xc6\xe3H\x8f\xd7\xef\xd28\x0f\xdc7\x9e\x13_\xe3\xcd\
u\xca\xf0\x15\x88Gd'%\xde\xeef\x0e\xe6\xb2\x16\
&\xbd\x1ew\xe2\x91\xa3'|\x84\xba\x15,\x1d\xee\x04\
\x0a=%\xec\xe83\x9a\x9b\x0a\x8f\x1c\x99\xe3\xcaI:\
~\xc2\xf4,\x12~E\xab\xa5\xea\x7fh*\xae{p\
`m\x1bA\x01g0\x05E\x0e\x9c\xfa\xa7\xae'\xc1\
d\x8f!|j\x8a&\xe71\xb9\xd8\x8eFl\x0cW\
\xe1\xd3z\x1fn\xfd\xac\x96EQ\xc9R\x0f$A\x0c\
}\xd1-\x11\x94\xc5\x92@[\x9d\xbek\xe6y\xbb&\
u\x12\xc8\xa7/\x82\x18E\xdcP$\xbe\x9e\x970\x05\
&2\x9a\xfb\xf9\x1aa[\xe3\xa2\x88\xa5\x0b\xd3\x90\xf2\
k\xf4\x90^]Bov\x0b\x0cV\x10zw\x0e\x0e\
\x0d\xb7\xd1Z#\x12\xa4\xba\xaet5\x03\x1a(\x0cK\
\x15\x02z\xb74 \x16\xfe0p\x0fc\x076\xcda\
\x10\x1fG\xa9\x13]\xb0\x96\x00\xa5u\xe8J*\x07b\
9\xb2\xcb\xcd\xb5\x04X\xd0\xd2\xbd V\xc8\x9c]\x0e\
\xab\xcb\xa7 \x9f\x9f\x87\xa2\x8fn \x16\x12Hp!\
e\x0e\xff\xe4\x18\x0d\x15N\xc3W&5\x5c\xdcy\xd7\
\x15UF\x94\xa2\x0b\xf1\x9eW~\xa3o>\x04\x9bj\
\xd2]v\x04\xea;67\xcb\x98\xd0\xd5\xe9\xdfj\xe5\
\xac5L\xa5]\x1c\x06\xc57\xa4\xa9u\x9b\xf9^a\
|\x88\xa7\xb5\xd0\x95X9k\xe5\x1b-\xc5\xe2\xf8\x9e\
\x10!g\x5c\xf3}\x19kn\xec\x02\xb0\x13K\xfb\xa0\
\x8cy#aN\xd0\xdf\x03}\x007\x14b\x9a\x13?\
\xf3\x9b\xdb=\xb4\x1eoR\xec65\xb6i\x22]\xf7\
Y)\xbe\xa9\xdd\xb5Y\x0aR\xe3J\x09'\xfeHo\
\xac9%\xbbC\x90\xe0q\xd9\x0f\xf9\x85R|\x13\xd1\
-&\x80:\x8e\xe6\xdd-\x81.Q\xa3M\x82\x04\x93\
\xc6\xc2\xe8t\x1b\x05\xa8\x88\x9fk\x0f\xc0\xc6Z\x06\xa3\
,\x87?\xfc\xe0)\x18\x0c\xb7H\xe9W-\xcf\x9a\xc1\
0\x9b\x87ko\x9c\x83g\xff\xcfC\xf0\xdaw\x1d\x86\
\xa3+r\x94\xa3\xca\x92\xc9\x9e\x1b\x83\xd1\xf2\x99^\xb3\
H\xadW3\x129\x9c\xa3\xce3\xa5u\xa7\xd6\xde\xfa\
\xaa\xa5\xd0\x18\x9c<\xbe\x14\xd6\xa5\xb0ii\xf472\
\x84\x11l\x9a\xc2\xdfK\xff@)k\xcbQ\xfc\x9e\xb9\
(\x0e\x81y\xaa\xf4\xa3\x7f\xe2\xaa\x15p\xb2\xdc&\xe9\
\x84\x00\xbd\xde\x0c\xd4y_\xfa\x09\xad\x06\xc1`Z0\
\x06\xfc\xb5Fk\xd7{e\xbc\xce<\x9c\xdb\x823j\
\xde\x17\x8d\x9f\xdc\x02\x0c\xc5\xcb\xc1{\x05\x99\xd55\xe5\
\x91\xe1L\xd4Te\xc6\xe7\xb4>{>u5$\xb8\
\xcb\xbd\x83\xc4\xdc\xa2\xf7\xe6\xadD\xe1g\xf1>\x90o\
\x196\x18\xeb\x02\xceNC\x96\xf5\xa1\xca\xa7\xe0\xf8`\
7\x7fGy\xfb\x9c\xb5`\xef\xa7\x95\x14\xf9\xdf\x85d\
\x0b\xb6\x82b\xa6\xb8\xb8\x03\xac\x0c8m\xd1\x0f\xfd\x1c\
\x1d\xe8\x1a2\xec\xd1\x08\x8a\x8a\xebIDo\xc7,O\
\x04\xa9L\xe0U\x05\xd4E\x0eK++P\x8e\x181\
\x90e\x1cy\xdf~\xf3\xc0\xe9\xb6\xd8\xc5\x9c\xa6\xdb1\
\x8a\xcc\x06\x98_\x0c\xed\x1b\xd1\xfa\x9c5[\x9a\xc2F\
\x95\x9b\xe8II\x0c\x84\xd4\xfc\x9a\x16\x81\xc9Z\x97\xc0\
\xd0:\xaa\xc05\xd2\xe4w\x81\x000\xd6\xa7\xc7b\xea\
D\x83\xf1\xec\xd5F\xb97\xaf\xf2\xd1\xf0\xf1U]\xf7\
\xf1\xf7|\x06\x22\x01$\x8a|\x8c}JAtm\x14\
\xd44)\xf3\xef\xba\xc6\x91\x08\xf1!\xc5\xd7\xb5\x93J\
=\x87^\xcdqBAJ\xc8\xf0\x14\x95\x09\x9a\xe2\xbd\
\x9b\xfe\xbd\xef\x0dZS%\xc720B\xfb\xf2\xd5\x13\
'\xdf\x80\xa9\x1c]\xf5\x95O\xe6C\x96\x0ba\xad\xae\
\xe1\x1b\xfb\xd1p+\x04_|\xc4\x5c}\x1d\x91)\x11\
0w\x1a\xde|]\x1f\x9e\xf5\xdf\xf6\xc3[?\xb9\x08\
kC\xf4\xa5\xb7\xcf\xcf7a4\xc9\x12\xd8E\xb0W\
\xd8\x0f\xedK\xc6\xb61\x0b\x7fO\xdc\x9f\xafOOi\
\xe0\x91\xf6\xa3\x82\x00\xf6\xb2tj%\xd1\xafR2\xe9\
\xba\x1a\xc1tO\x8a\x0b\xab\xb6\xa7y\xe3\xda\xa7\xcbW\
\xc7\xdbSe\x96\xcdY\xc9z\xb0X\xcd\x09\xd6\x7fN\
\x15\xffl\xf1\x1cN\x05\xd5\x1d&\xc5s@\x19\xb3\x85\
\xe7\x8d\xc6\xad\x9b\x09\xb5{5g\xab\xe4*\xf7\xbb\xf8\
\x7f\xd2H\xc5\xff\x8bc\xa7\xb49\xc5\xe2\xf7\xb1\x00\x9a\
-c\xd7\x06\xf7DL\x97\x824\xae\x98\x01\xba\xd8\xb9\
f9\xde6\xdf\xab?S\xa1\xf0\x1f|n\x11\xf4\xf0\
\xcf~N\xa5\x93\xd1\xcc~l8\x0d5\xa7d8l\
\x83\xf0\x9d8\xce\xed,F\x8c\xea\xa7.'\xd1T\xe5\
g\xaa\xe7\xc1o\xfcr\xdbw\x81\xeb\x81Q\xfdR\x81\
\xd2N^\xc5h\xadu`\x00\x8d\x5cx\x03\x09g\x00\
+\xcb\x18\x13\x80\xa5\x84%\xfb_2\x93t\xf5\xe2u\
\xb2k\x93j\x1bw\x03\xea\x19\x09\x99h\xf0n\xda\xf4\
=\x7f \x124\x0f\xdcuj\xf9>\x9d\xb1\x99\x87\xf9\
\xf1\x18\x011vQ\xe9|\x82gE\xe3\x8fiR\xb8\
\xd7\xda\xf7\xa2m\xf6\xda\xd45\x82\xab\xd35\xe1\xa6.\
\xd9\xa6\xa9\xeb\xf7\xcc8\xc2\x817\x1el\xfdz\x9d\x8c\
\xd7\x1e\x92\x90x\xd9Iu\x8e\xc9|\xc7\xb2\xa4\xe2\x0c\
\x86\xc0E\xf1b\xb6m\x86T\xbf\xb6\x7f\xd6^P\x9f\
\x1a\xbf\x91\x5c\x1e\xbf\xf6m\x93\xdab\x8c\x81H\x82\xf5\
7i\xbe\xb4\x90\xb2\x16?\xeb\xc4fw\xdb\xbf\xa0\xc3\
9\xad\xe64[HD\x9b\x9fu\x8c\x86\xb5\xc0\xb5\x1e\
E\xbd+\xe3!\x9fe\xce%xQC$\x80\xea,\
\x83\xa3\x83yx\xed\x07\xd6\xe1\x05\xaf\xdf\x0f\x1f\xfe\xd6\
\x1a\x8c\xc8\x90\xd1\xb5\xbfB-\xc6\xe7\xf7\xa7\xb0+\xbb\
-N\xf6\x19N\xf7vD\xde\xf7\x17\xec[a\xac\x9c\
u\xc2T\x0c\xff\x19\x0eQ\xabo\xb7|\xa1\xc5\xa7\xae\
F\xd0/\x10\xcf^ ~\x9d\xe5\xd1\x9e=\x06\x11r\
\xf2A\xbc\xb6\xc4\x94\xe5\xae,\xc3\xca\x03\x12\xe1\x9dC\
\xaf?\xe5\xcc\xe3$oH\xe58e\x00\x1a\xb0\xc7\x9c\
T22\x1a\x84\xd9\x16\xedQ\xc6()\x8b\x8a\xa7o\
\x18\x11F\xa1[!\xa3\xed\xbd\xd1\xb7vOQ\x81\x1f\
\x1c\x81\xa7\x15,\xac\xb53!w\xb6\x82\x80\xc3\x8d+\
\x00\x0d\x01\xc1\xcd\x90S\x0fq\x89zS\xec\x7f_\x1b\
MQl\x05k\xe3M\x01\xd0\x8dL\xcf\xab0}\x9f\
\x22(_\xcb\x1f\xfd\x9e=\xab\xfc\x8f\x84\xa3\xba\x95R\
\x14\xc0\xf4:\x86\xd6\x1d+\xb4cV\x00\xe6\x86\x10\x1d\
\xcb\x01\x96V\x96\xa1D\xd8`u\x7f\xa85\x82'\x9e\
^\xe3qJ\xa5\xca\xb2\x92\xe5\x90\xba_\xb1%\xba\xde\
KXO\xc1\xceO\xc5;]\xd64S\xb6\xed\xf4\xdd\
\xcd\x1d{\xad\xa1\x5c\xc4\xd6#\xbf\xdf\xbb\x14\xb3\xf8s\
\xfd\xe9\xe2U\xea>\x09c[\xa0\x99\x05\x10v\xa2\x03\
\xf29\xeb*\xd5\x86\xd7\x84\x8dY\x9f\x08\x02J\xe0\xcc\
\xf7>\xcd\xceK\xba\x9cC\xcc\x8b\x11\x9a$\xb4\x7f\x9b\
\xdf\x0a\x01\xa1V3\xa77\xcf\x85\xf3!\xc2\xda\x1aM\
\x1a\xa5(E\x0bj\x7f\x0f\xe6(\x7f3\x9e\xbay\x1e\
\xa6M\xc9\xbc\x157?|\xae\xe4\xe7Z\xa8c2E\
Z)PL3\x14\xb1\xad\xeb\xd9\x02\x0dL\x0f\xc6>\
\xd8\xef\xca\xefY\xf3\xd7mc\x82\x18\xd4b\x901\x13\
\xa2\x1b\xbd,\xd5\xcc\xf9z\x15@\xe8}P\xdc\x87\x8f\
\xf0\x9d\xe4\x80\xc4\xda\x7f(\xc9\xb6U\xdcK\x1c`d\
`\xe2\xfe\xac\xd0\xbcM\xa6`\xc4\x8f`\xc2\x84>\xe3\
^\x8d\xbfa\x5c\x03{\xe1\xeal\x0an<:\x0b?\
\xfd\x8eS\xf0\xf2\xbf\xb8\x0fn\xb8s\x08\xc3JR\xa8\
\xe8\x11U\xe2q\xba&6\x16\xc2\xef\xad.\xd3p\xb8\
?\x99\xf10\xa3\xb4\xf1\x95\x844\x11Tr\xd43\xa2\
\xef\x80\x5ce\xa2c\x95\xa3\x92\x02t\xb8\x7f\xabUh\
\x5c\x0d\x1eg\xdc\xff\x92\xa6%>g\xde\xed\xec\xa7\xc5\
U)2\x05v\x11\xa6`S[\x9d/T\xfd\xa6\x19\
\x94\x15\xee\x93\x1c\xaa\xa2\x0f\x80?2\x22}\x17:\x17\
fP\xd2\x8f\x83)\xf6\x8c\xd7#m2t\xad\xafX\
\xc7L\x9e\x83\xcd\xf0\xdbBF\xcc\xd6\x16\x12\xec\x04\x82\
7\x0b\xfc\xed\xbel\xaf~\x1fZ\x13\xc2\xfd\xc6\x85o\
\x22\x8c\x86\xa0,\xb9+\xf7\x16\x06\x88iaByw\
\x88\x87`2\xeb\xdd{\xb741\x16\xd4\x18>[\xc3\
\x098\xbd\xb2\x98\x9e\x81\xaa\xe2td\xbeER\x011\
\xc5\xd6\x04\x82)p\x93\xfa\xce\xed\xde\xa4X\x1c\xd9O\
\xe4\x05\xae1\xacO0+\x1c\xe5\xb5\x16@\xfc/\x9a\
\xfe{\x90\xbb4@\xaf\xe9{\x18v\xbf\xb7\x03z\x8a\
q&\xf2\xea\xd4E\xb3\xbc\xb2\x08\xd5h\x1d\x0a\xc1D\
\xd0\x90\x09\x8e[\x8a\xde\x01\x09W:\x87\x16\x7f:O\
\xda\x88!6\x93E,\xa9&\x908\xd6d\xf9_\xc1\
\x841\xc5\xb2\xb4\xbc\xaf\xfe\xb8\xb5\x14+\x94\xdf?\xa5\
\x19\xcd\xc6\x22\xff\xd3\xae\x9f\xc4\x1c\x1b\xd6\xa2H\xe0s\
\xc1-\xa1\x82\x90\xea\x83\xfbQk\x85\x8c\xd9\xf97b\
\xf1\xde\x8eUxM\xd4:\xca\x01{\x82\xdf&!\xb5\
K\x1c\x82\x00\x16i\xf7\xc9\xeb]\xce}\xb3\x1f3}\
;\xe4\xf0\xc7\xd8\x1d\xc7Ir\x930\xae\x94\xa9\xa4\xed\
w;/\xf6\xc9)3h\xf6\xd7\xfa<\xfa\x89\x99\xa5\
y\x8e\x83\xe4\xf4\xcf\x8f\xbb\x8c\x85\xb7\xb6g\xea\x1a\xc7\
\x1a\x8b\xb52\xf8\xaf\x98\x08)\xf4\x89n\xbaqmb\
\xd3\xbe{j\xb7oO\x8b2y<nN[b\xd8\
V?_BV$P\x13$\xb8\xc8\xc4p\xdd\xfa\xf0\
\x99{\xa6\xe1G\xfe\xfc\x18\xbc\xfa\xcd\x87\xe1\x96\x03#\
\xd2\xbc\x989\x1b\xe8Z\xa7e\xc4\x82\xcb$\xc4\xc0j\
\x9b\xb1\x84-\x12\xbd\xe4\xc7\xb7\xfa\xd1u\xae\xba\xc8\xca\
\xd0\x93.0-p\xc2A\x99\xce\xd4\xcc8\xb1\x89\xfe\
\xeds\xd2B0{?y\x0f\x8f\x08\x19\xae\x86\x1e\xf9\
\xd8{\x01\x91u\xb5\xe2\xa9oa$\x09\xa1;\x1c\xae\
I\xa1\xb3.\x81\x80Q1\xe0\x8e\x17\x12\xc4\xc4\xef\xcc\
\x9c>E\xcd\xa7gE\xd0\xac\x0a9N\xa9\x96\x1a\xcc\
\xd6\x9eq\xe2\x91\xee\x8c+BfD\x95@E\xe0\xd1\
G\xa0\xb5\x81\x05~9\x7f\xb6.w\xb0\x9a\xean\xf1\
\xab\x8d|\xa97=\xe5|\xf3,cs\xd0 gI\
\x87L\xb8\xcb\xba\x1a|F\xe3\x1c\x1a&\x96V\xc8p\
=P\xf8m3Q\xc7\x9f\xc5\xcf\x8e\xcbg/\xad\xae\
\xc0\xdah\x00\x18%:\xf9y\xf7\xfb\x7fR\x0d\xdb\xee\
\x0f?\x9e\xd2\x08\x056\xaa,f\xb2\xf2v#\xdf~\
\xcaz['\x83\x92\xc7k\xf3\xe3h{\x8aWx\xa5\
2}}s=\xf9\x9d\x85.E\xfdL;n\xeeC\
\xfb\xcc\xf4\xdcD\xa8\xb4\x1f\x8ec\xd6\xa9\x89\xb4\xf9\xb4\
\xdb\xfc\x17\xe6\xb56L\xcd\xf13\xa2\xa7\xb6\x9aH\xf4\
\xf6\xb0;\xbe\x1e\x0f\x1c\x1e\x5c\x8b\xfa\x17?'xV\
\x879%\x9e;\xfd-\xd8\x06\x1a\xbc\xc3\x8d\xb5\xf7\xb6\
\xb1&\x07\x1f~ \x9aH\xe2\xc0H\xcdt\xfd\xbc\xd9\
\x7fL\xf0\x99P\xea\xb8i=\x02\x89\xbf\x19\x1c\xd3\xe8\
\xa7c/47\xb9\x97\xd8\xbb\x1a\x97\xc0\x9d\x00\x0dP\
m\x8c\xae\xb4m\xf00\xff\x9e\xb0@\x8as\x85\x08J\
\x9b\xe0\xc6\xaf\x15S\xf0\xde\xdb\xfa\xf0\xbc?9\x0a\xbf\
\xfdw\x07\xe1\xd8\xa9\x92\x83\xedL\xd0\x18\xfa\x8f\xf3\xa0\
4\xac\x8f\x01\x98d\xde\xe3\xbfS\x22.\x08t\xc1\xf5\
\xc1\x94X\xa0\xe9\xb7\xa45\xca\xbe\xe0%\xc9\xa0D\x1f\
\x87\xf3\x1b\xcb|\x02\xad+D\xffk\x13`\xd9\x121\
\x82~\x8f\xb5@\x14\x00\xd0\xc2\xe0\xfc\x87\x8d=\xe2\xb5\
\xcd\xf8\xbc(S\xe1}\xc7Q\xe6\x1c\xb8\xc9\xb9\xfe\xfa\
/\xd5\xa5\xb34\x22\xee\x834\xfd\xd8\x0d\xe0\xfbi\x0a\
H^\xc0\xf0\xd6\x97H8v5\x00\xa4&n\xa4\x5c\
\xa8\x1coW\x89\xf7\x92\xae(k\xce\xcer\x16=\x9f\
\x95\x1f\xafYs\x16K\x0ey\xafG7\xcc\xf48Z\
_\xe2\xce\x22\xa6\x9c\xb6\xae\xe1\xd8\xc9\x8d\x93 \x89\xb4\
\x87\x1dsH\xd17q\xa19L\x03\x7f\x9c\x89~\x08\
#I)>vM3#`c_+\xab\x98Z\xc8\
Bg\xc0\xa0ib\xcd\x8c\x22'\xdb\xc6\xaea\xb3\x02\
\xf5\x84\xae\xd6\x14\x83\x0c\xdd^\xfc0e\xfc\xe1\x1eK\
\x97(\xa8\xed\xb3\x0cCm{\x1f]\xadM\x83\xb7<\
0Ej\xbb\xfbmO\xd3g\x8b\x82ZUS+\xd9\
>F9]\x02\x14\x12l\x02\x0d\xe2\xd2\xc1\x86\x12\x5c\
\xa0m\x9a\xd9X\xb3\xb8\x9f\x1d\xff\xf8\xcb\xeca\x96\xc3\
4\xd6\xbf\xdc%=v\x85\xd6\x85\x13\xb6\xe3\xd1\x03g\
\xfb\xe4Hz<n\x0cw\xda\xb5\xf9\x9cf\x14^\xd1\
\xea>\xe8\x12*(\xb9\xcafQ\x04L\xc1\x13\xb6\xb8\
\xbfq\x9b\x86\x88\x94I\xc5a\x00\x99\xd6\xfa\x8c\xf1\xc8\
|\xccYj<\xf1\xd3&\xd6\x06\x9a\xe3\xec\xfa\x8a\xcd\
\x8b\xde\x81\x9d\x96\xd8\xb9y\xa2,\x802\xc4rs\xe8\
\x975\xac\x95S\xf0\x8e/\x15\xf0\xac\xffv/\xfc\xe5\
\x87\x8e\xc0\xa9\xa1OI\xb3-\xad\xcd\xc7\xd7\xb4\xad\xbb\
\x17\xfe\xa0M@\xd7`\xb8D\x9fJ(\xfbS}\x07\
\xf0\x134G\xec\x11\xbce\x0aF$\x00\xa8\x85$\x8c\
\xa4\x9f\xa4y\xa2\x8c\xfd\x0cavj\xc0V\xf6\x1ej\
\xac\xde\xbc\xad>m\xcfH\xb5\xacm\xa8m\xd9\xe7\xbb\
1H\x9c\x00\xbao\xb8,\xafj\xc1\x1c`\xe6\xeeq\
\xb0\xbbv\xec6\xef\x7f\x9c\xaf\x1e\x19T\x8fY<\x07\
\xd7\x18\xd8_)\xbb+P\xc0\x1aK\xe2\xce\x80s\xe5\
\x88\xa2au\x02sR\xb8&A36\xc1\xa5^:\
\xba\xc0nM\xfe\x1c\x83\x00{\xf4\xf8\x05\xcc\xdb'r\
\x8b\x15\xfdB\xed;]\x1b!e\xd8\x15TGD\x18\
$\xac\x9eD.\xbc\xef\xd4\x05T\x86E\xd4\xac{\xa9\
=@Xq\x02|w\xd2O\x0d0\x5c\x0b\x81\x82R\
Jh\x17\xad\x90_\x02\x8a\xdc&\x04\xf8\xfd\x14\xc7\x84\
Y\x01\xc0\x00]i\xaa\xe1\x06\xce\xc28z\x94r\x17\
\xdb\xef\xda~\x0f\xf8K\xdbX\xc6\xd0M/@\xc4H\
\xbc>\x9e!\xad\x18\x87|(|<\x9d\x00\x5c\xa4&\
\xc1c\xa90\xb1\xd1\x83\x22\x1d\xbes\xbd[\x01N\xfc\
}v\xf2\xc6oA\x1fx$\xacd\xea\x84\xc1\xfbN\
5\x05\xa4\x88\x17*lyDH\x9b2\xa7\xbdG\xcd\
\xe4V\xc2OI\xa2~\xb5l\x80W\x0c\xfe\xa0\xf5\xd2\
}?]\xd9t\x9cf\xa3D\xd7\x085\x9aQ\xe0\xa4\
|\xce\xcfo\xf3W\xf9q\x0a\xe6|\xa0\xf1K\x1aU\
\xe2\x9d\xfbu\xe0\xd4?%\xbd\xce\xacYwo\xe8\x98\
\xf9Lv\xf0\xba\x857\x0a\xd0r\x81F\x11)\x14?\
\xa6m\xf6o\xbc\x9c\xf4M!\xc8\xb4\x8cy\x0eG\x86\
\xb3\xf0\x07\x1f\x06\xb8\xe6uw\xc2\x9b?z\x1c\x96\x06\
\x95\x83Y\x95iz\xbff\xd4\xba\x83\x04\xdb\xe7\x13h\
\x1d\x14\xab`r\x91\x05C\x9e+\xfe\xb1/unz\
Z\xca\x16\x87\x0c\x91\xe2j\xa4nF]L\xc3\xf2z\
\x1eaA\xc8\xb16\xeb\xef\x5c?\xc6\x8a&Ovh\
xl\x1d\x1a\xc1\x96\xfe\x0a\x14\xd0\xa3\xa8u\xd2\x0e\x95\
I\xa1\xe9U\xe2WH\x1f%\xdb\xaa\xe0\xeb\x07\x8c^\
\xf8\x031\x5c-\xa7\xab)\x7f\x09\x22*n\x86D\xf9\
)Wi\xc4\xa1(\x92_\x9f\xad;\xfa\x9e\xdc=\x01\
\xac\xadf\xc4p\xe1\x1d.\xedk\xdd4\xca$\xf4}\
)\x01\x96uK\xd6!Q\x98cY/W \x8c_\
nL\xb2p}\xf0]\xe2\xe7\x9a=\x81V\x95\xed\xfd\
\x93\x1cqA\xb9\xfc\x9c_\xa3h\x8f\x8a\x7f\xef\xb4P\
\xb3\x17)\xa1P\x151\xc12\xc0?O\x0dD\xe0\x91\
\xda\x0b~,\x22t)\xca#YS\xbc\xf0\xe0\x19\xbc\
X\x12dO38\x11\xaf\x0bo=\xf5Kk\x00\xae\
ZT\x0a\xc2\x10\x08\xbc0\x1a\xffBR\xa5Xk\xe3\
\x03j\xe3\xb8\xcc\xa7\xa1\x0dCc%\xcc\xda\x9b\xda\x1c\
\x9e\x8fp\x5c\x83\x0a\x5c\xfa;\x03\x1b\x99~\x03\xba-\
\xeb\xa8\xb4\xb3\x96\xf7\x1f\xd1\xd3\x94\x99\x7f\x9ce8\xe8\
O\x9e\xaecmG\x0a\x95\xef\xa2\xfc|\xd3\xb3\x19\x8f\
\xfe\xae|X\x99~\xac\xa4[\xe1\xc7\xaen\xb3N\x0f\
\xd6\x09\x99\xdc'\x13\xa7\xd8\xb8I\x87o\xd3J$\x8d\
\x09\x99\x89\xb8o\xac\xb4\x1d\x0d\xd0\xc9v\xea\x97k\xa8\
Wm[\x8a\x9b\xdb\x08\x13HXt\x1d\x96m\x0d\x22\
\x89\x9b\x96\x87\xe6\x16hj\x8b<\xf7p\xadhM\x1a\
\xcb\x11n\x8a\x02\x89\x9c\x02\xf5\x18\xb4>W\xfd,\x08\
\xf4i\xdf\x8c\xad\x1bU\xd2\xa2\xacd\xdc\xe9\xee\x91\x82\
5]\xd5\xbd\xc2g\xfb\x94.\x0f\xeb\xec\x03\xc3\x92\x1a\
bG\xe3wo_\xa4\xd7\xc0t|\xb6\xd9\x80\xba<\
b\x0e>\xf8\xac\x0fY\x91\xc1\xc1\xd5M\xf0\xff|\xa0\
\x84\xe7\xbc\xee>\xf8\xdf_X\x82\x01=\x83\xc9:\x05\
\xd7%M\xaa~~\xe3\xac\x04\xed\x93\xea\xa8,.\x0c\
\x7fvn\xc6\x05\x92F#\x90\xebx,\xa7\x86\xc8\x00\
\x8a\xc8\xb6\x19\xf5N\x02\x94\x8f\xc6O\x8d\x07\x84\xbc\xef\
\xed-\x02\xf4F\x92Z/b\x90;\x93>\xe0\xd4\x11\
R\xb9\xdf\xb9\x12DC\xa4\x94\xbc\x002\xd7\x0b%\xe1\
\xbb\x8f\x85\xa8\xaa%\xd6\xc7\x07\x0a\xc6\xbe\xd2\x86\x0bO\
\xad\xb8v\x9f9\xf7\x90\xb8 $0\xd1Z\xd7\xc2\xc6\
B\x83\x16\x13j\xcdH\x88\x02E\xe9G\x18\xb2\xb2n\
\x8e\xc0/a:\xcbh}\x11\x1c\x88\x10\x03E\xb2M\
\x16Yu\x99\x19>F\x0a\xad'\x82\x0f\xc6V\x8d:\
\x87\xe55v\x87p \xa5\xc5\xb10/\x1f\xe7K\xe9\
\x94\xaat1cR@\x1f\x1a\xa99\xab\x144J\xfb\
_\x99\xa4X1\x14\x1c9\xa0\x1b\xb6\x22\xa3\xa7O,\
\x04\xa4\xf6o\xact\x08S7a\x8c\xae\x98S\x92N\
h\xfa7\xbfM\xfbN&\xe1cV\xb8\xf2\xady\x9f\
\xed\xb3\xcdZ\x17\xef\x05v[\x05bi\x829w\xb7\
Iyq\xeb\xfeo\x5c\xc7\xcf\x8e\xd7\xcb\xb9\x00\xba&\
:\xf9\xdfF\xeah,\x8cJ\xe6\xe2k\xb2A{N\
\xcb\x1acr\xe9*\xe6\x90\xb8Gf\xe9\x08\x9e\x17T\
\xba\xc1\x86\xac\xc0\x12K\x8e\xda\xda\xd9\xa0_\xdc\x94\xe0\
\x93\xdcH\x09\x7f\xac\xcd\x93w\x1b\xcai6f\xbd5\
\xe8\xa9e\xfe)_\xaf\x8e\x92\x9e\x93\x98AJ\xb8\xe3\
!x\xa4\xafI\xcdi\x01A\x8c\x0ep\xc8D\xc7\xf4\
\xe3\xc6,\xee\x22\xd5\x82\x8d\x091\xf5\xec\xb8Q$\xb6\
\xb0\x90>\x1164q3\xd0\xc9\xed+\xd3\xf0\xeb\xff\
{\x15^\xfc\xbf\xee\x81\xebn\x1f@Yq\xb5\xb5\x14\
\x8eA[\xff\x1bj-R\xbe\xfe\x86S\xda\xbam\x93\
q\xc55: \x1f6j\xcf\x07\xd7%R_\x02\xe3\
\x92\xc4*\xe1\x82\xe3\xebD{\x12\xe2\x80\xbe\xeas\xfa\
G\xe8\x0a\x17\xddm\x86\xeaN\x06e\x9e\xc8;\xb0\x11\
\xf4\x1c.\xee\x81b\x0c^?\x1fG\x1b0\x99\xb2\x1e\
\xa5\x89d\x92\xd8\x9a\xbd\xdc<k-\xee9\xa3\x9dy\
\xc1@\x05\x00\x19\xa4)R\xc4:\x9b\xccE>\x0b\xc6\
\xd7\x08\x92\xf6\xf5\x1at=u1\xb3\xaa \xf8\xeam\
\xfdC\x0e\xe9\x93R\xa1\xed>\x1e\xe3Bc\xe6\xa5\xd9\
\x11\x98\xa1P\xc0\xb15|T)'I\x82\xf2\x825\
\xe28\x8c\x1a]\x10b;j\x0a\xfe|\xa5\xc2T[\
\xcb\x10\x9f\x18\x83_ap\x02(C\xc0\x8dW\xf7\xaa\
\xd5\xa2\xa3\xb17^\xac\x96\xe1VS>\x0b\xdf\xce\x02\
\xe3\xcat\xcbz\x06\xa6o\xafH\xdaw\x9azV\xf3\
\xbc*\x8f\xa8\x5c\xb5\xbf\xae\x16Z\x22\xda\xdf\x11\xd3\xec\
\xe6g]ci\xa3\xd7\x93\xb4.\x9e\xd8\xaa\x80\xbb9\
\xd0U!\x0e\x802jk6\xe8\x1aXR\x02\x8a\xcc\
']R\x8a\x16\xcd\x8a\x99E@\x18\xcc\xbf]\x8cW\
\xb7\xab3U!\x912>\xfcq\xf2\x97\xb5Z\xd4&\
'u\x12)+\x1ci3\x225\xfd\xc0\x84\xa2f\xad\
#\x14\xbc\xa3eW\x0d \xfc8\x8d=\xd2\xb0\x9d\xe5\
!\x16\xde\x12\xe58\x9b\xd6\x15o\xbaUx\xcbI5\
\xf7\x07\xac9\x02\xa94:\x1dA\x8b\x8d\xcb\xb36\xa5\
\xdcP;+\xa0\xca1?\x80\xa9\x0cY[\xea)\xa8\
{=\xf8\xca\xa1\xcd\xf0\xa2?;\x09\xbf\xf8\x96\x83p\
\xe7q\x84\xc7=M\x0d\xbf\x851\xf9)\xc5)\x15F\
\xf0\x92\xfd\xb7s\xfbV\x93Ve\xb5+\x1f\x02\x88>\
\xf5\xfbN\xf5E\x1b\xd4\xeb\x12\xe7R\x9f\xe0RS\xcd\
8\x84\xf8j*\xe1\x83\x8a\xfb`\xae\xe4r\xcd\x0c\xed\
\x1b\x0f^5i_\xc66~\xa6\xcb\x81\xb7g\xc21\
\xf8p\x8d\x14\xbc\xc7\xcf\xd1\x03-\xc5\x81O\xb1\x80\xca\
V\x06\xd1\xfa\xfd\xec\x93k\x107\xff\xbd\xa6(\x86\xd0\
\x8dj\xcd`\x80A=,\xddT\x84\xab\x19\xda\xb5\xd2\
\x92\xd5\xd8\xf7\x10f\xa6\x96`{\xef\xa4\xb7>\x9b\xdc\
\xf6\xe0<\x9atENu5cV\x81\x8d\xcec\x0f\
\x8e\xae\xb0\xa5\x88\xcb\xa3\xeb\xf0<q\xa1\x15\xcd\xfb\x08\
\xeb(fa\x9b\xbd\x91x\xbf\xaa+\xb9\xe0Oo\x1a\
\xe7\xbf\xddf2o\xc9\x03\x85\xa5Z;\x93\xb3\x7f\xb7\
+\x04V\x8b\x0dM\xda\xcdgt=\x7f\xa3\xad\x8ex\
B\x1bC\xdd\xc8\xb36:\x96\xc0\xa2i~\x1a\xfbb\
\xcc\xf3\xda\xaeAt\x95\x88\xcd\x86\xfe\x7f\xef\xe3\xf6\x0f\
s\x12\x84C\x18\xa3\xbb\xfc\xd5j^\x90\xdf\xe3I\xeb\
\xc09\x9a\xd6x\x9a\x13\xfe\xe4q\x12\x92\x86qi\x94\
?\x8f\xc7K\xf6\xd6K\xa1\xd2s\xb3\x85\xf3\xd7\xe6=\
\xc2\xfe\xf9\xb1N\xe8\xbdM\xfe.oU\x14i\xba\x05\
.\x94\x960*\xe3\xcao\xa3\x86\x92\x22\xb3\xf9\x09>\
o\xdcW\x13P\xcc\xffI\x1be\xca\x13n\x82\xd1\x82\
\x22K\x07\x9bw\x8doI\x22\xce\xab\x5c\xa0f\xb1\x12\
\x19\xa6\xdbF\xc0)\xdf\xd1\xa6\xd5\xef\x0c\x8e8\x7f\x8c\
c\xc4\xb4>\x5c\x1f\x8c\xac\xf6\x85\xa6:\x05$\x5c\x0b\
\x01\xad)\xea\x0cJ\xb2,\xa0I\x16\x89}\x06\x83|\
\x1a\xde}\xe3\x08>\xfa\xadC\xf0\x03\x8f\xcc\xe1\x95\xcf\
\xdc\x09{\x16\x18\x10\x81}\x87\x9a\xc0\xaf\x8c\xb8\x83\xc9\
\xc7\x9f9\x83\x0e\xc3\xc0\xba1Q\xb1\x12~\x19\xca2\
v\xee\xd8\xc2\x9a#=\xd8\x0b\x02j6\xa6\xea\x88\x19\
\xc0\xadG{\x5c^v$.#\xf2\xc1\x86\xa3\xa2\xc2\
A~\x02\xfe\xb9\x8a\x87\xafH\x00\x19\xc0\xf9\xd3'\xa0\
\x0f\x03@\xe0W\x9f\xba\xe8\xadj\xf4\x17\xd6\xa4@A\
\x8c\x18\x9eZ\xac\xe2\x18\x22\x82:\x14-X\xf3\xe2\xf5\
l\xd4-VD\xff\x8d\x0a\x05\x9e)\x1a\xcb\x9e=\xb1\
\x11\x049\x7f\xed\xeb\x09X\xa5=\xd0\x1f\x1d1\xd7T\
J\x9f\xd2h\x0bK\xa3K\xceI\x9fb\x91\x09^\xa8\
i\xde\x18\xa2\x95\x03\xa5\xbf\x1a#n*\xd89\xb5\x0c\
[{'\x01\x8b\xec\x15\x04\xe0\x87\xcfa\x14En\xbc\
\x07S\xf69\xcfwQ\xb9\xe1\xf7X\x16=\xb8w\x85\
\xdf\x01\x9d\x03\xad\xc3\xa0e\xa1d?@1\x03Eo\
\xc6i\xf7\xba\xae\xa2\xf7\xfb\xf1\xba\xcc#d.\xa6\x5c\
\xb5\xb7!\xc9R\xd8\xfd\xa0\x02\xb9\x06S\x1a!\xb1E\
\xfb\xf4-\xa6#\xa1\xc0\xeb\x0d\xb7\x9a\xe9\x82\x82.\xee\
!\xcd\x1e\xd1 u\x99\xa7\x03\xda\xf2g\x95\xf6\x86\xfb\
\xdb[5\x98\xbeU\x8d\xf1\x05k\x9ep\x916\xcf\xb5\
9\x1f\xeeA\xe3\x9b\xdd\x7fcTS\x13\xd7d\xf7\x9f\
\xd6\xaf\xe0\xf5\xf1<f\x5cU\xdf\xf0Y\x14!\xe2\x07\
\xd3\x86L\x95\xeaH\xba\xb3\x9a\xa9\xfd\xdc=\x00\x8b\x09\
i\xccm\xa8\xbd\xf9\x88\xed\xd3\x93\xd0\xe2\xbb'\xb5V\
\x8csml\xac\x85>n\x0f\xf1\xa3\x15\xb6\xd2c\xb0\
\x7f\xdb=\xe3\xc8\x9b+\xeaa\xb5\x9eHk\x8c\x01H\
\xc6j\xe6\xec\xdf\xd3\x1f\xac\xd3\x10\xdc\x1foD-[\
*\xb0\xb5\xad\x85V\xbec\xcdV\x18\xe7\x11\xba\xb1\x92\
\xe6\xae\xe8wazh\xda\x95\x11q\x011)b\xea\
\x1f\xa66\xe9>\xc6>\xa7\xcb>,\xc2,\xfc\xcd\x97\
\xa6\xe1\x9a\xff~\x04\xfe\xec\xda\x13\xb0*\xd5T\x9d\x15\
\xa2~\x00gi\xfb\x12z\xbck'\x0a\x00\xed\x04\x8a\
\x09o\x05w\x9e\xcc\xa1\xecIvG\xe4Bj\xdc\xe3\
\x84\xca\x90\x99\x12\x19\xc5\xdf\xab\x1a\xce\x9a?\x04\xdb\x8a\
\xe3\xc4\xa0\xca<\xe5\x8eC\xd1\xc3\xd4\x88\x97\xd18\x8b\
\x87|\xc1\xcf\xf2y\xfb\x16\x9f\xde[\xa5\xec\xa4S\xeb\
\xa2\xa5\x94#\x93\xbf\xfd\xbe\x85P\xc7\xfdX\xab^c\
M\x22\x97\xa5+\xf9\xab\x96\x8b\x84\xf5\xc2\xde\x1f\xfe\xae\
\xe0G\xc8fr(*\xf4\xbf#\xe0\x0f\xc0\x83fn\
\x85\xd9\xde)Qz\xf0\x7fM\xa4B\x15\x00\xc5\xa1c\
L\xe0\xbe\xe55\xa3\x1e\x8eF=X\x5c\x9f\x11F\xcc\
n+\x1a\x87\xae\x1b\xf1\xeb\x12\xa0\xb7\x00y>\xd5\x99\
\xf5c\xa8cd\xe9\xd0@6\xb1:\xa9E\x90^-\
\xbb\x82*-`\x11\xed\xbb\x94\xf9\xdb-\xa7\x98\xfc\xdb\
\xcd\xd3\xc1\x8c\x83\x94\xdc6\xb3:+\xaeQ\x9av\x9b\
\x102!\x19\xab\x8d\xf6\x1f\xb8\x88\x8d{z\x5cks\
!L\xc6w\xb2\xd6\x9f\x94\x8b%\xab\x10\x00\x8c>\x99\
\x88\xafr\x88\xb5\x1bX\x1bB[< \x9dTHh\
\xad\x1e\x9d\xea\x85}\xcf\xa89\xa4{\x8e\x17'\xbd@\
>\xef\x19\xfb\xd3\xbf\xecA\x8e7\xe1\xb8\x85\xee\xf2\xa5\
\xb4\xde\x13i!\xed\xf7{\xd3\xd6$\xf9\xa8\x8e\xe1:\
\x00\x9e\xc8\xa7\xe7\x22\xdf\xbd\x86a\xe7\xdax\xba0\xfb\
\x14\xd8\x92\xfb\x9e\x04\x0e\x0f\x09\xeb\x9f&\x16G%\x80\
\xff\xde\xe6\x7f;\x94\xd0F\xea4\x02\xfaZ\x98I\xb7\
\xa4n\x09P\xd6\x98?\x99\xd5(\x0d\x8d\x89C\x81\xb0\
\xc3Y\x0eGWg\xe1w\xff\x0d\xe0Y\xbf\x7f\x1f|\
\xe0+\xcb0(\x11-O\x0b\xab\x9c\xdeZ\xb4\xf9C\
ujx\x92v\xec\xd8\xe2L\xfd\xc9%\xa1 \xad\x12\
\xee[\xed\xc3\xa0\xea\x912\x93#\xb3\xf1\xa1\x8f\xd1Y\
5xvN\xb3\xf3>l\x1d\xd3\xdc\xf0\x04\xec\x9b=\
BA\x90\x05\xc2\xe05\x1e,X\xfd\xea\x137\xb1(\
>.#5\xe0fm\x0c\x8d\x09\x08\x04\xbb\x044w\
@\xcc#\xe1NW\xa8\xdd\xd7\xd9\xb6~\x06)\x94~\
$cF\xdd\x5c\xce\xb5\xa8\x02A\xf3m\xa7\xfd\xb9\xc6\
b\x00\x00\xa3\x823\x1d\xa6\xea\x0c\xae\x9a\xbb\x11z\x08\
\xa0\xa3\x82\xbd\xd3@\x85\xc1\x18~\x18\x97n\xf2\xcb*\
c\xcc+\xb8o\xb5\x86\xe5\xd1\xb4\xb7L\xc4\xf2\xbbX\
k\xb2\xd9\xad\xe2Z\xe9n\xbc\x05\xa3\x94\x12u\x15\xd8\
\xf7l\xe7J<\xc3\xd3\xec6Z\x18[A\xbd\xdb\xa7\
\xb9\xa6^\xf3o\x17&\x92\xe37t\x80\xf7\x86j\xfc\
\xd1u\x9a\x1bmZl\x99\xa2\xbf\x12p\xc1v/\xea\
\xfe\xebj\xa9=\x18\x0b\x8d\xb1@\xd0=W;\x1b\x8f\
\xeb\xe2\x94\xba\xc6\x98\xdai\x08>'\x8f/\xea:0\
\xcd\x01\xa8'(:\x98\x1d\xf7c\x99I\xb1\xce\xb4\x5c\
Su\xa6Y\xc5\x82G<\xa1\xb4\xd4\xd9M\x1c\xba7\
\x9a\x9a\xa3D\xb2w\x80\x18MM\x04\x9b#iZ\xa2\
uL\xd0\x88{\x8ajG\xee\x0f\x91\x90\x8d\x0aL\x81\
i\x0eh#<@\xed\x8c\xb9C\xeaOX \x1a\xbe\
8\x09\xf4y\x00\x15\xde\x0d4g\x0f\x89$q^\x17\
\x1b,\xd4\xc5\x8c[}\x8f\xd2\x013BF='\x1c\
\x0b\xc4\x0f\xc8FN\x10\x9b\xae\x0a\xf8\xf6\xd2\x02\xfc\xd4\
\xdb\x97\xe0\xe5\x7f~\x17|\xfb\xde(\xdf05\xf2\x09\
\x04%\xd5v\x82\xb9\xc9{\xdd\xb1s\x1b\xf4\xa7$\x17\
\xbfuu*8\xbc<\x0f'\x96g$U\x13\xcf\x0e\
Gds\xbf\xed\xfb\xc3\x9f\x0b1\xfd\xca~\x9e\x1e-\
\xc1Cgo\x11\xf7H[EE\x0dB\xb5Q\xfeJ\
|4\x08\x90\xd7\x99\xddTMm\xac3<f\xd23\
\x1c]\x93\xba\xa7\x8d\x16uj\x86&8\xcc\x81q\xe9\
\xbcM\x1fV+t?d\xb1\xd0\x0c\xa0\x1a0\xf4\xae\
 h\xe8u\xb8t\xeez\x81\xe4\xc5\xbe%{C\xa9\
\xaf\x13\xecM\x06\x92u\xab\x08\xa6\x00\xfb\xfa\xf1\xe5\xf6\
\xe1\xd6\x13\x05\x0c\x11O\xc0auT\xac\x10\xb9\xbd\xc4\
,\xb0\xbf\x80%\xb4\xd5\xd9\xd3\x5c\xc3\xce\xbdJ\xef\x99\
\xe9\xbc\x97o\xcc\xca;\xf7e\xf7;\xf3\xb4\xd6\xffL\
rfy}\xd3\xd6\x82T\xb3\x95:Y^\x14\xdae\
\x1e\x95\x1ao\xdd\xb2\x1f\xad\x10\x90\x1a\x9f\xe2\x0d\xc8\x1f\
\xad}\x8c\xe37)aC\xae\x88~\xa0S\xb0J\x02\
Fu4J\x03l\x9ag\xfcg\x16\x879\x05\xdd\xea\
.7\xda\xb8\xff\xb1\xf7\xf0}\x88\xd6\xc6,\xdcSp\
+]yL\x02\xcb\x88\x8cQL\x88}J\xf3\xb7\x07\
1\xb5\xc0Jl\xed\x22\xc7\x9b\xa1\xdd\x8c\xe8\xf38\xdb\
,\x13\x16\xa2\xd2\xbf\x988\xad)\x1a\x97]oU\xa0\
(\x15\xb1j\x10q\xb7\xf2\xb4f&M\xa7UpS\
\xbfy\xba\x91Y\x94\xf0\xce\xad6\x12\xe2\x19p\xdc\x81\
\xa6\xe4\xc0\x7fH\xb3:\xa2KK\x0c|\xb1\xf8\x1f\xe3\
S\xd7\xeb\xe3\xf2\xb0\xee\x02\xb4B\x89;J\x09+\xf9\
?9\x06\x82\x15\x04&\xac\x82\xe0\x0fXs\xa5.f\
\xe1#w\xcc\xc1\xb3\xfe\xf0>\xf8\x95\xb7\xee\x87{\x8f\
\x97P\x95\x88!0rq,q\x0b\xa4\xfd$\x11\xf3\
\xc1<R\xd1\x84>\xdb\xbau\x01\x16\xe6\xb1\x1a\x1f\x13\
5\xdf\x0f\xefW\xba\xb4\xcc`y\xd8\x83{\x970\xa4\
\x11\x83\xf6\xc4,\x8b\x8c@bD\x02sh\x92\xc8\xa9\
;\x83\x99\x1f\xa2\xff=q\xe1\x9b\xd0\x1b\xad\xcb\x1e\x14\
\xbdSS\xfc\x04L\xc7\x17\x02\x0a\xe7\xea\xde\x95D\xd3\
\xbb}$59\xbc\xd5\xc6\xcf&8\xb3)\x93\x7f\xd2\
\xb2'\xb8\x04\x89 \xd7\xd8\x0c\x1c\xbc\x8b\xc8\x84\xdb\x04\
}\xb2\x95:\x8cf\x85\xdbI\x8a.\xf9\xd8'\x1f\x1d\
\xcf\xd6\x10k\x01\x91\x19\xe0Y\xceJ\xd8^\xde\x0b\xe7\
M\xdf\xcce\xb6%m\xd3\x16\xe8\x09\x87j\xf0\x0f\x94\
F\x08\xb0\x11Es\xc86\xb9\xfeX\x0f\x86\x80U\x06\
}<\x10\xc7s\xe03\xe5\xbd\xd65\x14[v\x8bK\
\xd1\x03P\xd1\x1a)\xaa\xa4\x99\x87\xb3V\xba\x03\xe7\x01\
\xca0\x0d\xd1S|\x8ec\xd1\xbdC1 \xf6\x1e\xad\
Q\x92\x00Sk\x17\xcet-BZ\xda\xe4=6\xc5\
\xda-\x8e\xfc\xce\xd7;\x9e\x80\xf5Y\xdc\xb5\xe3\xac \
Y\x9a\xe1J\x1a\xa4\x8e\xdd\xfeK\xe7\x97\x82p\xdb\x19\
tx\xbdt\xe9\xf6g\xc8\xab\x9a\xfbV\xb2E\x02\x97\
\xb9\x0f\x04\x8c\x05\x14\xfd\xac\xd9\x8c&i\xe6\x1a\xb8\x00\
R\x03\x9f\xa4\xa9\xe9E\xbb\x15\xbdB\x88\xb4\x0dv\x0a\
\x0fi\xf2`+\x81\xeb\x94\xfa\xbc\x06\xbeQs\xbf\xbd\
\xb6\xcd\xaa1n\xae1\xc1\xb1s\xd0\xb4\x16o\xc5\xc0\
\xd6\xac\xfb\x1d\xdc\x1b\x98\xa5\x0d\xb1v\x04e\xd2\x1c\xfc\
\x09$jo[h/\xdf\x1a\x04\xb6\xe0!\x17g\xc3\
\xfd\x8a\x958\xbd\xe6s\xcd\xbb\x93\x06\xe3\xf1y\x8d\x0c\
:~\x9a\xebE+m\xd1\xe9\x84\xf83p-B\xcb\
\x140\xc8\xb6\xc0\xdb\xbf6\x03O\x7f\xed\xed\xf0\xce\xcf\
\x9e\x84\xb2\xc2o\xc2\xbd\xdaf\xcek\x9aA\xc3\xef\xf8\
\xfdT07\xdb\x83\xb3\xcf\xda\xe7\xdc\x13z\xe0c\xfb\
[U\xcc\xc3]\x8b3PQ5<\xd1\x00\xe5\xe4Q\
H\xd8\x06\x856\xc4H\xb8b\xfb\xed\xb0)?$\x7f\
\x87\xd1\xf1(T\xa5`\xf0\xdb\xf6\x1e3]\xcf\xf8\xf3\
d\xdc\x80\xdc\x1b\x99F\xdb\x88'\x7f\xe6\x19w\x8a\xf9\
\xfb\xf94\xfb\xb3\xf7\xa8\xa6\xec?o\x17\x94-_'\
\xcd7\xa6\x9d\xfa\x0c#\x18Uy\x053\xa3\x1e\x5c\xde\
\xbf\x0e\xf6\x15\x878\xd8T\x0dHRF\xd9FLi\
a&;v\x0e\xf4\xe2\xb7\x8a\x02\x1aT\x18k\x04p\
\xc3\xa19\x9fo\xd1\xe2\xfe\xc4\x94\xd6\xfe\xec.\x19\xbb\
\xaf\x17A\xcaE\xbc\xa6\xc1\xef\xd6\xf2!1\x5c\xc1\x0d\
\x86\x91\xb8\x02J\x1d{ Z\xcfh\x85\x03\xd7n\xfa\
\xde\xb6,\x01U\xb8<\xbf\xb0\xe3\xa0j\x97\xb4\xd8x\
\x0d\x0a3Fb\xab\x93\xf6!\xe6^\xc6l\x90\xa2\xdb\
\xfe\x9ds\x1c\xc4\xb89\xa6\xfa\x88]\x01m-66\
\xea\x9b\x99\x94\xd7\xa5\x9b\x13\xec\x9bf\xb96?N\xb2\
\x9b@\xa3\x0e\xb7P\xfc\xc2&\x1bp\x88\x98\xa4\x04\x8d\
\x9b\x07\xe7\xd1\xde\xe3E\xec2\xd7\xe8\xb8\x1c_\x15\x09\
\xac}\x5c\x91$h{i<\x87}\xe8mD\xcb+\
8\xe9u\xf1\xf3\xe5\xe7\x05O\xd5{\xcd\x12\xc7c&\
\xe6\x10\x05\xf5q\xc9U>\x18\xee\x9d\xba\x92\xf2mf\
}\xef\xeah\xcc\xf5?\xc8\xff\xaf`(\x1b\xd9\xef\xe3\
\xf7Z\x1e\x08\x92v\xf7:\x17\x8fX\xc54q\x8a\xb1\
\x04\xf0\xef\x11\x14E\x0f\x8e\xc2N\xf8\xf5w/\xc3\xbb\
\xbfx\x82Mo\xd1IM\xee\xc7\x04\xdaX\xf0\xb5\x0a\
~5\xc0\xd9gloL\xda\xed{e\x08y\x0d_\
\xb8\xbb\x07\x19V|\x0bP\x039\xeb\x9b\x03\xcd\xba\xad\
@\xd6\x84\x89wl\x1f\xdd\x03\x17\xcc\xdd\x0e\xd3D/\
%\x1b\xc0\xb8\xde|Tvb\x8eQ\xbe81C\x03\
\x22\xe5\xb2\x1f\xac\xaf2\x88\xe2\x8f\xb0\xfb\xa3\x18\x00w\
.\xf0\x1a\x14zb\x9fl\x9b\xb6\x998\xafVst\
\x11\xef\x11_`\xb7\x80\xa5\x91\xeab\x89\x84\x0e\x81\xdb\
U\xe0 Z{Z\xb2\x02\x860\x84'o\xfe8\xe4\
\x04\xdb\xcc\xb5\x11\xfcr\x9a\xec\x03\xc7\xf9eN\x86[\
\xbb]JY\x00\x15@1\x0f\xdf>8\xad5'\x1b\
\xb0\xd1j\x02\x87l\x0az\xb3;\xf83\xa2\x0f\xb6\xdc\
\xb2Y\xdf\xb8\xd6\x86\xd4\x0d\x09\xc5\x80\xc8\xf1H\x0f\x90\
TL\x89\x89\xe9\x12p\xd3\x9f\xdb\x98\x83\xd0B\xaac\
k\xd2\xa2\x98\xd7\x18>\x14\x87B4\xdee(\xc4\xc5\
-\xb6\x10\xc7\x9f\xebw\xc9\xb9E\xfb\xa2M\xe9\x0b\xad\
\xd2\xa1\x10\x19\xf7\xcdUs\xd5R A\xcf\x11\xe4v\
\xb7\xcb,\x1e\xa7n<\xee3\xf77\x87\xd2qj\x90\
]\xcdk\x98r\x18\x5c\x1a\x915\x9dL\x92>\x96\x90\
\xf4\x0c\x01\xb1\xa0\xbb\x93y\x85Z\xc6i\x84\x80\xd4\x22\
v\xc5\x19\xd8\x7fc\xf7C0\xec\xc8\x97\xa3\x01hI\
\x1f\x90\x9eu\x81\x83\xad\x0d\xc1cL\x80\xe6K\xb6@\
G\xf4\x9eh\x8f\x18\x82\xd7\xf1\xde&\xb1\xf0(\x03\xf4\
\xae\x9d\xfb/\x00\x84\xf1\x1d\x93\xbdAO\xf4\xdb\xc6\xd8\
\xae)\xa6[7a\xd2o\xb1\xe40\xe7\xa9\x0b4\xad\
\xac9F\x0b\xf4$\xb5\xae\xcc\xe7\xe1\xf7\xffe\x11N\
\xaey7\xca\xf8\xf3\xd2<s\xb1\xdb\x06#\xab/\xbf\
\xfc\xa2\xd6\xbeh(T\xad\x11\xf1\x0b\x16\xa0\xcc\xa98\
\xb0\x8b\x9aP\x0d\x86\xb4\xd7qZL\xb02%L\x0d\
\xd6\xe1\xaam\x1f\x85\xbcX\x0f\xac{m\xeb\x15\x0f,\
P*\x02A\x81]\x03\x94>(\x96\x01'\xae\x18k\
\x80e\xf2]m\x12-\x8b5mO\xc7\xb8\xca\x07b\
(x\x18\xe9\xd0\x02`\xe32\xd4?\xdf9\x0c\xbe\x8f\
\x92(\xd8DO\xbb\x05\x83\x0a\xb1\xc0TV\xc1\xa6\xea\
\x10\x5c\xd1\xfb2A-\xf3b\xf0S\xe9\x1fb\xca\xec\
fBS\xb5\x22X\xb2\xe3\xcd\xa0'\xbau\xaa\xa1\xee\
\xd5pxe\x16\xee[\xd9B1Ud\xee\xd7T\xc6\
\x88\xf0\x17\x98\x0105+\xfd\xf8@_\x16N\x0c\xed\
j9S\x1aX\xe6\xeeq\xeb\x14\xbb\xa6&kM\xf7\
L3\x9eI\xb1!BZ\x1b\xd2\x8bX0h\xbc\x0f\
+\x10\xe8\xf8\x93X7\x10\xb9\x84\xbc\xf2\x9b\x12\x1e[\
\xf9\xa2\x0as\x9d< l\xb1p\x9b\xec7\xd9&\xe7\
\xc7\xf2$9\x04\xcd\xe7\x8b\x05@\x07\xc9RA\x9bi\
\x22\xc5\xb8\xf4w5U\xfab\xa5v\xa8\xba\xf1\xc6\x13\
|_\x82\xb8\xf0e^\x89\xb9IA\x8f\x8eq4\x16\
\xc1\xe5\xc5\xfaO\xfc\x8b\xf7e\x19m\xeaT, \xd8\
\xe6\xf4\x85\x08\xf1P\xf1\x07\xd8\x85\xebMQ\xcd\xbb\xb5\
\x10\x0f^\x13G\xdd\xcb\xa6\x93\x18\x09\xccUwY\x19\
\xd6\x05 \xe3\xa2'\xd8\xcd\xc8j\xa1w\x8b\xa0\xa9\xd6\
1F\xf1kG~$\xfd\xdb\x81JP\x94\xb6ab\
\xf2^\x15\x9a%\xed\xc3\x9e\xbc\xf1\xdaD\x10\xafc\xef\
\x11\xad;\xd0nY\x98t\xf8\x09d\x96\x0e\x99\xb7\x7f\
\xde\x04\xe3\x8a\xec<TC\x804\x7f\xcd+\xc6T\xc1\
\x22 \xcc\x1c3\xc01-\x07\xd6\xe6\xe1\x8e#X\x18\
\xa5Y $ D\xb45\xec\x98\xfc^a\xa5\x1a\x19\
\x87@\xabf\x00\x97_r\xae\xcb\xd8fh\xe2\xc8\xec\
I\xf1v#\xb8\xf9\xf8\x168:\x9a\x16\x82\x5c\x19\xeb\
\x98\x96\xb1m\x9agyX\xa9<\xec\x92R\x89\x9e\xb3\
\xe9z\x98\xaf\x0fK\x14<\x06\xb1\x89\x80c\x22\xf9\xad\
\x19\x94\x7f\xca\x849V\xf7\x15s6/\xb8\x8a\xa3\xc2\
1}\x1f\xd3b\x01~\xb4b$\xd5\xa3'\x86\xea\xe1\
\xa4\xe9<S8B\x9e&\xae\x94\xd5\x81fvS\xe1\
1\x82\x92\x0e\xde\x8d\xd0\x1f\x0d\xc7'\xe1\x97\xcc\xf9\xe8\
)\xf50\xc4\xf1s$RV\xd0\x19\xa5\x1a\xa0\x8ar\
Y\x09\x8f\xeb\x7f\x12\xce)\xee\x12\xe1>\xac\x17@o\
5\xa2\x03\xb4\xc3h\x9c\x1a5\xa1\x95\xfcT\xb0/\xe0\
\xbac\x19\xac\x0c9\xf8\xd3e,hU8\x9a\x13\xd3\
\xdbb\xd3^\xc8\xfa\xd3\x12T(WJp\xab\x8e]\
\xa1\x81I8\x8bh?\x95i\x96\x01\xfb\x14R\x8e\x07\
\xa1\x80Y\xb7VL\xdf\xc2\xd2\xbbJ\x7f\xfd\xe9j*\
\x00\x96\xf6\x96\x81\x954d\xc0\xbc\x12\xfc\x9d\xa7\xdf\xf6\
\xfdy\xfa+\xefEh\x9a\xeeY<\x0b)\xd7\x5c\xdd\
\x854KB`\x98\xbd\xc2\xee\x18\x86\x93\xb6\xd63\x8e\
\x97\xd0\x8c\x09I|\xef\xe4O\xed\x02B\xa8\x98[\xad\
=\x1c\x7f\x0a\xad\xd4[\x82-_\x0f\xc1\xe4\xf4\xde$\
\x05\x0e\x17\xc7\x84\xf6\x99t\x0f\xbbp\xac\xa9\xaa\x05 \
\xec\xa7n\x10\x7f\xd8\x805\xa1\xd9&\x95\xb0\xec\xd86\
\x22\x81\xa5\xbe\xeb\x1ag\xb0V\xd1\xa3B)\xb7{\xbc\
\xd1\x9d\x06\xb4\x22\xd4P\xf4A\x22\x9f\xdb\x11\x07\xec\xaf\
K\xa2l\x961\xf5\x9f\xb7\xaf\xf9d9\xaf]m\xdc\
\xfbhk\xaa\x0d:Si\xac\xf1\x9b`\xb3\xb0Y\xed\
B\x7f\x9a\xf1\x14~\xad\xa2\xe7\x9ar\xd7\x0dK\x83\x10\
\x94\xa22\xc4?\x12\x9e\xd5*\x13\xbb\x1cS\xcf\xb1\x93\
\xd53w\xf9e\x17\xc1\xdc\x94\x00\xfb\x90\x9c\xd3<\xec\
\x98\xfa\xb78\x9c\x81\x9bNl\x01\x1c\x8a\x15*\x98\x95\
\x08C\x88\xee\xe3a&\x04:!\x12\xe7\x8cn\x83\xc7\
n\xfe<1\x07\x9a\x222Q\x05&\x0a\xd6\xcd\x8a\xfa\
^\x00ut\xc1h\xa6\x16G\x9e;\xb0(s\xa1{\
\xcf\xaec\xc8\xe0K\x83\xf8(\xe3\x89\xcc\xa7\xdece\
\xde\x05\xa6-j`\xa2\xd6\xe4H\xed\xc5\x8a\xd1\x22\x9d\
KO\x05z\x09f\x8b\x19$\x0al\x1cy\xad\x05\xb3\
\x10o\x80\xa0\xa5X\xaf/Kx\xd6\xb6\x0fAV\xae\
C^j\xc9j\x9f\xfe\x98>\x0f\xd6\x82bc\x848\
\x90\xaf\x80>|\xfa6d\xfea9e\x7f/\xc7P\
\xa1\x801\xb5\xe3l\xc8J\xbc.\xa6\x0dF\x88\xea8\
\x92i\xf3{\xb8\xde]\xaeR\x1e_\x9d\xc4M\x89\xc7\
\x942\xbb\xa7,\xad\x8dg\xd8-\xe5\xb4}\x1f\xef\x10\
\xf7\xd56\xc7,\xa5`v(\x97\x1cH\x1c\x8d\xc7\x04\
?\xb6\xe1\x1c\x98?\x12\x9f\xcb9\x8a\x98\xb5\x8d\x99\x19\
KC[\xf9P\xb3Ei\x80)\xa6g\x16%(+\
\x1b\x11:\x95@\xad)\xa7#\x0d\xa9\xad\xb1\x1f\x9d\x13\
X\xe8 \x89\x09\x93\xa4Tc\xa6\x19\xc7\x9c\x9b\xa6\xa6\
\xd4\xb3\x04\xf2\xc3\x0a\x02\x13\x04W\xc4\x87\x82\xe9n,\
\xech\x0b\xfdZm}\x87\x1b\xc0>'\x0a\x8e!\x02\
\xa6#e\xb3\xa3\xef\xdbJ\xdd\xe1\xb3}\xf3\x1b3x\
'\x22\xb5:+\x87\xa8\xb8\xca|\xbd\xd0\xf1\xef\xdfX\
R6F\x90T\xcaL\x8b\x8bIM\xe16\xf6\xc3\x7f\
g\xc1<\x22\x01\xcaiI)\x8dO5j\xd60\xcf\
\xdd\x0a\xf0\xa0mX\x19\x0d\xd34m$o\x180\xc7\
]\xb5\x08fn\x1a\x12M]g\xb0y\xcb\x0c\xec\xda\
6/\x8c5\x8d3N\x06\x90|\x0a>r;\x82\xbd\
X\xff\xacj>\xaa\xba5\xf7]x&u_\xe0\x99\
\xa8\xa0W\xf6\xe1\xf9;>\x083\xe5I.[K\xc2\
L\xdc\x87\x8d\x04\xd4\xda\x15\xcd\x98\x00_=4,\xb3\
k\x19\xb6\xf2c;\x22b\xef\x91v\x1f\x9e=O{\
\xe8sMN(\xf0\xbe\x98P\xa2\x05A\xac\x07$d\
\xa4\x02k[\x88+a\xd6\xc7p\xb7\xbeR\xa3\xd3P\
5\x16\xc0)C\x19\xec\xec\xdf\x02\x8f\x9c\xfa8\xf4\x88\
\x8e\xb53\xb1x\x1c,0*\x8a\xa2V\xf4\xe4\xb5Z\
\xed\xf5\xe1\x0b\x87\xd0\xac\x8f\xe7US\x0f\x1bb-T\
U\x013;\x1fLt\x14\xdf\xa9\x22\xb4\x8a\xa4\x22\xd7\
5\x15\xa0\x98\xbe\x87\x7f\x1be@\x0bFd\xe3\x80\xc9\
\xd2\xf3m\xd5\xba\x83\xefy\x9d\xd5r\xe0-\xa8]\xad\
yV\xba\x18g\x9d\x8c\xbeo^\x13\xf73\xa9\x85q\
c\xadM\x99\xe9\x1e\xa7~F\x15E\xe3\x1e;\xf6[\
\x90\x06\xa8\x9b9-\x04\xf8\x81\xd9\xc5\xb0\xd7\xb6K\xb3\
*\x95M\xd6\xf8P7\x17<\x9el\xdb\xdf]\xfd6\
F\xc7T$\x18-\xe5\xd5F8\xd0\x8d\xf1\xa5\xb4\x81\
\x096\x10\xff\x9e\xfe\x8eu\x0d\x0d\x03T\xc2\x1d\xee\x07\
%x\x8aV\xc6\xc1^\x899\x8di\x8a\x85\xe1J\xc5\
*c\x8b\x01u\xa4\xfaV\x1b\x83\xfd\xf7h)e-\
e%b\xba\xc6\x06\xd3\xd4\x1ax\x81*a63\x00\
\x22\xe1\xe7\xa8\xe9[+\x002\x11-/\x8b1\x02#\
\xf8OO-`\xd3,\x9bJ\xc3\xd4\xd7P\xc2\xe71\
\xdb=\x13j\xfe\xf6\x17\x8a4\xa8k\xf8\xaeK/\xf4\
f\xbe\xa4\xf6\x830\xc8\x00\x1f\xbdc\x1eV\xf2Y\xb1\
\xf4I\xb57\x1b\xbd\xd1\xd0(x\xb75\x89\xbd\xa4\x98\
\xd6\x15<z\xf6[p\xe1\xf4\x0dT\xbdND\x107\
~/X\xb4\xef\xb7\xf4z\xb2\x96\xaf\xc8\x92~\xf1\xad\
\xe5\x82\x9fB&\xe6\x86\xb0\xa4\x02\x98X\xc9\x84\xd1;\
\xcd?x\x5cZ\x011Cw)\xa0\xb4\xd3\xedx\x85\
\x10(\x02\x1d\x95!6>s\xb7\x8aNq\xe0\x0a\x08\
\x04\x94\x84\xef.\xcb\xa0W\x0d\xe1\x07g?\x00;\xca\
\xc3\xc4|\xb5:\xa2\x1d\xc38wf\x00\xdd\x8d4&\
/\xe0\xdeS\x9b\xe0\x8e#\x9b\x1a\x85\x9at\x8f\xeax\
 \x9b\x86\xfe\xfc^9\xe3\x1c\xad\xce3M\xb5\xb4 \
\x90j\x22N\x8bpb;\x0c\xdf\x97\xb5\x14\xfb\xa9i\
j\x9f\xcf\x92j\xa3\xef\x1ba\xb0~-\x9a\x82Hw\
\x7fu\x14\x17\x00\xad\xbc\x8d>#a\xb8\xdbZ\xd1:\
\xc6\x09\xf0Tb\xf7\x94\x1dg\xdb\x1d\x1a\x8fq:\xf2\
HP\x0d\xd0/\xc4x\x06\x92\x9a0\xfa\x1e\x08\x9e\xd5\
AN\xa8\xefY\x0fI{\xf3\xcf\xe4 ($\x14\xec\
\xd6\x9644\x89\x04\xb7r{l\x1ej\x1c\xa6\x08\x9f\
<5/\xb50\x04;\x19sg%\x8f\xba\xb0\xf5\xc7\
%&\xc1\xf6\xe52S\xe9Z\x9f\x9f\xea\xc7b\x99M\
\x13\x1eX\xcd\x9e\xba>\x04KK\xc4\x08B\xe9_\xa2\
l\xad\xbf\x12\x03\x80dfA\x7fNH\x90\xf4%2\
\x88Il\x05#\x9e\xb1\xd9\x92\xe6\xe7T\xcf\x0a\xea\x5c\
\xb5\x04\xc51\x90\x9a\xe0\x12q>\x06\xfb\xe6;\xd24\
V\x9c\x0e \xee\x09\x82\xffU&e\xdc\x19\xe4\xfb\xd6\
\xfc\xe3\xae\xc3\xa8\x1aE\xf4\xbd\xf4\xe7\x88\x05-=k\
s\x15\xe58\xfb\x1a\x00\x14\x1f\x90\xf5\x00\xb3\xb0_\xfe\
\xdd%\xfc\xd0\xe3\xb6E\x0c&4\xbb\x87\xcf\xb2\x81L\
\xfe\x1e\x15\xe3\xd8\xbf\xc8&L\x14(\x1f{\xc5\xe5\x1c\
7@\xaa\xbe\xde\x1f\xc6O\xe0\x9e\xba\xf9\xe8&\xb8y\
q\x93{\xdf\xf4|\xf1\xb9\xb3v,\xf5\x0c\x1a\xf9\xd3\
\x86\x99)#\xa4}8\x80\xcd+\xc7\xe1%{\xde\x03\
\xfdj\xc5\x81\xd4\xb0{6\xa5\xed1\xe3sL(\xef\
\x89\x0f^\xf1E\xc4\xef\x9fa\x9dw\xa9jG\xd63\
\xfe\xe1\xfb$\xe0\x92p\x1a\xf0\xbc{\x06A\x0c\xd8\x04\
\x08\xb2\xef\x1ci\x04\xc6\xbf\xf0F\xf0\x99\x1b\x1a\xe0g\
\xac\x95j\xfaWA\xc6\xc5 \xf0Z\x10\x01u\xfbF\
\xca\xd3\x22\xed\xc1\xca\x90h\xd1%/\x8f\x7fG\x8a \
H\xe7D\xf6\x8f\xa6\xe9T\x14/R\xc1\xae\xd1\xdd\xf0\
\xf4\xd9\xff\x0dyYC^q|\x861\xd1\x08#\xb1\
\xbe\xedf\x5c\x0c\xd2\x14\xf6\xc3\xeb\xbc+x\xef\x1d\x15\
,\xd7\xb3.\xcd\xda\xd2?\xf6\xeb\xb2\xeb\xa9\xbf\xf9\x0c\
\xa8\xe7\x10\x05\x90\xe3\xa7\x0a\xc2 \xe0G\xc7\x220\xed\
;\x9a\x08\x7f\xa3\xf3cEA\xfb\xd7}\x83\xe3\xae\xd8\
\xf5A\x9f\xe1\xcb\x12+h\x80&\xeb1\x1f|\x5c\x88\
\xc5\x81\xd04N\xc4\xb0`\xec\x11\x8d\x15\x0b-\x99\xe3\
Sl=\xd6\x7fS\xa0\xb2\xd6B\xef\x22\xb2\x92\x8b\x88\
4u\xbbEV\xe3\xc9h\x0fdi\x050\x00\x05J\
\xf0;'\xf8\xb6('\xbc\x97\xc2x\x03\xd6\xd0\xb9\xcf\
&\xfd\x15\xe8\xef\x8c\x03[i?\x86+\x15\xcc\xcf\xdf\
\x93\x10\x00&5\xd1\xa7\x9a\x97\x9ae\xb0\x0e\xb6U^\
\x5c\x10\xc0\xa5\x03\x0b\xa5\xab\x14\x91\xe4E\xd1M\xc2R\
\xad\xa6$\x8d3\xe9\xa4>\x8b\xa5\xd2\xc6\xf8\x85\xc9S\
(\x14\x99<\xbd\xe5\xc2\x99\xfa\xa3\xebS\x9f\xa5\xfe\xb6\
c\xd0\xdf\xd3\xe3gT:\xeb\xcb\x0b\xbe\xb5Rj$\
y\x87\xbd\xf8\xf1\xd38\xa3%\xd1\xb0(\x1d\x87\xcbs\
\x0e\xe6\xa0\x19\xe5\x8a\xed\x0e\xff!\xcdZ\x12\x1b\xef]\
\xd2\x95\xda\xef\x0d\xaby\xb56\x13\xd0\xe3L\xba\xc4W\
8\xfb\x9e\xd8\x22\xfd\x9f\xd9\xfb\x99\xdb\x96\xe1O^6\
\x05\xbfr\xcdV\x98-\xb0\x1c\xab\x04SE\xab\x18j\
A\xaav\xa6\xea\xb67\xef\xc1\xf6\xa4\xef~\x0c\xf4\x0b\
=\x11\x0cTd\xe7\xc6\x82K\x05\xa3r\x0e>t\xfb\
&(\xfb\x0cL\x82\x0c\xc8\xbe\xff\x8e\x89\x87\x04\x96\xcc\
\xba\xe8g\xaf\xa1We\xf0\xf4\xb9O\xc2%\x0b\x9f\x03\
\xac\x9f\x88\x99\x06\x8d\x9c\xe4\xa6\xadU\xcc\xe1*E\xe9\
\xd9g\x8b\xc9\xb8\x962=k`06\x15\x04XX\
\xe6\xefU(\xb73\xf2BG\xfb:\xb7\xd1>\x16f\
2\xe3\x19\xe3\xf3\x81~}\xdf\x7f\xec\x93e\xe0 &\
\xc2\x051\xdb\x17n\x7f\x0b\x9c\x9d\xdd\xca\x91\x18$E\
`0\xa5GH\xd1j\xc0\x1c\x1c\xc8\xf1\x04Im\x95\
*\x9b\xe2\xbf\x05\x8c\xb2iz\xcf\xcapR\x16\x16v\
\x99Vd\xfe\xd7\x93N\xfb\xaf\xc3\xa2\xa9n\x07'\x14\
r\xe0\x87\xf6jV\x96\x7f\x18B\xa6\x89L\x91\xb2$\
\xa4S\x9f\xed\xbf\xb9\xd1d\xc7\xfb\xb8S\x16\x18\x17L\
\xd8\x09\xd6\x16\x06\xcde\x1dn\x8f\xf8\x1a\xf7\x9d\xec\xe9\
\xcc(\x124?\x17\xdb\x11?P\xf6\xbf\xa4\x8f\xea\x98\
\xbb-\x08\x92\x0d\xd2\x12\x93\x15wo\xc5#uK\xa5\
\x5c\x9e\xa9yS\x1a`(A\x86\x83\x8a\x7fw\x033\
\x83\xb5y\xc1\xde\x97i\xc4\x11'q\xb9\xde\x92\x1b\xa5\
1\xb9\x08j\xb3\xf1R\xa3\xf1\xa5\xae\x89\xa5\xc0\xd4\x22\
\xd0\xbc\x84\xc1\xc7sv\x7f\xc7\x01\x7f\xa9\x83\xe4&\x9b\
N\xf5\xb3\x9b,ebj\xf4\xad\x01%\xf16\xd0\xa5\
\xb5\xef.a$j\xa4\x0e*2\x9ey\xa6\xd3`\xc8\
t\x1e\x22eq\xdf\xc6\xaa\xf1\x1f`\x01P\xcd[\x85\
\x0f\x05Q\xe1}h\xa4e\x8d\xbeMv1\xceo\x17\
\x1er{\x09\x16\xc4A0\x17b\x09u\x0f\xb6M\xaf\
\xc1/>\xbd\x82\x7f|\xd5v\xf8\x9e\xcbz\xd0's\
@A\xbe\x7f\xd6\xfb\xfd\xcdT\xd9\xadu\x7f\x8f\x97\xa6\
\xf0\x8a\xb3\xcf\xda\x0d\x17\x9cs\x96\x08(\xf1\xfcP\xb3\
\xe4\xf1\xe3s\xde\xf7\xed-0\xc8\xa6\xa1\xceJ\xa80\
@\xa9\x1e\x91\x16M\x9a\xb4\xa2\xb3\x05qxm\xa9\x98\
\xbc\x9bp}\x17\xd6\x97\xe0\x95g\xfc\x1d,T\xf7\xc1\
\x94\xcd`\x10A\xdc\xb3\x04d\xfa\x5c\x10KcF\xb8\
i\xa1,\xee\xd72.e\xee\xba\xf6\xe3\x94\x11{\x0d\
\xc5;\x98\xcc\x08>u\xcc\x84YA\x08\x09\xb2\xab\xb1\
!X\x07q\x7f\xc1\xec\x8d\xbb\xc1[\xe7X(\xa8\x0d\
\xd0\x0f\x9f\x1du\xc3i\xfe?\xa22fpF}\x03\
\xbc`\xfa\x7f3\xf4o\xc5\x80?>\xed\x90\xad6\x84\
eH\xc1\x9d\xc2l\x85\x91\xc4x\x12,6\xf0\xf6>\
Rn\x86\xaf\x1f\xdcDs\xe4\x1c\xf1p}4\xeec\
T\x03\xcc\xec{(\xef\x19\xd5\xc3\x1a\xe4SiX\x98\
a\x85\xe4\x9cfe\x10\xf0\xfc{\xb1{\xc0\xd3\x986\
3\xbe\xf9Db\x94\x14e\x94\xb5Wk!\x0a\xc74\
ycZ\xd9\x8cO\x8bil,\x5c\xd5\x13\xc6\x91\x85\
\x1fZ~&\xe5\x95#WN\xe3\x06'\x04Dc6\
\xcf\xd1\x7f\x1b\xaeN\xf3\xb7\xad\xe9\xc2\x02\xa9\x87\x0e\xf7\
}\x85\xe3\x1f\xd7$~\xad\xc94\xf9\xb3\xc9#'C\
\xd3\x8a\xf6\xe9\xc0\xda[\x8b-\xb4\xf7\xab\x1bK7\x0d\
\x9b:\xdcu\x91\xde\xdb.\xcd\x8f\x97&\xd9]\xd0\xdc\
\xc8\xa4\x19G\xd7\xb72m#\xd1w9;R\x82J\
c\xd3\x0b\xfe\xb63\xe5\xbaM\xd4\x1c\xbb\xf9\x8bo\x95\
\xe8\xd36$E\xea\xcf<\x0aE\x8c6\xc4w\xd5\xb8\
\xe3\xd8\x8f\x7f\xef\xe6\x97\xb4\xfd\xf9\xb1\x15 &\xee\xed\
\x16\x97pm\xd5\xea\xc4\xc4\x94#\xc7\x11\x17\x1fk\x03\
<\xef\x8aU\xf8\xdb_\xdc\x04?\xf5\xdd\xf3\xb0}\x06\
\x19d\x8fCn\xb0FCKM\xf4\xd65\x9b\xd8\x9c\
R\xc1\xf7>\xf5\xb1P\x95\xebF\xe3`\xa1\x9b\xb5:\
t\x91\xb19\xf6\xc6C\x9b\xe0\xfac\x9b\x98fWb\
\xaeO\x8dI\xd1R\x9c\xc6\x17\xa6ej\x95\xba\x0c\x86\
PT#xlq\x1d<e\xebG\xb0\xb4\x8d\x13\x18\
\xe3=\xabk\x1b\x06\x02\xb3%\x80\xd2\xdd\xe8\xc7/y\
\xb0\x14-\xe3\x0c\xb5l\x7f>5O\xdc\xfd\xd0\xff\x98\
A{\xc6\xaf\xb1\x1a\xcd\xe8\xe9nmO\xcf\x8d\xc7\x92\
7\x0b\x17*82\x19\xd6\x00Y\x00\xc0q\xceV\xcb\
\xf0\xd3\xf3o\x82}p/d\xf8\x1e\xf2\x92*\x03R\
-\x0f\xdb\x1d\xfe\xadcBK\x16\x92\xb88&\xc32\
\xd8,\x87\x0f\xdc\xd2\x87\x95\xc1\x16\x12 \x82Z\x01:\
rJ\xf9- +\xb6@\xbee_$\x14\xa7\x17Z\
\xdf\x8b\x17(\xf4\xac\xa4\xa1\xabe\xc0\xde\xda\xa5\xe43\
\xb1\xa5\x95\xee3\xb3\xd7\xbf\xf5=y\xe514\xf9\xb7\
\xb7\x86\xdb\x99~\xd8]f\x05\xcf\x14?\xd0\xb3\xdd\xed\
\x8c\x86\xe6;\x08\xf6\x8a\xf25\xe5M:\x08U\xd66\
6~kU\x09\x94\x87\x96\xe2m\xed\xfdx\x05\xbeM\
\xc0I}\xee\xa0\x80\xd3\x013^\xf3\xd6\xcf\xd4\xd7\xe0\
$ M\x952\xd6\x03^\xe3\xf8\xe1\xf6\x19\x9a\x0a\xe2\
\x07\xa4\x0c\xcb\x9b\x84\xd0\xdc\x88\x08W\x92g/\xe55\
\xddDi\xe3vI\xef\xd1\xac\x14\xce\xb6\xf9M\xc3\x84\
\x18\x92C\xafa\xdb\x9c\xd5\x86\xa0A{@\x0ft\x13\
\xed\xad\xcd\xfd\xa0\xeb\xed\xc7\x89\x1a\x14K\xe5,\xf3X\
pWs\xe0\x1a\xa03\xfa\x9d\xf5)\xf2l\xac?T\
r*\xbc\xd6\xeb^\xbf\xd7\x12\xfd\xdcj\xfa\x08}\x9a\
\xac_\xfd\xc7\x08\x00\x96\x1c\x12.\x84\xc1\x84\xb0\x12\xb1\
m]\x92\x7fx\xa1\xf4\xa3\x9e\xdf\x1ak#\xb0\xcf\x8f\
4\xc6r\x08\x8f\xb9`\x15\xde\xf43\xd3\xf0\xdb\xcf\xdb\
\x0a\xe7o\xebAO\xf2\xd1)6D0\xdd\xb9\x99\xf7\
\xde%\x98FZ\x9e\x13\xb2\xe2\xed\xcc\x15z\xe19\xcf\
\xfdnN7\x0c\x08\x8c\xbeC\x89:\xafk\x18T\xb3\
\xf0\xae\x9b6CU\xf4\x08\x1f@\xcf/\x0b\xb2\xb8f\
\xb8\xb7\x8c:\xc8\x92\x82\xef\x91\xf6Un\x88\x1c\xee\xcb\
\x12f\xd6\xd6\xe1\x17v\xfc\x13\xec\xe8\xdd\xcag\x94\x82\
\x0blL\x08\x9f\x14\xfa[i\x80\xcb\xf5\x97(u\x9b\
k/5\x0b|\x10\xa2h\xf3\xd1O\xb0\x14t]\x1a\
\x87B5H\x12\xd6\xdc\x9c\xb9\x5c2j\xcf\x85X3\
\xf8yi\x8b\x90^C;\xbdEX \x5cy\x11\xcc\
Y\xf7\xa5\xd2<\xea\x89\xa7\x8f\x8b\xba\x84+\x8b\x7f\x85\
\xef\x9d}\xaf\xc4n\x88\xb6+L\x83M\xb6\xa2\x00\x90\
\xf0f\x924\xac\xb6'\x11\xfe\xbc/\x98V\x8e\x8ai\
\xf8\x97\x1bg\x1d#mh\x8b\xe23\xc6\x7f\xe7\xf7=\
\x04\xb2\xdef\xaa\x1a\xc8>k\x9c\x999\xfb\x8e\x1e\xa3\
 \xc1{\x17\xe3\x1d\xf4\x052\x9d\xe7\x0a\x89~L\xbc\
~\x9cy .Ae\x84\xda]\x00\xfc\x96R\x88\x98\
>2\xc3\xb7\xeb\xcc\x19\x1a!\xf3\x0d\xf7g\xd8\xaf\xa4\
:\xd2\x1f\x8a\x1b\x11*\x89\x81eZV\xa8\xf9Y\xd6\
\xda\x7f\xa3\x99\x1c\xff\xc0\xe2H\xef/\xfal\x03Vh\
\x0d\xe2\xa3\x19;$C)\xa7m\x9a\xa5q.\xe84\
jZ\xbd\xd2*\x9a\xa9X\x08}\x8aC\x02l3Y\
\xa7\x9a5\x8b\xfb\x15\x08\xcbB\x8eo\xbe\xc8C,d\
\xd8\xe7\xaa,\xa1\xbey{}\xeaY\xd6G\xa8\xf4\xc8\
\x09\x0c\xee\xfaha[\x027Tj\x8d7\xaf-T\
\x11y`\x9cI-\x95o>Y3\x8c\xde\xf1a#\
(\x19\x81\xc12\x7f=8\x1a\xb0\x18GT'\xe3\x04\
:\xcc\xe1\xfeO\xc5xh\xae\xdb\xbfGS\xa9V\x14\
\x07\x1a\x87\xcd\xcdW\x97\x94\xfe\xb4UkK7\xde!\
<;\x0e\x8e$\xf46\xd1\xe8\xce\xdd\xb5\x0c\xff\xf3\xc5\
}\xf8\xf3\x1f\xdf\x06\x8f8;\x87\xa9\xc6\xb845\xae\
\xe9\xfb\xd71\xd8\xeb\xdb\xbeSm\xb3\x89\xf4\xcf\xa3\xbb\
\xf0\x82\xbd\xf0\xe0s\xce`~R\xf9\x9f\xa0H\x89<\
\xff\x9f\xbe\xb5\x13\x0eU\xb3\x09P\x17\xf3\x5c\xa9t7\
.O\x99\xcf\xd0\x90\x18\xe3\xd9\xe57\xe1?\x9d\xf36\
\x98\xa9\x96\x04\xc0\x86\x99\xb6G\xb0Taj\xf2}\x9f\
\x14\xa2\x13~Y\xab\x90\x98\xa7\x99\xef\x12BV\xe2Y\
,<\xfa\xfb<X\xd2d\xb1\x19\xbe)\xa1g\xb7\x19\
\x96\x8eF\xfa\x849\xfe[\xb2\xbb\xe0\x17\xb6\xfcO\x98\
\xad\x16E\xd6\xe2}\x82\xee \x16\x12\x8c\xce\xe5\xac1\
\xfa\xfe\xad\x00$\xf3!\x8eP\xd0m_:\xba\x00_\
9\xb8\x93\x96\xb9\x90\xd8\x81hT$\xe4\xa1\xd24{\
\xe6\x15P\xa3\xffJ\xde\x13\x07 j\xa5F]3\xcb\
\xecB\x9a\xe5\x056\xbb\x1f\xd4Bdc\xbc\x84\x91\xe4\
m\x0cT\xe9e\xd3G\xde\xe5~i\xb3\xe86\xef\xb5\
\xd7\xb7\xf7\x17\xbba'1\x8fc\x0b\x98(i\xf9j\
\xb1\x984\xea_0\x01\x12\x16\x82\xe6\xfdV\xd9L\xbb\
\x5c\x95\xc6q\x8cWsn\x0a\x00N\xa7{\x0c\x1f\xa7\
\xfe\xdc\xa3\x13\x07\xafKk\xf5\x1a\xb5\x97\xa8&7\x11\
[\xc6\x8f\x11\xa0\xa5\x03\x86HI-\xa9\xf1\x8f\xdb \
\xfe)vs\xc4/^\xca\xa6\xda\x8dc\x85\x1a\xc9:\
\xe0+\xf9\xbf\xed\xcfS\xec\xedP\xba\x1c7N/L\
\xf9{\x5c\x7f\xees\xd3\x87b18\x19\x81\xd3\xc0\xf8\
Z\x8fn\xa8B\x02\xf9\xc9\x9d\xbc\xc6\x1a\x8cj\xcc\x14\
]\x1ck\xa5A\x84\xbc\x1cnar\xff\x11\xfa\xbf\xcb\
\x8b\xe7A:\xd3\xa3Q6\xc3&\xb1\x0cZ6Y\x11\
\xbb\x1a\xfd\x12\x117\x9a\xb7\xac\x19\xae\xd7\xae\x85\x93\xf0\
\xab\xdf\x0f\xf0\xb7?\xbf\x03\x9ev\xf9\x0c\xcc\x169\xf4\
)\x02P\x889F\x86\xe3\xbeG-F\xb4\xa6\xce}\
\xd8b\xae\xf3{\xc3\xce/\x9e{\x0f\xea\xb2\x86\xef\xbd\
\xfa\xf1\xf4o[\x5c\x0a\xa1\x17\xd65\x9cX\xd9\x02\x1f\
\xb8};T=\xe5\xf8\xa1\x90\x88#\xe7|\xfcH\x08\
\x16WPHH\xf1\xde\x1e\xf4\xab\x1a\x8ar\x04\xcf\xcb\
?\x04Wo\xfe\x10\xf4+\x0dh\x13\xa1\x89\xb4Z\xa5\
\x01\xbc\xba.c ^\xf7\x16\x02\xac\x82\xbb\xbd\xce\x8f\
!\x1ci2&\x86b\x1e$R[\xfb\x0c\xac\x11\xd6\
\x07\xebC\xf18\xb6\xc3\x8db<\x0d3\x01_,B\
\xd50\xc4:\x0cPB\xaf>\x09?3\xf7\xdf\xe1\x82\
\xe2\xebNHr\x03\x14\xf5\xdf\xbbp\x9cJ\x12\x94\x0f\
6lYuz\xea\x1b\xd7\xfa\xad\xdf\xd8\x02\x83\xba'\
\x15<\xab\x00\xa6\xd7\xaf[\x05\xa3\xde\x16\xe8\xefx\x90\
\x07Y\x0a\xce\xb3\x0b\xeb\xe5\xa7$\x05d\x15E\xc3\xf8\
#\xecF\xdd\x04\x8e\x16\xb9~B\x01\xb6\x8d\xb9\xa7\x14\
\xcdp\xfc\x12T'\xda\xffx?\xbd.X\x18'6\
\xee9mc\x1c;~a\xbc\xad\xb5\x84\xcc\xb5\xb6\x9f\
\xce\x18\x01{_\xa2\x8fq\xdf\x07cu\xd6!=\xff\
\x02\xb8$\xf4\xbd\xa10w=\xacmRak\x89~\
l\xef%\x94*\x8d\xb0\xc1\xff\x9a\xcf\xc9\xec\x81\xe9i\
\x9a@\x976\x07\xd9\xb1\xf9c\x15>\x8e%\xdav-\
-J4a\xb3Y\xb8\xae\x8dg\xf9\xe6\xa5B\xee.\
\x84\xb8\xd4\x7fS\x84\xcfnZ\xbaNj\xb0\x93i\x91\
6\xd9\xc66\xa9\xfa\xdcT\x16IkP\xcd\x16\xce\xc9\
\xbbZ\xe4\x17\xe3\xec\xfa\x0fh\xf2\xe8\x80\x86'D\x92\
6\xd3\xad\xfe\xed\xffu\x1c\xdf\xd5\xae'Sw\xbe\x0e\
/\xber\x04\x7f\xfb\xf3;\xe1\xc5\x8f\x9b\x83-=\x80\
\xbe\x04\x8e\x11\xb35\x07H\xffU\x93\x1d\xf3\xbdq\xda\
J\xea3\xbd\x9b\xdf\xbb~\xac\x96*\x9c\xe3\xa8\xce\xe1\
\x07\x7f\xe8i\xd03~W\x7f\xf8\xedz \xab\xc8\xe1\
M_\xdc\x06\xcb\xc5\x5c\x0bB\xa2\x11\x84S\x0cZL\
\xbb\x0a[\x8ci{\xec\x9c\xaea~m\x19~a\xdf\
\x1b\xe1\x82\xe2\x1bP\x94!#\xf1\xc4_\xcf!C\xd6\
N\xb2\x0ej\xb1\xa3\xf5\x14\x97\x9cx\xf1\xdd\xda\xc4\x95\
D\xedtb!\xdb\x16\x84\x09\x84\x5c\xa3P\xb0\xb5!\
\xc4{\xef\xc6\x8f\xd0\xb5\xe3\x7fI\xc0$N\x8c\xda\xff\
\x10\xa6\xca\x0a\x9e=\xf3\x0f\xf0\x82\xb9\x7f\x86^=\x82\
\x8c\x5cy8\x0ft\x5c\xa6\xe8\xa3\xd8\x9d\xac\xfc\x9f5\
\x95\x09\xa4y\xa3^\x0f\xf6\xaf\xef\x84\x0f\xde\xb8@\x1a\
>\xa7N2\xfc\xb7\xa5[$\xe0\xd5\x19,\x9c\xf90\
\xa8\xf2\xbe\x10\xfe\xf0-\xc9\x85\xde\xe9\xe5\x14.\x05\xda\
I\x0b\xab\xeev\xc1\xd9pk\xd9\xa8\x1b\x187\x0b\x03\
\x1f\xbb-}\xffm\xfe\xea\x18H+\xf8\x09\xd62\x1d\
_e\xe9\x80Z\x13\x9d\xe2W\xb7\x0c9\xa0}\xde\xa5\
\xc1{U\x95_\xaf\x84\xc5\xf7\xb4\x09\x1f\xf1\xef\xa1\xfb\
\x96\x05\x1f\xf7I,\xb4\xc9\xb8\x89/Hq\xa8\xd8E\
\xd0*\xf4D{:\x8a\x01h\x9f|\xd2T\xa2{(\
8\x18\x1b\xc1\x88WFb_J\xf8\xe2\xb4_\xf2\x83\
\xe1\x86#\xe7\x87\xda\x98\xbc\x9f\xa7\xcdm`\xffv\x02\
\x81c\xa6\xd1\x06\x91\xbc\xd9\x22\x086\x92\xa0\x22y\xf9\
\xf1\x22\xc5\xcf\x0a,\x16\x01\xd6{\x98rB\x96\x8e\xb6\
\xc0\x0c\xd1\xa2|\x94\xac\x1b\xb43\xcd\xc5x\xf7Z\x93\
\xc0\xaf\xa1g\xd2A\x11\x0c\xa3m(6C\xb8\x061\
\xd1\x13\xd8S\x91\xf09\xa9,\xe5q\xdax\xe3\xe05\
[*y\xcc\xf5H\x00%z\x98W\xc2\x0b\x9c\xf4\xbb\
.U^\xb8\x5cuk\xca\xd4\xf2/\x94\xba\x83D\x99\
R\x97\x908k\x8c\xda\x08\xf2z\x08W]\xb4\x0eo\
\xfb\x999\xf8\xb5\xef\xdb\x0agl\xeeQ! <\xed\
\xb4jRK\x1d\xb5+\xb4\x86\xa83\x8a\xd6>>\x1e\
-\xc1}\xb1\xc9?\xfc]r\xe8\x89\xb8\xe8~V\x1f\
0\xa7o\x9dw\xde>x\xf8\xa5\x17\x91\x15\x80\x0d\x05\
\x9a6\xa6\x0f@\x9f-\x8f\xeb\x1bG\xf6\xc1\xc7\xef\xdd\
\xca\xf0\xb7r\x9dr=\x1a\xb3\x1f\x94\xd4\xd8\xf0cd\
\xb3\xa2\xee9\xdd\xf95\xf9\xb6\xf3\xaa\x86\xb3W\xef\x81\
_=\xef/`!\xbb\x13\xb2\xaaG\xfb\x9d\xcf\x17\xaf\
\x0d\xe3\xe1\xf3{sBt\xc3\xaf\x1b\xfa\x89\x9b\xbbO\
\xcejd\x92\x0f\xd2\x015\x10P\xb01\xdc\x94\x84\xa3\
\x12t\xb2\xe6\xb1\x9bw\xa0{]\x91\xf6\x10\xfb\xc2v\
\x90Ns\x14@\xa0\x1a\xf7\x98\xd7\xfciG\xe6\x00\xbd\
Q\x0e\xe7\xf7?\x0d?\xbb\xf5\x7f\xc0ly\x8a\xf1\x09\
\x90y\x8b\x09\x9f\x1f\xe9\xe7\xea\x7fC\x0b\x8a0b\x9b\
\x9e&4\x1b\xb7`]\xf0\xbex\xe37fay4\
\xe7\x99-\x0a\x02t\xe6\x91\xa6\xc8sP\x8c\xad\x0b\xd8\
t\xce\x15\x90\xa1\x95\xc6\xba\xa6h\xee\x8a\xf4\xe8\xddh\
\xbc\x16\x86qYk\x99\xc5\xba\x975S\x88a.\xc2\
\x80\xef\x07\xadA\x92A\xa5+\x13\xd1W\x87\xedB\xb1\
D\xd6\xe2`\xe9\xbd\xcd\xfd\xd7\xb5\x90\xbd\xa4\x15)-\
I\x94\xf1\xe9\x82q\x8cE\x93B\x91\x80\xae\xf8\x07z\
\x9e,\xbc\xbdm\x8d\x8c\x07\x1cIi\x00\x80P\x8bV\
_\xbf\xff\xde\x93i\x0f\xe1\x1et\x9b(\xae\xc7\x02x\
\xb3\xe0\x11\xd3\x1b\xd5\xe2]\x0ff\xdc4:9s\x96\
\xae\x87A\xab\x0e\x13\x83\x93S\x1d\xbe\x80\x9e\x7fY\xf9\
\xa6\x00\x10h\x14)\x13\x03}\xc4#\x9c\xdc\xe4\x1f<\
!8\xf2\xb1\x05\xa0\xcb\xe7\xc3f'\x9b\x9f\xdan^\
uO\xb2\xe6\x90`\x8e\xcd\x0d\xd0\xf0?%\xc6\x90z\
\xd6x\x7fR;|#\x1f\x0fK\x10#\x1f]\x92 \
\xb9^\xa3\x1e\x0d8L\x8b\x89\xca\x02|\xa8\xb0\x12\xf7\
\x12\x8c\xd5\xa9&\x89\x03sZ\xcdJ\xb6\x934\xaf\xf6\
+QG3\xa4\xe6M\xb3<i5M>H\xee&\
u\x09H\x90\x18\xa5\xc7e#\xea\x16\xcd\xda\x17\x9f1\
\x80?\xfa\xb1\x19\xf8\x93\x97\xed\x80\xcb\xf6\x15\xd0\xb3\x22\
\x84]\x065\xdd\xd2@\xfc!\x8a\xf7l\xa8k\x8d_\
\xafXca\x7f\xb0\xb3)\xb0\x91\x1a\xe7[\x97\xf0\xb2\
\x97>\x07\xaa\x12\x05\x1ay\x92\xa3\xed\xe1\xf9\xcc\xa0\x07\
\xaf\xff\xecVX\xed\xcdBV`\x0f8\x1b\x9c\x99'\
\xa2\xb6\xb9\x00\xc1\xd61\xb2\xee\x81\xebV\x8c*xT\
\xf9E\xf8\xf9\xf3\xdfJ~nL{c\xa4\xe0>\x89\
Zl6\x16MO\xb8\xa97l\x87\xe7\xde?\xbf\xb9\
&Mq\xc1^\xcd\xcc\x82\x7f\xd2gK\xdf\x8b\xa6K\
\xb9@\xd1h\xee\x0cv\xc5\x81\xb2\xae\xb8T\xd4\xbc\xa2\
&L\x80\x02E\x0b\xaa\xc4\xd8++\xd8\x9b\xdf\x04\xbf\
\xb7\xe3\x0f\xe0\xcc\xfa\x1eW\x0b\xd5E\xc8\xe9y\x16l\
\x948\xc6\xc2\xa1y\x9aJ}\xfe\xddK\xea\x1f\xec\x80\
w_\xbfKR-U\x90\xe1UC\x05\xa9.0X\
\xb7\xc7.\x8dm\x0f\x86\x99-{\xa1\xce\xfaQLI\
\x08\xde\xd4\xb4\x0bx\xd4\xc3\xb6\xb5\xe4\xe7YA&\x88\
\xfe3\x06\x06=\x1dM\x00\x9f\xa6U\xae\x99\x85\x12~\
\xdf\xdd\x82\x9d\xd5\xd8\x0b\x22 \xdb\xc0\xd6\xe0\x8el|\
\xff\xb1EA\x99\xbc\xfc(\xa2\xa5Z$\xc6\xbb\x1bx\
?(\xb6\x97\xd7\xee\xbb\x84\x06;\xd3\xae\x15hf>\
\x85\xd75\x9fa\xc5='At\x09\x01\x9a\xf9j\x03\
\xd36\xd6\xd2\x03\x09\xe1!\xdb~D\x0b\x93\xad\x1b\xd7\
r\x0f|\x88\x8a\xa8&)Sm\xf3\xb1&\x17W\xd0\
\xa3e\xa4q\xd5\xc0\x94\xc9\xa79/\xfb\xbd_\xee&\
!\xb0\xf7\xf9\x7f5H\x88\xfev\x04\xca\xffX\x97\x09\
\xdf\xa3`1,\xe7[\xe2\x17j7,\xc9r.i\
Z8a3\x99\xf8\xbd\x93#\xddX\xf3k\xef\x81\x8e\
&jr\xa91\x90\xf9>1\x07?\x18V\xd8\xa7j\
\xe9\xfaL$\x98\xbd\xaa\x86\x0bv\xac\xc2k_\xd4\x87\
\xb7\xbcr;\x5c}\xf1\x14LS0X\xf3\xfd\x04\xd6\
\x9d\x84K\xa1)\x16\x85D\xb7\xeb|$\x05\xec\xe0]\
*\xa4/\xef\xcdg<\xe3\x09\xb0w\xc7&\xd5c\x82\
'+\xd3\xe4[\x87\xf0\xa5{\xf6\xc2g\x0e\xee\xa1X\
\x00\xc4\x05\xc0\x9f\x14\xf4\xeaX\x22+{\x00M\x9f\x08\
yP\xa0\xabd}\x0d\x9e\x97\xbd\x17^|\xe6?\xc0\
t\xb9\x0c\xfdQ\xc9\xae:\xd5L,S \xd0\x14\x0f\
\xe0\xe5\x9f\x99&\xf8dfu\xc2\xbb\xc1\xa9\xe8\x18k\
\xdb\xfa\xc5\x7fs_\x1e\x8508\xeb\xae\xf4\xb6Z\x02\
\x05\xd3\xc0\xf8\xb8U\xe3\xd3\x14<D\xf8\xdb\x9a\xdf\x01\
\xff\xf7\xf6_\x87\x8b\xb3\xcf\x0a#\xd0gs\xe6\x92\x9e\
!\xb7\x98Jx\x9d\x9bE\x94\x1f\xb7\xbfM\xca4Z\
p\xb2\x1e\xbc\xf3\xc6)\xb8o\x19a\x9e\x95\xd2E\xc0\
MtO\x09C\xe8\xc1\x8e\x0b\x9f\x02\x83\xac/_Z\
\x08ie\xf0\x8a\x84hl\x00\x02kM\xdf\x09\xe8Q\
2\x0dM\xe4\x18\xd5^\xd5\xaad\x15\xae`\xe3\x88\xc5\
\x91\x9f\x9b\xc6\x9ch\x9a\xfeuo\xc4h\x802\x04\xad\
\xfa\xa72U\x94Z\x19\xbf\x7f\x1b\x9fr\x7f[=\xe6\
,w1\xffx\x0f\xb8\xfb\x8c[\xa9\xa5\xe7\xa4\xd2\xe4\
]\x99\xe1\xd8\xdc8\x14\x1e\xd8\xed\xaa(\xdd[-\x05\
\x8dA\x9a\xa0\xa1\xb8s>\x9c\xdd\x87m\xf2\xd6\xb4\x02\
4\xaeHH3j\x16\xd5 ,\x0e\x82\x93z\xed\x01\
\x82`\x96\xd4\xa8t\xe1l\xcc\x80}V[`\x87F\
\xe6\xa6\xe6\xdcf\x19\x90\xdf\x1a\xda\x8e\xc2\x0f+0&\
\x0b*v#[\x89\xd3j\x97\xfe7\x7f\xe8<\x94p\
\xbc\x09\xba\x04\x93@;\x884\xdd&C\xf1\x19\xe2\xf7\
\xa7\xf9\xf7\xe2\xc7;\x89\x00IW\x07\xe6.\xf7i\xda\
\x05\xc47\xf0\x8f\xae\x1f\xb9\x10J\xd8<\xb5\x04\xaf\xbc\
\xa6\x867\xff\xf46x\xf6e\xb3\xb0\xa0\xc1r\xb2{\
\xe21\xa1\xa9Y\xcd\xcd\x1b\x98\xa8\x1b\x86\xf51\xa7\xd6\
\xa3\xb964X!\xb2\x02\x09MA_\x05\xf4\xa72\
x\xe1\xf3\x9e\x06Y\xe9!U\xe3\xe72\x12]\x0eU\
=\x05\xbf\xf7\xb1\xed\xb0\x04\x88\x1a\xc7i{\xd6'o\
W=\x15_\xe3/4c\x925D\x80\xa1\x99\x95U\
\xf8\xa9\xf9\xbf\x86\x1f\xd9\xf3\x0ft6z%\xc7\x1f\x94\
\x027\xed\x05k\xbf\xb7\xdbje\xb0\x90\x96>Sx\
V\xac\x0b\xe1\xf4\xe9\x8d\xf4K\x16 K'<\x93\x8f\
\xeb`\xf0\xf4\xa50\x8f\xe4\xc9W\x18\x94\x09=(`\
\x04\xdb\xb3\xfd\xf0;;\xfe+<a\xea\x93\x90\x8dJ\
\xc80\x7fT\xb4~/\xc47\x99c\x16\x97Q\x0f\xdc\
\x92\x22\xda\x11\xf3\xcf\xe0T\xbd\x00o\xf9\xfcNr\x05\
0\xa1\xe0D/\xcd\x1c\xa0t`)=\x9b\xcf\x9f\x0f\
3{.\x16\xa6\xab\x81\x0ehA\xd2BE*\xe84\
\xb5E\x1e\xd7\x04k\xac\xc2\x01y\x01\x22p\x9b\xc6\x0c\
\xc35\xd0\xdf-\x9djX\xc06\xd0\x9c\xd58\xa2\xb7\
\xa1`\x1dk\xfe\x1bm9\x9ba4\x92\x7f\xac\x86\x1f\
\xbb^c\xc1A\x15.O\xcb\xbaf\x1f\xdf\x9b\xfe<\
\xa4\x83\xbc\xa6\xa1e\xc0\xdeg\xc7\x1aP\x116\xb1\x87\
\x12\xaf\xbd\x11\x7f\xac\xf7\x96\x1f\xa4f\xb8Fw\x8dA\
\xb7\xff\x1eN\xa2m\x92\xfa,\xcb\x88\xfd\x06\xca) \
[1\x09\xf4~4YY\xbf\xbb\xf7\x09\xf2\xc2\x040\
\x19\xd8w \xf6Z\x8d\xc9\x00\xa5\xb4\xf8\xf1S\xdf\xa9\
\xfa\xda\x96\x22I\x04.\xb8\xd6\xae\x87j`\xe6['\
\xd7\xa8\x16c\xcd\xa0!\x8e\xb4\xcc8\xc0\x05\xd0\xf9\x97\
YI?\x94>g\xa0'9\xa8M\xd0\xadX\xedf\
\xe2\x8c\xbe\xfb\x07$\x0a\xc0K\xf7\xfc\xfe\xda\x8b-\xb9\
\xe9R\xf6\x12\xfb\xab\xbdY\xd5_k\xfb\xe65\x91\xbc\
t\xf1\x81#\x9d\x9a\xce\x96\xe1yW\x0c\xe0\x1d\xaf\xde\
\x06\xff\xe9\x89\x9ba\xdbl\xe1*\xc6q\x8dy]Z\
oq\x0a\x0f\xf5xWO`B\x95(\xf9\x14a\xf0\
&R\xfdN\xcd\xb9\xa8a\xfb +\x17\xa0\x88\xe3\x93\
\xf8\xfd\x1f\xfb\xb1\xe7\xc3\xec\xcc\x14i\xdc.\xfcJ\xd6\
K}\xbb$\xe9\xd7\x19\x5cw\xef\x0ex\xcf\xad\xbb\xa1\
\xeci<\x8b\xce\x89\x19\x82\xae\xbf\xd6U\xb0\xb9\xfa\xe1\
\x0b\xd18\x08\xb4$T\x841\xd0\xcf\xd6`\xd3\xf2q\
\xf8\xf9\xf9?\x81\x97\xec~\x1b\xf4\xf2\x93\x04\x98\xe4\x0b\
\xfep\xb9T\xf7\x8e\xd4|\xee\xecw<o+ \x05\
tEV\x85bs\xc6\x02\x04\xb1\x0f\xdd\xc5_\x04~\
X\x0f\x06D&\xdbJ\xea\x93\xb8k\x8c\xbbH\xf6\x98\
zMY\xb9F\x06\xcb\xae\x18\xce\x89\xe7C\xb9%;\
\x00\xbf\xb9\xe3w\xe0\xbb{\xff\x04\xbd!\x02&\xa9\xb0\
\x83\xc1\xa2\xcc4$\x0b\x90\xb8e\xe0\xaeP\xe1\x80\xe2\
\x03F&\xfb\x82\x99;\xbd\xaa\xac\x84QV\xc0\x9bo\
\x98\x87\xbb\x97\xe6X\xb0\x13\x18G]C.\xb5\xcc*\
\xd1\x08\x0a\xd8y\xe9\xd3\xa1\xc4dU\x17?\x81\x15\x10\
U\xdbg-?\xb6\xe4\xd9\x94C\x8d!\x89\xd7\xd9\xef\
\x03\x81\xc1\xa5\xf7\xaboQ\xb1%\xbc\xc2\x15\x08\x05\xf4\
\xf1\xf8\xe0m\xfe\xdc\x89\xe1\xe6\x8c{\xf3\xbd\xbe\x13\xda\
\xdf\x18\xa0j,\x01\xbe\xcf\xb8\xefP\xe1\x1b\xdb\xea0\
\xcf\x9f\xce\x1dm\x18\xfd;t\x93\xb0\xd2l\xcbZ7\
\x9f\x15\xafc\xc8\x9a\xd9\x8d\xe0\xfa\x0b\xae\xb2\xfc\xaai\
\x05\x18+\xe8\xea\xbaW\x1c\xc7\xc5Uf\xa2 \xc06\
\xedu\x12A;\xd0\x16\x1db_\xe7\x1d\xd1\xef\xcd\x97\
\x92\xd2^\x9bDT\x8c\x1a\xc6\xbc\x1f\x96\x8bl\x0b4\
c\x0a\xc7\xfaI\xf3\xf9\xe1\x8b\xf2\x04\x22\xecs\xe3\xcd\
\xcf\x89\xbd\xfd\xde\xc7\x8c\x1a^\xec\xe60\xe3qZ\xa4\
\x19\x7f\xd3\x8ac\xc6\x9f\xce\xc6\x887dl\xc5\xa1o\
\xe5#\xad\x09\xc0GG\xca\xc0\xca\xef\x0f\x04\xfb\x0f\xc7\
\x95\x96\xa8\xc3\xf7\x10Z\x22R\xcd[{\xa8Z<!\
\xa1\xe1{\xee\xd5\x15L\xd5kp\xd5\xc5\xcb\xf0\xa6\x9f\
\xdd\x02\xbf\xfd\xfd\x9b\xe1\xbc-L\xe8\x89\x14\xc6\xeb\xd7\
9C\xeb\xa3\xed\x18\x83\xbc\x87N\xad\xdf\x1c\xeaX\xb3\
M\xc5\xac\xf85\xca`\xcf\xbe-\xf0\xf4\xefy\xa2\xa0\
\xcau\x09NH\x94\x0a\xf8\xbd\x8fm\x81\x83\xe5<d\
\xf9\x90\x02\xde\x9c\x0b)\xd2\xba\xbb\xd6W\xf1\xd5%\xd7\
E\x18.\x0a\x8f#\xd8\xbc\xb6\x08?7\xf3zx\xd5\
\xde\xbf\x80\xf9r\x91\x00\x8bJ4#SL@\x910\
\xfd\xf3\xe8tM]<\x85\x09\x8c\xb2\x89~\xa8u\xb3\
2\xd3&\x9d\xf8u\x8d2p\x8d\x80\xa0\x13am\xde\
A\xf2f\x89\x1f]?a\xdc\x04\x11\x94O\x89{\xb0\
OB\xce\xee\xean\xf8\xed\x9d\xaf\x85\xa7\xcd\xbc\x0b\x8a\
\xd1@J@\x8b\x05\x8f\xac,\x82k\xaf8\xff\x11\xad\
\x12\xb1\xcd\x80\xbeH\xf6\x0f\xf1\x18\xb4j\xe2\x17}\xb8\
\xab\xde\x05\x7f\xf5\xf9]Pa\x12*I\x05>\x8a\xdd\
a\xb8I\x01\x9c\xfe\xa6\xf3a\xfa\xcc\x8b\x09\xc2\x9f\xe7\
\x8dq\x05\xe8\x0a\x88Q\x10m5K_\xbd\x90\xc3\x81\
\x8a\x0dXZ\xc24Oc\xef\xb4\xe8b\xe1\xfbi\xa4\
\x97\xc7\xfb\xbc\xc9\x12,?h\xe3U\xe3,\x89\x1b\xb2\
0d\xde\xbf\xaf\x1a\xbf*W\xa9\x00?;\x86FW\
\x13Z\xab\xfc\xfd\xc6! \xe5\xc8S}u\xb9\x9e\x9b\
\x9fa\x90f\x14+c\x05\x80\xd4$\xac)2\xea>\
1|\x1b\xbd\xef\x19\xb1\x0f\xd6\xb1\x83\xeb^\x88\xb6\xc9\
\x84\x1a\xb6'b\xceW\x16\x98\xf7\xd3\xbe\xd5q\xc9\x8a\
\xe1\xb3\xda\x17v\x92\x8d\xd6n&\xd2\x7f\xcd!\x1b\xbb\
&&\x95\xc7]\xab\x08T\xcd\x03\x14\xa6\xdc\xf8\x1cu\
\xd2\xee\x85\xf2\x05\xe6H1q6\x02\xb1\x9c\xb1J$\
\xe8\x07\xc8\x8f6\x89\xe5'\xbe\x1a\xbfm\x0fQ\xe3\xf5\
v\xc5NQ9\xc8\xd1O[\xc1C\xf6\xae\xc0\xff\xfa\
\xf1Yx\xfd\x8f\xee\x86\x87\x9d1\x05=$~5\xe6\
l\xb3\xa4\x1fb\xa9\x8f\x13\xf0\xd2>\xcc\xe6\x5c\x8cI\
9e\xd6\x16\xc2k\xb3\xd3b\xa2\x8bq\x1f\xecn\xf3\
\xfb\x18\xdd\x10<W\x80W\xbd\xea\x87a\xba(\x04\xfe\
4\x12\xee\x9c)\x83k\x01\xdc\xb7\xb8\x03\xdep\xdd\x19\
P\xe7\xd3b\x0e6\xab\xaa.\x03\x89\xfeOg0T\
Q\xe6\xbc\x17\x8cs\xb4 \xc1:,\x0c\x96\xe1%\xf9\
[\xe0\xd7\xcf\xfdC\xd8\x96\x1f\xa248\x1a7\x9eU\
a\xe0\xd6\xb0\xc6ZS\x1e\xfe\xc8\x82\x84\x06:M3\
3\x1c:^O\xd3\x1c\xa1\x96\x1d\x1b_\xcb>Q\xf3\
Y\xdd.\xe0)9\xa6\x02@\xb8/2\x80\xa9r\x04\
g\x17_\x81\xd7\xed|5\x5c\x9d\xfd=\xf4\x07C*\
\x16\xe1\xcf\x09[\x080Q\x03\xdf\x8d%\xec<\x06Y\
9g\xbe\xd7\xb1y\xf6\x89\xea\xc9(\xcf`\xad\xd7\x87\
\xff\xfbc\x9b\xe0\xbeu\xc4\xfd\xc7\xef\xb1\xaeC\xc3\x16\
\x22\xda\xf8\x082\x18@>\x5c\xe3\xba\x14\x88K@\xc0\
Ghe\x93\xeb\x22\x17S \x84\x89\xb9\xb8M\xf0L\
2^\xc3\xaeD\x1d\x13:e\xd7\xb0M\xb9LC\xf2\
\xf22(\x95\xd6\x98/s\x8dh\xfd\xa4\xc9\xd2r\xdb\
4\xc4n\xc1\xc1j\xe6\x93\x08\x04u\x8b\x89=n\xb1\
\xa0\xdf\xe5v\xedj\xc4\x9f\xd4\x80\xa5\x82aT\xa7\xa7\
\xa9,t\xd0M\xc7\xec\xcdg\xeeX\x85|\xb11\xa1\
\xf4\xefm\x8f\x0a\xcd\x90\xf1dY(h\xdbHi\x0d\
\xa9\xddD\xc4u\xd9T3f84\xef;\xb7\xcf\x09\
$\xb7D\xb3\xdb\xcc\xfex\xa1bc\xadMBU\xf8\
Q;\x07\xbb)\xdd\xe7\x92\xce\xd4t'\x84H\x83\xa6\
#\xf9\xc8\x98\x8c\xcd3\x92\xf7\x88\xb0\xc6\xae\x91\xf1\xbe\
>\xf6}z\xa2\xf1@\x08\x01]\xd2|r\x18R\x9a\
\xb9\xa0\xd3\x91\xce#\x0e\xfa\x87\x11\xec\x9c[\x86\xff\xfc\
\x5c\x807\xber\x07<\xf9\xc1S\xd0\xcf\x91@\xca\xae\
qD8,\xcc\xdc&M\xdbh\xf3\xd3\x8d\x81\x08\xe7\
\xda\x8dB\xd6428.!\xf3\x038\xffA\xdb\xe1\
\xea\xa7<\xdeY\xc1\xfcs\xe4\x0a\x01\xfcA\xad\xb5\xcc\
jx\xc3\x17v\xc2\xe7\x8f\xee\xf2\x11\xccq\xdf\x1dD\
\x85akEK\xd7T(D\xb5#\xd4D\x16@\x90\
\xd1``\xe0\xf7\x0f\xdf\x01\xaf;\xfb7\xe1\xdc\xecF\
\xc8\xeb\x92\x5cr\xed\xab\xc6\xef\x83Cz\xbd]L\xad\
\x00\xaa\xe8\xb2\xe6m\xe8\x07\x955\xce +\xb44q\
H \xbd\xb9?Z\xd7\x16\x1a\xd4\xf6.83\x80\xad\
\x19\x08\x03\xd5\x875\xb8\xa2\xff~\xf8\x93m\xaf\x81\xc7\
\xe7\x1f\x85^U2\xba\x9f\xc0,\xeb\x9c\xa4\x185\x13\
[\x93\x99\xa6\xa9v*\x80q\xf0\xad\x09\xb6\x938\xa6\
!\x02\x0bU}\xf8\xa7[v\xc2\xfb\xbf\xbe\x9d\xc1\x96\
0\xf4\x10\x05GSMN\xfb\xe4\x0c\xc0>\xc0\xa9\xdb\
\xe1\x9e\x8f\xfc1\xf4W\x0eQ\x09\xe1\xd2\x94cf\x13\
\xb3Zb\xd4\x0d\x14\xd1\xc5\x16kU\xf79\xd54X\
W\xb1\xc0\xd3b?\xd9\x86b\xe6\xad\x18\xcd\x18,\x05\
c\xb2\xbc\xc4Zw\x1a|\xa6\xc5\x1d\x1b[\x1c\xe2y\
\xc5\xd7\xc7\xcd\xd2i\x1f\xccZ$\xe8\xb3\xbf\xfe~5\
\xdd0B\x03T9\x19G+c\x9ek\xcf1\xddk\
\x81\xd0\x12\x02\xbe\x228\x8e\x1d\x1d\x1dd\xd9\xbcy\x8b\
V\x9b\x22\x22\xe4\xa9t\x0c\xd9\x0e:\xdc\x14\xe1\xa4X\
\x9aV|hG|\x91\x107\x08\x8a\xcfu\x8c\x17\xc5\
\x8e?\xf5]\x9c\x80\xa2\x900\x1bm\xee%4\xd6\x18\
M\xa5\x11ZG\xf0\x87\xadf\xc77R\xfe\xb00g\
\xcas7\x05H\x82C\xa3\xc4\xd0\xbd\x1d\xdfg8\x7f\
>P\x94\x0e\xc5\xa5\xe3\xfc7\x1a\xe1\xdd\xa8\xf0\xa8O\
\x91\xc3\x98B_;\xed\x16\x0b\x89\x1cG\xd2\xaa]g\
5Le\x15,Le\xe4\xbfe\x10\x0e\xd1X\x88C\
\x88\x00T\xd7\xb0\xd0[\x82\x9f\xbc\xba\x82\x7fx\xf5v\
\xf8\x91+\xe6a\xf3\x14k\x1aY\x86)p\xfa4\xd7\
\xad\xc9rP\xcd?>\x0d)\xbb\x88\xe9 \xf25'\
\x87\x1f3\x1c\xf6\xf8\x9a\xf8\x00\xdey.\xd0P\xfd\xba\
\x06x\x84q\x0b*\x0a\xc3'FR\xf5\xe1\xe7^\xf5\
R\xc8z3F\xf8\x93x\x1c\x87\xe9.D\xb3\xce`\
\xb5\x9c\x86_\xf9\xe8.X\xcc\x17\xc8\xefL\x05\xee\x85\
x\xe2\x19S4?\xf6\x81s\xc5@\xe7k\x954\xc1\
\x92\xa0l\xa3b#\x9a\xe6Gc\x1b\xc1T5\x80'\
-}\x04\xfex\xef\xab\xe0{g>\x00S\xf5\x0a\x03\
\x06\x91 \xe0\xad\x07^)\xd0\xbd\xcf\xe3wZqP\
\x1dN\xcc\xd4\xa4\xd9\xfa\x93\xea\xa3\xc59\x85\x8e\xc7\xee\
\xdf\x03\xddF\x01\x7f^hp\x1a7A\x0c)m\xd1\
\x1f\x9f\x83\xcd\xf9\xfe\xdc\x07\x02\xfc\xccU\x07\xe0%\xf3\
\x7f\x0c\xbf\xbf\xf3\xd7\xe0A\xd9W\x19q\xb0bL\x01\
\xf6\xadbn\x04\xae\x91\x8c\xd7\x99\xf6Ec\x15CM\
\x95\x00\x18\xe3\x11\xb3\xf5\x05\xa9X>\xcc\xe0\xc6\xf5\x05\
\xf8\x9d\xcf\xec\x82jj\x17Og\xd4\x93{\xfd\xbe\xa1\
\xdf\x04\xdcL\x9dt\xbd\xd5\xbb\xe0\xee\x8f\xfd/(O\
\xdd+.\x00\xae\xd0\x88\x16\x16\xa4+tr\xb8\x8c\xa2\
\x11\x94l\xd9\xe88\xeeE`\xa3\x8d\x00&\xfc\xdei\
\x08\xfcl\xf6\x95\xf3\xe2\xb1\xd5\x97Og\xcaj\xe6\xd4\
\xb7\xe0D\xd19\xa4=\xa7V\x0b\xb6&Sl\x87\x96\
T0U\x18YK\x96\xbe\x0d\x06\x7f\x9b\xa6o?k\
e\xdcY3V\xc1\xd3v\xa1\xab\xd15m.\x08\xfb\
y\xea\xbb\xc6\xf8\xc4\xd0\x8b\xd8\x0e\xfc#o\xc4\x9c\x95\
\x14_\x1bg\x0d\xb0P\xc41\x88\x18\xd1\xfe\x86\x97\xbc\
18\xc7\xb5\x93P0\xb4&\x94\xc3\x1aj\xdfq_\
\xd6\xfc\xc4\x81_aJ\x92\xbf6\x94\xce\xfc\xbd\xbe\xf4\
\xa6\x06dxd\xb6pS5\x9b\xd98\x0e\x03}2\
\x13OWkH\xa0\xc6\x7f\xe8\x22\x8a\x83j\x1fVJ\
\xeb~>\x13$\x85\x9c\xd5\x1a\x00<\x17]\x0f\xba\xce\
i\xe9^\x82\xb6?A\x11\x961sm\x93\xf8\x03b\
}\xbfZJ\x9a\xf5\x82@\xaa\xa1or&\xcb\xe0\x8a\
\x07e\x92\x03\xcf\xbeP\x97Z\x96\xa3{`\x05\xaey\
\xd8\x1a\xbc\xf5\x17\xb6\xc2\xab\x9e\xb6\x09\xf6\xce2Qj\
\x1b\x83\xff\x89\x09\xd4\x06\x00\xad$\xa8\xcd\xbe\x8b\xd3i\
\xea\xf3\xd7}N\xc2\x98\xf3_#\xf1.\xa4\xa0\x0b\x9b\
\xcaW\x86=\xf8\xd3\xf7\xde\x0d\xaf~\xe3A\x18\xed|\
\x04\x8f\x9a\x0e\xf7\xc8\xbfo\xa1\x95\x1cPF\xf1\xe1\xf0\
\xb5\xfbv\xc2_^w&\x8c\x8a\x9e<Tq\xe1\xd3\
\x8d\xb1\xeb\x99\xa9\xd9\xf4!K\xb0\xe9:\xf9\x1b\xf5T\
\x8c\x8c/\xea!\x5c\xb0~\x13\xfc\xee\xf6_\x85W\x9d\
\xfd\x07\xb0\xbb\xbe\x85\xb4\xe7\xdeH\xb5]\xd4f\xd5\xbf\
\xaa\x15\x0dy!\xb4\xe8\x97\x0f\xdcr\x8b\x1d\x9c\x9f\xe6\
\x1aza@GIep\x05\xc8F-k\x01\xc1\x95\
\xd4J\x8dqQK\x04k\xfd\xec\x87\x9f+G\xf0 \
\xf8*\xfc\xd7\xad\xaf\x81\xd7L\xffw\xd89\xba\x8b\xc0\
\x90\x04\xa9\xc8\x09\x0c\xe4?\x8f\xad\x90\xf1K\x8eh\xa3\
\x1d;\x93\x09\x16\x91\xd6\xfb=\xf8\xbd\x8fl\x81\xe5S\
g\xc2\xfc\xfc\x09\xe8O\x01\xe4\xfd\x12\x8ar\x86\xf1;\
\xdc\x0cC\xc2\xaf4ejx\x14\x0e~\xe2\x7f@y\
\xfc\x16\x12L\x18 \x0a\x05<\x0d/\xe5\xbc\x03G\x1f\
T\xf0\xa2q%\xf6\x03G$z:m\xc6\xed_O\
\xdaz\x96\xa6\xe3*$$\xde\xa5\x04$\x13\xbd#\x8d\
\x9b\x05;\x12\x99\xe9\xb6\x88\x9f\x04\x10\xdf!\xe8\x9a\xfd\
7\xfe|#-\x0b\x80s\xda[j>]tV\xff\
\xa5\x9dK\xf3\x8eb\x90\x22\x8f\xd7\xe9\x8e}\xdc\xef\xbd\
\x94iL\x17\xb8M\x93\xb6\x04\xcbj\xf6|\xaf\xfaw\
x\xdf\xa3/\xac\xc9x\xfc\xbd\x5c\x03\x00\xff\x15m3\
\xca\x99l\xc3\x9fs\x08c\x18\x80\xe3\x9ckM\xe9\x9a\
\x09\x8a\x9d\x8f\x05\x85\xb0\xf3\xeb\xf22\xfbui~\x18\
\x1ev\xd2<\xdc\xf0\x158\xc6d&\xd0\xd51B\xa0\
%LF{\x10F\xe7\xc16%\xa7\xdd\xa6\x10\xd2\xe1\
u\xb2]c\xb5\xa8\xaa\x1d\x09%j\x06j\x1e\x8a@\
:\xe6O\xdd\xdd\xaak\x07\x1f\x9fV\x0b\xf1\x18\xc21\
X\x5c\x80\xe6\xf8\xf0\x7f?}\xcdV\xb8\xfe\xeeCp\
\xc7\xc9\xad\x90\x17\x98\x8aUC^\xae\xc3e\xe7\x0e\xe1\
\x17\x9f\xb9\x00\x8f<w\x9a*\xb1s\x1f\xe8\xebO\x9b\
5c\xb3y8\xb1\xd3\xb1r\x08\x82_G\x0b\x84\x5c\
=\xfc\xc6\x02\xa6\x82\x9d=\x07*\xf1am\x02|\x83\
e\x95\xc1\xbf^w\x12^\xff\x8fw\xc2\xddGr\x18\
\xe6}\x98\xbf\xf0\x89\xb0|\xfc\x1b05<)\x88~\
\x1a'\xc2\xb6w\x22\xa1R\xad\x10\xc9\xe8\x7f\xff\xdcv\
x\xf8\xd9g\xc1\xd5\xbb\xeedF\x06C\x00\xe8\xcb\x1e\
\xb0+\xe4\x89\x9e\xa2g\xba\xf5\x11b\xd5\x00\xcdQ!\
1\xe7\x8az[VO\xc1\xcb\xfbo\x86\xab\xce\xfc*\
\xfc\xf5\xf2K\xe1S'\x9e\x02\xeb\xa3\xcd0\xc0t6\
u\xb7\x99[=\xc6\x99y\x9eX\x1c\x833m\x9c\xe7\
z\xb6\xf9-x\xed\x95\xa9\x86\x85U\xf5{\xc1\xd7\xbd\
Wa\x83\xaf\xf7jD\x0d\xbdQ\x01\x9b\x8b{\xe0\x05\
\xf3\xff\x00?<\xff\xf7\xb0\x0bn\x83\xbcBx_\xa7\
\x8a\xca\x95\xec\xb3\x0f\x96\xc0\xed\xe3\x14\xad\x88\x80p\xdc\
\xd3\x85\x97\x15\x19\xa5\x13>\xf5|\x80\x1b\x07w\xc2R\
]\xc3\x5c\xbd\x17\x96FS0\xe8\xad\x93\xdd\x82#\xff\
\x99\xc8\xb0\x10\xccs\xe3x\x10\x1e^\xbf\x5c\x82\x83\x9f\
z=\xecz\xdc\xcfAo\xf7\xa5\x90\xd7\x03\xa8\x08\x18\
Hb\x0fTxpq%:.\x11\xae;64\x7f\
\xa3\x9a\xb7\x8f\xd8WkJx\x7fS\xf3m\xf0\x15\x0d\
2\x16a\xcc-\x1f\xed\xb5D\xec\x91|\xdf\xb0VN\
@\x9b\xda\xf8Zm}\xed\x89\xf74ik\xeb7V\
\x84\x03eYv\x92Wb5I0V\x08\xbd\x005\
A\x08C\xf8<\xc5JH\xb8\x00\x9cmT\x1f\xaf\x07\
\xb1!\xa9J\xe9_R-\xc4$\xcf\xf4L\x19'\x83\
=\xa4\x04\x89\xe6Rj\xb9\xc2\xa6\x8f#\xb0<\x10\x02\
\x1a\xea/\x1bO@\xb3>\xc1\xe0\x058_\x98\xf6\xe8\
\xfd\xca\x96P\xdf\x1f\x9f\x8e75\xfa\x96\x16\xa8Z\xfc\
H\xb6\xe0\x86\x04v\x11rTt\x0f\x0b[\xe6\x16\x03\
\x05\x1c\x5c\xa7\x86\x88\xc43\xfd\xd8\xe2qE\xd1\x03J\
\xf0\x1f\x08C@\xd4\x0c_l4\xd4\x04\xd0\xc4|\xf6\
\xf6\x02\xde\xf4\xaa\xdd\xf0\xfe\xaf\xae\xc0\x97o_\x81\xf9\
\xd9>|\xcf\xa5\xd3\xf0\xf8\x07\xcf\xc3\x1c\x12N\xd2(\
\x85\x92R\x99\xd56\xed\x16?\x0f\x83\xfdT`UW\
@\x9b\xa6\x16\xbe\xabf\x10SWs{+\x94\xff\xc2\
\xb5\x0f@o\xa4\x9al\x0ep\xc3\xad\xab\xf0\xba\xb7\xdf\
\x05_\xbeU\x83\xbc\x84\xc5\x15;\xa0w\xceUP\xdf\
\xfa\x1e\x1a\x0b\x1a\x0ald?[\x87\xf8\x7fE\x95\xc1\
*\xcc\xc0\xab\xde\xb7\x0d\xde\xff\xa2e8\xb7\x7f\x18\xea\
\xb2o*\xbe\x093\x91\xf7\xee\x05q\xc3\xb0\xb4.B\
\xd4\x90\xc00\xdb\xc7<\x5c4+\xa2\xa9y\x04\xbd\xb2\
\x07\x0f\xa9\xbf\x0c\xbf;\x7f+|q\xeb\xb5\xf0\xe7\xc7\
^\x017.]\x0e\xc3|\x9a\x91<\xa8\xc6\x87\x22L\
\xa8\xabKM\xc8\xde*\x10\xac#\xad\x9d\xb7\x12\xe0\xbb\
d\x930\xfa:y\x90\xec\xf2\xd2t\x16\x0f\x17\xac\xf9\
\xfc\xf4\xbd\xb1\x98\xa9U\x09\x85\x88\xe9j\x11\x9e<\xf5\
^\xf8\xc9\xcdo\x87\x8b\xf2/C\xaf\x1cp0#\x15\
\x0c\x9e\xf2qG\xeeeZ\xcdJ\xad\x82-{\xc0\x08\
%\xee\xe9J\x94\x0b\xb6>\xac\x1c\xcb\xe0\x07\xf7\x1e\x80\
]s#\xf8\x83\xcfo\x86\xdb\xab\x19\x18\xf4\x87PU\
\x19\xf4G\xf8\xee9\xca@YE\xc3\x12\x80\x96\x9b\xbc\
\x86\xe9j\x09\x0e\x7f\xeeO`\xdf\x15\xaf\x80j\xdf\xa3\
!\xafJ(s\x84t6\xa6ra\xb2\xd6\xe5\x12\xef\
W\xaf0\xe9\xb8\xf5\xfdx\x93\xb2n\x1a&\xabc\xce\
\x04\x06\xf2\xf1/\xe2S\x17m\xd7\x01\xb7y\xa1.m\
\x91\x8b10\xd8Ei\x05\xea\xaef\x99p\xd6Jt\
\xa2\xb3\xde\xd2OxK\xc4\xd8#\x97C\x975\x82\x03\
qM\xca\x9f|\xe5\xc4\x82\xa8@\xde\xb8\xf9\xc5\xcfh\
\xe3=\xf8y\xcf\x07\xc3\xa1_0\x05xbuB\xd1\
\xb8-\xd6\xba#\x9a\x9cN\x12\xdc)\xa8^\xa9A\xea\
a\xe1\x12\x99~p^?gqV\xf0\xdb\xdc(\xed\
\x98\x98q0\xb1g\x1f\x99G\x89\xd2\x85\xa5jx\xad\
~\x12\xab\x89\xcbSE[\x98d\xb1y\x8e6\xebE\
\x85\x09\xc9\xce\xa5\xef\x04DB\xd7/\xde\x5c\x0d\x01W\
\xb4\x11\xe7{\x97\xb9\xc9\x91\xe7\xeb\xc5\x07\x88\x9b_\x0f\
\x940\xff\xe6\xb8\xbdOT\xb5\xc2\xc0\xecn\xaa\xffy\
mO\xde\xb9H\xe7\x18\xd0\xa5\xef2e1\x9a\xac\xb1\
I\x9b\xef\x8f\x0f\xb6\x85Dj\xdc\xc6f\xcb\x1c`\xef\
|\x0f~\xfc\xca\xcd\xf0cW\xda\x99\x85\xd7\xbaoL\
W\xcd\x1a\xe0\xe1M^X\xd4\xf1\xa9@\xa1sU3\
\xe8\x06\xa7\x1c?I\x0b\x5cQUA\x8d\xae\x97`6\
:WB\x04\x85Q\x1d8Y\xc3\x1f\xbe\xf3\x16x\xff\
\xe7W`\x8d\xc6\xc8p\xaf|\x11\xa2\xef\x150s\xd6\
\x15\xb0r\xf0\x06(\x96\xefd_\xbc\xb1d)\x1a&\
UC\xa0%\xa9a\xff\xd2Vx\xcd\x07\xd7\xe0-\xcf\
Y\x85\xb9rE\xbc\xb7l)\xa8\x94\xc3c\xb5C\xb5\
\xac9!\xc0\x131\x97/N\xe9\x96Z\x22UZ\xc5\
\xf8\xf64\x8alH\xff\xce\x8fN\xc1S\x86\xef\x85\xef\
\xda~=||\xcb5\xf0\xb7\xa7\xbe\x0fn_|\x08\
\x0c\xb29X\x17}\x1d\xa9\x08\xa6\xd8\xe1\xbbF|\x0a\
4X\x93\x80\xebP(\xa9sy_\x82\x1f\xe0\x8c\xd8\
\xec\xa6pLY\x5cs\xcc\xdb8\xbf\x1d\xcf!iB\
\xb8\x1e\xb4qz\x94Z\x97\xe7%\x14u\x05\xfdl\x11\
\x1e\x91\x7f\x16^\xb4\xed\x7f\xc3\x13\xfb\x1f\x84\xfehI\
|\xfd\x8c\xe7\xc0]3\xee\xbdwS\xe0?E\xe4\x0e\
\xb4\xf6\x93\x16\xd3\xb0=CT\x8f\x80\xd7v\xe9p\x05\
S\xc3\x02\xaa\xa9ex\xda\xe6!\xf4\x1e]\xc3\xcf|\
\xf6f\xa8\xca\x0b\xa1\x8f\x18,\xe4\x9a\xe0\xd8\x03:1\
4\x04\xc6w0\x9d\xcb\xb9\xcda\xaaZ\x85{?\xf7\
\x17\xb0\xeb\x8a\x9f\x84\xfe\x99\x8f\xa5U\xc6=\xc3\xce\x9d\
\x82\x5c1l\x15\xe0\xc2E\xfe\x1c\x06\xa2\xbf\xfc+\xfe\
o\x8a:d>\xc0\xd9\x11R\x19R\xac\xab\xf4lG\
\xd4Z\x00\xabT\xc0\xd4>\x83\xcfC\x9a\x18\xa6v2\
\xe8\x91\xbb\x87~\x0fA\xcd\xda\x98\xdd8\xe6\x8d-`\
\xd4\xda\x8f\xa4_6c~\xda\x9e\x97\x86\xf6M\xdd\xe3\
\x15Te\xfe\x1c\xab\xe5\xb9\xed8\x8b|\x93 5]\
\xc9\x0c|\xe5\x8er\xf4\x1d\xb9\x00\xda\x0a\x98\xc4\x0f\xe1\
A\xb4\xa7J\xc5\x92\x0em\xf4\x96\x88K\xfe\x95\xe5\xff\
\x86\x19\xdc\xdc\xe7>m\xc1&h\x98/\xdd\xfb\x9b$\
\xc5\xae1\x01g.\x8cc\x13\xc66\x05\x82\x10\xf6,\
\x1fFcE\x05\x22t\x89\xe8x\xfds\x94\xd8\xf2\xef\
N\x0b\xd3z\xf1\x81\xf5,2\x83M\xd4\xa4H\x08\x1e\
Z\x22\x88u#\xd8$\x18\x07\xfdp\x11\x8fP\x1f<\
\xbd\x96\xb26\xf8\xf13q\xb7>\xc7\xc6\xfd\x1b\x1c\xc3\
8l\x0a\x8f\x9d\xe0S\xb64\xae\xa5\x0dW\xe1\xfe6\
\xb6B\xa9\xd6\x83\x01?\x15\x81\xbe a\xc6\xd1\x9e\x5c\
\xcf\xe0/\xdeu7\xfc\xed\x87\x0f\xc1\xc9u\xbca\x8a\
\x1842\x00\xc2b\xd7\xe3A\xc3\x9d\x85\xdeC\xaf\x81\
\xd1\x97\xfe\x9a\xb4\xbc\xd4> \x16\xa1e\x13\xea\x0a>\
|\xc7\x1e\xf8\xbd\xcf\xac\xc2\xef\x5cy\x10\xb2\xc1*1\
\xc7\x12\x83\x10y\x19\x841YQ\xd0kzA&{\
\xec2\x92\xbcw*\x1e%V\x0a\xc4\xb9\xc8\xaa\x01\x94\
\xd0\x87\x9d\xcb\xfb\xe1y\xc5_\xc3wo\x7f\x0f|f\
\xd7\x15\xf0\xbeS\xdf\x07_9\xf6X8Uo\x03\x80\
)bH\xb8\x0e5\x06\xe1\xe1>\xa5\x12\xbf\xa2\xb1J\
D3\x0b\xc3<V\xa5/\xact\xeb\x80\xd5\xa8*\xd9\
\x0a\x14\xdd\xda\x07\xc89~\xa4B\xa1\x05c\x16\xb1|\
o\xbe\x06[\xea\x03\xf0\xe4\x85O\xc2\x0f\xcc\xff\x0b\x5c\
\x02\x9f\x83\xd9\xd1)\xc8\x06\x03\x11>0\x18\x90\xc4#\
\xe7\xe7O\x81Q\xe9\x0a\xa8u\x81\xc5seL\xa1Z\
\xa7\x1a\x1d\xfd.\xeb\x8cX\xfe\xa7\x8e\x8d\xa0Z\xcd\xa0\
_\x94\x84\xa5\x80\xef\xeb)\xfb\xf6\xc3\x1f^\xb9\x15~\
\xfe#[\xe0T\xbe\x13\xfa\xa4*\x96\x9e\xc2\x90uL\
|\xe5F8\xe2\xbey,\xd3\xf5:\x1c\xfd\xfc_\xc2\
\xee\xc7\x8e\xa0w\xd6\x13(K\x06\xd7q\x98\xd7\xd0S\
\x8b\x91\xa3A\xfc\x12]A\xb4\x16\xbe\xa0\xe77\xb4\x10\
\xc6\x89\x97\xe3\x9a\x17\x92\xf8\xfdn\xe4>o1\x08\xc7\
5\xc6}\x91\xe23\x91\xab\xb1\xf1]\x22\xe8\x0f\x12Z\
\xb9g\xd2^\xd9\xb3}[\x9e\xa6\x9f\xf1}^i\x8c\
nK>w#-\xe9r\x88\xc6\xdb\x8b_r\xdb\x22\
Z\x9f\xbd\x0d\xe2h\x0b.H\xb5\xb6\xc1$\xbf\xf3_\
x\x1f\x9159\xa9!I\x16\x96\x0e]\xc3m\x91\x5c\
\x96@\xcbu\xd7\x8af\x0d\x1a\xb70\xa1$\x19\x8e\xcb\
<\x98\xf6\xb7\x9e,5s\xf2\xe1\xb5\xf7\xab\xc9\x22\x94\
BU\x1b\xb4\x9b\xd2ka~s\xaa\xb9\xa3]\xdbh\
\xce=~O\x12`\xe6\xc6d\xbd\xb3\xba$\x9e17\
\xef\x7f\xe0\x9a\x17.\xf1`m\x10~\xb7\xd1\xc7F\x9b\
\xa2\x12\x86\x12\xfaw\xa2\x05im\x92\xa1\x81\xeb\xbb4\
,\xe0M\xef\xb9\x13\xfe\xe6}G\xe1\xd8*Fg#\
f\x81\xc6\xc6\xa0i\xbd\xc7H|\xa2\xf5\xa0\xf9\x18\xef\
\x9d\x9a?\x0f\xca3\x9f\x04\xd5]\x1f\x0e\xea\x19$[\
\xc5\xc5{\xfe\xf2K{\xe0\xa2=%\xbc\xf8\xfc\xfb \
+k(0\x9f]j\xb13\xe2\x9f0_\xeb\xebw\
\xb9X6\xf56!\xe4\xca5,t\x14\xe4\xc2\xc2\x8a\
\x8b\x08D\x94\x97\x05\xecX\xda\x0f\xcf\x84\xff\x03W\xf7\
?\x06\xb7\x9cq!|rx%|a\xf1j\xb8y\
\xe9A\xb0\xd4\xdbA\xc2\x02\xb2\xdda\x8d\x00<\x1a\x0a\
 \x009\xa4\xbd\xb2SP\x0bo:\x0b\x18\x15\x8bb\
\xe1\x00\x83\x18)\xfb\x83\x98$\x02n\x15\xa4\xe9\xe7\xd9\
2\xcc\xd6\xc7\xe1\xd2\x99\xaf\xc2\xf7.|\x02\x9e0\xfd\
I8\x13n\x82\xdep\x00EUAe}m\x94\xc5\
\xe3\xf3\x8b\xd8Z\xc9o\x90\xe1\x84\xc5\x95\x19\xcc\x9f\xfd\
\xf1\xdeZ\x16\xd2\x07+\xfc\xe3\x1fyQ\xc3\xd2\xc9\x1c\
VO\x960\x9d\xd5\x14\x95\x81bN\x81}\xacdp\
\xcd\x8e\x13\xf0\x87O\xb8\x19~\xf5S\x05\x9c\xac7S\
\xde\x16#\xfay&\xcde\x93\x19\xe5\x0f\xd7\xda\xbaQ\
q\xeeE\xbd\x0e\x07>\xf7\x97\xb0\xfbq9L\x9d\xfd\
$\x12\x02zA\xe1?\xed\xcbk\xff\x1a\x98\xc8V%\
o\x9eV*\xe0\x9e\xe1\xa68\xa1\x1f>m\xe4\x9b\xbc\
\x05\xe6\x81f\xe6\xd7F\x19e\xe64}q\xa9Z\xa5\
\xcb\xf7\xdep\xcb\x8es\x11&\x1e\xd49\x06\x1f\xe7\x95\
\xb0\x18\xb5(\xd1\x93\xcc\xcd\x8e-\xe5\x1e\xe8u=\x8c\
?\x08\x17V\xa5\xc4\x94I?6\xfa\xa4\xcc\x11\x0d\x1b\
OB\x12\x0b\xa4\xb4\xc8\x7f-W\xc1\xe97\xcbD\xd3\
:\xed\xa4\x84\xdf1\x7f3\x1f\x7f8&\x1d\xa3\x0a\x01\
\x86p\xab\xb6/:\xb8\xbb\xb2\xcd\xbf\x18\x14\x09j\x11\
{\xe4^4\x01\xba,\x08\xd2\xb0\xd4\x9f\xa9\xa3\x0f\x05\
\x00\x9d\x8f\x0b\x98:m\x17@w\x0b$n5\xbbM\
\xb8\x86\xa7#\x1d\xfb{\x1925\x0e\xe8\xf3\xd9\x22\x0f\
\xbc\x15\xc0\x1ev|\xc2J\x99\xc3\xdb>\xb8\x1f\xfe\xfa\
\xff\xdc\x03\xf7\x9d\xe8C\x96sMB\x0f\x83\xc3\xe02\
\xa8\xfd\xb1eB\xadT2\xba:\x83\xf9\x07_\x0d\xa7\
\x0e\xdf\x04\xb0vw\xf4\xb4\xdc\x11p\xad\xaa\x8d\x84}\
\xad\x9e\x87_{\xffn\xd8\xfe\x9c\x12\xae9\xe7^(\
\xd0\xe4\x8fAa\xe8\xbf\x97\xba\xf2\x1axb\x83\xba\xf4\
\x0c\x8b\xad\xa4\xf1\x8e\x08#\x9e')\x08\xb1\x5c\xa6\x98\
\xfd\xf4\x18\x88\x86\xef\x97\x19\xd0\xfc\xe0\x08\x5c><\x01\
\x97\xc2u\xf0\xb2\xad\x7f\x09\xb7\xef8\x1f\xbe2z\x0c\
|y\xfdJ\xf8\xda\xe2\x85p\xb2\xdc\x07\xeb\xf5f(\
\xf3\xbe\x9c\x91\x12\xf5v\x86\xe4\xad$2\x08\x99\xba\x04\
&\xb0\x13\x92\x99/\x96x\xc8`H\xcco:[\x84\
\xb3\xb3\xfdp\xc9\xfc\x0d\xf0\x84\xd9/\xc0C\xe0k\xb0\
\xa7w;\xcc\x0cOA6,!G\x9f@\x85,5\
\x87\x82\xd6\x89\xab\xed\xa1\xb5\x80\x98\xbe\x02e9\x17\xa3\
\x06bE\x16N\xbb\x1a\x04{\xcc\xbe\xf2PpV\xc4\
C\xb4\x9cg\xb0\xb2R\xc3\xd2\xd1\x01L\x09F?\xc5\
O\xd0\xed\xc8\xa6s\xa8\xd7+\xb8f\xdf\x12\xe4O\xb9\
\x1d^\xfd\x89\xf3`u\xb4\x95 \xae\xb9\xf7!Y\xe1\
\xab\x1c\x85\xac\xd4N\x13?{6\x02\xc4e<\xf4\xb9\
7\xc0\x19\x18wq\xf6U\x9c\x81A\xc0X\xba)e\
.\x8e\x0e\xa4\xb5z7v\x1b\xb4gu\x1d\x1b\xd4\x97\
l\x893u\x1a\xc776\xdb\x9f\x8e\xe9_\x1b\xcf\xa5\
\x8b\xd6\x98\xc0\xd3(~(\x10\xeeh\xcf\xfb\xb3\x82\xcd\
\x817%\x94J;\x07U<\x1aO\x8e\x02\xeeS\xdf\
\x8dk]\xd7\xf4\xd4\xc7l\x03Td\xca\x22S\x86\xa6\
\x89\xd8\xa4j\xa5M\xf6Q\x0b\xca\x97\xfa\x97M` \
\x11\x16\x93\xef\xc8\xdd\xb2\xb9,0\x9cX\x87\x85\xd4\x1b\
\xa7ew\xd2\xaem>\x92U\xffn\xe2\xcb\x87\xe6&\
k\xa6\xc9\x12\x1a\x9f\xe6\xec\x1a\x85\xa7u\xfb28\x87\
\x0a5\x82\x97O\x170\x01e\x0dF\x0d\xa7M\x036\
\x13\x09\xd4\xbe\xfc5vE\xc9-AD9\xf8T~\
\x93\xe8\x91\x84\xd9\xa9\xf9~\xc4}'\xd7jI`\xcc\
\xef\xe6\xeb\xf4^\xb5V\xf0\xc8\xf0~\x04\x939\xadS\
\xda\xd24p4\xa9\xad;A\x88\xf3\xf3\xe3\x12\xa5M\
\x17A\x8b\x7f_\xc7\xdc\x1a\x0c\x08\x9d\xcf\xd9\xb8\xb3a\
\xdcS\xcc;\x12\x22\xb9V\x01\xbc\xe7\xd3G\xe1\x8f\xfe\
\xf1.\xb8\xfd\x10\x1e\x8ai\xceW\xa7\xcb\xf4\xdcqf\
\x00j\xaf\x8a\xda\xc7?l\xe8\xe6\xbe3\x18e3\xb0\
\xe9\xf2g\xc1\xe2\x17\xdf\x04\xfdz\xddi\xc2q#S\
\xba\x08\x98\xcb\xd5\x16x\xe5\xfbJx\xe7\x0b\x00\xae\xda\
y\x08\xad\xe4\xb2\x03\xd1\xd50EZ.\xd5;'s\
\xb8\xd1\xbep\xaf\x12\xa3\x92\xac\x14\x13\x95\x8d\xd8\xf3\xf4\
\x5cq\x17\xd3\xdb\x12\xa1\x82\xd1\x03\x15\xe1\x8d\xcf\x0a\xc6\
\x97\xe0\xca\xf7\xd6N\xc1\xe5\xf05\xb84\xbb\x1e^4\
\xfdv8\xb9o3\x1c\xcd\xf6\xc2]\xe5\xb9\xf0\xed\xf2\
2\xb8s\xe5\x1c82\xd8\x02\x87G\xdbaq}\x01\
V\xab\x05(\xd1B\xc2i\xed0\x9d\x0fa*_\x85\
m\xd3K\xb0\xbb\xbf\x08\xbb\xa7\x0e\xc1\xf9\xfd\xdb\xe0\xc2\
\xfcF8'\xbb\x0d6\xe7\x07\xa9|q>\x1a\x12\xed\
\xc9\xd6\x95\xa8{\x04;\x0d$e\xf7\x81)\x9c$\x9a\
\xa1\xd3\xfe\x1d\xdf\xaf\x1ae\x94\x1a%}U\x81a3\
\x06\x1d/\xaaO\x92\xd7\xb0\xba\x06p\xf2\xd0\x90\x80\xae\
\xe8\xdb\x5c\x8b)gd\x01@\xf4?\x1cW1Z\x83\
g\xec8\x04\xd9\xd5\x05\xfc\xd2\x87K\xe8\x17\x15\xfc\xe2\
\x13\x0f\xc2\xe3\x1f4\x82\xdbOn\x86\xff\xf2\xaf\x9b\xe0\
\xf0\xda\x0e\xa2!\x95K\xc6@!\x12\xd7\x18\x11\x0aX\
\xb8\xe8gC\xb8\xef\xb3o\x80\x1d\xd0\x83\x99\xb3\x9f \
\xc5\x9d\x04\x05\x92^/\xa3\x1a2\x09\x8b\xb2+(\x85\
\x93\xd7\x0b\x03\x09\x1d}\xacI\xc4`\xa1\xc9\x5c\xcb\xf4\
T\xd3\x0dM\xac\x15\x95_\x8e\xce\x86\xd1\x09;]\x01\
\x1a\xe0\x1bY\x8b\xa3\x1d\xbeaZU\xeb\x99\x10R\x8a\
\xef\x86-;8\xb3(`\xd8\xb8\xbf\xfc\xf3\x5cO\xf4\
_\x8fz\xe9\xf7B{\x1c\x9a\x0a\x85\xdc\xa7R_\xe2\
\x1a\xc6\xfa\x16[\xce\xbb\x04\x03+\x8a\xb61\x7f\xfd\x9c\
-\x00\xce\xbc\xe1#D\x99H\xf1\xd6i\xd7\xd0u\xb1\
\x95XF\x11\x96Q\x80F\x10\xe4\x17\xf5\xe3@:\x9d\
`\xe0\x9f\x17.\xd6\xb86Y\xb4\xa4\xef\x1b\xdf\xb8\xca\
\x1c\xec\xef\x0b\x02Q\xb9K6\xc9\x93f\xd0\x9cS0\
>;^%\xd8\x09\xf7\x84\xd7x5EC\xad\x09\xfe\
\xd9N\x18\x0f6\x94\x16)1k\xb4A\xa8^\x87\x85\
\xdeb\xa9\xd0\xcfY\xd9Ss/\x07?\xa55\x8d\x8d\
\xb7\xf4;j\x1e\xde\xb4I\xdfb\xa2\xb7\xcc;\x8a\xd0\
nk\x1b\x8d\xe6\xdfx\xd3\xfd\xacX\xee5\x0c\xb2\x1c\
>~\xfd\x09\xf8\xc3w\xdc\x057\xdc\x8d\xfef\x04\xba\
I[=\x94q\xe08}\x0d\x8bx\x9a=\xe8\xd5C\
\x80M\x0f\x85\xa9\xf3\x9f\x0a\xc3\xdb\xae%\x9c~\x16>\
\xbd\x00\xc4f\xdc\xb0\xff\xa5\xd16x\xd9\xbb+x\xf3\
s3x\xd2\xee\xa3\xe4\xafG3=d#9\xff\x91\
@h\xf7 \x99\x94\xd4J\xa5\x82\xb8\x11d\xb5\xa0\x94\
\x19\xb2\x02\xc78q\xd6\xed\xa9J\xe0\xaak\xa8\xd7V\
ag\xb6\x02;\xe1\x08\x5cT|\x0d\xae\xce\xdf\x0b\xd9\
B\x0f\xcab\x1eFY\x0e\x83l\x1a\xd6a\x0aF\xb4\
\x1c\xcc\xc4\xfa0\x82\xa9\x0c5\xe9\x12\xfa\xd5\x0a\xed\xf1\
\xfep\x00\x19aG\xa0\xa4\x8b\xbe\x7f-e.rX\
\x14\x8c\xca\xe9R2n'\xfc{1+\xa5y\x06\xf7\
+^Gp\x88-\x8d\x14\xe5\xa2\x18\xc1p\x90\xc3\xf1\
\x03\x8cPI1\x06\x14\xa8\xe8\xc9\x07Z|\x9c\x90\x87\
\xe3\xaajx\xca\xa6C\xf0\x17\xcfX\x81][sx\
\xd4\xde\xa3\xd0\x1bU\xf0\xc8-\x87\xe0!/\xd9\x0b\xaf\
xg\x09\xb7\x9d\xdcEol\xd8\x1f\x01d\x03V\xbe\
\x9c5\x8d\xc4-\xe8ekp\xe4\xb3\x7f\x0a{k\x80\
\xa9\xb3\xaf\x82J\xde3\xd3\xc12\x8c/1\xf3U\xeb\
\x85\x9b\x89\xa1I\xd6\x124\xde\x02\x90n\x9aV\x1a\x8a\
\xad\x1c\x88j\x151oa\x8d\xd6\xdd\x04\xd4u\xb5X\
\xd9\xabc?y\x8e\xc2_(dL<\x07\xaa\xed\x82\
\xb5H4\x98\xcf\xb8N\x02\x05Z\x05b}\xb6\x8e-\
\xec\xcfY\xed\x12s\x9d\xc4\xdd\xdb\xed\x91\xe0>zZ\
\xa0\x86\x0f\x04\xbf\x00\xf5\x81\xdb\x1e\xfc\x82\xf9\xdd\xe1\x07\
\xe2\xb5G\xad\xf2\xc6\x8b\xc8\x9f\xd9\x81\xbb\xfb\x5c\x9f\xf2\
\x99\x99\xa0}\xde\xa4-4\xeb\xabL\xa3\x84\xaa\xc3\xb4\
b\x16)\xb6\x82\xf8\xcf\x95Q\xeb\xba\xd8/\xd9d\xed\
\x03\x7f\xfc\xd7m\xfd\xd9\xf9y\x03\x0a\x0bL\x81\xb0E\
\x1f\x0b\x9a\x94\xc1\x12P\x8d+\x92\x0b\x82\xe6\xd7\xdbC\
\xb5`k\x0f\x89\x8b\x99\x8fl4\xd1|\xe2\xe0\x91\xfb\
\xdb\xe2\xc3\xea5\xf0\xf6\x92\x9b\xe91o\xf8\xc9\xa7!\
T\xde\x8f&\xbep@\xe8\xd8\xac\x80\xaf\xdd\xb5\x06\xbf\
\xff\xb6{\xe0s\xdf\x5c\x86!\x11\x8b\x19\xc0*\xb2X\
L\x17\xa3\xeaY\xd0\x94\x91)%\x16+\x95\x96\x81u\
\xca\xa8\xdbu\x18H8\x05\x83b\x04\xb3\x0f~*T\
G\xef\x84z\xf1\xebT\xf7\x80p \x02_\xa0\xdf\x0f\
\xdc\xe7\x08N\x0cv\xc1\x8f\xff3\xc0[\x9e\x0b\xf0\xc4\
]\xf7Q\xe0\x1c\x06\xa2\xb1\x06\xef\xb3\x1f\x08\x5c' \
,-\x02X\xb0\x95\xc2}\xce\xa8\x14\xfe\x02\x22r\x14\
\xcf\xa0%W\xd9\x02A'9\x1fB^\x15\x1c\xf8X\
\x95P\x0cO\x02\x96\xb7\x99\x15\xda\xa4e\x83\x9c\xeb\xba\
\xee\x91\xeb\x82\xc0s\xc9U\xa2Q\xe3\x8cx\x86\xeb\x8f\
\x8cT\x82\x0a\xd8\xeei,`<F\x0c\xf8\xf3\xc1\xb9\
\x8d\xa9\xc5fX2\xa5+sw\xe6\x10w>\x99\xce\
\x85\xbe\xf5\xf5\xf5\x02\x8e\x1c\xe4\x0c\x09z'\x11\x8dr\
q\xbf\x14\xc7\x80\xfd\xe7\x14\x9f\xd0\xcfJx\xfay\xc7\
\xa1\xdf\xaf\x00\x06b)X\xab\xe0a\xc5ax\xc7\x0f\
\xad\xc3\x8f\xfc}\x0e\xb7.\xee\x82b\x94\x91;'#\
\xfdN\xea2(M\x86\x02\xfa0\x84\xfb>\xf7\xa7\xb0\
\x13F0\x7f.\x16\x96B+\x1f\xe7\x8b\xab\x1c\xca.\
\x8f\x1a\x83\xc4\x9aq[Nal7\x94\xc5t\x22`\
\xe2\xae\xd2h,\xecZ\xda\xca\x8aY\xe0\x8eL\xe8+\
\x81\x85\xd3\x05`\x86\xad\xcdo\x8f\x8d\xa1ry\xd1\x1b\
Zu\x80\xc2\xea[g\x1c\x9bE\x85rB\xf38\x9f\
>\xef=\x9e~\xa8`\xb6\x09\x9a\xa9\xfe6\xea\x22\xc0\
\xef\xa5\xa4\x94;\xa6\x0d\xbcu\x0b\xb9\x19\x17g\xf0\x92\
Kj\x00\xcd\x07\xdb@\x84\xf8\xc5)]RIn\x5c\
\x1b\xcb#\x04\x02O\x11\xd1l\xb9Sb\xd7\x0e\xadO\
5@\xf9iy\xb4\xc5\xa2n\xabq\xdf5\xee\x0dK\
\xc4\xce\xbf\xa6\xb5\xbf\xfd\xc6\x8a\x03\x8fZ\xad\x0b\xc9\x81\
\xb4=/\xbe\xcf\xdb\x17<S:\x1d\x86;\xbe\xf9<\
\xfc\xc9\xad7\xdc\xda\xcd\xfb\xec+o\x82;5\xde\xf7\
w\xb8Q5;\xa8\xe1\xf6\x13\x15\xbc\xfa\x0d\xb7\xc0\x0b\
\x7f\xf3f\xf8\xe4\xb7\xd6`\x80c\xab1\x15K7W\
\xc1y\xf1\xaeZ\x9bh4\x8e\xca\xb2@M~\x7f\x83\
\xad\x81\x91\xea\x9c\xa6\x09\xd0C\xb3o\xd9\x87\xb9G\xff\
\x10T\xfd}\xa2\xf5\x8dk\x88\x0cX\xc3\x89\xe1.x\
\xc9\xbb\xf7\xc1\xfb\xee:\x13\xa0\x9fC]\x08\x80T\xa0\
\x016\xd7L\xdd\x11$\xb8\xb9\xf8\x0d\xff.\xedyW\
_\xa7\xee5\xfb\x19#\x0f\xca\xf9#\xb3>#\xd7i\
\xfa\x95+\xb7CV\x02\xb4\x16\xb0{\x07\x85\x92\xba\xd4\
\xcc\x01\xa9\xaeI\xeb(\xd9+\xb4V\xbc\xb6,@i\
\x91\x0b\x86\xd9\xf6P\xc0\x14\x8e\xef\x00ut\xcc\x8a\x84\
\x17\xcf\xc7\xcf\xc9#\x0a8\xc9\xccXZ\x9c\xbbF\xc0\
\x17\xd7\x065\x1c;\x84\xde}\x1c\xa7-U,\xd0\xbd\
\xda\xb7\xc4S\xd4\x15\x8e\x09\xe3\x05rX\xd8\x81\xafF\
\x80\xa2\x08\x1fEL\xf80\x80\x07\xcf,\xc2\x9b_|\
\x08\xce\x9f;B\x8e\x09La\xc4(\x82\xb0\xa9d\x09\
0\x03\x038\xfe\xd9\xbf\x84\xe1\xed\x1f\xa2\x98\x02B\x92\
$\xd3\xb7^\xe7\xb1\xef-\xedbA\xcd\xd7[\xe0J\
\x91\x962\x84H\xa4\xb6\x05g[\xeew\xdf\x05n\xf8\
f@a[1\xc8\xa6\xff?!TD\xcf\xee\xf4\xb5\
\x83\x8f\x83`\x81DJ\x00\x1b\xb8\xe1\xe4|\xa2\xbe\x03\
(_\xb3\x9f,j\xae;O\x92\xfe\xca2\x87\x05E\
\xeb\x86\xfamg\xf0fGF\xf7\xc7\xfd\xe4\xea\xa7a\
\xc1\x8e;\xcb\x1b\x9e-\xae\x94\xa6?a\xe7a\xf1\x86\
\xf8\xc5#\x01\x8c\x0b\xee\x94T\xe0E\xcc\xe9h\x96K\
Hv\xfa\x5c\xaf\xb3\x8a\xaf\x97\xc6\xe0\x9fo}GZ\
\x13\xc0\x16\x14\xd5,\x01\xdd`\x81Tj\x85\x19S\x0e\
\xd4\x11\xad\xa8T\xa8\x8b\x17\xb0\x9b\x95\xfcfZ*\xd2\
\x17\xdfPSV`a\xe0(\x91\xa0~t\xf3\xc5\xf9\
\xe7\xe3\xc1'\x7f!9\xe0T<\xd3\x0eUP\x93\xb8\
\x03\xdbK\xe0\x1f\xef\x96`\x1d\xf4f4/\xc5\xcaW\
\xa7\x22\xe5e\x7f\x07\x18\xa6\xaf\x9e\xe7\x85\xcfp\x93v\
\xf9\xf0\xdb\x90\x05\xed;F\x86\xea\xcb\x9cn\xd4\xac7\
I\xe3\xa3j\xa5\xfe\x1a*\x04^\xa9j\xd8\xbfX\xc1\
o\xbd\xf5Nx\xf6\xffu\x03\xbc\xfb\x13\xcb\xb0\x8a\xd1\
\xf6\xc2\x80\x9c[\x89\xdcNBp\xc5\x1c\xa7\x84\x8d\x02\
\xdb\xa4\xc4+\x0b\x82B`D\x08\xe0\xd3\x85\xbf!S\
\xa1\x02\xbc\x90g;`\xf3c^\x0c\xa3|\x8e\x0b\xc2\
\x08.;\x917\xeaS\xf5$\xadK\xc0\x7f\x9d(\xb7\
\xc0\x7f\xfa\xd7\xbd\xf0\xae[vC9\xd5\xa7\xaa\x8aX\
\xf1O\xf2~\x04_^\xeb+\xf0\xf9U\xb0\xa1P\xcb\
\x0b\xf7\x92\xd6q\xf7\x04^r\xfc+\x0cn\xcc\xb9h\
\x101;\xfd1\x96\x05b85\xe4\xc8\x9cp\x9e\x18\
\xa5G\xf4\x98$\x01\x1e\x87-zc\xac\x8aJ\xd0\x91\
\xc6d\x14\xe8'\xaeM\xe5XD3D\x88\x90h\x7f\
BT\xb4\xa6V\x8a\x81\xb0`\xc8NZf\xc2-\xf8\
\x02>\xd3'D.\xb4E\xa8V\xd628rd$\
\xa1\x00\x1c\xcd\xd4D\xc4\xd0\x88!\x86u&d\x87^\
\x0e\x0b;3\xe8S\xde^\xc9s\xa1s\xcb\xd6\x12\x9e\
\xdf\x10.\xcb\x0f\xc2\x1b\x7f\xf8\x10\xec\x99_\x02({\
4\x07\xf6\xd5sm\x03V\x86<\xbeG/[\x87\x03\
\x9f\x7f\x13,\xddr\xad\xab\x94\xc8\xef\x09k\x07\xc8\xda\
PQ$-N\x83\xa3\xc3=\xc1\x82\x07\xd7\x22\xe0\x94\
K\x14\xc8xI\x94f\x87\xc5\xd8\x14\xcb?\xb6\xb8\xba\
\xdf}B\x94\xb8]\x14\x1fO`\xa3\xb1\x94\xb5+g\
\xddl\xee|\xc7n\x9d\xa8\xcamJ\x88\xf3\x0a\x97\x96\
\xff\x0d\x83\x02\xf5;\x97\xea\xdd\xaa\xcc\x11\xd2\x82K\xb9\
\xd5\xdc~\xd6\xddb\xc5\xd7\xe3E\xe0\x16'xl\xfc\
=\xb0 \xf0u\xe1}\xcd\xe6\xe7diPx\x7f0\
\x17\xf3\xbbCLq\xf5\xa1\x9b\xdd\xfb\xe9\x8d1E\xe8\
5VjT\x9cc\xf5&\x22\xe3\xc7\x1f\x14\x02\x9c\xe9\
\xcc\x15\x1fi\xa2\xb3\xab\x19\xdbI\xdb\xc2\x5c\xbd9*\
5Ms?}\xc9\x80\x17\xce\x7fm^f\xb0l\x89\
*}\xf1\xdc\x1a\xabCD&\x04\x8a\x09\xa5\xcd\xb4\xb9\
\xc6\xfe\x9dbN\xcd\xdf\xbd\xa5\x86\x99\x86a\xe4\xa6?\
WR\x92\xaa\x945\xa5\xe2\xd8\xff\x15H\x99\xba \xee\
A\xb1q\xa4{}6\xd2\xc6mh\x9d\xc3\xf8f5\
-\xd6\x9e\x15\xa8%|\x86/.\xf5@6\xce\xdcg\
s4\xd7xc\xab\xd9\xa1\xf5\x0c^\xfb\x0fw\xc2\xf7\
\xbe\xfaz\xf8\x9b\xf7\x9d\x80\x93k\x128\xa5\x02V\x12\
}M\xe6\x13\x04\xfb9\xaa\xddp\xa1Y\xbc\x0a\xcfh\
\xc4\xba5\x7f\x0e,\x5c\xfeCP\x93\x1b\x00\xff\x87\xa8\
\x7fX\x5c\x85O#\xfe\xcfZHX\xfc\xc8`\xa9\xdc\
\x0c?\xf7\xaf\xe7\xc2\xeb\xbf\xb8\x07\xd6\xa6gI;\xc4\
\xe5$1M\xdd\x85\xba\xee\xae(\x8b\x1f+i\xde\xe2\
ZKilD\xf6T\xeb\x17\xcb\x01\xfa\xbf\xd5w\x8c\
\x16\x11\xbeF\x03l\xed!\x15\x8d\xdc\xfe$,\x8b\xcd\
\xbf\xcd\x98U\xf4\x91\xa0\xb6\x91\xa9\xc8G?m\xe6\xdd\
\xe8\x9c\xb1\xc0\xa2\x85x\x18\x0c\x89\x02\xee\xdc\xdcuE\
K\xa8\xf2\x11,.\x03\x9c<\xb6\x0e\x05*\xfe\x22\xa8\
8\xa1%Z!\x16 s(\xcb\x1c\xf2^\x0e[v\
\x14P\xf4E\xcct1\x0a\xb2\x86\xea\x92AE\xaa\x1c\
\xc1\xc3\x16\x0e\xc2_\xfc\xe8!\xd81\x7f\x9c2%\x18\
\x1d\x92c\x9b\xac\xebV\xf7\xcdT>\x84\x93\xd7\xa1\x10\
\xf0\x11V\xca\xc4\xd2H\x8c<\xe3 D\xb7C\x140\
\x88\xccP\x1a\xcc'\xeb\xac\xc2\x83[?\xff\xdd\xc6h\
@\xb8\xe6qK\xf1\xa0\x98\xa9\xdbs\x92\xa2\xb7\xf6\xde\
,R\x08\xef?}\x93=F\x01\xefNKt\xb0\xed\
v\x0c\x96\xefXD@\xdbP\x01d\x1e\xeaC\xc87\
\xaa\xcct\xb9\x02\xf2\xf4A\xb1\xcd2\xa2\xf6\xc5\x8c\xff\
\xf6\xa65\x11~T;\x88\xa1\x11\x9bVE\xbf\xe5\xcc\
\xc0\x19T$\x92\xca\xec\xe8\xda\xde\x99\x10\x0a5\xed4\
\xcc\xe5\x91\xb9i\x22\xc6d\x0b\xec\xb8w\xec\xb5\x16\xd5\
\xf4\xb9\xfcj\xf8\xb4\xe6:\xa5%R\x9d\x12\xbb\x88\xd4\
$\xa7\xcf\xd1\x15\x11a\xc8X\x05(\x06C\x88\x11\x13\
H\x8b\xda\x98\x9e\x9b\xfb4\x92T}\x01`\x1f\xdf\xf0\
@1P\x7f\xd0\xda\xb4xN\xea\xea\x92\xb6\xado5\
$T\xfc.\x1e`^\x9fll\xa1A\x17\x16k\x92\
\x8b\x03\x80?\xfb\xd7\x83\xf0\x8cW}\x15\xfe\xec\x9f\x8e\
\xc1\xf1\x15\x04\xa3\xc9aH\x16\x94\xbedt\xa4\x89\x8e\
g\xa2a\x90\x10\xe5\xfd\xd3\x9fY`\xd5\x0aWC\x22\
\xfcI\xd8-\x89\xf0\x17{/\x87\xfeE\xcf&\xa6\x8a\
)q\xdc\xa3\x966\xf6\xcf\xe7\xfb\xf9\xfd\xf6\xea\x02\x96\
\xb39x\xedg\x1e\x04\xbft\xed68^\xcf\x91;\
@\xa3\xc1\xcdNT\x7f\x84\x8c\xc5\x08\xa9\x09\xdfo\xfc\
\x01^\x82\xf3\xf0@T\x94o@\x06'\xca\xf8W-\
\x90\xaeQ\xf4=d\xba\x06\x83$\xea;\xe5\x0aS\xcd\
\x9e\xea)\xc8\xbf\xceN\x88\xdf\xa1\x96LA[\xcc\xf4\
\x18j\x97\xcf\x91\xaa#\xde\xaa\x18V\x1dUk1)\
\xb7h\xd5\x14E\x83\xb5VF\xc9\xc3\xef\x17OT\xb0\
t\x92\xa3\xf1\x0b\x0c\xf9\xc7\xf4[[\xfd\xd1\xbeK\x8c\
\x03A\xbc\x87\xaa\x86b\xba\x82m;3((i\x1f\
\xcd\xf1\xea\xbad\xcb\x03\x09H\x0eC\x84\x15\xa4bP\
\xc2\x93\xfa\xf7\xc0\xdb^p\x0cv\xcf-a\x22$#\
4\x97(\x5c5\x09mU\xf7\xa0\x97\x95p\xfc\xba7\
\xc1\xe2\xb7?L\xd8\x09=r\x1f\x08\xdd\x88\xf2\xdf}\
\xd9\x1a\xdb\x97O%\x8e\x95\x8bqL\xaay\xbeu\x1f\
M\xce\xdc\xe2\x7fS~s\xab\xfd\x07\xd7dR)\x8f\
\x00\xa34\x0e\xe5\xf4\x83\x00\xedX<m\xf7\xca\xb0U\
\xb6\xfc\xfe\xd5,\x84\x8egJ\x86\x80-\x8a\xd4E\x8b\
\xb5\xc2\xab\xfe\xb4\xb9\x10\x1a8\x00\x1b\x9f\xb05\x8b\xf8\
|\xf1\xf0B\xfd\x17\xcdu\xb1\x86,\x03n\xed_\xbf\
\x95\xbc\x22\x09\x8a3\xf40\x98Ps\x015\xb7[\x18\
\x9b\x80\x9d\xa8f\xa5\x11\xfa1SN5\xa7y\xb9\x0f\
\xe4\x8d\x10h\xcd$\x9a+o\x86\x8dm,\x954\x02\
\x91\xd1}$FG\x7f\xb5\x9a9\x08\xd55\x0d\xb6d\
-\x07\x04\xdbYw\xad!\xa3\xba\xf9\xe7\x9d^k[\
\x1b\xddC]\x9b9\xf5^\xd5\x97F\xeb\xee\x08\x86\x1e\
\xbc05P]U\x0f|\xd3\xac\x8d\x1cV\xa1\x86\x0f\
|\xf1$\xfc\xd1\xdf\xdd\x0d7\xdf3\x00(\x18\x00\x87\
\xae\xa2\x12\xcfE\x8b5H\x09\x97~f\xa5|\x83\xb1\
\x1e\x08\x83q\x1f\xbeq:\x16\x9b}\x91\xe8\xcf\x9d\xfb\
D\xa8\xd7NAu\xcf\x87I#T\x16\x88:\xbd\xc3\
\x1e\xd7\x94#\xfe\x0d\x8a\xaa\x80Q\x06\xf0\xceo]\x04\
\xdf8r\x17\xfc\xe9\xf7\xce\xc0%\x9b\x16!+\xd1\xcd\
\xe0\xd3v9@\xd4\x17.\xe2\x01p/!!\x0e\xdf\
\x90\x02.1\x0e\x05?_\xfeq\x8cE\x81n\xd8\xd7\
/k\xed\x87\x1b\x98\xf1\xf53\xb6\x8a\x87\xc5yh\xef\
\xba\x80S-\xce%\x18\x07z\x9d\xec!us\xa8\x90\
C\xcf\xc8\x9b\xc1\xc2\xfc8E\xe1\xf3u88\xa0Q\
 \xc91\x81\xb2\xaa\xe1\xc4\xc9\x0a\xaaA\x0eh\x87!\
\x81\xd5g\xb9*v\x91\x04\xdc\xa9\x0f\xba$\xed\xbf?\
U\xc2\xb6]=(r\x14Pp=\x07R\x0e[&\
\xa6{'\x08\x1c\x96\xb3T\x15\xf0\x88\xedw\xc2\x1b\x7f\
$\x83\x9fz\xc7\x10\xee]\xdb\x0e\x19\xc2\x08W\xa8\xc1\
\xb3\x0b\xd7\x05\x9b\x91\x90\x92\xc1\x14Tp\xf2\xba\xb7\xa0\
\x9d\x08f/\xbeZ`~\xf9m7\xabF\xc6Z\xb2\
/D\xc48\x12\x13\xe0\xed\x8f\xc9\xf2\xf1:r6\x96\
\x9eX\xfa`\xff\x8d\xbf\x1bgi\x85\x00m6\xb6\x94\
\x8eo\x96\xbe\xba}\x16\xef\x9bH'd(n/\x98\
\x84\xeb\xc5\xe7\xd2R/\xfa\xbe\xe1N\xe8nl)o\
\xae\xa3\xb8\x00\xac\x86\xae\x8f\xb2~\xfc.\x0d\xd2g\xc5\
\xc7\x9a\xac{He\x0a\xfb(\xf3\x16\xd3!U*K\
J\x8a\xa1#\x00\xb5\x1a\xeeE\x0f%K\xeb\x1a\xb3\xe0\
\xeeJX(p\xe3\xc7\xcc\xa0M:\xe4\xdf\xdb\x17\xd2\
\xcd\x89\x96I\xd2\xfb4\xbd\x8b\xa2\xad\xf3\x89R\xd0\x5c\
\xdd\x01O\x81\x85\xa0\x99\xb1\x91\xe5\x82{f)N\xbc\
\xb5\xcet\xac\xbe\xb5\x90Y\xdb\x1f\xeb\xbblX^\x1c\
<\xac\x98\xac\x82\xb5\x94\xc0C\xf9\xdd\x11\xbb\xd3\x94\x00\
\xbc6\xd5\x14\xce\xf4y6:]\xb3I\xf8'\xed\xf7\
\xd3>y\xfb\xc4\xef3\xb6\x1c\xdc\x1f\xe6\xdfP3]\
mp|\xf6\xa0\xaa\xe1S7\xaf\xc0\x0f\xfd\xce\x8d\xf0\
\xf3\xff\xe36\xb8\xf9^r\xda\x0aSS0\x18\xa3/\
\xa9\xbfZ\x10\xdd\xf0_\x04\xb2q\x16\x001\xad\xeb\xb8\
\xc9,-\xe1^\xb2%d\x8eR\xc6\xd5\x09\x0e\xa2e\
\xe8\xd32\x0c\x94\xc3\x1bz\xb0p\xf15\x00{\x1e\xc3\
\xcc_\x81lZ\xf0\x13\x08\x81QR\xc6\x10u\xe3\xfa\
\xc3\xe7\xc0\xf7\xfd\xe3\xd9\xf0w7m\x83\xc1\xd4\x14@\
\x81B\x80!Jj\x12v\xf5\x12t\x9f\x18w\x87\x06\
\xdd\xea3\xe4f\x12\x90P`5\x962t\xa9\x90\xfd\
\xaa\x06J\xf3\x1b\xa1\xbb0\x8e\xbb\xa1\xe88\xa3\xc9c\
\x09_d\x9dyN&}\xc4\xb6\xc0\x1fv\xf9c%\
E\xd1\xf2\xc5\x1aY\xa1\x15\xc1\xc5\xf6\x08\xf1\xa3\xd0\x02\
\x86&\xc7w\xab\xee\x1a\xa41\xear\x0c\x1a\x05\x183\
\x22`EL\x15\xb3<p\xdd\xd0\xd6\x030\x18\x8e\xe0\
\xd8\xb1\x1a\xea!+=l\xd0\x92sO\xf7WP\xa1\
O\x9b\xde\x85q\xf3\xd5\x19\xf4\xa6*\xd8\xbe;\x87^\
\x8eV\x11\xa4s\x8c\xbb\xc0(\x8d$9y\x18o\x12\
N|\xa1tz\xaf\xf5\x08\xfa\xa3\x12\x1e7w'\xbc\
\xfdEGa\xef\xfc\x09\xa8J\xb4\x18pJ$\xbfc\
\xdd-\x1ck@N\xa2l\x0d\x0e\x7f\xf1\x8d\xb0x\xf3\
\x87\xa1\x87\xe0K\xca\x80\xd1\xb2\xe1\x16_\xb5\xfd\x1aj\
B\xa7\xe2gr\xba\xa2wyv2'\xadA`b\
Yb\x8aiV*\xda\x9f!\x1dk\xf0\x9d\x00G\x04\
])\xed\xda|M47\xe1N\x92\xeay\xcc\xc8E\
@I\x04\x01&\xa7\x16\xcd\x87\x9em-b:3\xeb\
\xbe\xa3\xbd\xc7\xa6~\x15\xe2\xf9\x1e\x89\x13\x10w\x82Z\
\xd3u_\xc6\xcdk\xfc\xee\xa4\xf9\xec\x82\x16w\x8b\xc7\
\x1d02W\xd7\xe4R\x9dt^\xcb\xbb\xdd\x15\xf6\xa1\
;\x94\xe9;\xcd\xaf\xab\x1e\x81\x0f\x9a\xe3\xa2\x06\xf1\x18\
\xbc\xb0\xa0\x9a\x9e\xd6\xbbf\x9e\xd2\xce\xb5R\xfe\xa3I\
\x95\xf3\x94\xc0\xe3\xcdJMx\xd0\xf0:e\xba\x91\x09\
+\x1e\xaa?s\xb2!\x0cLDdF\x0e\xd7#\xd4\
.Sc\x88[,y\xea;Ss\xa37\x12\x9fN\
\xf3\x1br\xec\x95\x92\xf1\xa0\xc1{\xe3\xee\xf1(~\xa1\
\x90:\x89\xf61Y\x8b\xde\x1d\xedSJ\xda\x83/\xdd\
\xb3\x0a?\xf6\xba\x1b\xe1\x85\xbf}\x13|\xf1\xa6!T\
\xf9\x94\xb9\xc7\xbcWe\xea\x91\x8f\xd1\x9a\xf9\xfd\xd3\xbc\
\x0b\x80\x05X\xf5\xb7\x22\x171Q\xe3v\xceAUM\
\x81\x0av\xe6y$\x5cS\xb0\xed\xb2\x1f\x06\xd8\xfbh\
2\x02\xf4\xf4}\x8e\x81\x0dV\xb7\xd9\x89\xf5\xed\xf0\xf3\
\xffv!\xbc\xe6\xda\x9d\xb0\xbf\xdeF\xd8\xf5\x18\x94\x87\
x\xfa\xcc\xd7\xbc{\xa8m\xcdU\xe8o\x8b\x0dp\xd7\
\xd9k40P\xce\x0c3f6\xc4\xab\xdc\xc7\xc2\x91\
0Q!\xdc\xea\x91\xc7\xe0BV\xf4\xc5\xef\xdf\x92\x95\
\xe0\xdf\x85\x19\xabyGV\xa0\xf1.\x19\xa5al\xfa\
g\x9d?\x83\xba\xe8\xc1\xca\xda\x10\x96\x16y]XH\
\x88\xd6!\x88\xff`\x07\x05\xfdVeP\xf4+\xd8\xb1\
;\x87\xac`K%\xcb\x0c\x18\x1c\xc6\x8cZ\xc7\xae\xc4\
\x9d*\x1b\xa1\xfb\xc9\xe99\xa80p\x80\x05fK\x5c\
\xb6\xe9\x00\xbc\xed\xa5\x87\xe1\xac\xf9\x13T\x05 \xa7\xb4\
\x13\xdd:\xa3\xc6\xfe\x9b\xca\xd7\xe1\xc4\x17\xdf\x08K7\
#\xac4BO\xb3`\xc3E\x86\xb8\x7f\x05\xb2ro\
C5_\xe9\xa3U\xc3\xe6O\xdc\xbf\xb4\xfb#\xed<\
`\x9e\xed\xdb$\xb2z\xd8\x0d\xd4\x04E\x8b\xdfy\xe3\
\xfa,\x0c\xccn\x0a{m\xe0w\xe9\xc6\x99f\x1d\xdf\
\xff\xbf\xc4\xfd\x07\xd4\xa5\xd9U\x18\x88\xee{\xef\xffW\
UwU\x87\xaa\xeeV'\x05$\x84\x90@\xb2$\x04\
\x0a\xc8 \x9bh\x04\x98 @\x09[\x18\xd9`pz\
\x8f\xe7\xf0<36\xef\xd9o\xbdqxc{\xc6k\
\x08\xc6\x18\x18L\xb2A\x04\xe3\x80\x07\x83M\xb0\x89\x16\
\x12A !\x90ZH\xeanu\x8e\x15\xfe{\xef[\
g\xe7\xbd\xcf>\xdf\xf7\xddj\xb1\xe6\xd4\xba\xf5\xdf\xfb\
\x85\x93\xcf\xcea \xc5\x0bs\x18T\xefQ\xca\xe3\xf1\
\x86\x14\xc7K\xa6w\x22c\xab*\x016\xbe\xef\xfa\xe9\
9\x8ce\xc5o\xa0~\xd2E\x5c7\x9e\xb4\xf1d\x92\
\xe8\x8d\x82{\xaa\xe54\x93A\xb2]t\xb3\xd0\x09\xd7\
.\x10@\x9a\xc7\xe8\xfd8\x97#\x8d\x1ah\xd8\xb8U\
\xed0R\x0d\xa0J#\xc4\x11s\x95\x13 \xf7\xe2S\
\xcf\x05\xe1\x9c\x96s\xeb\xfaP\x94\xc5\xea\x07\x06\x9cH\
t\xad+\xf3\xcc\xe5\xc5\xbb\xe4y\xddjU_E\x94\
Q\x1d^\x10&}\x13\xae\xd3\xa4TQW\x99\xa3D\
^MA(\x8b\xfd&.r\x05\xef\xfb\xc8\x09\xfc\x85\
\x7f\xfc^\xf8\xb2\xbf\xfe\xdb\xf0S\xefl<\xda1\xaa\
^0\xa2\x1as\xf1\xc8Y!\xe9\xcd\xfdpA\xa1\xb4\
\x9f\x0e\xd1\x90D\xc0\x19\x84\xd2C\xce:\x9d\x9e7\xce\
\xd58\x8b\x8a(\xc0o\xa8\x97\xde\xc3~\xd3\xd0\xe11\
\x5c\xf7\xe27\xc0\xea\xf6W\xc1\x09\xab\x01Z|~)\
\x02\x18D\x1f\xaazo\xb4\xfco+u\x1a\xbe\xfbw\
?\x1e\xbe\xf0{\x9f\x09\xff\xfeC\xb7\xc0\xc9\xf1\x06v\
\xcd0\xad\xc5\xf7W\xc9v\x14\xcb\x8e\x00\x1d\xf5-}\
XJ\xe0\xd7W\x88d\xcdg\xde\x08/\xe6\xec9\xbc\
O\x5c)]gK\x10$^GSj=[g'\
\xd0`\xdai\xc3\x9c\xfe\x1aSN\x9b\xc9\x03\xd1u\xe4\
vx\xb2\xd9\xc0\x95\xcdi\xf8\xd9\x07n\x85\xb7\xfe\xc4\
\x05\xf8\x83G\xaf\x85\xa3\xe35\xac\x8f\xf7\xb0\xda\xb0\x9c\
\x02\x93#\xf5}E\xe2\xba\x19j\xb6\xa0,G[8\
\x7f\xf3\x06V\x9b\xb6\xd7Z#\xcdc\x80\x10\xafX\xe4\
\xc8~\xc0=\x81\xdf9nA\xfb\xcb^\x0eH\x0b \
\xd7\xbe\x87\xe3+;x\xe9\xa9{\xe1\xbb\xde|?\xdc\
~\xcdCp\xa5\x19a\xb7\xa4Q\xa8\x0e \x0f\x0b5\
\x88FC\xc85\x1c\xafvp\xef/~3<\xfc\xee\
\x9f\x80\xd5\xfa\x14\xa6\x92\xa6=\x18\xe7\xd7iQ\xd8\x10\
\xb4'\xbcC\xb2\xb3\x8ea\xaa\xd6n\x5c*\x86\xebj\
\x14\x93\x93\xeaF\xa0\xe8\x7fd\xbf\xe5]\xe2\x17\xaa\x01\
D\xf2%\xc4RQ\xa6`\x5c\x8f#\xeclj0!\
Fu\x9bAR$?\xc6\xac\xf6\xb5\xfb\xf4\xb79\x96\
(\xb2\x22\x8a\xff\x90\x98r6 \x01\xc4\x99\xfa#\xd7\
;\x119%1sG\xcd\xc4@\xbb\x04@\xf5\x17\xa3\
6\x09-\x99h\x17Iy\xa8\xe3q\xa8P\xeb\xe87\
L\xbf\xf1\x84\xa4\xa8\x13\x1eu\xef:\xea\xad\xb7#\x90\
y\xf1\x8bP\xb5\xefE6\x1e\x88Z\x8f\xba\xd9sn\
\x89\xabT\x17\xf5\x85\x93\x0a\x0d\x0c7k\x04\x9b\xaf\x8b\
\x18\x9b\x93\xc2|\x94\xf4\xe82Ws\x87\xde\xf6\x15\xad\
\x89S\x7f\xf1\xfb2\xfd\xfd\x9cF.\xfb\xa9H\x02\x88\
\xf0h`\xfc\xa1\x8b{\xf8\xa7?\xf4~\xf8\x97\xff\xf1\
!L\xdc\x03\xabc\x0d\xaf\x8c&^\x0e\x01\x85=\xc3\
v\x19\xc2\x05\x8b\x04\x87t\xc8r/\x8e\xab\xbd\xa3z\
v\xde\xc9\x98\x95^\xd7I\xde\xe35\xc14\xbe\x92\xb9\
Q\x82j\x100\x22\xddqs\x87;\x057\xbc\xf0K\
\xe1\xd1\xa3\xd3p\xf2\x81\x9fa\x81\xb7\x1b\xa9\xdfs\xaa\
\x93\x06\xb4\x09\xd8\xb7\xb4\xb9\xbb\x0d\xbc\xf7\xf1;\xe0O\
\xfd\xfb\x1b\xe0K?\xeeC\xf0?\xbe\xfa\x11x\xc6\xe9\
\x070\xda^\xb3n\x97\xc3\xe7\xcf\xb4\xda\x98\xf0\xdc4\
Q\xa7\x10\xb3\xdcE^4\xfa\xd3\x93\x84F\xd8\x90\x9a\
\x88${\x84\x7f9)\x0f\x03G\x04\xda\x88\xac\xe4L\
\xf1Y\x1a\xec\x80H\xc0\xe7V)(\x0e\xae\xa9D\x02\
\x95\xdf\x12\xc9p\xd5T\x14k\xb8\xef\xe4\x02\xfc/\xbf\
p\x1e\xbe\xf7]\xcf\x80'\xb6g\xe0\xdd\x0f\xbf\x07\xfe\
\xc5k\xfe\x00\xee<\xf3\x18\xbaw\x91\x8e\xd7\xfaCS\
!\x10\xb1\xc1\x995\x1c\x1d\xed\xe0\xc2\xcd-\xb41\xa9\
+P\xa5\x801\x1e\x1a\x0c%\x97Q\xe2\x10-\x1e$\
\xa5p\xa6\xe0I\xb2\x17(\x14;#\x85\x16>\xba\x11\
s\xbb=\xbc\xe4\xec\xdd\xf0]o\xd9\xc0\x9f\xfb\x8e=\
\xdcu\xe9<\x1c\xefvd\x1c\xaa\xebM\x95J\x92\xa3\
\xd3\xcd0\xf0\x97\xbe\x1d\x89\x85\xb3/\xf8<J?\x0d\
-\x1d\xb5HSd\xd9d}}V\xc1\x1e\x16\xda\xde\
\xb73\x22D\xb1\x87\x03~\x19\xc2\xf5\x02\x06\x07\xa2W\
7\x14\xdb\x8a\x89\x91\xc5@\x8d0*{\xb6i\xe9%\
\x05\x14\xab\xa6\xefF\x82\xa3b\x17$\xd0R\xf6\xb5\x10\
\xfa38E\x5c\xb2e\xffF\x1ch\xf0A\x02\xc4\xa1\
\xb4p\x02\x8cb\xfa\xb9\x96;\x22\x1c,{a\x8dV\
\xcc\xecf\xd0\xce\x0f\xb9\x82x\xe0)\xfe\xed\x9b\x99@\
\x0f\x14S=\x17\xd2\x1d\xa5\x9c\xe1<U\xe2\x9ae\xcf\
\xd2\xa651!\x8bdd\x12C\x18\xde]\xd0\xcd(\
\xa2\xe2\xbfH\x11c\x9c\xa3u\xe0\x9a|[\xac\x01K\
\x13(\xf4u\x11\xf8\xa8`\xe0iJ\xb2\xff\x06\xd5!\
{(\x13E\xa6\x1e\x11@m\x96\xa7\xa1=!\xaaX\
O\xa8s\xc1~\xb8\xbe\xce\x0a\xe9Q\x0c\xf3^\xaa\xe3\
\xfb#\xf6\x05\xa4ow\xc4\x07\xfe5\xfd$\xd5xu\
\x12\x00\xbf7\xaa>\xd4\x87A\xc4\x8b\xf8\x84^\xb3\xfd\
2\x16\xf1\xc7\xeb\x87\x13-D4\x92\x8aj\xbb\xdf\xc1\
\xe3WV\xf0m\xff\xee\x1e\xf8\xac\xff\xfb\xaf\xc17\xfd\
\xbb\x87\xe1\x91m\x0b\x9e\xc3D\x09\x8b\xd2q\xb70\xb7\
\xac\xed\xa3\xf8\xdes\xe9tM\xb8}9k\x1e\xe9\x8a\
H\x95y;|\xb6!\xcdf<nR\x10\x93\x16\xc8\
\x87lc\xb2D\x89\x90\xcd\xda\xa9.\xf6\xfbk\xe0\xdc\
'|!\x9c\xfe\xd8\xcfEnZ\xe4K\x84\xa8I,\
\x18\xcfC#t8\xe8\x0e\xaa\x0fvpe\x7f\x16~\
\xf0\xb7\x9f\x07\x9f\xf5\x03\xcf\x85o~\xe7\xb3\xe0\xd1\xf5\
\xf5p\xe5XT\x0f\x0d\x86\xd0\xbc\x93\xaf\xb8\xf4WT\
:\xf1\x1ci\x8c\x0d\x9e\xcd>\xd7\x07\x8d\x81\xf6\xa1\x0b\
\x19\xde\x9d[\x08\xb1\x15\x14\xf9;\x83\xacJ\xacO\xee\
Y.\xb6\x81Jp\x8c2!1\xfe\x09K\xc3\xdap\
Zf\xc3-\x5c<\xba\x16\xde\xf6;O\x87/\xf8\x81\
\xe7\xc0\xbfx\xd7\xd3\xe1\xf2v\x83\x99\xfc~\xe3\xc1\xe7\
\xc2\x9b\x7f\xeav\xb8\xeb\x89\xb3-J3'&\xd2\xc3\
k\xd2*\xce;p\xb4\xd9\xc3\x85\x9b6h\xaf\x84\xa4\
$\x8a\xfe\x19a\xa2\xe1\xb1\x83\x1fB@\x88\xc1!\xb2\
\xed,%`\xaf\x07Q\x17\xa0\x14`\xd7<BZ\xc2\
\xa3\x13x\xf9\x99\x0f\xc1w\xff\xe9\x87\xe0\x8e\xb3\x0f\xa2\
m\x05\xce\x0d\xd6\xc5\x86\x8f\xbc\xce\xe4w\xdfr\x07\x9c\
\xc0}\xbf\xf2\x9d\xf0\xe0\xaf\xff\x18\x1a\x95\xb6\xe7\xd1\x1f\
\x84\x03\xd7\xc8:\xe0Yt\xd6\xe6Y\xd2ck-R\
M\x8a;#\x8b+3\x825ec>\xe5xM\x12\
*\xae\x9a\xe1\xc4\xfa\xd8*jp\x12\xa3\xc3Ve\xdf\
y\xa5\xf95J\x86\x8c\xa2\x22P\x0a\x96\xedy\xbc\x0e\
\xdf\xd9J\xc40\xdc\xac\x9a\x99)X\x1f\xef[\xa9\xc5\
\xea`\x1b\x00Q\xf3\x08\x01\x96\xe7B\xec\x1f\x1c\x81E\
\xb6D}9\xd2\x87\xf8U\x1f;\xad\xd2\xe5T\x9c\xdb\
\x88\x9b\xb3}PSaQl)\xe1n\xdd\xfbbt\
\x91X\xe0%\xdc\xa3\xb6\xb3\xba\x1a\xb1\x9256\x92\x02\
d\x0aW\x8d\xef\x83%\xa9/2\xfdN\x12\x80\xc4K\
\x1e\x87\x84R\xf6\xc8\xb8Q\xfa\xac\x83\xc3\xa9\xa2\xe4A\
h\xae\xd5\xb9\xde\x1c6^\x1bi\x16\x17I\x1f$\xd4\
\xf1Sa\xa4\xf3\xde\xf1dIO\x0c\xf4\x04\x93\xe9\xb3\
>*j\xfd\xd9\xd2\x0c\xbb\xf6\xf0\xd8v\x0d?\xf23\
\xf7\xc2\xb7\xfc\xe8\x07\xe1\xf7\xefis\xdel\xa4E\x0c\
a\x9b2\x00<\xd1\xf7\xf3\xde\xf3\x06d\xa2?\xb6\x22\
\x122?(\x7f&\xa8/M\xfc,\xc4\xdch\xf8\xb1\
\x0f\xbe\x85B\xc4\xb9;\x05g\x9e\xfbZ\xd8\x9c\xb9\x1e\
\x1e\xfd\xad\x1f\x85#\xb8\x84a\x83[\x5c\xf8f\xafN\
\xdc5\x9b \xb9\xe8~H\x9e0\xc0k\xba\xe1\x8f<\
q\x03\xfcO?\x7f\x1d|\xdf\xaf\xdf\x08o\xfd\x94\xfb\
\xe1u\xcfy\x10\xce\xad\x1fE\xb6\xa3!\x1d\x89\xe3\xee\
\xe1\x00\x11\x024\xae@\xb4:\x89a76\x1c\x88q\
\xcf*f\xad\xe6\x81\x81\xa2J08\x98\x12\xde\x13\xe9\
\x8b\x10\xe6\x02\xd7y\x8d\x1a,l\x02`+b,\xc8\
g\x0d\xe3\xe5m\xe1\xd2\xfa\x1c\xfc\xec]\xb7\xc0\xff\xf6\
\x8b\x17\xe0\xbf\xdf{\x13\x5c\x5coHL\xbe\xb9\x02\xab\
\xfd\x158:Y\xc3{\x1ey&\xbc\xe1\xa7\x8e\xe1\x9f\
}\xc6=\xf0\x82k\x1f@;\x01L\xbc\x85g\x9e\x98\
\xaafDw\xea\xd4\x0en<\xbfAk\x7f\xf2N\x8a\
\xe3\xf1g\x81\xc4\xfer6W\x01^\x101 \x12#\
\x9b\x0b\xe5\xec\x9bA\xc4\xc9\x15x\xd1\xd9\x0f\xc3\xbf|\
\xcb\x16\xfe\xecw\x01\xfc\xfec\xd7#q\xd2\xcc\x080\
\xa0\x10g0\xf4\xbb\xe8xu\x09\x1ey\xc7\xf7\xa0\xdd\
\xc8u/\xfaB\xec;1W\x92\x01\xc0<8rN\
\x80@\x9cr\x88x7\x92\x80 \xfdX\x03\x83\x92\xe1\
A\x01{+F\xc0\xb7od\xc4X\x8a\xb0\x0f:\xf6\
\x08\xf3}\x1b\xc2\x0cq\xda$}\xae\x14\xb1g!B\
\xe1\xad\x10\xa5PU\xce\x18\x09\xf4%%D\xc9\x99\x9c\
\x03|\x02\xa5\x826'4\x7fv\xbfs\x03\x9c\xaa\xac\
\xba\xdf\xe3\x93\x08\x1c}G\xe5}\x19\xac\xfd\x9e\x06\xec\
a\xa2}\x22\x98\x81\x88gi\x19#\x7f\x88^\x08S\
:#\xcd&\x98\xdd!%\x1b\x96\x1f\x81\x13\xf1\x0e\xfa\
\xe3):%\xccX,%5\xe1\xa18`\x9c~\x03\
\xe4\x22z%I\xde\xe2z\xc3s\x1cx\x96\x03Zu\
5\xe9\xa6\x97S!\x80\xa17\xea,\x09\x14\x97\x81\x92\
$\x09\xa2\xf3/TAO\xb14\x8e\xbf\xe9R\xff\xfd\
\xaf>\x0a\xff\xf0\xfb\xde\x07\xef\xbd\xa7IFN\xb1\xc7\
\x84W\x82xQ\x9d\x15\xd2\x0f\xcb\xfa8N\x94-\xff\
9\xc2\x0d]\xc7\xca\xd8S@!F$\x000\xd3\x1a\
WLT\x7f\xcc\xedP\x11\x7f\x84\xe44\xb66I\x01\
t\x9e\xaf\xa0u\x7f3\x10\xdb<\xe3\xd3\xe0\xc6ko\
\x82G\xde\xfe]ptr1q\xd0\x91L\xd3\xde5\
N\x10\xc1\xff\x91\xe69\xf8\xb5G\xee\x80\xbf\xf2S7\
\xc1\xb7\xbc\xfd#\xf0\xd6O\xbc\x1f\xde\xf8q\x0f\xc2\xb9\
\xcd\x13\xb0\xdf7\xae\xd9\x14\x0d\x16V\xdc\xc3\x00\x1a3\
\xeeC\x14u\x8bdO\xfe\x08\x9a\xb1B\xd1+\xa1\xcb\
\xdc)11\xc5\xf3\x08\xbf{\xc6\xce@&\x7fg;\
\x0c\xf6B\x10\xb5\x8c\xe3;\xa9\xbd\xc6\xf9\xae7\xf0\xf8\
\xe6\x1a\xf8\xa9\xdf\xbd\x19\xbe\xe5\xed7\xc0\xaf\xde{\x1e\
.\xc1\xb5\xc8\x965\x93\xd0\x16\xa5\xae\xa5\xf2\xa5\xa0\x80\
;\xb4\xbd\xb8\xeb\xb1\xdb\xe1-?\xbd\x82o\xff\xac\x13\
\xf8\x843\x0f\xc1\xfar\xdb\x17\xcd\xeeb\x8d\x80\xf9\xf8\
\xd4\x0an\xb8\xd0\xa2\xee\xb1\xdf\xfd\xfa\x0a\xdb9\xd9J\
\x8a\x8aVc\xaaH\xf7=C\xe6`b\xeb>\x86\xfd\
ai\x092'\xbc\xe7\xd0\xe8\xfa\x0a\xc0K\x8e>\x08\
\xdf\xf3\xc6-\xbc\xe9\xfbw\xf0\xfe\xc7/\xc0\xa6%L\
b\x83?\x82\x03\xeeL\xedO!s\xf3\xf0;\xbf\x0b\
\xb6\xab5\x5c\xf3\xa2/\xc6\x84M\x98W\xc1'u\x92\
YM\xeel*=,\x09\xd4yF\xb2C\xac\xe1\xd7\
2b \xac|\x8e\x03\x90Jft\xf3\xf9\x22\x91<\
\x7f\xe7H\x8d\xc2\x84\x85\xbe\x16\xccjV}\x8e`_\
}}4\xaeZ\xdd\xd2u\xc4\x11\xc5\xbe\x04\x02 /\
T\xb8WLZE\xb1\xf5\x94\x96l\x8d\x08\xb0\xe4=\
\xf4Hv\x8fS(I\xe28;\xe1\x06\xb1\x02\xea.\
G\xc8`9R\x22\x91\x9as+cnz\xf2\x9d\x05\
,g@\xd0\x9aZ2\x128\xf6\xac\x8d\x8c\xccuj\
C59\xd8fq\xe4\x01<\x89\xea0\xe6w~g\
\x82\x9b\xce\x9bo\x89\xc4\xc0g\x83\x1cgA\x9c/\x9e\
\xf0\xa9D\xf4\xd6\xafe\x92\x8c?\x8c\xd2V\xe3\xe7\x7f\
\xfbq\xf8{\xdf\xf3~\xf8\xb5\xf7>\x09\xfb\xd5\x19\x04\
\x86M\x8fz\x84\x89f\x9a\x981\x1dR\x8c\xd7\xec\xc5\
\x9eL\x08*\xb7B\xa2\xe5\xa6\xdb%\x8f\x16\x0e\xa9\xcc\
\x0a\xc2\xb8\x0e}B\x12\x91\x00\xd9\xd9\xcb\x12\x82X\x84\
$2i\x9a\x10\xd7\xf2\xbc \xf05l\xb6;\xd8]\
\xf8\x048\xff\xea\xff\x1b<\xfc\xf6\xef\x85\xd5#w\xa9\
\xeaJ\x82,a\x10hF*D\x9e\xf2\x1c\xe0\xe0\x9a\
\xcb[#&\x1a!y\x04\xbf\xfd\xc0\xed\xf07~\xee\
\x16\xf8\xd6\xb7?\x0c_\xf1\xc2\x0f\xc3W>\xef1\xb8\
\xf5\xd4\xa3\xb09i\x9c1\xcf\x89SQ\xd0o\x1e\x13\
\xae;#\x14\xf9\x8f\xcf;\xb6*6\x0f\xfe\x1c8\xfb\
\x17\xbbh\xd2\xab\x00k4\xb9\x8e!)B\xfe\xbc\xe7\
\xc4fF\xd3,S;\xcd\xc0\xef\xc1\xed\x0d\xf0o\x7f\
\xf3\x02|\xe7\xaf\x9f\x87w?p\x03\x5cZ\x9d\xc6y\
j^\x10*\x0an\xc2\x7f\xb6Gh\xa3h\xc8\xb2q\
\xd5w?v+\xfc\x99\x9f\xd8\xc0?\xfdcg\xe0S\
\xce\xdd\x8b\x86\xf7\x0d\x06\x1c\x9f\xda\xc1\xf9\x9b$\xbeI\
\x1b\xeb\x09!n\xd99\x12\x19\x95\x14\xbe\xbc;ll\
\xb6\x9e,Q\xe05V\x1d6\xc3\x9a\xc6\xf9S\x17I\
\x87\xdd\x8c\x16[t\xc8\xe7]s\x0f|\xd7\x9bW\xf0\
\xd5\xff\xf2\x04\xde\xdb\x88\x00\x96*\x06^\x13\xed*v\
h(\xd6\xeax\xf4\x9d\xdf\x0dG\x9b5\x9cy\xc1\x17\
\xa1Z\x04\xd4\xa1ac\x0b\x00\x01\x00\x00IDAT\
\xeb\x85\x09M\xf5\x14p\x97uWJ<\x05\xd9\xfbc\
[\xa0)\xd84\xc7\xa0\xfa:\xe4\xf9\x0aI\x8e\xea[\
M\x84\x0b\x96\xefHL\x0f%\xbd\xd3e\x84\xe4\xabg\
\xf09\x12\xb7\x0d\xfa\x9b\xf1n\xff~U\xaf\xbf\x7f\xa4\
\xd4\xbe\xa9MR\xb1 7\xf4\xacq]\xf4[\x5c\xb5\
*\xce\x8d\xde\x1f\x0e4\x18\xb0I\x04l\xf7|9G\
\xecw\x8f\x95/\xe7\xfe\x02\x07\xe0\x90\xbe\xf0\xdc\x22\x06\
\xcc\x9br\xb4Ab\xe5\xc2\xfd\xe7E`\x91\x9f\x12\x07\
)&\x01\xf2w\xd9B\xd3\x8fO\x12E\xf0\x86\xd3\xbd\
\xc0\x89\x8e$w\xb9\x1b\x9f\xb8\x14\x8d\xfa\x9b)\xf1\xa6\
/\xec\xdf2\x12\x85\xc4\x92\x02x\xbc\x0e\xfe\xb0R\x1d\
D\x9f\x01\x90.\x0bg_\x05\x07\xc9\xef\xc8\xf3W\xd1\
\x17\xcd\xb8\xc5\xba\xb2\xfd\x0a\xdes\xcf\x15\xf8\xfb\xdf\xf3\
^\xf8\xe9_{\x14Nv\xa7`\xbf:%\xb4&\x19\
[\x89\xa8U\x8c/M,e\xf2\x11D\x22FS\xa3\
\xc1\x9bK\x16E\xcfx\x14\xc6\xae\x95\xaa\x22h\xfav\
\xdbGb\x83\x81v1\xf8\x1e\x06\xf0U\xc2\xd9j\xb1\
u\xf5zF%\x02\xc4\x10@\xcf\x19\x01k\xd2\xa3\xef\
aw\xe6N8\xff\xaa?\x0f\x8f\xff\xd6\x8f\xc3\xa5\x0f\
\xfc7\xb4|\xa7\x9cz\xccY\x0bQ.{ARg\
\xb3;!\xc5\x1c\xe0\xf1\xec\x8f\xe0\xbd\x8f\xde\x04\xff\xf3\
/^\x80o\xfb\xb5{\xe1\x8f?\xe3\x01x\xfd\xf3\x1e\
\x82\x97\xdf\xf6$\x5c\xb7\xba\x84\x86\xed\xb8\x82\x18\xc7c\
\xc39\xec%\xd2$\x89\x86\x9b%:\x22\x14\x0e\xfe\xe5\
\xb5\xcd$\xc9 I\x0a\xcd$g\xfdc\x1d\xa9Y\xc7\
\xc8\xa1\xe3s\xad\xc4\xd7\x09l\x9a\xff}\x9bK\x8c'\
\xb2\x86-r\xec\xcd\xd0\x91\xda?\x81\x0d\x5c\xda\x9f\x85\
w>x=|\xff\xaf]\x03?\xfd\xa1\xdb\xe0\x9eG\
\xcf\xd2Y\xc3\xd8\xba\x92\x97\x84l5h^E\xd4J\
\xed4\xc3P\x9a_\x80\xfb\x9e\xb8\x05\xbe\xe6\xa7\x8f\xe1\
\x9f|\xda\x0a^s\xf6\x01\xd8\x9c\xba\x027\xde\xd4T\
-\x14\xef\x80\xc6\xc43\xce\xf0F\xac\xfc)\xde\x811\
\xfdt\xda}\xb0#!\x06\x88\xc0\x14\x0eu\xef$\x01\
\xd8\x0f\x5cB\xce\xf4\xda\xe2\x03nW\xf0\xa2\xe3{\xe0\
_\xbe\xf1\x0a|\xe5\x0f\xac\xe0\xbd\x8f\xdc\x8c\xb9\x19t\
;\xa2\xda\x8f\x22\x19\x22\xa1\x84\xdc\xe2ex\xf8\xed\xdf\
\x0d\x17\xd7\xa7\xe0\xa6\x17\xbdVUS-\x8e\x05!w\
/\xf5\x94\xb3F#\x13\x88\xa2\xaaL\xb7g\x0dFy\
\xe2\xad\xe6|'\xa5\xb1\x85\xc8\xde\x9f\xbd\x11l\xdf'\
\xf8X\x89\xea\xfd\xfd6\x87\x14/\xc2\xbc_\x22\x0f\xdc\
\xf7q\x8aq\xa65\x13\x828\xbec\xae\xec\x99p\xa0\
>\x8a}\x0f\xee\x8a\xa4\x0e\xc6\xb5\x10\x17U\xde\x13\xd9\
\x0e\xe1\xc86o?y\xae+\x8e\xda\xe9\x81\xae,X\
\x7f\x8d\xc3\xef:\x12\x816ImN\xa6\x08x\x22\x8d\
\xae\x7f\xeejJ\xb7\xa9\x5c\x5c\xfd\xbc\xf8\xd2\x16\x7f\x8b\
\xe3\x1a\xd4m\xef\x13\xe7\x17\x11|-\xf2\x89ED\xa0\
\x1c\xee\x93g\xce\xb8%\xd3\xb4\x112\x12Q\xafTZ\
\x8d7~\xf7\x22^\xf9\xa2<\x86{_\xda\x16\xf1\xe2\
\xe1\xfe!R\xc4scd#\x11\x8dI\xb5\xfdn-\
>\x1a\xe2~I\x11K=\xba\xeb\xc1-|\xd3\x0f\xbe\
\x1f~\xf8\xe7\x1e\x86G\xaf\x1c\xa3\xdb\x93\x01-\x17\xe9\
\x0e;@\xb2\xa9\xac\xa6!\xd1\xb1\xeb;\xffv\xfc\x9c\
\x06R\xc25\xd4-(i\xb1\x09\xf1\x1b\x07\xe5B\x96\
\x8a\xd1\x94z\xe9\x98\x18\x92\xd61KPd\x9e\xdd\x90\
\xf1q\x92\x96I\xd2\x17!&\x89\x00\x5c\xc1\xc9\xfaz\
8\xf3\xc2\xd7\xc3\xf1\xcd\x1f\x07O\xbc\xe3\x87`\x07O\
 \x12CF\xb9I?X\xe5\xa6\xd9\xd2T\x12\xca\x84\
\x043\x07t\x9a\x9a\xa1\xd8\x09\xdc\x7f\xf16\xf8\xa1w\
\xdf\x06?\xfa\xde\x87\xe0\x99\xe7\x1f\x84\xcf\xb9\xe3\x01\xf8\
\x82\xe7]\x81\x17\xdd\xf8\x04\x5c\x8b\xe1\x8aO`\x83\xa9\
w\xdb\xf75\x9c4qz\x8b$'\xe4\x005\x1e\xc7\
!\xd0A\x02\xce\x88\x0f=\x03B\x0c\x9a\xe2(bE\
f\x9c\xd8\x07\xd1\x1a\xda\x05P@\x1c\xc6\x8cpy\xb3\
\x87\x8b\xabsp\xd7\xc3g\xe1\xdf\xbe\xfb4\xfc\x87\xf7\
\xde\x02\xbf\xf5\xd0\x0d\xb0\xdd\x9f&K}\x9c0\x0a\xb3\
,(\xa57lv]\xe5\xb3O\xcf\xad\xe1\xe1K\xb7\
\xc0_\xfa\x99\xb3\xf0\xad\xaf\xf9=\xf8\xc2\xe7~\x10V\
M\xec\xcfQ\x13u\x8bqDQY?\x94|\xb0\xf8\
\xbf\x95\x18G%\x89\xa3\xb9W\xd2'9;d\xb3\xc1\
k\xe4\xdc\xa4\xe5\xf7\xc7]\xfb\x00\xfc\x8b\xb7\x9cB\x9b\
\x80\xdf}\xe8&\x8a|\x88\xf3Ny\x00\x04\x16\x0b\xc4\
h1//\xfe\xcaw\xc0c-/\xc4\x19gc\xe0\
\xfa6)Z\x1f\x5cwW\xf8\xba\x97v\xcd\xd7\x9d\x99\
\xb4C\xca\xca!\xcd9\xbc\x22\xf7%B_e\x81_\
\x11\x16\x15N\x09\xfd\xec\x83\x06\x0e\xfa\xa2\x10\xc5\xdew\
n\xf1\xde\x86A\xa5AQ\x88\xd0\x13\x00\x82\xa8\xf3\x00\
\xaa\x01\xf5\xfa\x85Z\x14\xa2}\xf3\x12\x03\xf7V|\xd6\
\x22/!\x80\xd5q\x1d\x16\xcce\xd4\xefQ\x11\xc3\x99\
\xac\xb3\x92>\xd9o/\xe2]\xb2Ab]n\xa4\xa9\
\x8d\xe6\xbb\x9b\x80\x88\xba\xd3\xc8\x9a\xd0\xe2jx\x0b\x9f\
\x08\xc8;\xe2.\xa0p+\xc2\x0e\xfd\xd7\xcb\x8d\xb6\xef\
%'W\xa9\x02\xa0>\xd0\xe6\xac\x0f\xb0\x18\x08Q\xf4\
B\xbb\xee}\x8b\xcd\xd7\xff\xa9\x14\x99\xef\xbb\x1f\x05\xf8\
\xd6\x1f\xfb\x00\xfc\xc0\x7f\xfa\x08<\xf8\xe4Qs|\x82\
\xdd\xd1\x09qA\x84\x95\x09\xe1S\x9c\xd8@\xccV\x91\
\xe1(u-\x87f\xd5\x0c\x7f\x0c\x1c\x95\x0b1\x83)\
\xf9\xed\xf7\x1e\x12\x1d\xc8\x85*9\xae\xaeS\xf4\x0aq\
\xae\xd8\x9e\x22\xc0\xc6%\x98-\x85\x8f\x90\x81\xeb*^\
\x08\x09\x08\x0b\x8e\x14\xa2\xa4\x89\xb3\xf7\xdb5ln{\
\x09\x5c\x7f\xe1\x19\xf0\xf8\xdb\xff\x15\xec\x1ex/\x11%\
\xe2e\x98U{b5\xae\xeb\xb5\xc7<\xf4\xeb=\xa5\
\xa1m\x88\xa7I\x0f\xaelo\x84\xf7\xdew#|\xd3\
\x83\xcf\x84\x7f\xfe\x1b\x8f\xc0\xc7\x5cx\x02^}\xdb\xc3\
\xf09\x1f\xf3$\xbc\xf8\xfc\x93p\xfe\xda\x8bp\xb4\xbb\
\x82v\x09\xed\xf9\x16\xb2\x96f\x07\xb3\x02\xb0\x90\x85\x1d\
\x1c\x1d\xb7D\x83\x11\xee_\xa43\x14\xc2\x96\xe6^ \
\x1f\xbb\xd0\xad\xd6p\xd2\x0c\x1d\xf7+\xb8\xd2\x5c\xf8\xd6\
\xa7\xe1\xa1\xcb\xd7\xc1\xaf}\xe4:\xf8\xf7\xefY\xc3;\
\xef\xbd\x19~\xff\xe1#\xb8\xb4\xbe\x16\xb3\x14R\xb6\xc3\
fA\xdf\xa2\x0c6DJ\xbe\xf5\x96%\x83\xbd#\x02\
L0b\x97\xfaH\x09t\x1aw\x7f\xdb5W\xe0y\
\xcf~\x12%C-\xca\xa1\xc4[\xec8H\xb7\x8ej\
\x0b\xc1@\x9e\x08\x1d\xb1\x08w\xd2\x00\xe5\xa0\xd7\xba\xcf\
\xd5\xf9\x9a9A\x8aM!\xc6\x82<o'kx\xd1\
\xfa^\xf8\x9e?\x05\xf0\xa7\xbf\x7f\x03\xef\xba\xef&J\
 \xb4>R\x83HB$2\xe3\x1bX\xaf\x1f\x85G\
\x7f\xf5;a}\xe16u\xeb4.bu\x10\xb2\x9d\
g\xe6\x8cy\x9aRO\x0f\xdf\xee\xa4\x01\xf5\xfd\xfd\x01\
j\x08\xdf\xb3\xaa\xe5\xb9\xfa\x0e\xc5k\x5cC\x89{0\
\xcbc\xc0\xdd\xe9\xbe'\xbc:\xe6\xb00\x02\x1c\xe9\x1a\
\xc4\xd0!=5\xdba\xca\xec\x19uC(\x86*D\
\x22J\xb5\xf2\xfb\x01\xdc\xcc\xe8\xae\x95\x83\x97\x03\xd3\x01\
=\xd6\xed\xf0>\xc5\xe7\xd9w\xdao2\xe3\xa8\xf8J\
\xb1\xa9\x035\xe7E\xbbj\x0c\xd2\x8f-\x7f\xd7\xdf\x0e\
\x01\xd3!\x17\x80\xc2n\x84l|\xa6\x0b\xc8\xeei9\
\x14d%\xb2Z\xb4\xc98\x8d\xb1c^\x15Q{\xb1\
\x9c\x17u_]\xe970\xd5\xef\x83m\xe4T\xd3\x9e\
hx*m\xdbQ}l{\x04\xdf\xf9\x7f~\x18\xfe\
\xc5\xbf\xf9\x08\xdc\xf3p\x03\x8a\xa7\x11\xe9\xb6`1-\
\xcd\xaa\xe6\x8c\x974\xbb&\xaf\xa4?\x0e\xe1u\x5c\x07\
\x8b\xf7%\xdc\xae\x02\xc5\x92@f\xaeT\xfd\x96\xad\x1e\
O \x1a\xa7/\xfdj\x08E\x88$\xd29\xb7\x5c\xf1\
\xde0,\xce\xb1\xf4\xb3\x07:\xb2W7p\x82F]\
\xc8\x816\xe4{|\x0b\xdc\xf0\x8a\xaf\x87'\xff\xe0\xe7\
\xe1\xd1w\xfd\x04\x1c\xef\x9e`Qw\x03\x17\x9e\x93\xe3\
1\xbb\xb3I\x08\xb2\x05\x9biI\x90DM\xd5\xacU\
\xd6\xb0:Y\xc3\xe5\xd5\x0d\xf0\x9e{\xcf\xc3\xbb\xef\xbf\
\x05\xbe\xe3][8{\xea\x12|\xfc\xd9\xc7\xe1\x85\xb7\
=\x06\x9f|\xe1a\xf8\x94[\xb6p\xd3\xb9+p\xed\
\xf1%8\xda\xb7\x0c\x86\x94\xc4\x08\xc7\xb2jn\x88'\
\xee\xccF\xf6\xb3\xadMk\x07C\x073\xf1\xd8\xfa\xd0\
\x08\x9c\xed\xfa4\x5c\xber\x1a\xee{\xf2\x14\xbc\xe3\xee\
\x0d\xbc\xf3\xee\xd3\xf0\xeb\x0f\xde\x00\xef\xbc\xef:x\xe8\
\xe4\x0c\xacV\xc7D\xb0 \x0d\xd6\xdemD\x0ce\xd3\
ki\x91\x9b\xa4\x82\xc2\x0fq[\xc2i\xb9@,5\
\x97E\xfa\xfd\xf5\xee\x18\xfe\xc7\xcf\xb9\x17\x9e\x7f\xe6A\
\xd8mw\xb0i\xb1x\xd4e\x99\xbe\xe1\x8a\x8a\xb4\x9c\
\x87%\x01`\xe4\xa4d\x09\xa6\x9ew>#\xc1F\x82\
\xe1\x09U\xd6\xa4246\x89\x0f\xb1\xc3\xc4a$\x09\
y\xce\xf1\xbd\xf0\xdd\x7fz\x0d_\xfd]kx\xe7\x83\
\xd7q\xec\x07Z\xcf\xb0g\x90@?\x82\xd5\xeaI\x80\
\x07\x7fW\xcf\x85\xbarf$3E\x14\x5c\x85\x12}\
\xcc\xcc\x8c\x9f\x1d\xfd\x1e\x95\xab\x95.W\xefW\xea\xe3\
\xd8w\x9b?$\xdft9\x0d\xfe:AOnI\x19\
\x09\xc2\x0bY\xec\xc7gr\xc2{\xfb\xa8\x0b#\xc8\x09\
{|\xc9\x01~\xd2\xdd\x84@\x09x\xd2@\x1bPa\
\xc4\xa4\x87\xd4\x82\x9980&Q\xb8\x99Z\xee\xa5\x0e\
szx\xe3\x80\x18a\x12k\xa3uY\xcer7\x16\
\x8bf\xe1D\xb8\x15\xb2gD]\xe8Y\x04\x81\xc6E\
\xb7\x00<\x99\x03\xef\xfa\xed\xe8\x0f\xfc\xaa\x9c\x9dK\xf5\
\xc9\x91\xd2$\xf7;\xf6\x83]\xe3t\x9eL\x00\x94\x08\
'\xbfF^\x1a\xa3 \x87\xf5\x96\xac\x8f\xee\xf4S\xd4\
\x22>]D\xfa\xb2\x9eK;u\xf1R\x9e\xa8\xe3\xcf\
\xc6\xa1\xd9\xb2\xffj\xc4\xfe\x1c0F9\xab\x1d<\xb9\
[\xc3\x7fz\xfb#\xf0\x8f\xbe\xf7\x83\xf0\xdbw\x13p\
'\x1dyL\x17Kx\xdc\x82\xe0\x900\xc0\xc6\xb5\xc6\
--\x8b\xe2\xe3\xf7\xb7\x07\xd9>A#\x14\x8a\xd96\
\x85\xf15\x89\x99\xe8\xb8\xdbO\xc9\x0a\xc7\xba\x7f\xf5\xb1\
vX@9BR\x15\x90>^\xe6\x86\xe2\xfb\xfbU\
\x90y\x8b\xcb\xe4\xe5H\xfc\xbc\xac5\xea\xaa%\xfe\x05\
\xd9\xad4\x0e\xf5\xf8\xceO\x87[n\xfe\x04x\xf4\xb7\
\x7f\x02\xae\xdc\xfd\xab4\xa3L\x13\xb5\x0c\x87(\x13H\
\x89\x97H\x86\xe7\xd5\x19D\x227\xffx\x0d\x1a\xd3\xac\
\xcd\x1b\xa1\xb1\xdb\xc0\x13'g\xe0W\x9f<\x0f\xbfr\
\xff\x1e\xbeku\x02g\xf6\x97\xe0\xcc\xe9-\xdc~\xf6\
qx\xc6\xb9'\xe1i\xe7.\xc1\xd3\xce\x01<\xe3\xec\
\x15\xb8\xfd\x9a+p\xfb\xa9+p\xfd\x19\x80\xd3G'\
p\x8c>l\xcd\xb2m\x03\x97\xae\xec\xe1\xd1\x93=<\
\xfc\xf8ix\xe0\xf2)\xb8\xe7\xe21\xdc\xfb\xd8\x1a\xee\
~t\x0dw_<\x05\x1f~\xf2:\xb8\xfb\x91\x15<\
\xb9;\x82\x8b\xfbkP\x19\x80\xa8\xb7\xc1\x08\xe5\x8a\x89\
!@\xdb\x07\xe2\x5c\xc8\x0ds\xef\xf6\x89g\xcc\x9d=\
\x87\xda\x85\xb84\xe3M\xb7/Ns\xb0z\x02\x9e{\
\xdd\xc3\xa8\xf6\xa08\xfe\xe4\xdf\x81\x1e\x19^|\x8f\x04\
\xa6\x03\x0a\x1c\xacONA\xeb\xb7\xd4\x1f\xcfy4\xae\
\x14\xf5S\x8b\x87\x8c\x12)\xd1h\xf1\x1a4\x17D\x12\
\xba\xb55\xbc\x02\xeb+k\xf8\xd8\xcd\xdd\xf0\x1do\xbc\
\x04o\xfc\x81\x1d\xbc\xfb\xbe\x9ba\xd3\xa4e-\x14p\
\x8bE\x81\xea\x12r\xed\xa4y`\x89\x9d\xb7{2]\
b\x80\x13\x08\x93$\xbe@`\x9e2\x07^\xf2\xd3\xf1\
W\x09{\x22A4\x82\xb9S\xcc\xa3/\xe1\xbc\xd3!\
u\xa9}\xe3\xf59\xe4\xdf\xa9]\x03\xe3\xeb\xec}R\
\x92\xa0(I\xee\x9a\xd1\xba\x15ws\x120\x82\xac\x0e\
\xd6\x14\xc8\xdf\x13\x17G\x15w_QYc\x8a\xabg\
q*nT\xbe\x8b_\xa7\xd7C\xaf&&\xcf#\xdb\
,\xa6\xcf\x85\x80\xb6\x17\xa9\x16b\xf1\xa4k\xe9u8\
\xd1\xfdO\xe7&\xe9\xb9\xe2\xb8L\x0db\xf7\xa6\xfb:\
*\x16\x19M\xa8o\xadXn\xd0\x91J\xa9\x8dU/\
\xdc\x1d\x18{\x9d\x089\xa9E,\x87\x9d\xb1I\xb1\xc4\
~<~n\xd3S\x19\x1c\xe9;\x1e0\x11R\xaa\x12\
?\xd1\xb3\x1f\x8dB\x00\x97\x01o\x13\xf5\xc2\x16~\xf9\
w/\xc2\xdf\xff\xbe\xf7\xc3\xaf\xbck\x0b\xdb\xc6-7\
#\xad-q{\xfet\x11\xa1i\xdfu\xd4\x05\xe7\xac\
\xdf\x11\x08\xba\xfbB=K<~\x91^ =*B\
\xd9X\x97\xeek\xa4\xc3\xe4\x09\xf9+!\x85\x99\xa8\xc6\
\xea\x85\xd3K\xfb\x0396\xb1\x04\x8fl\x03\xede\xea\
+\xa9\xda\xf8\xb5D\xd4\xd1\x19\x22\x22\xa5\xbd~r\xea\
&\xb8\xe6\xc5o\x823\xcf|1<\xf6\x9b\xff\x01\xe0\
\x89\x0f\xb1\x01*\x93\x9a\x19\xe0\xf6\x9aL\xd7\x07\xde\xd7\
\x81\x80n\xdc5\xab\xe2`\x0d\x97\xd6\xd7\xc0\x95\x8bk\
x\xec\xe2u\xf0\x9e\x07wp\xd2Xp\x1c\x0b\x05\xb4\
Y\xf1\xf3\x14^h\xa3\xb0\xaeq\xb6\xcd\xf2~\xdb\x92\
\x8e!\xb2!\xcb|\x8d\xb3 \xce\x0b\x1c\xf0\x08\xd1/\
N\x13\x13\xa3jt\xd6[\xb2\xeb<\xf1\x0e\xa3?\x02\
\xd09\xe1V\x93&:n\x5c\xd7\x19\x0d$\x8f`\x0b\
\xa7\xe0\xfd\x0f\x1f\xc1\x8b\xcf\xb5\xbdG\x09\x84\xd6\xbbv\
\x9d$\x01}\xd6=\x83aR'\xad\x1b\xa5\xde\x09s\
\xea\xe7\xd8M;}\xa7u\x14\x15\x1c)\x02L$L\
[\xab\xad\xe1\x0e`\xbb\x85\xe7\xac\x1f\x84\xef\xfa\x8a\x1d\
\xfc\x99\xef?\x81w\xdf\xff4\x008\x8d\xd1\x0f\x90\xd0\
l\x84\x8bxM\xa8t\xb0\x98\xab\x85\x22\xee\x8c'\x96\
\x88\xdd\xfbv\xc6\xf5\x8e\xbe_\x8d\x08~\xedB\xf1r\
m\x93\xcf\xd7\x08?\xdb*\xcc\xb7+\xd2\xcf\x0e\x8f\x15\
8\xb6\xf5\xa91\xd7\xc6\x18\xfa}\xed\x9er\xbf\xcd\x06\
@nj\xcc\xf2\xe9NY%\x1e\xf8\xb3\xb5\xb0\x07b\
\x03\x91\x8d\x00)\x8f\xa4\xab\xb2\x04\xf1K?\x08\xc0\x18\
AcTz\x1d`D\xc6;\xacqr\xa3x\xbf\xff\
\x18\xd4$\xde7\x89\xc3T\xffU%\xe17\xac\x92G\
\xee=\xe5*\xfb\x8d=B\xcd\x96n\xd7\xea\xea\x0e[\
)\x1ef\x09\x00\x13@\xc4<T\xebi\xcfZ\x7fH\
\x02d:|\x22\x06FS\x10\x89\x19\xb8\xea\xc2\x9eX\
xX\x7f\xf3\xc3\x97\xe0\x1f|\xf7\xef\xc3O\xbd\xf3q\
\xd8\xee\xafA1\xf7\xa6!\xfe\xc68\xa2\xa5\xb6w\xdf\
\x14\x97R9\xb8\xde\xf6 \xcf!\xe8>\xdfu\x88\x9f\
kA\xc4\xce\x91\xeftP\xc9\xcf>\x8d\xb3\xc5\x09\x08\
k\xd2D\xda\x22\x22\xc2\x85 \xbdts\x0d\xd2u\x10\
\xe2\x82\xc5\xe2$\x8a%\x84Ix\xcf\xe7\xfb*&\x96\
Ch\xcbA\xb0`SM<L!\x84q/\xdf\xf8\
\x02\xb8\xe1\x95\xcf\x82\x93{~\x05\x1e\x7f\xf7\x7f\x81\xfd\
\xe5G8\xd0\xd1\x18\xe1\xe7R\x9d\x03\xb2b&$\xda\
\xf6{\x0b8\xd3D\xeeH\x8f6\x1d\xe5\x89\x18\xa5\x1d\
\xa11\xa2D\xf6;\x91\xb9\xe7\x05 \x1b\x05N\x9a\xc3\
\xb6\x00M:A+fvE$\x154\x22\x87\xac\xe2\
=\x07V\x1b\xbbj\x9f\x13\x81\x1f\xa6\xb2\x08Z\xd3\xe2\
\xfc7\x15\xc0j\xbd\x81\x7f\xf4\xf3\xb7\xc0+\xbf\xf81\
\xb8u\xfd\x08\xedCIq.\xde\x22!7\x88\x10a\
\x16\xa2]\x9a\xad\xc2\xba\x9a4G\xe2\x84X\xfc\x08\xeb\
\x0b\xcb\x11\xd9\x98\x15/\xb5\xa40-\x9f\x10\x12>\xcd\
\xadq\x0f\x1f\xbf\xba\x1f\xbe\xff\x8b/\xc3\x1b~\xf4\x08\
~\xe7\xbe\x9b\xd9\xef\x9f\xecSB_t\x05}\x19\xa7\
\xf6\xae8\xe2\xd0\xf7\x128\x8c\xf6S\xca\xbdR0{\
\xb9M\x7f-\xbfsuD@_\xa4\xbd\xaa\xdeZ\x05\
7\x885@\xdf\x98\xd9\x1b\x9f)#\xc6\xe8y/\xb9\
\x95:\xa7\x08\xabu\xa4\xe4L\x8f\xb9\x5c\x97\xe2w\xe3\
\xd4s\xb1C\xc2\xb1\xfa\x89\x98\xa2\xdc2EU\x8b\x82\
\x08z\xd9=\xf3\x89=\xa4H\xff\xc2\xc4!V!\xee\
@\x80\x85\x10/\xf4\x0e\x0d\xc7\x8f\xa3\xdax%!\xe4\
7*\x02C\x8b|\xa75\xa4\x08r\xf5\x1c\xf8y\xe0\
\xf0\xae\xf8\xa0V\xe2\xfa\x80\x03\x9a\x98\x83\xc8]\x8c\xe9\
}{>\xf7\x8f\xc6@io\xa78\x86\x8ffi\xf1\
\xcd\x7f\xff\x91\x13\xf8\xab\xff\xecw\xe1O\xfe\x8dw\xc1\
\x7f|\xc7\x15\xb8\xb2?\xc7\xf1\xe1\x19\xf8!\x17\xca\xfe\
\xd1\xda\xff~?yi@\xd8w\x1c0f\x87\x16\xd3\
$Q\xb0DM\x92\xe4\x87\xc6\x8d\x81pB\xd8^\xe1\
\xbf\xe4\x93]\xba\xfcZ\xf7\xf9\xc1E\xb5%\xd2\x0a\xdb\
\x1fn\x0d\x5c\x1c\x0aI9\x9d\xa5y\xd5^\xec\x12\x03\
\xb1\x03\x1aI\x0d\x9a\x91\xddu\xb0\xbe\xed\xd3\xe1\xc6?\
\xfa\x97\xe0\xdc\x0b^\x0b\xab\xe3\xebI\x02\xc0\x9f\xbc\xbc\
\x9e\x5c\xf2\xf3j\xea\x0d&d\xd85\x1c\x95\x0a\xc8\x19\
7]?\x0b\xc5\xd1\xa8\x92]\xef\xd8SB\xd4\x10a\
&9\xb47yA\x08\x15\xc3\xeb\xc2R\x13\x941\xb0\
\xdb'\x92{\xcd\x92=\x1f\xadQ\xe2\x16\x0d\xa5*\x01\
yz\xa6b_\x01\xf9u#\xa4Z\xac\x84\x15\xbc\xe3\
\xde;\xe0\xcf\xfe\xd8\x9d\xf0\x91\xd5\x8d\xb0m\xc9\x85Z\
\xf0 \x17\x96\xb8:\x1fq\xf5s\xec\xb3\xccx\x10\xa1\
\xe3\xc3\xe6j\xff\x1dLj_\xdb\xf8O\x18y\xb4\xe0\
W\xd4\x83F@\x9d@\xcb\xa0\xfe\xacS\x8f\xc3w\xbe\
\xfe.\xf8\xc4[\xef&\xe2R\xe3\xa9\xc7^\xf5{\x88\
\xc3\xb1k\xd0\xa7\xaba\xe6\x96\x97i\xdc4o3\xb0\
J\xfd\xc9\x7f1\x84\xae\xfb\xccCB\xabw\x8e\xf1\xcb\
\x97\xa7\xced]\xcfT\xbc\x04S\xffN\xcd\xf5\x11Z\
9K\xd6\x02\xd1u1u\xbdL\xfbJ\xbaNj\xc4\
\xb8#\x15\xf9\xa7\xceG\xf1\xa9\xc9\x9d=\x02\xad&!\
_\xef\x07%\x1c\x98\xf5\x1c{\x84\xe2\xad$\xf6\x9f\xd8\
\x84\x19!\xfb\x85D\xbfa\xe5\x14\xa4\xef^\x87ls\
`\x0c\xc3x\x83\xe6{\xe4\xe3\xcd\x86_-\x89G#\
\xc8\xd5\x17\x9b\x8d\x85TGHz\xbf\xd5\xe8\x80\xf1\x7f\
\xb4g\xc52\xd9\x02\x0f\xd1\xbam\x88\xf3\xdd7\xc5\xb6\
@\x18\xe2J\xa8k\x14\xe2\x18\x01\xfc\xb4L(\xfe\xea\
b\x05x\x8aV\xd6\xc8'x\x9fz7\x16G\xeb2\
\x1fG:\xf0f\x9eu\xefc\x1b\xf8\xd6\xb7\xdd\x05\xdf\
\xff\x9f\xef\x83\x87/\xb6\xc8f\xc7\xac\x16\xa1\xacw\x22\
\x15\x22\x17\x9e:Jc/\x82\xf7}\x1b\xdf\xab\xe2\xf3\
+\x15nBW\xeb\x07\x9f\x97(\x99\xd9;\xce_^\
\xf6R\x09\xca\xd1'BcQ\xa9h\x9c\x00\xdc\x0fb\
'\xc2\xf1'\x9cd\x86\x88\x17\x02\xf6\x1aO=\x05\xc2\
\xa2\xf0R\xaa0f\x04o{\xbeug\xbb\xbe\x11\x8e\
\x9e\xfe\x1a\xb8\xe1\x8eO\x81\x93{\xdf\x01O\xbc\xf7g\
`\xff\xd8\x03\x18d\x86\xa2\xf1\xadY\xbb\xd8t\xc6d\
\x95\xdf\xda\xa1]\xe8\xf6\xbc\xa3O\xc5\x06G\xbc\x1eD\
\xa2\x84\xfe\x00\xf2J\x801\xbe_\x5cO8\x87\x22\x95\
7o\x1a*,\x13\xd1\xb6\xa3\xd5\x8c\x05\xea\xe2\xb6\xd8\
\xfb\xa1%\xc5\x91`H\xad_'\xbb\x15\x1c_\x7f'\
l\x1f\xbb\x1b\x8e\xf6\x97\xd9\xbf\xbd y8\xc6\x01\x99\
\x14l\xe1g\xef~:|\xf5\x8f\x1f\xc1w}\xfe\x0e\
\xceo\x1ecI\x05%\xf5Y\xed\x8f5\xe3\x1f\xf5E\
\x0cQ9\xd1Y\x13\xc1\xb3W\x86\x04\x03\x8b\x126\x89\
\x8d\x10]M)A\x90I]\x95Q\x92\x9d\xd4\xf6\xcd\
\x96\xb2@\xd2\x80\x9b\xe1\xe5\x0a\x9e\xb7z\x08\xbe\xefK\
\x00\xbe\xea\xdfl\xe1\xbf\x7f\xf86$b\xf6\x98)\x92\
\xf3_\x88\xbaiA\xb1\xb0\xcbv\x0eEY\xa7\x0c`\
u\xb2r|x\xde\x06B4\x8d\xb8\xea\xae\x9a\xaa\x9f\
\xfbh\x97\xd0\x8b\xd9[|\x08\xf6\xd3\xd0c\x22j\xcd\
)\x5cd}\xf1\x7f\xab~\xf6\xf7\x8a@`\xbcv\xe6\
\xd2)3\xe9\xff\xc6\xf7e\xdb\x134\xad\xf1][o\
\xf2\x02\xf0\x06k*Z\xec\x07\x12\x07`\x88\xaf\x96\x08\
\xb0\xbf\xbfl\xe6\xa4V\xa8\xf41s:\xa0\xc5\x9b\xcd\
\xa9'\x82~\xb6x\xa6\x12\x19\xe5\xfe\xf9\x92\xa4NU\
\xcd\x8b\xfb>\x1c\xaf#\xa8\x88\xe1\xb3\xf1\xccS\x9fv\
\xb8\xa9\xc4\xd0\xb1}\x1f\xd8/\x5cE{\x14\x9c\xa8\x05\
\xf7\xd8\xb6(%\xf8]\x17\xda\x10\xf0\x81r\xfa(M\
\xa9\xfaR\xf3\x8b\xddS\x1a/\x9e\x00.f\xe9\xbb\xbc\
\x82\x7f\xf6#\x1f\x84\xef\xfe\xf7w\xc3\xfd\x17\x9b\xc8\xb5\
!~\x02\xaaY\xeb\xaeNK\x81\x22\x8c{>\xae\x8b\
\xb0\xd64/v\xcd\x9e\xf5\x9c\xba'\x22h\x09cB\
)\xb1\xf7n\xea\x1e[M\x8b\xc25\xda^Y\x12\x10\
\x00\x90D\xaa\x97\x80M~0.\xf2$\x11\xf9\xd9%\
\xb78\x07>\xfe\x7f\xb7GE\xad\xd1\xac\xc4\xaf\x83\xcd\
\xed\xaf\x86\x0b\xb7\xbe\x0c\xae<\xf0\x1ex\xec\xf7\xfe\x0b\
l\x1f\xb8\x0b\x8e\x1bg\xbd:\x81\x93UKGL\x06\
\x86\x92\xf5n\xb8\xc4^\x87\xa4\xe3\x1d\xefu\x0d\xba\xb5\
\x9a \xdc\xb3\x8bmY|\xe0-NX#)\x9c\xd1\
\x08\x0ep\x0c\xe8]\x80\x86\x04g\xe1\xf4\xd3>\x11\xce\
}\xdck`\x7f\xe1\xd9\xf0\xe4;~\x10\xb6w\xfd$\
&U\xc1\x98\xfa\xc3.s\xbe\x90=\xc0\xcf\xfd\xc1\x1d\
\xf0g\x7f\xfc\x12|\xdb\x17\xdc\x0f\x176\x0f\x22\xc7\xbd\
\xda\xb7\xe0S\x1cYP\x221\xbat\xb4\xe6Yd\xec\
\x07\xd9b\xf4\x04\x870`DXYtC\x89\x86(\
\xbb\xa4\x0dYv\x03\xee\x03\xf6)\xa3\xb9m\x99\x08\x01\
\x9e\xb1~\x04\xbe\xe3\xcb\xb6\xf0\x17~h\x0f?\xf7\xc1\
\xdb\x88HA\xaf\x06Iq\x1d\xe7\x7fI\x89\xaa\xc7\xf2\
k\xb8\x98\xb6Fq\x16J\xd2aQ?V\xe1\x1c\xe7\
q4\xbb\x12:\xa5\x9b\xbdss\xf5\x1c\xa5\x04\x81K\
\x92\xbc,\xed\x18I~\xa5m$*\x90\x22c)\xe1\
\xd0\xf5>\xf7\xbb\x9a{1\xc5\xad\xdb\xf3\x85\x08\x00\xb1\
<\xe7y\x0c\xa6(\x03\xff\xff%\x0b\x1e\x06)\xdb\x8e\
Sz\x9a\x8e\xb9\xa7\xe0\xe6\xca\x14\x95':\xeb(\x91\
\xd0\x07TLg85\xc6\x0c\xef\xdar\xcd\xa0a\x99\
F\xc5\xdb\x1b\x07V,\xe8t\x11\xee\x22\xba\x80\xd1\x1d\
g!/AM\x14\xe915\xdc\xa7\xd6vk\xe4\xa9\
\xd3\xbc\xc9j\x11\x1c\xedgFG\xe2>\xa5I$\xc8\
\x00\x0dZ\x0e\xf1Y\xe2g\xaa\x98\xe4\xc2\xf4\x84\xe4\xf7\
o\x5c\xf0|\x91\xe9j\x84\xe5\x13\xbb=\xbc\xed??\
\x08\xff\xeb\x0f}\x10\xfe\xe0\x81\x13\xd8\xb7\xd0\xa4\x82H\
QWJ.s^%$k\xaf\xc8\x5c\xdav\x19\x17\
{\xee\x5c\x1e%)\x0c\x05\xf3\x11Dk\x085\xcc-\
\xda?\xf8:2r\xf3%\xa3c\x1dm\xa0\xde#!\
A\xfa\x5c1RT.\x0f}\xe7\x1d\xb2P\x00mb\
\xde\xd8r\xcd\x1d\xf8\xb6I\xf2 \xf7\xc9\xb6@\xb2\xfd\
a,\xbc\xf5YX?\xed%p\xc3\xad/\x81\xddc\
\x1f\x86'?\xf8\xdf\xe0\xd2\x07\xde\x0e\xab'\x1f\xc3\xac\
y(\xbdR\x8b\xe7~\x9d\x8d0\x8c\xe9\xb5+\x0e\xaf\
\x9b\xb2\xc1\x9c\x0a\x02\x1c\xb5U\xc1\x10\x12\xed\xb34\xac\
\xcd\x14\xf90\xa2ti\x7f\xea\x16\xb8\xfec>\x0d\x8e\
\xef\xf8DX\x9d\xbd\x03\x0d\x0d\xb7'\x00\xe7^\xf8:\
xt{\x02\xfb\x0f\xfe\x17L\xf8\xd3b\xeaG;\x9e\
h5\x8ej\x8d\xdd\x0a~\xf6\x03w\xc2\x9f\xfd\xf1\x15\
|\xdbk\xf7p3\x12\x01\x97a\xcbn\x969I\x0e\
\xa9}\x92\x14S\xd7r\xc0\xe00\xbc\xb2\xf5\x15\x03Y\
!\x02\xd8\xf3Gl\xa4\xd8B\x05c\x00\xa8G\x0a]\
\x7f\xc6\xf6q\xf8\x8e/\xf9\x10|\xdd\x8fm\xe1?\xbd\
\xef\x19\xb0\xdf\xb4P\xc7\x8d\xf8\xf0vP\xd3E\x96>\
\xcc?\x027!4\xa3\x87@\x1c\xbf\x1f\xb5\x9fU\xef\
*\x17\xe1\xc9\x12\xfc\xb4b\x223\xaa\xc72l\x8d\x8c\
jE\xe0i\xaf\x06\xd2\xeb9\x1c\xa7\x04kk\x0b\x17\
\xc0\x06\x1d\xa5\x086w\xfe\xdd\x5c\xcf\xb4\xa4<\x96#\
ox\xca\x84\xc7p\x00J\xa9d 2eh\x11\xae\
G\x11T9\x09\x13\x94\xcf\xd4\xa0\x8cc\x17\xd1\xab\x05\
\xe4\xf0\xcd\xcb&<\x9c^\x8c\xfd\x94\xe49\xb5^\xc6\
\xc46\x92\xadK6\xda(/\xf8h\x5c\x12P\xc6\x10\
I\x0c\x02+\x00]\xdf\xe4\xea\x09!\x09L\x8d\x9b\xa9\
6la\x02\xc0\xe2\x0ds\xce\xe9\x96\x7f\xdd8\xe4C\
9\xff0\x16}w\xf3\x14\xa2\xfb\xb5t*+\xf8\xe9\
w>\x02\xff\xe0{\xee\x82\xdf\xfe\xc0\x16\xb6p\x8c\x08\
\x97\xd2\x1a\x13R\xa3\xd4\xa3>\x81\xb7;(<9n\
\xa8\xc1\xd8O\xfa\xea\xfb\xa6\xc8\x1d-\xf9}\xd2\x98^\
w\xe73\x02\xb6\x0cp\xa8\xe7\xed\xe6\xc0\xcfKN_\
*\xfd\xad\x00\xbcI\xd8\xcc\xda\x5c\xe2\x88\x16*\x14\x15\
\xa1\x0e\x10/o\x121@T\x19\x84B\xec\xdc\xef\x98\
\xcc\x87\xae\xd2\xbb\x0dv\xad\xaf\xbd\x0d\xce>\xffup\
\xee\xb9\x7f\x02\xae<\xf2~x\xe2\xae_\x81\xcb\xf7\xbc\
\x07\xd6\x97\x1ef{\x89))\xd2\xf4\xb9\x8f}\xa7q\
OqV\xf5uF\x9d\xea\xfe\x19\xd1*=\xb7\x83\x93\
\x16\x83\xe0\xe8<\x5c\xf7\xf4O\x82\xe3\xa7}\x02\x9c\xba\
\xf01h\xc9\x8f\x04\x01J\xc6Z\xe6\xc46\x9ec\xb8\
\xee\xc5\xaf\x83\xc7\x1b!\xf4\xc1\x9fa\x91v\xa8\xd2\xa9\
!\x9a\xde\xbd\xb9\xd4m1V\xc1\xcf\xdeu'\xfc\xa9\
\x1f\xdd\xc1w~\xe1\x1an9~\x00\x03!\xa9\x98\x9f\
\x91@\xec\xb7\xf57g\xc9\x93\xf9\x94\xfe\x13\xb8\xf0\xee\
\xc82>\x997\xe6T\xfd\xbb\x0a?\x19\xc67{\x8c\
\xf6m\xb7\x82\x0b\xebK\xf0\xcd_\xfa\x00\xfc\xf9\xb7\x01\
\xfc\xa7\xf7?\x93\xbc(\x9a\xb4\xc0\x05B\xea\xe7\xb3X\
\x87\xb4\x13\xc5k\xe7\x00\x01B7\xe6\x0a\x11\xd6\xf32\
\xe8\xd3\xde\xe3\x9c\xae\x05\xaec\xd0\xbe\x93\x0cN\xc1\xd9\
\xdc\x9e\xef\x97\xe1\x85\x8c\x1b\x92\x84%1\xb7C\x9c\xcb\
\x04\x97\xbc35\x07!\x10\x90?|>\x18\x8f\xd7\xe3\
g\xa4\xe2\xdf;H\xcc\x8d\xf70\xb6W)n\xd7\xc9\
La\x0c\xf3o{\x9e'USZ\x16\xe2\xbf\xe6&\
\xe5B\xed\xd2\x9fh\xed\x80\xed\xba\x08{\xd6\x96\x01f\
\xa22\xa7\xe2\xee\x9bzD\xc6\xe8\xefI=\xc2Q\xca\
\xd8\xc9\xab\xdb\xf5#[\x05;\xa1q\xc6kFpE\
\x1fzR\xfbr\xe0\x8f\xc0\x0d\xf2,9/\x85N\x1d\
\x22\xc8\xa3\xbd\xb7e>\xa1\x0c\x08\xf5\xd1/\x98\x17\x9d\
\x0f\x17\x22\xdc]\xe3:\x00~\xe3\x03\x97\xe1\x1f|\xef\
\xfb\xe1\xe7\x7f\xf3\x22l[\x88\xda\x86\xb8p|\xe2\x9f\
L\x9c\x91\xc6\x95\xf0c\xf3\xfb\x08'\x86%@\x81\x03\
\xd8\xf4\xfb\x9a\xc5\xf5\xfc\x84\xaa\x956\xd0\xec\x0cb\xbf\
I\xf7N\xbe\xfc\x94\xe8\x8a\xcf\x13K\x22\xc4\xd7\x9c\xda\
\x970\xce=\xe2\x13\xe2\xa3\xd7KZn\x86\xcc\x9d\xa8\
W\x8d\x938X\xc2)\x11+\xa6d<\x221`=\
\xf3\x0e\xa3\xf0\x11\x12\x09\x08D\x98\xf4\x94\xef\x82e\x00\
(\x22%\xa9\xf0\x1a7\xf1~u\x0d\x1c\xdd\xf8|\xb8\
\xf1\xfc\x0b`wr\x09v\x8f\xdd\x05\x8f}\xf0\x1dp\
\xe9\x9ew\xc3\xea\x89\x07a\xbd\xbf\x82k\x87\x16\xf9\xf8\
.\xf5\xd9\xe2MP\xefIB\xe7\x0d\xeeD\xe2aR\
\x0eq\xed\x13\x89\x08!2\x1a9\xe1=\xe6\x12\x99\xe0\
\xc6'\xf1;\xa5\xd3\xc2|\x08\xfb&\xa98\x86\xe3k\
o\x83S\xb7\xbd\x10n\xb8\xe3\xa5p\xea\xdcm\xb0o\
\x11\x22\x1b\xd2'\xf1\x00\xe9\xfa\xb9k\xe4\xba\xd7B\x11\
\x9c\x82\xb3/\xfe2\xb8\xb8\xbf\x02W>\xfc\xdf\xc8j\
\x1eY~N\xa8\xe4\xe6\x11\x13\x08\xf1\xd6ku\xfd\xb7\
{\xee\x847\xfe\xc8)\xf8\x97_\xbc\x83\xdbN=\x8c\
\x5cu\x13\xebS2!['1\x0e\xc6\x19rg\x9e\
\xc3\x82\x99ar\xa2>\x82\xda\x8a\xe1Y{\xa3\xad\xb2\
\x12\x8f(Q#u\x19\xd9*\xac\xda\xce\xe6\x0aYb\
\xbb\xdb\xc2\xcdW\x1e\x85o\xfd\xa2=|\xd5\xdb\x8e\xe1\
\xe7\xfe\xe06\x85\x0f\x96\xbe\x8dbI\x087\x1e\xceE\
>'(\xd5tX\xae\x13\x89\xfb\xdf\x04\xa3\x9cLJ\
O\x9bH\xd7h\x8ewe\xcc\x9a!Q\x08&-\xb3\
\xf3\xd5?\xe7\xe9\xe7\xb6f1\xf2\xdea\x94\x8b!}\
\xa7bS\xcf\x1d\xb2\x15ig\x89\x96\x81\xedz\xd8\x0e\
\x00\xb3\xee8\x06\x81\xd6\xbf\x1d\xb6\x22<\x7f\xb2{\xeb\
\xfa\xc9\x12\x17%\x00\xe8l\xf8\x18\xe3\x99\xea\x891\xc6\
\xa7\x90\xbeoT\xb8\xa3C'\xcaw\x94\xcaz\xb1.\
\x8f\x88\xe7Q\x9b\xcc\xe9\x88h\xd8\xe3d\x16\xab9\xd2\
\x86\x0ey\xa7\xbb\xf4\x1c}My\xca=\x8f\xf4G\x92\
\x12B\xfe\x06\xd0\xa5.\x22\xe0(ZX\x94\xbf\x0b\x05\
\x18\x8d\x00\xa7\x8a\xbe\xd9!\xfb>\xd2\x94\x177\xa1B\
A\xdd\xd9V\xb0\xc1\x000\x7f\x98E\xc2Bq\xf8R\
\x8e\xff\xfe\xfb\x0f^\x86\x7f\xf4\xaf\xdf\x07\xff\xe1\x97\x9e\
\x80'/s\xb2\x1e\x06\xf1%\xe5\xcdk\xcb\xf0L\xf7\
D\x5c\xc8\x8ct\x9d\xfe\xde\x9f\x89L\xad;\x8e\xc9j\
\x22@\xa5\x04t\xd6i\x8bhY\xa49E\x84\x8er\
/\xa5v\xfc\xdaH\xbb\x94\xe4\x86\xferX\xa2\xb4\xce\
*\xbe\x09\xe3\xa7\xaa\x9a\x9a\xc48\x0a#\xf0\x9b\x81\xa8\
q\x8a\xfaN>R\x1e\xd0H\xd8b%F\x09\xc5\xc2\
\xe6\x14\xac\xaf\xff8\xb8\xe1\xfa\x8f\x83\xdd'\x5c\x86\xfd\
\xa5\x87\xe1\xe4\x81\xdf\x87\xc7\xef\xf9]\xd8?\xf2a8\
y\xf4\x01Xm\x9fD\x8byDC\x1c#\x1fQ\x15\
\x06\x06\x13\xb5\x0d\xa3od\x02x,\xee\xfc2\xe9\x8d\
\x92 f\x80)* >\xc7\xa1}\x05M!F:\
\x05\xc7g/\xc0\xb5\xb7>\x1f67=\x076go\
\x87Sgo\x85\xfd~C\x1a/\x89\xc2\xe7\x83\xec\xe0\
\x99\xe3=\x80\x84a\xcb\x14\xd9\x8c\x02O\xc1\x99\x17\x7f\
\x05\xaa\xca.\xdf\xf3\x0b\xb0F\x14\xea:\x17\x97\xcdv\
\xc5~\x07\xef\xb8\xf7vx\xe3\x8f\xec\xe1\xfb\xbet\x03\
\xb7o\xee\xc7\x18\x15\xcd\xd8\x97H\x186.\xc4w\xbd\
\xe1\xaa!A!\x9ah>V\x8b`\xafDc\x0d\xa7\
A\xf7\x0c\xc5H\x10\x9b\x05\x9ai\xa4\x82\xe0<<\x06\
\xdf\xfce\x1f\x81\xaf\xfdW;\xf8\x85\x0f\xde\x81\xdbg\
\xb3\x13;\x03o\xe2i\x01\xd2\x14\x81\xba\xc6\xfcY\xb2\
}\xedff\xf4\xbbTU\xd1\xd8\x0f\xc53\xab\x047\
\x86\xef~\x94\xf8\x9d\xa9\xfe\x89T\x9a\xb5N\xdc\xe6\x1c\
\x8e\xb5`\xd2\x87\xb6\x97l\x00\xdc\x04\xf0\xa2P\x8a^\
\x09:1\xeet\xf5\xddw`\xae\xccu\x90\xf6\xceR\
_>q\x8d\xeam\x14<@\x9cj\x9b\xa8`\x01\x13\
\x91\x83\x88R\x00\xe9\xdd\xf2q\x0d\xfb4\x80\x0f\x86\x98\
\x99\xbbC\xdd\x1d\xa9\x14,\xa3\x9d\x1d\x8av]\xc3,\
{\xd7\x1fg\xac\xe33\x16\xcaX\xe4\xf0X^\x02\x06\
\xfc\x9c\x15n\xb5Y\xc1\x87\x1f\xb9z\xb5\xc9a\x05\xb3\
\xab3\xc0_\xc1}\x8f\xef\xe1\x7f\x7f\xdb\xef\xc2\xbf\xfe\
\xe9\x87\xe0\xd1\xcbg\x90KSq9E\x87O\xe2;\
O\x040\x00\xebt|\x9es\xe8{\x80+\xad8\xcc\
\xcd\xf3\x88\xd0`\x22I8\x1f!\x1cpN\xf3AL\
\x08\x1c\xdb\x10{\x12\xb1\x0b\xc1\x8b\x82\xb8\x85\xd8\xf4M\
\x8a\xae\xb3!i\xce\x1d\xe0\xfa+\xed\x13\x0a\xe1\xdc\x01\
*\xfa\x16\xef\x00\x93>8K\x00\x0d\xa4\xa0\xc4\x8fH\
+R\x7fM\x02e\x84\x8eD\xc2\x13\x02\x82\xee7R\
\xee2!^\xdc\xc3\xa7\x00N\xdd\x0c\x9b\xdbo\x81\xeb\
\xee|\x05\x1c\xed\xb6pr\xf28\xec\x9e\xbc\x0fv\x0f\
|\x08\xf6O~\x18.?r/l\x1f\xbf\x1fv\x97\
\x1e\x01\xd8]$\xaeK$\x03\x08\xb2\x9a\xa1\x9e\x10G\
\x82\xfdE\xf6A\xd9\x05QG\x8f@u\x07p\xeaZ\
X\x9f\xbe\x01N\x9f\xbb\x00\xc77\xde\x01\xab37\xc3\
\xe6\xdc\x9dp\xfa\xec-\xb0\xdf\x9c\xa18\x85h\xf3\xb2\
\x86+;\x8a\xf9\x8f\xbe#\x18w\x81\xa4e\x82\xaa\xc8\
H\xd0T\x80\xe4\xbax\x04\xc7\xd0TQ\xa7\xe1\xd4\xcb\
\xde\x00\xf0K\x97\xe0\xf2}\xbf\x02\xeb\x96a\x10\x97\x96\
8T\xe1\x91\xc3\x1e\xdb\x1f\x03\xac/\xc3;\xef\xbf\x0d\
\xde\xf8#+\xf8\xbe&\x09\xd8<\x0c\x9bmK\xa1L\
\xdc\xa1\xa8\xe0\x0c\x19\xf3\xf5\xb4\xb7QJ\xc1\xbf\xc9V\
\xc9\x8c>U\xdd\xe3\xdb\xd7\xc0i\xb4C4\xb9\x11\xe7\
Uh\x08\x9f\x04K,9Bo\x01\x80\xa7\xef\x1f\x82\
\xef\xf8\x92\x1d\xfc\xe9\x1f>\x82_\xf8\xd0m\xd8\x7f\x8a\
h\xe8\xf7\xb3%~\xf3{S\xa5\x1a\x0b\xc5\xe5i\xe3\
\xe9;5|\xb5\xbaG\xf0\xd7#\xfb\xd5\x1c\xe2\x97\xbe\
\x0ep`\x94\xcc\xcd\xab\xae\xaa\xf6\x0d\x16\xb9\xe7d\xae\
$\xbfE\xb0=\x98\xc2\xb9}]\xc31\xb2\xb7\x19e\
\x03\x94\x8b\xe87c\x95\xe1K\xe1Z\x0d\xbc\x96,\xe2\
\xa8#\xc2iX1\xdfV\x15\x95,$\xea\xb0\x9e~\
\x0eB\x1f\x942\x0eA\x13\xd2B\xb2\xdf\xb0\x17\xb7\xc4\
\xbf\xf3\xfd\xa8(X\xe4\xf4C\x15D3\x87\xf4\x98\x1d\
\xa1\x22\x5c\xa5b3\x03\xba\xc1\xc2\xdb\xd5Q|\xef\xc7\
\x12\xfbA\xd2\x86M2B$\xf5\xc1f\xbd\x82\xdf\xfe\
\xd0\x15\x0d\xf8\xbdt\xcd\xaf\xa6 \xbc\xdc\x03<xe\
\x0f\xdf\xf6\xe3\xef\x83\xef\xfd\x89{\xe0#\x8f]\x83\x06\
~\x08\x88\x1aP\xc5\xd5;\xd1\xc48\xc6\xe9X\xa0\x12\
\xd3\xed{\x8b\xdd~^\xca\xcdbP*\xdc\x15\x8e\x89\
\x807\xd5+\x89\x81\x04\xa0\x0a\xa7\xed\x01\x1c\xcd\x97\x8b\
I\xa1\x99\xeaR\x9c\x09\xa5\xe7\xc4\x18S\x12\xdcd\xe9\
\x90\x1f\x83\x9c+\x91J\x18gHw]l\x0f\x0a5\
\x18$db\xece\xfd\x91\x10\xc2\xed\x1c\xc6\xa0.\x81\
\x88\x16\xebg\xb1*\xf7A^\xc2d6}7\x85.\
F\x8eZPi\x1b\xdf\xb6\xadbK.s=\xac\xce\
\x9e\x83\xe3\xeb>\x06\xdf\xb8\xa6\xc5\xffo\xee\xa9\xcd\x87\
\xfe\xcae8y\xf2Q\x80K\x8f\xc1\xfe\xe4I\xd8m\
\x9f\x84}sS\xc39\xe2\xd8\xfd\xfb5l6\xcd\x00\
\xf4\x08s\xd4\xaf\x8eO\xc3\xea\xe8\x0c\xac\x8eN\xc1\xd1\
5\xd7cb\x9fv}\xbd9\xd5B\x0d\x91\xdf\xbb\xe4\
\x1cq\xa1\xa0\xdb_\x0cY\xcc\x1cw\xcb\x91\xc0\xf8[\
\xe7\x97N\x87\x97\x98\xb4\x1dp\x05UiM\xfd\xb8\xd9\
]\x0bg>\xe5\xab\xe1\xca/\x01\xec\xee\x7f\xbb\x03\xdc\
dx\xd7!\xa7\x16\x16y\x7f\x1a\x00\xae\xc0\xaf\xdf{\
\x1b|\xc5\x0f\xef\xe0\x07\xbed\x03\xb7m\x1e\x80\xa3\x13\
1\x12&\xc2-\x9fv]CQ\x8b\xfa\xbd\x9e\x9e\xc3\
\x15-\xce-\xca\xdbt]\xd9^!\xe4\xdf\x88\xcc\x14\
\xa9\xe3vp\xf3\xfaQ\xf8\xe7_\x06\xf0\xf5o\xdb\xc1\
\xcf\xfd\xc1M\xea\x1aH\xaa#\x97h\xcaG\x9a\x15\x06\
s\xc6B\xde\x17\x0b)\xddi\x0a\xc2\xbe\x14\xc9\xd8\x14\
\xd7[\x11\xb2\xbe,\x83k\xf1\x5c\xeb\xd5\x03\xe0\xa1 \
\xfd\x8a\x81\xc6Q$[\xbc\x88\xd2F\x0c\xb9\xd8\xed\xa4\
1\xcdD.Z\xdd\xfa\x827\xab\x80\xab\xad=\xba;\
\xf0o\xc986\x17\xe5H\x1e\x93\xc4?\xf2\xacD\xc2\
\x1eS[\xebN'\xad\xf5z=\xa9\xcf8\xa6\xcd\xb2\
\xf8\x1b\xc3\x9b\xd2o\xaa\xab\x1f\xb0Q\xa4\xd16P\x17\
Q\xa3\xeb9\xc0&\xdc\xb4\x9f\xe0\x01\xf2\x94\xeb\xd86\
\x8f{\x149\xca\x08\x00\xd2\xcb6]\xb7 =\x8a\xfd\
oZ\xbb'\xaf\x00|\xcc\x9b\xbe\x15\xf6G\xd79\xb9\
\xd0\xd6\xc6\x83\x9cA\x0a\x06\xd2\xfa\xafaJ\xc5\x8e\x80\
\xde1bK\xf2\xb7\x8bN\x99\xe6\x81\xc4\x9d<\x96\x96\
\xcc\xa5U\x85.P{\xb8\xf3\xccC\xf0\x7f\xfe\xddg\
\xc0\x19\x94\x18\x93\x94D\xac\xc0\x0f/\xb2\xa5\x0d3\xa3\
\xc8|\xbf\x87\x8b\xfb\x15\xfc\xf0\xcf\xde\x0d\xff\xdb\x0f\xbd\
\x0f>\xf0@\xe3\x8e\x1a'\xd9N\x04\x8b\xa45\x1e~\
^\x03_\xb7]#\xebxCRR2g\xde\x13l\
VwP\x0dhd\xc4\x16f\xb6\xed=\xda\x9b\xa2\xeb\
Wb \x13c<\xe1y\x07Q.\xf8B\xfa\xa3\xc3\
\xe13\x12$\x00\x11\xd0e\x95\x82F\x07D\x1f\xf3>\
R\x1b\xb9\x8f\xc9/\x01\xb0\xed\x1b\xa5\xba\xf5\xb1\x07\xec\
\xec\xb4\xf7\xc8HM\x81\x8d\xec\xd5\xd0\x86\xb9\xdej\xd4\
9\x96p\xf81Z0b\xe9\xb3\xcf\x0cb\xaa\x0e\x22\
\xe8\xfc\xf9\xe7h\xe7>\xa0U\xb3\x05Axa\x09z\
\xbd\xe8\x99\xe42\x13H\xa6\xe0\x8e$\x02cN\x86\xd3\
\xbd\x8b\xd5:\xfb\x92v\xc60\xf6\xfeEx\xe4\x17\xbf\
\x1d\xf6\xf7\xbd\x03%\x0a\x98;\xc1q\xe1\xbeM\x0d\x86\
\xddt\xff\x9b=\xbc\xf0\xa6\xfb\xe0{\xbf\xe8^x\xe6\
\xe6>X\x9d\xb4\x0c\x95M*&g\x99\xecI\xcc\x96\
\x81}\xbe9t\xb8D~\x94\xf9'c\x7fjSR\
\x19\xd1\xcf\xe6\xd1\xe4\xd4K\xbc'\x94p\x95D2\x8d\
vb\xb2\x12\x09!u5\xa5\xbd\x7f\xff\xea\x1c|\xdd\
\xbf\xbd\x19~\xf2\xf7o\x87\x0d\xaa\xa2\x84\xd0e\xd7T\
\xaf\xfe\xc4\x1e\x08CCA\x90\xae\x86\x99\xa8TS:\
\xe2\x05\xaa\xe9<\xff\xb1\x18\xba5{\xb3&\xdf\xe8\xfb\
(~\xf9$\xd9\xe2\xf9\xe62\x22\x10\xc2\xba\xf3\xdei\
\xb7\x0c\x1e\xc7~\x09Lv\xca\xbd\xd8\xdb\xa1\xda\x82\xa4\
d1\xeeF\xb2+\x12\xf9 \x05zI\xa9\xb7\x8b\x0e\
\x97\xc0\xd2\x89\x9a1\xd1\x8f;l\xf3\xfa\x1d1\x1a\x81\
\xabS\x1f\xf0@5\xf9Kv\xa9\xf3\xc4\x88\x93l\xe0\
;h\x8d\xec8\x9c\xc4\x1d.\xdf\x98~\x91Y\xe4(\
wpa[\xc0\x0c\x0ahBA|\xa6S\x0bga\
\x10\xe9\x1c\x85\x04N\xc9\x5cV=af}\x915 \
\x8e&Z\xdbG\xa3G\x9a\xc7\x81\xae\x90'\xee\x9eG\
\x8e\xe1\xd7\xefj\x01u\x04\xb8O\x81\xd4\xa9\xc2\xb9\xde\
\xdd\xaf\xa6'n\xc9g\xfe\xf3\xbb\x1f\x87\xd7}\xe3\xdb\
\xe1\xaf\xfd\xf3\x0f\xc0\x07\x1f8\x83\x81|,\xa2\x18\xff\
\x0d\x88\xd0\x0e\x9e\xf0\xbe\x82\xac\x15i7\xc0\xab\xc8\x22\
\x06\xeb\xd1:\xfc:7(\xc7\x11\xfe\xf6M\x8c\xed\xf4\
\xa8\x1a&\x9bO,\xfeq4\xa5\x04\xd0\xea\xc0\x92'\
\x04\x14t3\x09t\xa0\xcer$Yr\x03\xb0\xbd\xdc\
\xb2\xb6\xa1\xf8\xd9OZ[7\x02\xde\x88\xa8\x04aq\
\xec|J8$\xc9\x8a\xe4\x1a\xf7V\x13\x17\x11r]\
\x0f\xa2\x0a\xfah\x99\x16\xb8$\xd9<\xf0\x19\xa4\x83\x19\
\xf3E\xd8\xa7\xd9M\xa4\xf1\xe2\xbf\x16\xc2w\x85y\x80\
\xe8C\x84H\x13\x81+\x83\xe2\xe1\x1e\x1b\xf1a(,\
\xf7W>\x12>I?\xacr\x10\x92ez\xcf\x18\xb2\
\xb0_[\xd8\xef\xce\xc0\xb9W|5\xacn\xfed\xb8\
\xd2$\x13\xba\xea\xb6n\xdd\xfa\xb6\x91mW\xf0\x9b\x1f\
y\x1a\xbc\xfeG\x9e\x06\xef;\xb9\x05\xd5\x0b$\x06\x96\
\xdc\x1d\x84\xa8\xe9D\x10\x8c\xc2\x15\xe5>m\xc4HQ\
NZ\xda{2\x1f8O\xcd\xeb`&\x02+\x05\x0a\
c`\x83\xac)\xdb\xd64\xb8\xb4\xdb\xc1-\xbb\xc7\xe0\
\x9b\xff\xe4G\xe0\xb5\xcf\xfd\x00\xecv'\xda\xca\x1a\xd3\
2SZh\xedC\x22F\x85\xd9\xd1\xbf\xb0\xbc\xa8j\
t \xf2\xae\xf6\xe5\x82Z!\x12f\xd3=\x8a\xd2\xdc\
\xdc\xbf\xc8\x88\xc4k\xb14\xe2U\xd6\xa4/\xccb\xe1\
\xbdz\x9d\x16\x95\x9c\xc5T\xd3h;c\x902<\x8b\
C\x88\xfd\xe6\x10\x91\xbbx\xf9\x8bOi%\xa7q\x96\
\xc4ET?Z,\xdf0q\x1c\xb3\xe3r\xa2\xfb\xae\
ov\xc1\xc4\xc4A\x9c\xcf\xc0\xc2q\xb2j\x1c\xc3s\
b:\xf3\xe9\x8dT\x8a\xa6R?E\xacf\x8c@E\
P\xb91H\xc5\x9c\x0287\x81\xa0\xb3\xc53\xf7\x16\
\xa5\x8e\x02\xa69\xf0\xe2\xbc\x0a\xf04\xdfe\x8a\xe0\x96\
\xd7\xbf=\xd9\x5c\x96\x9a\x91\xcf\xf6\xe8\x14|\xcbO\xdc\
\x0f\xdb\xdd\x0eS\x83H\xda\xd7C\x8bh\xd4[\x06\xb2\
\xd6\xbf\xe6&\xf7\x9b\x1f>\x81?\xf3\x8f\xdf\x05o\xfd\
\xbb\xef\x81_\x7f_{\xe6\x18\xaehg\x9a\x95\x7f\x1f\
3B\xbfs\xbe{\x03\x06\xf6!\xd0\xb8\xd1O\x05,\
:\x82A\xae\xaf7\xb0Z\xaf\xc9\xd0\x8b\xd9\x9f\xb8~\
}\xe4\xbf\x5cw\x9e\xef\xac\xea\xf2\xd7G\x07\x1a\xe3\xe4\
\xcf\x18\x0c\x92DB\xc6\xea\xfbAD1ei\xa3\x90\
\xc5mL(UA\xe2\x86\xc9u\xdc?\x16\xbaX\x10\
0~\xc79\xd8\xe8_D8\xed=\x9c\x97\xe9\xf9\xec\
\xa5\x03\xe6\xf1\x82Vf;Jk\xbd\x9a\x01\xa0\x04Q\
\x18Y\xb5\xbd\x80\x12|r\x9dB7U=6\xdc\x96\
?\xfaE\x9d\x15\xe7\x18\xa1\x9f\xc1\x880D\x97\xc8H\
\xe7\xdd\xd7\x82\x1di\x1e\x11\xc4/\xae\xf6g\xe1\xfaW\
~5\x9c\xbe\xe5S\x90\xdbj\xd2U\x14X$F\x8a\
|\xf3\xf9Z\xe36w{x\xd7}7\xc3\x9b\x7f\xe4\
i\xf0\x81+7\xc3\xf6\xa8\x9dC\x92p\x88\xf4\x07\xcf\
&\xc7%Ax\xee\xfa\xdc\xae\x89\xf4\xd6<\x7fr\x92\
#\x22q\xa4\xdd6\xa7\xe8\xdd\xc8\xfb\x1b\xa5\x91,Y\
\xc0H\xc0\x82\x1c\x1d\x85KJ\x8d-\xdcr\xe5Q\xf8\
\xa6\xd7\xde\x0f_\xf0\xdc\x166\x18\xa3&\xc0\xb6\xed\x91\
\xdd\xa9~\xaf\x12\xc6\x0f3\x7fH\xa9\x183\xabn\x19\
\x82\x9c\xba\xb7\xee\x884\xffl\xeem]O\x05\x0fF\
\x0c\xa5\x84\xdd\x96P\xc3\x02\x0b<S-\xd2\x98\xdc\xff\
%R\x0e\x0f\xfb\xad\xd7\xf6\xde\x9a\x12qx\xfaW\xdf\
\x0e\x8dT\x08\x9bn\x90\xe8\x10u\xc7\x08\xac\x0c\xd33\
J\xd50\xb4d\xc0\xd6w\xde&\xdab\xed\x8f(B\
\xa3\xd5\x05H\xd5\x5c\xbf\x1bm\x82\x02\xbe.\x0eH\x94\
(\xfd\x5c\xc7<\x15\xd9O\xb2\x00\x95\xc6M\xe0\xc2\xb6\
\xc8zl\xc0\x97\xab\xcbs\xa1(\x0d#O\xb5\xf7\xc5\
8\xa7'\x02<\xa2\xa96\xd9\xb8\xeb\x95Z%\xf5\x0b\
\x87\xc5\xf1\xd4\x01\xe0\xa7~}\x05?\xf9\x9b\x17I\x1c\
\xb6\x808\xab\x8aP\xb3\x0d@\xbc\xf7\x81+\xf0\x97\xfe\
\xf7\xdf\x81/\xfc\xeb\xbf\x0e?\xfd\xf6\xcbpq\xbd\x86\
\x13DJ+\xcc\x9fN\xc0B\xe2\xeaO\xac\x81 6\
\xe5\xd07\x84\xa4<\xf5-1\xe5\xe5\x15'\xd2\x17\xae\
\xbf}\x0c\x00\xc8L\xb7\xb6\x9b\x9e\xbaYu\x0b\x12u\
\x5cq>\x1b]\xbc\x7f\xd7\xcd)\xc9\xcf\xc4\xf8\x96r\
2\xa2\xde\x89\xe1{\x99\x18R\xe4.\x95\xd2\xe6P\xa2\
FS\x18\xf3\x99`\xf5\x86\x11\xc3$\x0di\xc4\x03\xc5\
B0\x82 J\x18,l<\xd5C\xe2`d\x10\x5c\
t\xc1\xea\x1cT\xe3\xa1\xa31\xf2\xcf.\xce\x1d#\x18\
cP\xc6\xb99\xaa\xd2#\xf8)\x04P\xbc\xcf\xc4\x8a\
e\xdc;\x0d\xd7\xbe\xf2-pt\xcb\xab)\xaa\x1c\xae\
\x0d\xbb\x1a;wc9\xbf\x08)Q\xc2\xb2\x85w}\
\xe4\x02|\xe5\x8f\xde\x0c\x7fp\xf9V\xd8n\xda\x5c7\
lAD\xa9\x10\x03\x0a7\x99\x10\x10\x82\x18\x09\x84\x09\
bE\xe7j\xa6\xd0\xdaIBpb\xf3\x88B\xe0\x10\
\xd4H\x98\x01\x5c\xbf}\x12\xfe\xc9\x9f\xbc\x1f>\xebY\
\xf7\xa2\xd1\xe2\xa6\xa5=f\x9c\xd0\x05\xa9I\xed*\xcc\
;DloI\x1eJxZIEG#\xdc;b\
\xb3\xcdc\x93Z\x91\xe4\x8a\xa5-\x1c\x0c\xca\xf2\x01h\
\xcf\xc3WC\xb6\xfe\xcc\xf5Dc\x5c\x0b\xdf\xd7$\xe1\
\xe5\xfd+S#R\x82C$\x1b4\x8c\xd8^\x88u\
\xf2\xb4\xe7\xbfa/\xe2\xd1V\x9cv\x89\x1f\xb2u\x11\
\x9d\xbe\x0d\x9e\xf3\x88KJL\xa9\x85#\xd8\x91%\xb0\
\x10\x031\x06\xb9OM;]\xcc\xd5-P\xf9\xb2\xf1\
\xd5\xa5'M\x9c\xf42\x89&iS\xf2!\xa9B\xd2\
\xa6\x0d\x9b\xeb\xf3\xfd\xaa\x0b\x1f\x12-|p\xf1\xb04\
\xd4\xe9\xdd)\xa3n\x0e\xado1\x0b\x1b\xd5~\xf1\xd2\
\x1e>\xe6M\xdf\x0c\xfbS\xd7[\x94\xabB\xda\xe1\xfb\
#b)#\xbe\x92~\x96\x01\xaa\xce&nn7G\
\x0c\x94\x1a\x08k^\x01\xc8\x01\xb0\xa8\xb0q\xff7\x9e\
\xb9\x0f\xde\xf6W?\x06\x9e}\xcb1\xb9\xeb\xe1\xab\xd2\
c\xd9\xfc,]a>\x9c\xfc\x94\xc9\xb2\xba\x95{\x1e\
\xdd\xc1?\xfa\xc1\xf7\xc1\xdb\xfe\xcb\xfd\xf0\xc4\x09\x05\xf1\
Q)!\x1b\xc8Xxj\xb2t\xb7\xc3e\x91$\xe9\
\xbed\xaccW\x87\x81\xde\x8d\xc4\xa8n\xde\x0a\xa2\xc2\
\x00\xbe\xb9M\xe4\xc0:F8D\x04T\x8at\xbd]\
\xc6\xa8$\x11\xadre\xde\xf2)\x14\x01zv\xe2\xfc\
\xd8t\xfd\xd9\xdf\x9b\xa2\xcaY\x9e\x0c\xf2#\xdf\x07=\
\xa1\x11\xbd\xc4\x0cP\x1d\xa6\xa6!\xa9\xbfH\xcb8\xad\
\x92D\xd0\xdc\x9f\x98\xd4\xca\xc1\x0d9\x93XKaS\
0Et\x22\x11\xe68E\x11Y\x12@d\xe17K\
=\xe4\xba\xadu\x8a\xcd\xa1\xf3\xc1\x86\xbfz>=T\
\x915\xf4\xdcA\x0e\x22&\xde\x14T\xb2srH\x89\
\x86\xfdm}#B\xb1\x19*\x1e\xad.\xc3C\xbf\xfc\
/\xe0\xe4\xc3\xbf\x04G\xed,aL$\x99\x8b\x02\xce\
4\xc9F\xdb\xb7\xcd&\xe0\xc6\x87\xe0{\xbe\xe4C\xf0\
\xacS\xf7a\x8c\x01\xd4\xf5s\x1e\x0fR\xbaJ\x80\xb6\
V\x87x\xe4\xa7P\xed\xcd\xae!\xd8\xe1\x1b\x5c\x16;\
\x94\xd1Y U\x17\xcf\xd1\xdaT\x10d\x05+\xd2_\
\xca_q7\xdc\x08_\xf8=w\xc0{\x1f\xb9\x0e6\
\xcd\xa4\xd2\xbfK\x15\xbby2;\x00i\xb3\x82\xbb\xd5\
\xef\x0c\x03G\x8c\x9b\x8f\xdb/:}C\xb4+W\xe7\
\xb4H\xdf\xe0\x8f\x87/>\x92\xa9^Moz\x9b9\
{_\x88[\xdfo1\xaf\xb1L6R\xdf\x12D)\
p\xcb\x9d\x07T\x8d\x151\x02\xdc<\xb9\xbb;=<\
\xab\xc0\x0d\x87Yp\x8d\x11'\x8e\x9cU\x02\xfd$F\
\xb7A\xf4\x14\xf8\xd5G~r\x9d\xa1z\xbc\xc1\xdb\x00\
Y\x0b\x82\xc5{2\xe1B\x1d\x8a\xaa!\xa9\x1c\xa6D\
}\xf3\xfd\xb2\xbfHL\xb5\x08i\xe2\x8850:s\
\x8d\xa9\x0b\x18\xed\x19\xe9/\xc9\xde\xc6\x14\xad\x03\xf4e\
\x11w&\xb6\x5cW\x1cS\x84\x1d\xc5\x22\x94\xa6\xac5\
\x01\xf7\x07\x9e\xbc\x01\xde\xf8\x0f\xdf\x0b\xbf\xf5\xa1\xcb\x1c\
:U\xea\x96\xf7\x08\xd1\x0b\x0f$\x9e\xaa\xed\xea#\x97\
\x01\xfe\xfe\xdb\xde\x0f\x9f\xf1\x0do\x87\xef\xfe\xa9G\xe1\
\xc9\x93k\x94HD\xb1.\xae%s\x97\x0e\xe1\xfb\xbd\
T\xce\x1d[\xcb\x13S\xc0\x81{\xd6|\x8d'\xd2\x13\
\xb9RG\x10\xf9+\xb2&\x1d8\xfeV\xf5\x82\xe7Z\
\x05\xb0\x9b=\xc7$\xf2\x9f*\xe53\xb8Y\xbaz\x95\
0r\xaf\xd56\x1b4\x07\x0d\x18\xa3\x0d\x83#\xc8h\
_y?}N\xee\xae\xe3\xeb\xed\x03d\x1d\x9a\x84\xa5\
E\x0b4\x02\xc4e=d;\x8bu\x93\x8c8\xae\x8c\
\x90n\x94<\x98D\x81\xfe\xa2\x08[on\x22\xb2p\
\xc0\x1e\xf7\x86\x12\xecF\xc0\xf8\xb9\x161\xb7\x13B\xc6\
5G\xb7:\x1a\x9b\x8f\xaeis=\x964\x85\xb5(\
\x9f\xe0{\xb2\x8dx\xf7\xb7r\xb4\xdb\xc1\x15\xb8\x06\xae\
\xfb\x94\xaf\x86\xa3[_\x0eW6\xcer\x9f\xed|r\
\x1b\x8c-a\xb3\x05\xf8\xad\x07\xae\x83\xaf\xfc\xe1\x9b\xe1\
C\xdb\xe6\xb6\xb8B\xdf{\xd2\xa9r\xf2\x01\xa6W\xd5\
]\xcf\x11v\xbe_\xb2\x83P\xf8\xdf\x0c\xbe\x91\xdb\xa5\
DM\x0dQx\x03B\xd7\x09\x9d[Z\x07\xf6\xe4p\
\xc4-\x05\x97\xa2\xf4\xcb\xb7\xc0C\xf0\xff\xfe\x82\x87\xa1\
\xa55\xf2\x8c\x05\x0f0\xe0\x02\x5c\x8fA\xac\xfb\x8a\xd3\
\x1d\xc1x\x7f\x8e\xbby\x1c\xad\xd3\x84\xedCU\xaa\xfb\
\x99c\xe7\xab\xe9\xd3K\xcfI\xd2\xc3\x09\xa2X\xbae\
i\xbf\xed=\xabo\xaa8\x09A\x0a\xaaGt\xf7\xae\
\x93\xd2\xfb\xcf:O8\xc5/3\x11\x9aw\xb5\x12\x8b\
\xf1j\x90\xda\x91\xaesm\x83\xf8\x03\x1c3\xa3\xcd\x17\
1\xc7\x91w#\x05\xe5'\xb6\x9a\xacv\x1dc\x9b\xe9\
\xc4\x10`\xc3\xc3\x8e\xd9\xfd\x06\xd2\x82\x92;\x5cZ\xbc\
\x18X v\xeb\x83\x84\x05\xae\x0b1\xe7FN\xc9\x90\
D\xe2&']g\x9c){\xaf\xdfV\x9d__3\
w\xc5r\xcb\xb7W8\xff\x07\x7f<\xc7e\xc4\x91\xac\
y\xfb\xffh\xbf\x81\x0f^\xbc\x00\xaf\xfd;\xef\x81o\
\xfa\xc9\x0f\xc2\xc5\xcb\xa4;\xa4M\xad\x81=5\x1f{\
;$\x8fn\xf7\xf0\x7f\xfc\xa7\x07\xe13\xbf\xe1\xed\xf0\
O\x7f\xe8Ax\xe4\xe2\x19\xac\x13\x91\x94\x8a\xf2X\x07\
\xed\x92\xbcf\xd1\xbf \x15OH\x8aBh4\xafH\
\x0c8\xe3=\x14u\xb3\xe8:\xe8t\xb1\xf2v\xbd!\
:\xd2y\x93\xfac\x13>b\x92Y\x11\x10\xfe3\xb9\
;Rp\x9f|/\xae\x98C\xb8,\xa2\x8c\x80EL\
\xd8\x9a\xb1\xa9\x17\xd9sP\x11G\x10\xb5OC\xe2x\
\xce\xf9\xaf\x17\xd9{d\x98?H\xfe\xa1mD\x9b\xbf\
\x96p\x89\xc7\xa9v\x04\xa8\x91&[\x89\xf5\x91[;\
?G6W\x84\xf8\x05\xf1\x097j\x08\xdc\xcfE\xfe\
\x8e\xbf\x1b\xe7\x95t\xcb\x81\xdb\xc7\xb5$[\x059\x7f\
r6t\xec\xfa=\xb6A\xf3\x87f\xbb\x8e\x11b.\
S\x09\x1f\x8b\xf3\x10\x82s#\x11c\x84\x0a\xdaZ\xaf\
6H\x04\xec\xe1Z8\xfb\xaa?\x0b\xa7n~\x19l\
1\xa1\x8es\xb9\xea\x8c\x17\x1b!\xc8*\xd5\xfd)\xf8\
\x8d\x07o\x837\xfc\xc8-\xf0\xe1\xfd\x05\xd8\xaf\x8f1\
h\x12+\xff\x95@\x97\xf6Ph\x8faz\xcd0\xd6\
\xe0\xb3\x00\x15\xb6\xa9H\xc8P\x15\xb6\xe2&\xc9\x92\x04\
\x22\x9aLUD\xd7<\xc5\xd3\xea:A\x8f\x87\xcf\xb9\
\xf9#\xf0\xf9\xcfy\x98a\x80\xcdMm{\x11\x19\xc4\
\x9e\xe8\xb5\xef\xd2\xdf\xb9\x12\x19N\xbfol\x9cM\xf2\
\xb0\xe6kf'5.#\x22\xff0\xbc\x10^\xd6\xfe\
\xcc\x19\x1bZ\xc9\x04\x0b\xa7\xd4vn\x90\xe3\xe6\x06\xc4\
\xd3-\x1f\xffF\xd9\xd3ei4\x02\x11\x05\xedi\x02\
\xee\x16\xbeW\x03o\xf2Fu\xe1+S\x83\x95(\xe2\
\xea\x8aX\xb5G\x1fXs%4\xb7C\x11\x83P\x87\
\xe4\xb6aH\x14\x8auDj/J\xcaD\x82\xeaZ\
\x87E\x92\x1dE1N;\x1c\xb6aL\x0ab\xc6\x1f\
4\x8e\xa6\x9ah\xd7.^:\x81g\xbd\xe9[aw\
|\x1d\x83\xc7\xb6\x1a\xec\x0e'\xe2=\xd7\x7fR\x11l\
\x9d\x1a@8\xf3\xbcq\xbc\xe0R\x22\xaf\xd1GB\x03\
#\xf2`#=\xdc\xa4\xbb\x1d}\x1a\xe0\xe0\xb0\xc0\x8f\
\xdf\xf7\x01x\xde3\xb6\xf0\xa6\xcf\xb8\x1d^\xfb\xb2;\
\xe0\x8e\x9bN\xc1\xa9\x96\x0b\x05\xf6\xf0\xc4\x95\x15|\xf0\
\xfe\x8b\xf0\xf3\xbf\xf1\x10|\xf7\x7f\xb8\x07\xde\xf3\xe1\xd6\
\xd7\xa660_}\x8c\x13\x978//\x86\x13\x04g\
\x1b\x5c\xec\xed\x8dH \xe4N\x5c\x1d\xcf\xbc\x8eS\xde\
\x8f\xf6\x0e\x1cp\x87\x1a\xd0(x\xca\xd1\xfau\x96\xe0\
\xb2\xabq,\xea\x11`\x88\xa2\xee]\xe9\xf6\x97\x01\x9e\
w\xcb\xc2=\x8e\x04\x9f\xbd/a\xa5\xcb\xf6\xd8\xd7\xbe\
!yN\x06\xcc{K\xe6\x80f\xc7\x88\x08'\x8db\
1\xb0\xb8\x03J\x00\x97\xb6\xf6Am\x22\x06{\xac^\
@?Q\xcfq\xa8A_\xf4w7\xe2\x9cb\xc7S\
\xa3\x82\x80x\x7f*\xb0\xae\x81Xc \xca\xb3)\x06\
\xb0\x1eq\xe2\x052`\xc4\xbd\xec\x83\xe6\xa0\xd4\x83\xdd\
\xfb\x14?\xf09\xe1\xfd\xe0{a\xa1\xc3\xd7C\x1ds\
\xe4\xb4y\x1d\x94\x1ai\x84#K\x96X\x1d\x06\xeb\xc7\
\xe1\x91\xff\xfa-\xb0\xff\xc8\xaf\x86\xbdd\xef\xdaHZ\
\xd6=\xe2\xde\x1b?}\x04/\xbe\xe5C\xf0\xbd\xaf{\
\x08n;\xbe\x07V'D\xc1\xfb\xf9\xf5\xeed\x08W\
v\x8dhe\x95=x\xd8G\xc8\xa3\xa9j<\xe1D\
D\x92\xed1\x0a\x08\xe79k6\xe2\xc5{\xc4\xdc\x91\
\x8b\xabDYl\xd9\x02W\xf0KO\xdc\x0a_\xf2\x1d\
O\x87+\xab\xd3Iu&\xd9\x16\xe5\x8cmKbo\
\xc4\x91{\x88\xea\xd7\xa3\x7fBk\xb3o\x8cl\x117\
0^\xd8z\xfb\xaf\x22\xe8\x95\xef\x93\x11\x91\xd6F#\
\xf7\xe2\x1e\x88\xea\x08\x81\xed:w\x0ak\xf9\xcc$\x18\
\xdeJ\xad\x8a\x08b-7\xe6\xb6\xb0\xac\xa6\x5cQ\xca\
\xea\x11\xa6\xad\xe6tu\xcb\xc7\xbf\x9em\x00\xaa\x01\xf7\
\xbf\x11 \xaa\xbep\xde\x0e\x5c$\x07\x02j,\x9d\xeb\
\xd5\x97)\x04-\xbfG\x0bI$\x8c\x18\xd0t5+\
2\xa8tL\xb9\xad(\xce\xf7\x12\x08\xcf\xb5\x99^\xdd\
\xda\x90X\xd0\x0d]\xf3FA\x82\x9e\x90|C\xe4\xad\
\xee\x8b'kx\xe6\x1b\xbe\x05v\xc7\xe7\xa8\x1e\x0e<\
\x82\x92\x04W\x1b\xde\xd3\xfa\x09(+)\x16\xe6F\xdc\
%\xe35A\xf8\xd2w\xb9\x8f\xf6\xbc\x18\x0f\xc0\xdc\x85\
v\xcd\xca\xb7\xc5:g\x82\xe5\xf1G\xef\x87+\x17/\
\xc2\xd9\xd5\x15\xb8\xfe\xf4\x1a\xce\x5cK\x92\x85'\xb7+\
\xb8x\xb2\x82KWZPTJ\xa2\x22\xd2\x86\xaat\
\xeb\x85\x00\xdb\xa4\x0f\xb6\xd3D\x0a\xc4\xb6\x05\xcc\xed\xd1\
\xad:[\x17\xd5/7\xc8\xadJ1\xd9\x9ax\xbd\xac\
[\xc7\x90\xb4\xd5\x1e\xd2\xf4\x9f\x9b2u\xaeE\xf2\xe3\
ytbjQG\x8c\x0be\x97\xc4\x11s\xc4\xbe\xb8\
\xef\xa2\xbe\xd1\x80j$TTeR\xb4\xe7\x09PU\
\xb1p\xa6>9\xd7\x81\xe3\xc5\xc3:\x16uR\xac\x01\
o\xbb\xe1u\xf0\x12\x03\xdf\x87\xd2\xa5\xbf\xc2\xf5\x10\xd1\
\xe0\x80\xe2\x08|\xf1\x19\xf2\xc9\x9bz\xd5\x22]\x97I\
\xa0\x9c\xf5z\xaa\xc9\x00O\xac#%\x7f\x04\xe2|\xe6\
u\xd9\xfd1\xccW\xf2\xd6 \xf8\xc1\x19\xdb\xbc\x88\x5c\
v\xa9s9\xc63\xd3\xa4M\xf8(\x8b\xd8\x11\x99o\
`\xb5y\x04\x1e\xfa\xf9\x7f\x0a\xfb{\x7fC\xd7\xd0p\
\x8b\x13\xb1+\xe1A\x0cC\xb3\x1dx\xd1M\x1f\x81\xef\
\xfd\xd2\xbb\xe1\x19G\xf7\xc3fK\x0cQ\xbb\xa7'\x03\
\xb9q!\xde\xcd\x1e\x83\xac\xfc\xa9\xe0\xb3\xb2\xc6\x8d\x88\
p\xea.\x0f\xcb\x94\x00P;\x1b\xda\x1f\xe2\x02\x8a\x11\
\x0a0\x80\x80\xc1\xa2F\x04<q\xe6Z\xf8\xbc\xefz\
\x0e\xfc\xd6\x837 $i\x8c\x8b\xdaW\xf1\xcc\xe1\x5c\
*\x82\x94\xf9\x14\x98\xea\x22\x18\x0eJ/1\xf0\xaa\xc8\
\x11\xe3\xe6b`\xac\xcc\xc0\x0f\xc7\x92\xe2\xb6xXE\
v6\x92\xdb\x81\x98\xa6\xa5\xcc?\xf5\xd3\xf2\x19\x08L\
\xf6\xc4\xc4\x94\xfdA\xa8K\x93\xcbI5\x1a\x05\x8a\xd3\
\x9fO\xbc\xbbKqnv\xe1\xf99\x1d\xb2\xd62\x94\
\xe0W\x003r\xcbKE\x1d\xcbJ\xd6\xe3L\xf5C\
\xdfA\x8a\xd3\xa7\x9e\x0c\x02<g\x0ba\xc2\xbd)\xaa\
0\x02\xd4\xa8#\xf5T\xa0\x14\x14{\xaf1%\x08q\
\x03\xec\xce\xe4)H\xeb\x8d\xbb\xde\xf9\xf2[\xab\x1e\x0c\
\xe1Y<`\x9a\x1b5\x8e\x873\xf5\xbd\x95\x1c\xfc\xa2\
]o\x14o\x8b\x0c\x88\x22\xb4\xf5\x0a\xce\xddx\x01\xce\
\x9d9\x07\xdb\xcdu\xf0\xd0\xf6\x1c\xdc\xf3\xf8\x19\xb8\xf7\
\xb1\xd3\xf0\xc8\x93\xa7\xe1\xf2\x95k0&:!s:\
`\xbe\xae~\x0e\x99b\xe6A\x85a\xa4u\xd6\x10\x99\
N\xf4%\x80<\x14\xb5\xf0o\xe2`\xb3ZG\xed\xf4\
@\xc7\x98\xfb\xd4\x89\x86\xd1N\xc0\xd9\x8c8\xc3Q\xe9\
j\xa5Z\x9a\xdbGa/\xad*\x22\xd3\xbb\xe8\xb1\xc8\
=\xf9\x97\xeb\xfb\xf4R\xd9\xae\xcd\x19\x13\x14\xec\xe2\xb8\
\xda\x90\x08?\xf4\x09\xb7\x06\xc7S\xc09\x94\xbeq\x7f\
Z?\xe4}U-\xc9\x87])\x83\xca\x81]\x0b\xd5\
-\xd1\x8dU\x96\x1a\xd7?\xa9\x80x\x1dI\xb4\xdf\xfc\
\xea\xd9\xed\x91\xbd\x1b\x9a\xda\x06U7\xdc\x06\xeeTn\
\x1f\xdbV7N\xd2yK\xbf\xac\xdf\xd2G\xfb\xb4\xfa\
h\xad\xe9\xd3<At\xfed_\x89\xe4H\xe7\x80\xf6\
\x99\xaa\x9adLl@I\x86\xc8\x8d\xb0>\x07\xd7\x7f\
\xea_\x84\xd5M/\xe2\x88\x84n\xdd\xc2b\x19\xecl\
\xf57U\xc2o\xdcw\x1e\xbe\xfc\x07o\x81\xf7]\xba\
\x00\xdb\xd5\x91\xda\xe9\x93\xb4\x87\x5c#\xc5\x06\x87\xf6,\
\xd5\xad\xb5'\xcf\x88\xb8?b$\x0b\x94\x1ct\xa2t\
\x960\xec\x9a\x13 I\x8a\x84\x93E\xc2x}\x05\xce\
\x5cy\x12>\xe5YOv\x12\x22_\xe6D\xdfsz\
yO\x1cWL\x9f?w\x1d\x93\xe88\xf0\xaa(\xd9\
\x95\xce\x10iF9GI\xd9?:\x8fm-d=\
\x82\x1d\x0e\x97\x99\x00}\xa9xb\x99\xf3\xb2\xb0\xfbz\
\xd7g\xb6\xe9\x08oWs\xcfa\xdf\xc3\x93\x15w\xeb\
\x07O\xdf\x99\xd2\xc2\xfd\xdfo\x0a\xebp\x0e\x89R\x85\
H9\xbcd\xaa?/\xfa\xdc\xa6\xe9\x9f\x9d[\x09\xe2\
\xc8\xe5\xf9\x8c\x1c\xa6\x8b\x04\xcf\x88\x88\xd5#\x0aF\xf3\
\xfd\x9b*\xd2\x16=\xde\x5c[\x14\xab[\xc7\xcf\x86\x8e\
.\xbcII\xe0E\x02\xa2^{\xfa\x98\xdbe\xa3\xfb\
\x9b\x8b\x11y\xd7\xaf\xe1\xcc\xf9\x9b\xe1\xd4\xf1i8j\
\x81][,u\xde\xa6\x8d;@\xe3\xc7AT,L\
A\xcb\xc6z\xc1\xc5\x06\x89$\x01\xb0,\xeeW\x1d\xb8\
\xe9`\xb1\xaf,\x1ast\x12!\x0aAf\xa8\x96\x8a\
\xf6\x188\x82\x84\x00\xc4\xd8Q\xecCr_\xc3\xdfB\
\x87/\xf5\x90\xadKm\x0b0\x22X\xe35\xf2j\xa0\
5\xaf]\x88\x90zgB\x09\xa3\x90q\xcc\x83\xe8\xa7\
n\xc4\x82\x04S\x22\x8f\x8a\x81A\x93\x1a\xc6\x11\x023\
C\xc7\xa8\xbf\x17\x84'k\xb0Fd\xd9\x10\xad\xd8O\
\x1c\xb9\xb9\xe5:\x84X\xc1\xbayG\x0b\xa2E[\x0b\
{\x9f\xec@\xe8=\xd1h\x8b>\xdf\x901\x8fM\x89\
\x8c\x86\x98\xe9\x1e\xf5\xa5\x85\x04>\xa29\x91h\x8dl\
\xbf \x1f\x8b\x85@\xc4\xa1\xbav:\xe2\x85l\x1a\x8e\
\x22\xe1\xe8\x88\x09\xfa\xcdv\x11\xabH\x94\xf9\xb5#\xae\
\x9c\xb9\xeevn\x18\x17\xac\xf6\xd7\xc3\xf5\x9f\xf6\x17\xe0\
\xf8\xa6\x17\xea\xf9\x95S\xd9\x1b3\xf2:\xc1\x06\x8ew\
+\xf8\x9d\xfbo\x837\xfd\xf0m\xf0\xa1\xcb\xd7\xc3\x15\
\xecO\xf3\xde`\xe6F\xea\x90=\xcb{_\xf4\xde~\
W\xeaYT; {\x82\xd4$t\x86\x0c\xae8\xaf\
\x1b\xd9w\xaa\xcel\xfb\x92\xce\xfc\xd1n\x0f/{F\
c\xfe\xd9\x0e q\xff~\xef\xdb\x16\x17\x09\xac\xc82\
\x96\xc1\xf2J:\xeb\xefU\x84\x87\xa0\xfe]\xc1\x81\xcb\
\xc8\xbc$L\xe7'\xd9\x84\xe4\xb7\xf0Lv*W\xaf\
n\x8b\xb1\x19d\xde\x046T\xd2lKa\xe5\xc7X\
A\xee\xda\x16.\xc0\x11\xf5\xae\x22\xa2$x\x01\x88~\
=F\xe3\xf2\x9dekt\x17\xb0\xc0/\x80uL\xdf\
J\x9d\xbe:\x02\xa0\x16\xf5\xd5:\xc1\xfcN\x7f#K\
:\xfa\xfe\xe6\xa2\x22\xd5\xee\xba\xe7\x0c#\xa2G\xe9\xab\
\x13\xa7\xfb0\xbb\xd6\xff\xbe.\xeb\x8a\x88\xdcX<;\
\xb0*\xd5\xb1\xaa\xefw\x8ekvX1\xf1x<\x9c\
\x86|\xd8\x80\xae\x01\xc5\xa3\x068\x8fa\xbd\xde\xc15\
\x17\xae\x83\xd5\xf15\xa8\xfb$\x0bt\xca\xe8\xa7\x89K\
<\x97\xe8\x8a\x01\x1e\x89\x96h\xbf)\x1b\x1b[\xb3#\
\xa7\xc9A_B\x9fd\x81b$@\xac\xbb\x01k$\
\x04\x8c+\x15\x02\xc1S\xe0=\x07^\xac\xef\x042&\
\xc4X\xcfu/\xb5\xf1g+\x12\x86\xe9MY\x91\xd0\
\x1e\xae\x8b\xef\x03Z\xed;\x19\xd0\xac\xefs=\x06\x91\
\xb8\xd0\xfaG\x8e\xd6\x13Ib\x18\x87\xc8\xc4\x11e\x12\
M\x90{a\x06\x7fk!\x0a\x9aa\xa0\xe3\x8c\x05\xa1\
\xef7\xb0\xe1{D\x10\x98\xd4\x80\x08\x02B\xe8\x88\xd4\
\x91\x0bw\x1c=\x7f\xc7\xcfF\xae\xb7\xbd\xd2\x8c\xe4\xda\
\xef\xd6=!\x1c8\xa8\x13\x13\x9d\xc6\xc5\xb7\xba\xa9\x8d\
\xfdF\xa2 \x1a\xa1\xa01\xf6e\xee\x9b\x15\xbe\x10?\
8v\xf1\x1a\xe1~\xaa\x14$\xed\x1d\x9e\x97\x96\xfd\xaf\
\x19\xcbQ$\xbdvn\xaf\x83\xeb\xff\xe8\xd7\xc3\xe6\xe6\
\x17w.z\xb6b&\xadl\xe2\xf6\x93\x16\x13\x00v\
\xf0;\x0f\xdc\x02o\xfa\xb1[\xe1\xc3'7\xe15\xd9\
R-v\xc8T\xa9\xf6\xb3!xnQ#\xffM\xef\
!CD\xb2\x17\xda\xb5\x0d\xec\xd6'p\xdb\x8d\x97I\
%4\xc1\xbcT{\xbf\xde\xc3c\x82`\xc4\xac\x0e\xaf\
\xb9\xf5\xec\x82\xff0\x97?T%;_|\xb1\x09\xf0\
\x1f\x22\xf6\x98\x80c5\x81\xa97,d\xb4<\xa7\xed\
z\x83[o\x94\xc9\x04\x85x\xf7\xe0;\x8eH\xcbP\
\x87\xd41\x05\x11\x11\x08\x07+\xea\x05 \x9d\xf0\x1c\xa3\
\xb8\x05\x06\xce\xb7m\xf4\xe0\x87\x9d\x91\xb0d\xe1\x16\xcb\
\xfd\x94Pd\x86\x93]\xb4\x80\x0b\xde\xf7\x22\x9bn\xdf\
\xe05v\x7f\x994 i\xc5Y\xf4\xa2\xd1\x0c}P\
t\xbf#n\x85\xdc\xd7\xe2\x02\xd2\xfepc\x17\xb1\x9c\
\xb4\xeb1m8\x80\xc25\x91\xd8\x95,\xa3\x8d*\x96\
HZN\x98\x14\x84i\x14\xa3;\xf7?z+\xfb\xf9\
\xd4\x8d\xcb\xa2_\xd1\x99\x12\x87I\x1c\xa3\xf7h\xa0g\
7N\x02\xd0\xd4\x0e\xed\xde\x11\x5cs\xe1FX\x1f1\
\xd0`\xfd\x94\x1c\x0a+$>\xab6\xbf|\xdf\x8a4\
@\xd2\x10[X\x80`\xadN\xa7\xac\x19Nq\xf8^\
\x9c6\xa6\xd8\x05\x89\xb8\x1c\xe5{qecQ>\x02\
\x7f\xb4\xe4\xf6\xd6\xfe\x14\xcb~D\x14\x90/}J\xc3\
\x9c\xa4<a\xbf\xab]6#Vu\xabd\xef\x98&\
.\xce\xde\xe4N,n\x08\x96\x5c\x85\x10\xd9\xb3\xdd\x02\
\xcd{:\xef(=($=B\x14\x09\xb2R5\x80\
IuT\xba\x81kLT\x18\x05\xa2\x12^\xc1q\xf6\
\x1c\x09\xd0\xbfK\x00j\xef\xc4\xf4\x08\x91\x10\xe9\x93\xeb\
\x18\xb5\x8d\xb0A8\xf3\x10`\x89\xed\x1e\xb0\xbf$\xd2\
\x17\x09\x91\xac\xa9!\x1ajs\xe7~\xb7\xf5\xa3\xbe\xd0\
\x1ep\xe1x\xb0\xbe\xe6;/\xaa\x05\x1f\xe8H\xdc>\
q?\xbbuo\x04N[\x1d\xacU\xd4\x198\xbf<\
>\x91^\x08\xf1\x12\xd4R\x16\x82:HJ%\x81\x14\
/\x5cC\x12\xbb\xdd\x0dp\xc3\xab\xbf\x0e\x8eny\x11\
\xaf\x08E\xd3sJ\x11\xf7>\x07\xaa\xe1\xfe\xbf\xe3\x81\
;\xe0\x0d?v'|p\xdb\x22\x06\xd2\xfeE\xc7\xda\
\x95\xdf\x97\xf1\xac\xc9\x9e]U\xd2IV#\x8a\xf2B\
\x88\x97\xcc\xb5\x07\xa6L$L\xd8\xe5\x8d\x12:\xa7\x1a\
\xa1\xa3\x1e\x1e\x22\x8d\x88E\xec\x9d\xc2\x04\x05\x881-\
\x09\xf0\xb8I\xfc\xf2\xcd \xd2>\x1c\xe4\xba;\x13+\
\x1f\x1d\xd6y\xa6x]{h/\xfdjg\x90>t\
\x05\xb1\x1es)\x96\xd4\xc7`\xa7\xd8\xb2\xe0\xf28\xe3\
\xcd\x8aho\x81\xe3$\x84\xfc\xaa\x19\xc1bp\x1dV\
=J{l\xd4:\x97^\x5c\xc6$F\x97\xb4n\x9c\
\xc11\x03c?9\xb12\x11SD\x7f\xc3\x5c\x22\xd5\
KM/E\xe1%\xd55\xf1l\xf5;\xa82\xb0C\
\xee\x9a\xf3\x81DW\x99\xc9\xb6\xc8u/\x8aRC\x8b\
\xc6Q\xcawq\xcb+t1SE\xfb\xa1\xa1=\x1d\
\xc6\xe3@B:\x89.8\xcdH\x15r5E\x80m\
\xd47\x98H\xd3\x8b\xcd\x05\xf0\x89\xdeT\xe2\x91_s\
\xe3Mp\xd4,\x878\x0e\xb8/fH3\xe6\xac\xf1\
\xba\xf4g0$\x15w3\xed\xce\x1e\x8dAg\x8c\x86\
\x8b\xd4\x08\x01\x06~\x13\x09\x1dG\x80t\xc8\x92\x09\xb7\
\xb2]/yp\x12\x9f\xa9bR\x99\x91\xe8\xd5\xdc\xf8\
\x0c1\xbbv\x9c\x95;q\x9d.t\xe8B\xe29\x5c\
\x97 \xfe\xc8\x857\xaeZ\x88\x14\xec\x8d{V\x90\x9b\
I\x08l\xbd\xfa\xb5\xb3\xbfq}\xab\xfe\xc5w\xd97\
\x1f\xb9\xed\x0d\x22%\xd9W\xa4S\x16\x15\x8e\xad\x81\x22\
h\x95\x06\x08\xb25\xdd>jH\x91\xb3'I\x01A\
 \xc7\xe1{\xd5\x96x\x91x\xd1\xbe\xcc\x8a^\x13\x88\
+\xf6\x0bT\x7fx'\xcd\x87\x8c\xcf\xc6\xde\xc6\xca\xc4\
\x1f{[\x90\x87UK\xb2t-\x9c{\xe5\x9f\x87\xa3\
[^\x0a[hz}^\x03\x19w\x81<\xf1\x89\xdd\
\x0e~\xf3\xde[\xe0\x8d?|\x1b\xfc\xc1\xc9M\xb0\xdb\
0\x11 A\x92V\x037I\xb6\xdc\xaf\xca\xbc\x14\xa9\
~\x87\xc6G\xd2\xc8\xed~\x03\xdb\xad\xc0\x00\x0dK9\
\xdc\x0fsE\x09\x94\xd4\xaf\x1eG\x994b\x17\xee\xd1\
g\xdd}V]V\x93\xb9\xfeL\xddW\x10\xed\x12n\
E\xbc4\xad\x02\xf4\xf8\xcf\x88\x84$\x01\xf4s0\x80\
U\x15n\xec\xdfO&\xb7\x99\xb2\xcb\x94\x19QW\x95\
n?\xea\x991B\x95\x1a\xd2\xd1P\xe6\xb6\xd3p\x80\
\x832e\xfc\x17\x01\x9e\xbb\x97\x90e\xbd\xd1\xa3z \
\x8ad\x98\xb2w\xc1M\xe6\x0eK\xf4A\xf7USp\
\x06}N\xc3f&\xaa\xdf\x07c\x8a\x1eh|\x9b\x10\
q\xb7\xe0\x8ek\x8eeZ5\xd0\x03\xf4=\xe7\xd3q\
\xa9\x94\x19X\x92\x8f=s\xd2\xe8~\xd6t\xefM\x12\
p\x1e6-\x89\x89C-R'\x19AJ\xa0\x1e\x09\
\xaf\xc9\xeeD\x13\x9c\xb7\xe6k\x08A\x5c\x04\xf1\xbb>\
\xfa\xf5\xc6\x226\x04\x86H\x02!\xe3\x0d-\xfd\xb6\x09\
\xdfE\xd5\xe0\x0f\x91\xbf7\x06\x08>\xfc\xb0\x8a\x07\x0b\
\xc4HH\xab_\x07\x01\x1a8\xe5\xd5\x82\xba\xcc;\xe1\
\x90\x17\xc6\x814?\x0e\xd8\xc8\xf85\xe8\x13\xeb\x89\x91\
\xd3\x96hrL\x1ah\xb4\xc1\xc8\x99\xfa\xf5\x22\xa4\xcd\
\xaa\x1a\xe6\xfa\xfd\x84\x12\xb1lY\x14I\x02\xc0\x1f!\
8P\x94-\xef:?|\xf7\x8e\xf8\xa3\xab\xa7F\xc8\
j\xc7\xb6\x06\xf2\x1c\xf7E\x91\xbe\xb7\x01`\xa3A#\
\xb4\xe8\x1e\x8e_\x0d\xfcD\x0a!\xd7\xdao\xfa\xe05\
i\x03%h\x15\xa1l\xde\xe6\x06?\xb8\xab,\xb9C\
\x9b\x00\x5c\x87\xeb\xe0\xdc\xa7\xbe\x15N?\xed\x85dc\
\x85Y7\xa6\xcem\xab\xaf\xb9\xd6\xae\xe0\xd7\x1f\xb8\x1d\
\xde\xf0\xa3w\xc0\xddW.\xc0\x0e\x8d\x0f%\xc8K\xdc\
OAZ4A\xbf\xe6}\xde\xbf\xdc\xbdA\xe9\x94w\
\xcd\xf3\x82\x02\x12\xdd\xff8\x98\xda\xae\xcb\xe0G\xf8\xe4\
Pf\x8f\x1e\xcf\xfb0\xab\x99\xfb\xfb~\x0c\xb1\xc9}\
\x09s<\xf1\xe6%\xa5\xb9\xbf^\xfc\x8f\x84\xb969\
\xc2Oc\x1cW\xd9\x0bt\xe3\x13\x063\xe1\x8f\xdc\xa6\
\x9e\x9bL\x5c\xf8E\xc7\xa4W\x09\x89\xd5\x0bROf\
\x05\xc8z 6\x12\xfd\xc4\xce\xceq\xb2#\x03\xc5\xd1\
3]_\xf9\x88\xf96G\xc0\xbb\xaeg\x88Q#\x15\
\xea\x02\xabT1\x06\xe6\x0b\x89\x88\xcd8D,\xbdM\
\x8eB\xfd[F\x80\x8cJ\x85t|\xa8\xe6\xfeyA\
\xb2\x22\xc2\x8e\xf8\x95\x80-\x87$Z\x1d\xc1\xb5\x17n\
\x82u\xd3U\x86`$~\x0e\xe2\x9e\x12\xce\xaer\x15\
\x14!\xa4\x17\xb5\xe2An\x12\x1c\xe4\xc0z5B\xfc\
.\x96\xdd\xec!\xcf\xdcQ\xa0\x9e5\x92\x9aS/\xf8\
\xfe\xba\xa5\xc3\xf9f\x09\x12K\xfbX$\xde\xaf\xbf\xb7\
\x22\xaf\xc2\x0a\xfb\xfaC\xb6A\xf7\xcc\x9c\x18\x948V\
\xe1\xbec\xd1}\xc8\xfd#\x8f\x0f\x96>0\x12\xa29\
\x8c\x84\xbd\xc5\x9a\xcfmy\xe2k\x90\x7f\xc2\x1b\xc1q\
\xdbh\xed\x1f\xc6\xe4\x096C\xcc\x82\xac\xf3\x1c\x05[\
\x00\x17\xa8\xc98\xec\x18xH\xf2X(\xd7\xcf\x9e\x0c\
\x16T\x0c\x92W\x82\x9d\x07\xcd\x81!\x8b\x22\xc6\x95\xab\
6{\xe6=\x22\x84p&\x5c\xf3\xfes\xa2\xa3n}\
\x11=\xae\x85Tj\xb1\x15\xae\x83k_\xf1u\xb0\xbe\
\xf9\xc5\xb0k\xd9\x1ceL<\x8f\xdd\xbe`.\xbfI\
\x02~\xeb\xee[\xe1\xf5?t\x13|\xf8\xf2\x05\xd86\
[\x85\x8c\xe3+\x09\x11\xea\x8c\x9dT\xb48;n7\
u\xefgq=\xaaH\xf1\xf5\x0d\xfc\xee\x03-\xd2\xa7\
\x05\x8d\xca{\x05\xeb\xdfY\xbc}s\x976.~\xaa\
Tp\xcf\xa7\xc32\xa6M\xfa\xc9D\x88\x83_;\xd5\
\xddW\x91\x01k$\xdd!\xea\x00\xff},\x0fj\x97\
$\xe6fL>\xea\x7f\xfb\xdd\xa9L\xdd\xdax\x84\xdf\
\xe3\x92\x050\xc21\x93\xf2\xfez\x09\xf7\xed\xf5\x18\xf2\
\x8d\xc4\x13N\xc4\xa4@\xc1\xa8:3\x22\xb3P\xb29\
\xca\x97P\x87yrG\x135\x89\xe4u\xb3\xf6.\x8d\
\xf8\x16S\xf0Q\xf7\x1f\x0d\xe6|\xb4>\x92d\xd8\x06\
\x12i\xbc\xf9='\xce8#\xae\x09\x97\xbcl\xf9\xaf\
j\x03\xb9+}@\xf1\xf6\x96c\x9f\xcb\x9cG\xbd\xff\
\x94k\x89<[\xdc!\xc0\x96\xb2\xb5\xad\x8b\x1c\xf6\xbe\
\xcf\xeb\x95\x18lQ\x1f[\x962\xf1\x06\xc0,h\xac\
\x87m\x94\xff\xb5\x17.\x00\x1cQ\xf0\x9a&\xea\xf6\x1c\
,\xaa\x0d\xb4m\x8a#\x8e~\xacnO\xf1\x83\xa2b\
\xa4 \x22\x9cOP8\xd6\x16\x8c\xc4R\xce\x8a~\x95\
\x90\x83H\x05\x82\xd8\x98\xf5e\x9a%\x10\x89\x08\x97w\
^\xad\x9c\xf9\xf0\xd9Dj\xc8T\xd2\x01\x9b\x84A\xf7\
\x83#n:B\xc9\xf50z\x19H\x02m\xd27\x87\
\xf5\xe1L\x8d\xa67\xa75\xc2yG\xa4\xe9\x01\x01!\
\x04\x9f\x88\xc7\x03r\x0e\xb0\xcc\xcb\x1c#\xb4\x19\x17D\
@\xd8\xf2\x09$d\x96\x8dY\xd5S\x839\x8b\x22[\
^\xd3Ukx\xdf\x80\xfcZ\xde\x8b\xa6\xdf\xe4L\x8d\
\xfb#\xd85\xfd\xb1p\xeb\x9b#\xfc\xa8U>\xc6\x9c\
\x17\x03\xd3\x8d\x11\xc6\x8e\xe3\x17\xe3;k\xc7#\x14\xfa\
C\x08\xbc\xd96\xb0'\x05\xa7u\xf6\x88\x5c\xfdF\xd6\
+8j\x12\x01\xb1sh+\xc4\x92\x01\xff\xac\x0c\x09\
\xebD\x13\x18#Zd\x8d\xfd\x99\x09{\xa0\xc1\x0e\x8e\
\xef\x8f\xb6,H\x12\x9c\x85\xeb_\xf5\xb5pt\xcb\x0b\
9g\xbb\xe4`\xf1jK\x8e_!\xe6\x22\xe4P\x0f\
\xef|\xf0\x19\xf0%?t\x0b\xbc\xff\xd2\x05%d\x9b\
\x95\x05\xf6\xb4\xb0\x19!\x18\xb5\xb6O\xd8\xab\xad\xd5\xad\
\xedgT\xbb\xf1\x19d5\x89\xcc-\xd9JP\x00$\
D\xaa\xfbS\xf0\xab\x1fh\xc6\x98fd\xd7\xd5^\x10\
\x04v\x94\x0d\xa1\x09\x81\xa0\xbb\x5cB\x5c\x08\x0er\xe7\
_\xac'\xa8\xbe\xd6\xfb\xe6\xaa\xe8PcR\xcd\xaeQ\
\x15C\xc1\xc9\xd4\x96\xc5\xb9\xdbI\xd1|\xa2A\xa8E\
\xba\x7f\x7ff E\xc8!\xb8&6V\xdez\x88\xe6\
\x0b\x95\x5c\xce2\x1f]\x0c\xa5\xb7\xd8O\x9aw\xcc\xcd\
\xe2a\xbc\x7f\x87\xf7\xba'\xd6J\x5c\x8a\xee\xafN\xc5\
\x80\xfd\x1f\xe4\x91\xcf\x8bD\x8fxq\x16/\x07\x03E\
I\xcf\x19\x17\xd6\xbf'\x94lT\x19\x90\xb0\x8f\x83\x91\
\x14\x1c\xf6\x1cq\x10\xfb\x1c#2U\xcfH=&u\
\x88V\xd9$N\xa7\x83\x18\x0e\xed@\xdf\x1b\xfa\xe7\xdb\
\xab\xa5O\x8e\x12\x8bu\x86\xb1q:N\xd9\xec;\x04\
\x90n\xce\xb5\xbf\x99\xab\xae\xdb\x9c\xbc\xe9\xc4\xdae}\
J\x81\xf2\x89K\xc8\xc5\x8c\x08y\x93\x8b\x11\x1e\xaa\x06\
N\xc15\xe7\xcf\x034\xb1.\xae\x0dE)\xd4\x15r\
>\xe7:\xf4\x04`\x99\xf7g\xe0\xd3sX\xe2sK\
D\x13sn\x1a\x1d\x90\xd6\xef\x10\xf9\x08\x11\x04^B\
b\xf1\xb3\x09\x19\x1b\xc0\xa7\x22\x9c\x13\xfby;\x11#\
q\xb8L\xb0%\x09\x01\x116\x06\x1c\xcc\x0d2\x8a/\
\x89\xb8`\xe3M\x17\xdf],\xff\xb3\xc4\x22\xf8\x8f\x05\
\x95E\x94\xf2\x8518_o\x99/;\x1f\xfc\x88r\
&f\xe1\x1fn\x0a\x01\xee\xc6I\x1c\xab\x0f\xe3-\xb6\
\x1bd\xf8(\xdc6\xce\x83\x9a\xbd\xb1\x1f5\x02=\x13\
\xf57_so\xd4'*(C\xfe\xa4Z\x90\xf4\xd8\
*yI\x9c\xac\xa8\x0f\xc4\xdd\xd0b`\x88\x9d\x83H\
\x8b(\x8e\x00\xce|\x90^\x15b\x1e\xb5G!\xcf\x17\
QI\x8c$\x03+\xa7f1`L\x1fA\xb8\xbb\xfd\
\xb5p\xf6\x95_\x0b\xeb\x9b^B\xa2g\xb8\x92`\x90\
 \x09w\xc8\x9b\x94n\xb7\x85\xdfy\xf0\x0ex\xc3\x8f\
\x9c\x83\xf7\x9d\x5c`\xa3m\x92!\x06\xd5Y`N<\
3$7\xe9\xcc\x93\xe1\xa9\xc4\x95\xf7bvn\xdaL\
\x5c\x95A\xda\xec\x8e\xe0\x91\x93\x0b\xf0\xab\xf7\x9cS\x06\
\x0f?\x99\xfb\xaf$\x12\x81p\xabJd\x22\xe2{n\
v&\x98\xc9@t\x003,\x0e\x8eW}\xcb\x84\x8a\
\x94\xec\x05 =T\xf6\xc0I7\xc8\xc0\xda\xa2\xe8\xe2\
yc)\x81\x1fS\xec\xb6\xff-\xeausc\xe4Q\
9\x5c[{\xcb\x8d\xc6\x12\x8c\x00G\x0bR!L/\
J\x8b\xc5D\xd3\x9d\x18\xa7\x13\xed\xe6\xd2\x8bD\xe4\xef\
\x18\xc9\xf5z\x0eo\xa70\x02\x80S\xa5\xbb\xefqs\
!\xe2\x1f\x11\x1dKK'\x0a\x12\x97\xb6\x16pg{\
\x85\x89\x05\x07\xbc\xcd\xd4D\x81\xcd| \xa7\xec\xdai\
\x87\xd9\xda\xaf\xe7E\x0e%\xe9\x8f\x05\xc9\x99\x88X\x01\
\xa3\x07\xb6bq\xbd9\x86\xb3\xe7\xcf\xc3\xee\x88\x80)\
\xbf\x91\xea\xae\xfa\x97\xc4\xa7\x01\xd9y\xa3\xce\xc8U*\
\x12cb\x80\xf2\x0b\x15\xe3\xca*\x80\xa2D\x9d\xba\x5c\
\xc3\xc4\xa0V\xcd`\xe6\x08\xb9\x89\x1e\xd9\xe5\xacWH\
oI\x87\xfcG\x85\x10\xa8W\x16\xae\x9f\xd7\x88\x11\xaa\
\x88\x03\xbb\xd4\xda)\x89P6p\x8c\xc4\x93\x97P\xd8\
\x9e\xaa\xe6\xcb\x88\x0e\x9bc)\x1a\xcd\x8d\x11y\xbb\x22\
n\x7f*\xb5\x08D#[]s\xf2 I7+q\
\x07v\xc2P0\xa1\x8b\x04\x81\xd7\xd9\x8b\x8b\x9aR\xa3\
\x96\xdc\xc7\xcf\xa7o\x97\xc6 D\x81\xe5\x9c\x10\x02S\
\xee\x13\x11!1\xef\xa3k\xa3\xee1\xc7\xcd\xf7\xb1$\
\xa4Q^?\xb1w)\xbc^\xe4o\x10\xae2\xcc\xdc\
(Aq=J\x02(N\x00\x85d\x8fH\x9bH\x22\
\xe4>\x19a\xe3\xc8v+x\xd7\x03\x1f\x03o\xfc\xe1\
\x0b\xf0\x07W\xae\x83\x93\xa3\xb6\x1e'p\xccn\xb6$\
&\xf7\xfd\xf1;\x9c-\xcc;\xe9`,\xb4M\x1a\xa1\
\xef4\x1c(\x95Z\xc1\xe5\xf5\x0a~\xfc}\xd7\xc0#\
O\x9c\xd1\x9e\xf6\x9c\xfe\x08\xd6/w]^*\x19\x1e\
\xbd\xb7\x1a\xac\x89<\xe3\xafI\xe0\x9c\xfc^oT\xe8\
\xa2\xb0\xea\xa9\x17\x02\x94\xb8~y\x96\x08;7\x86\x8e\
\xa1\xa4L\x9a\xd6\x9e1 \x114\x8e\xc7\x1e\x92\xe5\x15\
\x99n\xd7\xd5b\xd4\xc5DZ\xfe\xda\x82.T\x8f\xf7\
\x00\x939\xa5\x91q\xdf\xb8\x8f\xd3\xc8\xdcSt\x99\x1a\
\x0a\x9c\xa7\x0b\xc4\x10\xa5\x0e\xed\xdb\xb4\xb5\xb7\x97x`\
\xbd\x89`\xa8\xbb=@@\x8e\xb0\xc7p\x9e\x97\x9e\x08\
\x817D7e4\xf8\xd8\x1b\xa2\xaa\xda\xb8\xae\xfe`\
\x96\xdd\xd4\x10\xb6\x12(e\x9a\xba$\x97:\x03\x8c\x98\
\xbb\xe0\xe8\x08\xaem\x92\x80\xa3S\x96\xb5\xafX\x97\x0e\
\x19J\x1b\xec\xf7m\xb2VPc\xad}e\x15\xbe\xf2\
\xee8\x12\xf9\x8dE\xfd\x19\xa8\xb3Q\x0d\xa69EA\
\x8b  G\x5cTF\x9c\xc5<\x85\xb9f\xc4_I\
jF{1\x22+\xb36GN\x97\x85@\x14h\xa4\
\x98\xfb\xacg\x1f \xffa\xbf\x07\x92\xbf\x0eY\x85\xfe\
\xf7\xae\x8f\x99#\xca\xed\xd2q\x22[\x0e\xb2t\x8b\x86\
\x9br\x8eB2\xad0\xbf\xb2\x16.\x5cn\xd7/\x16\
\xcd'\xd7\x5c\x1b\xa7\x9bg\x15\xee\xf6e\xe5\x82\x04I\
\x1c\x83\xbcv\x15we\x84\x9f^\x9c\x9e\x7f\xe5\xae)\
3`#\xb41\xaa%\x22\xc3\xb3p\xeeU_\x0f\xc7\
\xb7\xbc\xa4S(E#Oz\x1fE\xce\x98\x08\x08\xe0\
\xb7\xee\xbf\x03^\xf7\xa37\xc1\x07._\x80\x93\xa6R\
A;\x1eV\xdd\xa9H^\x90\xa1\xd4#N\x8aFD\
\xa2d\x16s\x13\x11\xc7Jj\x14\xf1V\x8d\xef\xef\xd6\
+\xb8\xb8\xbe\x11\xbe\xfd\x97n\x84\x1d\xea\xe0b\x98\xe0\
\x11,\xf7\x8c\xe6|aH\x16\xa8'w\xb7\xab\x7f\xdf\
\xd9<\x04\xdb\x07\x98':2\xae\x98\xec]\x11i\xd1\
3YU]D\xce\x89Q4\x19F\x93T\xccE\xd1\
\xe5\xc4?\xc9\xefW\xeb\xad\xe6B\xda\x1e\xe1\x88I\xcc\
&\xe2p\xeap5Q\xa3\x89\xf0\x9c\x5c\xd1)\xf7v\
\xe8>\xea\xa1\xc8Wr)E'\x86[s\xc5\xeb\xfc\
\xbde\xb6\xbf\x17\xeaQw>\x9e\xc0\x05\xfbR\xcf1\
\xfe`\xd10\x8b\x88\xbb\xf6\xbc.\xca\x11\x03\xe6\xff\xdb\
\x0e\xf1e\xd8>\xf9\xa8\x1dT\x91\xaa\xa8\x18\xddm\xb4\
\xd0\x0f\xe7&\xa8\xdc\x99\xf4\x87\xe6Y\xda\xce\xf9\xd3\xe3\
fa\xa39'J\xad,\xcb}\x86:\x1f\x04\x85\xf4\
\xed\xcd%\xa9\x01\xd1\xd3p\xed\xf9\x9b`u\xd44\x92\
\x041\x0c\xc9\x9aD\xc1\xb8|\xc7Q%DEA_\
\x08T\xb1# \x8b\xfce\xccl\xb5\x8d8X\x92\x95\
D \xa4\x00\x1c\xf1\x8c\x9fW\xf3\xf3\xa7\xe4<\xb6\x97\
\xc5\xd51#4\xbf\x8f\x89\xeb\xe5\x88w\xc1\x18\x90\xce\
\x90\xd8\x06\x88\x97\x8cIR|\xc0\x1f\xda\xd7\xb8\x07D\
\x17Nq\xe4\x1c!\xee\xa2\x94\xb9\xecv\xfeta\xef\
\xd9\xcd)s\xfd\xd2\x8e\x02C\xcf\x89`\xbd\xb2\x87\xa2\
D&\x86\x87n\xf9\xea-\x1b \xdd\xf7\x14,\x89\xef\
%\xce\x02\xf2\xab\x1a\xf1\xcfqZ\x81G\xe0\xbej\xb0\
\x1e!\x16\x04\xb9\xf6\x9e5\x12\x5c\xa8\xb3}\xe0\x05\xa6\
\x08\x85\x5c\x87\xb4\xe2D\xcd\xa2\x92\xc9\x04\xa8\x8fLI\
\xc0\x98\xe7\x02\x89\x96\x18K\x00\xfb\xc2\xd71\xd6\x82\x12\
\xaf4/!\x90\x8b\xac\x0fK Hq \x01\x968\
\xd3\xa1\xaa\x80\x1a\x0a\xb8\x0e\xae{\xe5\xd7\xc2\xe9\xdb^\
\xa6\xc9\xb6-\xda\x03\xabR\xd9\x1f]'\x9f\xdb\xf9\xed\
\x87n\x83\xafx\xdb\x05\xb8\xeb\xf2\x8d\xb0\xc3m\xb4U\
\xf0\xdc\x1e\xc1\xdc\x85.\x10\x97\xee\x0f\xd9+\x0e\xc9z\
U\x80H\x0d$H\xd9vC\xc8\xbf\xad\xf3\x0f\xbc\xfb\
:\xf8\xcd\x07Os$Ag\x96\x17\x90<}\xbc\xdd\
\x12\xce\x9f3\xdc\x93\xf1\x90\xf7:\xcd\x07\xa5\x9a\x17\xfb\
\x0f\xe6\xb8\x9dT\xc4\xec\xd5\xa4\xcfv,<\xc1\xaf\xb0\
w/\xf0J\xf6mT\xcb\xce\xe3\x16f\xc8\xd6b\x1f\
CW\x09\x89\xc7\xd8\x04\xe2\x96\xa8\xc8\xd7'\x092\xab\
$d?Z<\x0a\x1c%\x1f\x0eZ\xa7\x8e\xacg8\
\xe01\xaa\xc1JR_\x8d\x5c\x9a\x85P\x1eP\xb1\xfd\
\xf7\x9as\x9e+Cnt\xca\xd5a\xa2\xc3S\x94\xf7\
\xd4\xb5Q\x9f\xbdh\x16\x13\xdc\xf0\xf7\xb1\x1b]\xdf\xcf\
\xbe\xee\xc8\xddN\xdb1x\x11\x90\xe4rb\xe0\xdfL\
X\x1e\xbd\x0fVp\xc2\xe97\xa3\xa5\xb6\xaf*\xcf\xa3\
\xceoT\x09/\xb2\xa9(\xba\xe6\xc6*n\x5c\xf9\xba\
\xd7\xd9\xabE\x85\xe6\x83\xc7\x0f\xbb\x08\xc2\x11Y\x06\x13\
!4\xce\xe7\xe09{\xff\x97\xda\x89\xdc?\xd1HB\
\x169N\xcc\xd5\xe7\xff\xdauy\xc3\xf4j\xd5zV\
}sW,\xac3\xf7%#5\xad7\xd98L\xd5\
\xab\x92\x8c\xd6>Biq\x9b\xe3\xb1\xe5x\xf6\x1e\x81\
\x12\x05\xc3R\x0f\xebI\xdc)\x89;^P\x22\x87\xcf\
\xf3\x1dT\x06\xd1\x1a\xbf*~\xef\x09q\xa2\x1f'\x11\
\xc0\x1e\x8a\xe9\x892\xf0\xb5\xb4(\x17\xbd\xe6\xac\xb9q\
\x0f\xa1\xd1\xaa\x18\xae\x8e\xdf\xaf\xea\xcb\xf0\xc4\xde\xf3\xc4\
\x05\x1b<\xfbu\xf4\xee\x8cl\xbb`\x84\x9e#\xcc\xe4\
|\xf3_T\x80\xac0}\x15lW\xd7\xc2\xd9\x97\xbf\
\x15N\xdd\xfa)\x18(\x8b\xd23\x8f8W\x93vl\
\xb6\x1bx\xd7\xc3\x17\xe0\xcb\x7f\xf8<\xbcw{3F\
;DD\x8f\x86\xaf\xe2!\xe1=C(%\xbc\x9c_\
\x0a\xf4\xe5D\xd7\x1c\xa3\x84b\x18\xb0P\x1b\xeb\x22\x95\
\xd5]\x17o\x80\xff\xe5g\xce\xc1\xb6\x11d{rO\
\xf60\xc7\xff\xad\xe7\xd9\xbe{\x83SB\xdet\xdf\x07\
\xfb\x19q\xbd\xfa\x9d\x9b\xca\x06\x88S\x88\xb1\x95\x0c\xbb\
\xe7\x8a\xb7-\xcb\xd7\xd3\x93\x1d\xcb\xd0\xff\xee\xa5\xca\xbe\
Os\xaafe\x0c\x06s\xed\xfbXJ\x00\xe2B\xcd\
E\x18\xea\x03\xe4L-\xb8\xe7\xc2\xfc\xf3\xfa\xec\x02\xc4\
;\x85\xd4\xa7\x80\x02\xde\xe7O\x90>$\xf1SP\x07\
,p\xe7\x0b\xf3\xc1\xba8_\x07\xd6\xaf~\xfeiL\
!\xc6\xb33\xee\xc0\x03\xb6\x87\x93\x87\xde\xcf\xaet|\
\x1c\xc3\xdc\x1b\xd2\x9d/\xb4N\xa3M]nt\xe7\xf5\
\x10\x03\x89L\xb5\xc3!\x899\xab\x1d\xad\x85\xe8]\x1b\
\xe09\x86s7\xdeHz]e\x0c\x84\xc33\x11\xab\
\x84\x9a\xd5\x5c>\xfa\xf1\x12\x026pb\x8e@\xd2\xe7\
\x8e\x10\x04\xad\x83\x11|\xe8\x0f\xaec5bC\x9e\xa5\
)h\x9e\x11\xa2\xef\x8c\xf3'\xfd\x14@\xee\xa5\x10\xb4\
.\x22\x8a\xb6kzOD\x90\xf9\xb7\x04\xa8r\x92\x8b\
0\x8e\x10\xe9\xb0\xb5g^!\x94\x9a\x95\xfb\x15\x12\xdb\
\x89\x94\xc1\x1b\xf0\xd1\xb3\xbe_\xbe-+\x92C\x22\xda\
h }Q\x1cTq\xe3l\xb1\xa00\x1e\x94\x1bs\
\x94T\xf8\xa9\x17\xe4\x9ft\xea\x1b\xd1\xd3\x1b\xd1$j\
\x9e\xae\x0e\x8e\xb0\xd7\xd7\xcb\xd2\xf8&\xfev\x22\xf0%\
e)a\xa0\x1e\x04H\xac\xf8\xb5\xaa\x8d\xd4\xecL\xf0\
\x01\xc3i5/\x0d\xdd\x0fLL4\xb6\xa0\xc5\xd6\xdf\
\xef\xcf\xc1\xf5\xaf|+\x9c\xbe\xf9\xa5\xb0\x82K\x9a\xfb\
\x83`\x0c}\xd6i\x1e\x9a\x11\xdf\xd1n\x03\xef~\xf0\
Nx\xf3\xbf>\x07\x1f\xb8t=\x9c\x9c\xa2\x88\x90-\
\x84\xb7RXBT\xe2\xb9\xb5H\x85\xc1o\x9e\xcf4\
\xc27\x94\xa4\xeea\xbf\xd9\xc2\xbe\x052\xd8\x9c\xc0c\
Gg\xe1\x1b\xfe\xdd\x0dp\xf7\x137\x96\x92\xd6\x1en\
g\x82;\x22E;W\x1c\x22\xbc\x5c\x81\x08\xb7$\x9c\
\xb8\x86\x15\x17o\x89\x89w\x80]\x0a\xa6\x08\xc9C\x09\
\x81\xfc\xbe\xbf?7\x86p\x06\xc5\xb2R\xc3\xf4\xe3\x13\
\xe3\xf69\xce\xc9\xd2\xfe\xea\x9cV@`\x8e\x02\xaa\xa8\
\x9e\x8e\x9bv\xcf\xf2\x97q}3\xe7-\x13\x0d\xf9\xfb\
\xd5\x18\x82\x88O\x89r\xae\xc2\xc5\xa6\xc8YK\xfb5\
\xd9\x16>l>\x9d\xea\xd7\xa9:~\x01\xd4$\xaaj\
\x87\xf4\xc1{~\x8b\x1dYNt\xee\x96\x18\xbfLr\
ES\xfd\x0bsS\xbd#\x11\xcc&6\xa1O\xec\xc3\
\x15\x89x\xff\xa8\xc9\xca\x8e\x8e\xe0\xba\x0b72\x02\xe6\
\xb1\xab\xce\xdf\xab\x03\xbcx\xdcB\xfa\x86\xf1\xb8\xc48\
bpWsi\xfd\xefN\xf5\xe3\x08\x84L\x93\x8f\x89\
J\x97\x88\x88\xeb0\xe2\xa1\x9088/\x88y\xeeS\
\x88\x02\xffl\x0e\xbc\xe5\xe6\x02\x0b\x13\x02\xac\xce\x88\x0d\
\x9bKW\xc3M}\x18\xd6\x89\x9e$/\x15\x1b\x07\xf5\
C\x829\xf9\xd9\x8bF\xa2\xb5u\xb2\xcd=o\xfb\x09\
+\xec\x5cOE\xe8\xf5\x1f\x91\xa6\x1d\x96%\xb3\x1b\xb3\
\xebG\xf9\xac\x12\xe3\x91XR\xa2\x87\x89o\x8e\x99i\
j\xaa\x14Q\xd2\xbb\x1a\x13,\x22I \xa5ao\x11\
.\xcf\xc0u\x9f\xfag`\x85\xb9\x03\xd4\xecUa\x98\
F\x19\xe4s\x8368\xe8r\xbb\x83w=\xf8tx\
\xdd\xdb\xce\xc3\xfb/\x9d\x87m#\xae4\x16\x92y\xf8\
h\xb8jD\xf2~\xb1e.x>Q\x92A\xfbk\
\xbb^\xc3\xe3\x9b\x1b\xe0\xaf\xfd\xdb\xf3\xf03\x1f\xb8\x8d\
\x08\x05\x85iy>-Tz\xd6\x93\xb7\xe2\xcce;\
)q\x85\x5cQW\x8e\x84\x8fy#\xf8\xfb\xfdj\x15\
\xbe\xd9+\xea\xeb\x88\x8b\x1f\x95\x91$X\xf0f}\xb6\
\x8a\xba\x07\xa1|\xedyf\x0c[\xeab\xf4\x0a\xb3O\
\x8f\x7f\xd7\xb03\xb7\xac\xd9~\xaf\xa7\x90@\xf4\x89\x8f\
\xa2\xe3Jo\x9e\xb9\xdeQ\xc3\x81\xc3f}\xf80\x0f\
\xf8hZ\xdc$g\xcarDe5\xc4%w\xd0\xdf\
}\xf0.\xd6\xed\xe3\xcf/ Z\x08o\x17\xcf\x0d\x16\
!\xcc\x8f\x02Ng\xe1\xbc\x22\xad\xd7\xc9\x83\x1f\x00x\
\xec>\xf2?o\xbaA\xa5[t$N\xa6\xd1H\x05\
y\x80s\x0eh3\x09a8\xa1\x1f\xcd\x0e\xe9\xd7\x04\
\x89QN\x011\x00t\x9c)\x99\xa0\x11\xd8Iq\x02\
\xc2\xc6jy\x12\x5c\x0a`\x06{\xe4\xd9\xd0bP\xb3\
w\xc0~\x83\xa6/\x1cc@\xf6TD\xbf\x11!\xb0\
}\xb8\xac\x97\x80T4\x14\xe4_L\x044\xa0\x17\xbc\
\x16\xa0\x0f\xa6\x11\x04\x89\x0cDM\xfa\x10\x91\x14\xee\xb7\
\xd4'\x91l\x90\x94\xa0O\xd1)D\x94\xd1\x18\xb2\xa9\
\xd2\x01E\xdddB|b\x04\xa8\xd6\xbf\x8d\x83\xf5\x04\
\x8esa\x13.[]\x8bhs\xea\x1a!fa\xdb\
\x01\x1e\x85\x88\xc0\xfb9\xd6U4\x8e?\xf5\xab!\xaf\
&\x8a\xf6\xc8\x8e\x10ZL\x83J*\x08\xf7LR\x8f\
\xe9\x07\x8f\x01\x8fS`t\xe3z\xc5\x85\x12\xf5\xbb\xe4\
\x02\x95\x8b\xccM\xb4g\xa1\x98\x12V\x7f\xbf_\x85\xd3\
F\xc9\x80\xda\x14HN\x88\x0d\xda\xae\xe8\xef\xd6\x87M\
[\x89\x18\xea\xdbl~8&\x81J\x188w\x88\x8f\
x\xa8k\xe0$Fh`\xc8k\x8ai\xb6%\xf8\x8f\
H\xd1,\x83\x9fX\xa4\xc0\xf6:8\xff\xa9_\x03G\
\x17>\x11\xcfe;Wx\xceq\xbf\xd3\x93M:\xd3\
\xf4\xc6\xe4\xfeG93Zy\xd7\xc3\xcf\x80/\xfa\xc1\
\x9b\xe1\xb7\x1e\xbb\x09\xb6G\xd4GM\xef\xed\x08aZ\
Yw\x0e\x9dTO\x11\xd6\x1a\xb0\x8eG\xe0<\xfc\xa5\
\x1f\xb9\x19~\xe0w\xee\xe4(\x84$\xab\x17\xcb\x09\x8f\
\x88)f\x87\xc1m\x1f.\xb7\xf5y\xcbgB\xe2\xeb\
\xfb\xdc6\xedy\xd5\x93\xb3:\xb3\xc5\x12!I\x14\x01\
\xecF\x0c\xd4$\xbc\xd4a\xe7n\xa7W\xc5\xbe\x8a\x18\
4\x82\x11c\xa6\xb2\xbaF\x02<SMH\xee\x81=\
\x067\xe2|\x16|\xbf\x8b\xd7\xe2m\xc1\xf0\xb7 p\
\xb3\xdc\x97\xfbm\xac\x98\x8f\x02\xc7\x9d$j\xb8\x1f[\
\xdf\xcduY_\xed\xe2\x97p\xbfmbj\x8a\xbb\x12\
\xbb\x8f$\x04z\x90i\x96:Z\x87(aK\x88\xa3\
[l\x19\xc1\x15\xe7l1\xb7\xef\xc2\x17\x0fX\x80L\
L\x1c H\x18\xf8\xd3>\x95\xe26\xef\xbe\xe9\xff\x9e\
\x80\x87\xdf\xfb+p\xec\xfch\xeba\xc4~/\xd1\xf1\
\xfb1{\xe1\x12\x02Cg\x9c\xd5q\xdd\xeep\xe5\xfd\
\x90\xeb\x07\xefx\x88\xc4^\x0blB>0\x9bF\x04\
\xdcx\x01V\x1b\xd2;\x1a\x02\xcc\xed\xc5\xef\x0a\xd0E\
d/\x86Xx-\x06\x9f\xca\xc6m\xbe\xcf\xa3\xfe\x9b\
\x98\xbc8\x17E\x9f\xc2\xfb\xf9]}\xb4?_\xd8'\
\x9apM\x00\x84\xd6\xdf\x82\xf0\xc3z8@\xc8\xe1\x88\
l<\xbe\xe2\x98\xeb\xc2\x13\x19\x15Q>/\x85X^\
j\xa6 ^\xeft\xfe\xda>\x8e4\xcc\x05\xea\xb01\
\xdf\xbdx\xd9\xd7V\xf8^\xa2b\x04\x1f\x05J\xd2~\
\xa8\x94(\x87\x82\x9d\x1e\x8f\xb8va\xb0\x1e\x8b\xf3\x1a\
\xd6\xaf\x9eW\x0b\x17\xae(<\xc4\xbd\xb0=\x8c\xee\x86\
\x12~\xa8#\x82\xa3\xc4\x87\xe2\xf1\xec`\xd7\xd4\x01\xaf\
\xfe:\x80\x0b/F.\xb8\x154]u\xeb/F\xbf\
^Zw\xb4\xdf\xc3\xfb\x1e\xbe\x09\xbe\xfc_\x9d\x87\x9f\
\xfe\xf0-\xb0;n\xef\x5c\x81\xd5\xfa\x04\xcf`\xcb\xe5\
%Q?-\xd6\x02\xab\xa3\x9ad\x8f\xff\x9e\xac\xd7p\
\xb2^\xc1\xef=r\x1b|\xe5\x0f\xdc\x0c?\xfc{w\
0\x01/\x88\x93F.\xbbX\xe0\x8c\xfa\xca\xfb=\x12\
\xbcF\xa6\xd7#\xd8\x8f$\xb8;/\xb1\x89\xf7\xd7\xf1\
A\xfb\xea\xd8\xa3\x0a\xa6e\xa6w\xd461O\x0c\x85\
H\xbc\xd9\xf5\xc4\xa4\xad>B\xa9R\x95|\x8f\xe3\xed\
\xec\xd44s\x06\xb6\x17\xd2\x17\xcd\xe3\x13\xe1a)\x01\
\xe8u\xf8Ra\xab\xc0[\x1d\x1a\xf2Ddn\xb2\xd8\
\xb2[4!^\xa4\xb4\x0cA\xf9\xef#\xb1\xcb\xd4\xb5\
\x00\xe4\x02\xf6\x5cwu\xb6\x00$\xcbS\x17E\xc3\xba\
\xab-\xfd\xfb\xc2%5k\xd05<\xf0\xfb?\x0b\xdb\
\x93\xc7\x1dA\xe78,\x870=\xa75\xd9\xe7\x09\xe4\
\xa6\xfd\xd1` \xbb\xcer\x96\xa2{\xf5\xc9.J\xce\
\x8e\x11\xb3\x11\x1a\xbe\xed5l\x8eO\xc3\xd9\x1b\xcf\xc3\
nc1\xc3}]\xfdw\xe1\xb6X\xc7\xca\xe1\x81}\
\x9ag\x0d\x9c\xc3\xfd\xf4\xe3\xf6NN\xfe#\xd2\x0f\xcf\
}yn\xbb\x12MWD\x04q8\x94\xf10\xb4\x8b\
\xba\xeb\xda\xdd\xccf^\xb2\xe1\x15\xe3\x16\xf7%%f\
\x89\xf3C\xa9J\x91;\xbe\xea'.k\x1e\x83\x0b\xc5\
\x9aC0\x87\xb3Qf\xcf\xb4\xa2\xfe\xe5\x9d\x84\xc3\x08\
\xc6\xec\xb1\xe3k\x12\x0e\xd8\xed\xec\x92\xd0\xa2\x9c\xf6\xf6\
W\xdc\xe5\xba=\x9d\xa5H2GB\x04\x14iSi\
\x05\xcc\x11\x14\x13\xdb1@6\x02/%\x13\xf3\x89\xbf\
\xc4\xa54x@\xc9h8gG\xf0\x0a\x11\xf4,^\
\x14G\xf4]l\x0a\xdc\x9c\x89g\x0aF\xcb\xdc\x91O\
\xe8\x1e\xce\xc1\xf9W\xbf\x15\xd6\x17^\x82j\x02\x8b3\
\x179`!Z\x91\xff\xc2\xb3x\x0c\x1f|\xf26x\
\xfd\x8f\xdd\x09\x7f\xe7\xbf\xde\x09\x0fl\xc9&\xa7\x85\x83\
\xde\xaf(\xbe\x04\xc1\x1e>?kv\xd1\xe6\xf8\x06'\
\x9b5<\xba\xbd\x11\xbe\xfd\xd7\x9f\x0f\xaf\xfd\xbe;\xe0\
\xbf\xdds;\xacV\xa7$\x16\xa0\xdb?\xf6\x17\xbf\xea\
\xde\xe1\xb5\x12\xd7\xb7bO\xe5\xe0:\xba\xb6\x13\xa0y\
\x92\x90\xe5u\x1f\xc3\xea=?&R\xb5Z\xa2]\xe1\
\x96\xb9\xb6)f+ZMhW\xbc+t\xe8\x85\xda\
\x82\x09Q\xe7\x88\x05N\x0d\x1cq\xa2\xa9V\xa4\x1f\x12\
\x95\x93\xda\xcaq_|;\x00\xab[>\xfe\xf5\xfby\
\x0e@\xc4\x80M\x04'\x22\xac\x9e\xf2\x09\xe7i&\xc8\
\x8at\x89\xa4\x05\xbdUyWwa\xa8'\xd7\xfd\xf3\
\xfdX\xe2A\xc0hn\xe2\x02Gr\x99\xf4\xf42U\
\x84\x11>2\x0a6Z\xe9\x06\xd1\x8eP\xefj\x97\xa5\
'\xf1\xbb\xa5ll!O\xb7;\x80\xf3\xaf\xfc\x8bp\
\xcd\xb3_\xa1\x01R\xf0\xbeP\xcc\x92&R\xfa\x86\x9c\
\x8a\x03\x8aE\xff\x0f\xb1#h\xf3d\x80\x95\x91+\x8b\
\xb6|\x14\xadV\xe4\xc0jp\x12\xc7\x81\x92\x81\x18=\
\xd0Du\x08@\x9b\xabXK9{r\x09.>\xf2\
\x10\xcb\xe5\xcc\x026\xe4\xea\xd6\x09n\xf1\xe0el&\
R\x95\xb1\x90\x08\x9a,\xbd\xc5\xcc\xd2\xac<$\xf3^\
\xd2);Q\xb4\x09\x07}P\xabb\xee\x12\xf7)\x04\
\x0c\xc5X\x90\xb4\xc3i.ym\xa5}I\xc8\xa3\x8a\
\x18YG\xb7vy\x8f\x0b\xa2\xe6t/j\xb8Ep\
\xc0\x0c\x0be~T\xf7\x8aH\xd3\xda\xf0\xc6Q\xf9l\
\xc9w\x0b=\xba\x9eL\x93*\x22Y]\xeb@\x8c\xf9\
\xb9\x8e\x9c_\x0b%-)\xa3\xd4\xde\xa9\x9b/\xd9C\
6\xb6\x0c\x1br\xbf\xa5O\xe1\x99\x19\x98D\xef*\xb8\
\xc5}\xd4\xf6\xab\x875\xa8\xc2p\xf5\xa2J\xc0\xd9u\
\x84P\xc9,\xf2\xde\x06\x8e\x8b\xd3\xa5\xb34\xa1)\xed\
\xc8\x13\xb5\xa5\x05f\xfeN\x12\xa9\xed\x1b\xa7\x8f-\x87\
p\xec\xa2\x88\xd3(\x85\xbbK\xf0\xf0/\xfes\xd8\xdf\
\xf7\xab,A\xb2B\xaa\x01\x11y\x93\xf8y\xb3\x03\xd8\
\x22\xb3@\xa1\xce\x9f{\xdd\x83\xf0\xa6\x17\xdd\x0f\xaf\xff\
\xf8'\xe0\x8ek\x9f\x80\xd5\xf6\x22\xe6\x16 \x89\x1d\x85\
7\xdem\x8e\xe0du\x06\xeez\xecz\xf8W\xbf}\
\x0d\xfc\xf8\xbbn\x81\xdf{\xe44\xfa\xfa\xa3q1\x12\
 \xcdg \x19\xfeq\x1f\x85\x88\xb1\xebQ\xc2(\xaa\
\xcb\xb8\xb7\x18\xae\xa6\xf9\xf5\xbfm\xae\xf9\xac\x17\xb9D\
\xe8\xb6 ar{4q\xfb\x9a\xe1\x14\xabd\xdcZ\
\xcf\xe1\x18<\xeb\x0c\x87\xb2T\xc2\xef\x01U\xcb\xba\xfb\
4\x0e\xa2\x8c\x08v0\xaa\xf7\x87 \x9d\x09\xea\xb1H\
\x95\xaa\xa4\xdfb2\xea\xce\xaa$\x0ebU{>\x03\
\x05\x01 V\xbf\xd4X\x8b\x95\xdd\x10@\xf3KD\xdd\
\x82G@\xc9\x87\x5c\xe7\xd9Mx\xdf\xc3\xa8\xefpS\
\x13\x1f\x9b\x10\xe7\x8c\x80U]\x8a\x0dY\x89`\xb4\xdb\
Yo^O\xb3\xd5\xc6\xbe\xf53\x09\x8d\x88V` \
\x84R\x86~~2R\xc6\xb1agv\xf0\xe45\xcf\
\x84g\x7f\xfe7\xc2\xee\xe8ZZ\x05\xec\xa7\x00DG\
f\xf35\xd2\x7f\xf7\xc5\x1f\x1c\xe9\x92\xc8\xa8\xcaY\xcc\
z&\x9b(\xde\xb0\xbc!\xbb\xbd@\xb1\xabC\x8cl\
w8Q\xec\x89\xe2E\xee\xe7z\x0f\xdb\x93\x13\xb8\xf8\
\xe0\x83*\xea\xa4\xeb\x1c\x91\x0c\xb9C\xe6\xa0IF\x1f\
\xa9o\x97\xd7\x1c\xe3\x81;\x22\xcb\xaf\x0d\x0a\xcf\x1d1\
#\xc4\xa0 p\xb1C\x909\xb2\xb1\xb7(u\x04\x8c\
<\xf5\xee\xf5\xa6\xda\x86D\xfeC\x0e\xca\xc4\xd9B*\
J\xf8O\xecv@:B\xc1\xd7Q\xc7\xf4>.u\
C\x18B\xd4\x98D\xad>\x0bN\xee\xc1\xe1\x98M\x9a\
\x13\x897A\xe4J\x00(\x91\xe1\x80\x08\xbf\x87\xd1\xcc\
\x1c\x91\x84}\x13\xc4\xe6\xbaA@\x8c\x90\x98\xf5/\xef\
\xcf\xd19\x13\xa2m\xbe\x90\xc6\x839g\x89\x17\x9f\x08\
W\x1c\xa3T\xed\xe6\xd4\x8f\xdf\x9f\xef\xa0\xafm\x08\xbc\
a\xc3\x10X\xc8\x88\x5c\x8c\x09\xc0\xe7\x0eQ\xb9 \x16\
\xde\x8f\xa2A\xc0\x93\xc1?\x88!q\xd2\xd6\xb6\xf7w\
\x14m\x12m\x96<L\xc0z$4,\xef\x12\xdc\x8f\
\x8d\xb8{\x02\x1e\xfb\xe5\xef\x80\xed\x87\x7f\x19\x89<\xe2\
6\x9dK%\xf7Q\x90\x91q\x8d\xa47o\xf5\xde|\
\xf48<\xfb\xc6\xcb\xf0\x897=\x0cO\xbff\x0b\xa7\
\xcf\x5cF\x90\xff\xc4\xf6\x18>\xfc\xe8\xb5\xf0\x8b\x1f9\
\x03w?|\x0d<\xb9;\x03\xbb&)(\x10J,\
d\x84\xe8\xf7\xa6\xed\xad\x9a\x80\xf3\xbfeM\x85\xa8\x22\
\x09[|\xce\x08~\xd2\xb1\xcf3\xb3q\xdd\xf7\x13\xd2\
\xdb\x5cW\x83p^\x86'\x04@ \xcayl\xd2\xcf\
\x9e \xec\xdb\xa1\xd5\x12\xcb\x1c&P\xb4\x13- \x90\
'\x80\x89l'I\xe3\xb4DD\xebo}h*,\
\xae\xcf\xf7\xbf \x00L\x9c\xa0DCk\x94]MT\
\xb7\xa3\xfe\x98\xd3%X\x22\x87^1\xb5\x85\x1db\xb9\
\x98\x06\x82\x98/\xe3MS\xbb\x9e\xf8AS\xbf\xa2Q\
W\x0d\x88*\x02 \x22n\xe1\x1a3\xc2\xe9\x86\xdbq\
\x91RW\xbeon\x81\xc4M\x92\x12i{\xb2\x87s\
/\xfd*\xb8\xe1\x13_\x0b\xfb]3\xb8jn@\xa7\
(\x8b\x1b[}\xcb|z$\x93\x89\x8cL\x00\xa4\x0e\
\xf5\xfd\x1f\x11\x00\xdd\xac\x99E\xb9 d\xb1\x5c\x15\x0a\
\xb7\x01\x9afX%\x00\xc1\xfb\x8f\x13\x87\xb6\x82\xfd\xf6\
\x12<\xf6\xe0\x83\xc8\x19b\xf3l,%4\xafp\xcd\
\xc6\xe1J\x0c\x00\xeb\xa7\xa7\xb8\xf3\x1a\xc4h\x96&\x0d\
\xa0\xd9j\xc6`~=\xccxO\xd4EZ\x97\xefw\
\xdeg\xcc)\x0ag/\x22_::d_a\xefH\
\x14\xfc6/T\xb3EWK\xf3\xd3\xad\x95wc\x1c\
\x13\x0d\xf40\x1bW\xb1!\x97\x86\x08\xcd\x04@\xb2P\
2$*q\xc9\xc4}\xad>\xd7\x0dA\x220\xf3\x5c\
\x12Q:^\xde\xd0\xef\xcb\x14eT\xa4k\xcd\xa8\xd3\
3\x1a^\xe7\x9e\xcf\xbe\x10gb\xbc\x86\xd2\x86\xa4\xfa\
k}\xeb\xdd\xc2\x8cp\xcc\x00\xda\xa6\x83\xfd\xd0Y\xdd\
`\xaa\x11A\xa2\xf4\x0c\x1aza\xfe\x02\xf2\xde`\xd9\
\xb7\xce%I\x01\x22\x10\xa6\x86\x88\x03\x14\xc4\x8f\x06}\
\xcdKC-\xc0\x99\x80D\xcf\x0d\xd6\x05s\xdcx\x94\
2\xb4\xe0Xp\x11\x1e\xfb\xe5\xff\x03.~\xe8\xe7(\
\xf8Q\x88\x18\xcf\xc9\xc4\x84\xcb\xd4\xf1\xada\xb3\xdb\xc0\
\x09\x22t1\x82l\xe7\xe42\xaa\x1a\xb6\xeb\xc6E\x1e\
\xc1zw\x82Fg\x8d\xa8i\xfbn\xb3:\xe1\xe7\xf3\
\x9aE5Z\x9b\x18\xbf\xc7lo\xe6\xf5\x8f\xc4\xba<\
'\x04\x80\x94JM%\x04@\x9b\x87\x0c\xbf:$O\
\xd4\xb3\x03\x84\xab\xae\x1f\xa3\x82\x81}\x9ad\xc4\xc1}\
\x815\x99\x00\xf0\xf6\x22\x19\xd6\xfb\xb9\xb2v\xa5.\xd7\
w\xc1SN\xda\x8cF\x80\x08_D\x1e0\xb6\xf47\
\x22\x9e\xe10V\x1a\xcf-\x86\x02\xf6/\x85\xb9b\x8a\
\xb8qw\xed\xb5\x96\x90\xc3\xa7\xa4]\x82\x18T\xbcW\
\xcb\x03b\xf657i\xb3\xf5\xeaf3\x0b\xef\x8as\
\x9a\x13u\xab\xdb\x9fN\xbd3\xbaa\xee;\x18\xe1\x0c\
\xea\x0c\x5c\xa6og0\xa4<uB\x15g\xd1&Y\
|6}\xf4\x1e\x1ez\xc7\x0f\x00<\xfa\x01\xd8\xb7C\
\xb9:\x865r\x18N\x94&\xd6\xa8ZE\xbd>\xa3\
\xb5\x10\x04\xe5\xd7\xab#\xa0&\xe24\xf89!n\xb1\
8\xf0.\x98\x91\x1c\x12}\xa6=\x7ft\x0a\xce5\x9b\
\x00\x1f\x0eWP\xa9\x02\x16\xae\x0a\xa5\x16\xec\xb7\x9c\xfd\
\xea\x0b\xc3DAdf(\xc6\xc9\x82Xo\x1f\xc3\x1c\
[v9*.j\x9f\xcb\xa8%\xfd1\xdf}\xda\x93\
\x1b\xb4,7\x9f~Y\x0d\xa2s\xa2\xfb\x1b\xfd\x96\xe8\
oN\xdf,z\xbc,\x05p\x06db\xabQ\x8d\xd7\
\x17\x8e\xc7\xe7\xf4\xb0B\xa8\xd8\x87\x90\x7f\xfcx\x09\x88\
\x84LV\xae\xb7\xf0p\xd965a\xc7\xe6\xf0:\xb1\
?\xbe\x09M\x5c\x80\x07^\x17\xdd_\x12\xda\x18\xe7\x96\
\xbe#\x07\x18\xbc D\x8d\xc2\xad\x08\x18\x11\xc9\x0ag\
\x90l\xeb%\xff\x10x\xba\x08\x8d9\x9f{<3\xf2\
\xddl\x9bP\xcc\x1d\xdc\xac|\x88d\xcb\x01\xa0q/\
\x5c5\xd2_Jr\xe4\xa4+\xbc\xdf$\x93\xa6\xa6\x8e\
vI\x8b\xcc\xa0N\xe6\x90\xd49\x94\xd9\xf0\x88\xe2\x04\
\xc0Y8\xfb\xf2\xaf\x86kn{%\xc0\xbe%\x0fb\
I\x03~\xd8V\x02\xcf\x8c%\xf8\xda\xb4`c\xcd\x08\
\x10\xa7\xbc\xf5\xe8\x0al\x9a\xf7W#\xe4\xf6'p\xb4\
]\xc3\xf1\x09'(j\xea\x0a\xf4\xad'T\xb5M\xf1\
N\xaa\xbd\xba\xd4\xf7r\xa4\xd2\x91u\xc96*\xbe\xcd\
l\x94<\xaa7,\xc6\x08\x08\xae\xaa\x10\xed\xf2\x9b\xcf\
=z\xa5D\x09\x93&E\xeb\x0c\xedf\x06\xaen\xe1\
\xdc\xff\x84:v\xc1N\x87\x08oQ*\xe9\xe8\x07\xf8\
hI\xc1l\x80\xcb\x0a\x8b\x94\xfctLJ\x00pK\
\xb9\xbf\x83Z=\x05\xb9\x5czS\xd7\xe5\xfc\xf9Q\x5c\
7\xf0'\x96g\xab\xf7\xe3\x85\xdeX\xac\x0d\xd9\xa7\xcc\
\x95\xf7\xc6\xf3XI\x10\xfc\xf7\xe0\xd5\xd9q\x94hw\
\xc1b\xcb\xd3\xfb\xc7\xe0\x0f~\xe6\xdb\xe0x\x7f\x116\
\x8d\xc3f\xa0\x88\x1b\xd1\x01\x98%\xa5{v4W\xc9\
\xaa\xd8\xdd\xed\x8ce\xb0/E\xdewz(\xbaO\xf9\
\xeb\xc6%5\xf1\xe7\x06\xd6\xa7N\xc3\xd9\xf37v\xb1\
\xde#=\xe3y\x9b\x84\xd8\x5c\xf1AAF\x91\xdfr\
3\x12S '\x94\xf1\x05uxkJc\x1c\xf7\xad\
A\x16\x04\xce)0Q&\xcaZ\xb2V\xb5I\xe8D\
\xf8\xf3k)\x04\xc5\x92\x12\x9e\xd5~\xe7\x1d>]H\
}0\x9f\x99S\x01\x91\x84\x19\xa6C\xd9=W\xbd\x9b\
:\xac\x84\xa9OR\x94\x09(\x85\xebbu\x9d\xd6N\
\x89\x05w\xea\xc2I\xcc\x847K\xde\xb4\x11\x1a\xbd\xc5\
\x9c\x10\xa2?\xc3-\x0epUMO\xdc\xb1\xdc/\xc9\
E\xa0\x1e\x02\xdeM\xb0\xb9\x1f\xda9\x17\x82L\x03`\
\x89D\x07\x89.6\x88\x84c8\xf7\xaa\xb7\xc2\xe6\x96\
O\xc6T\xb8\xa3\xb8\x11\xd2\xa3f\xf4\x8c\xbdP{&\
d\xf54\xa9\x0dz\x1c\xac\x9b\xe1\xa1\xd9\x11\xa0\x8d\xc2\
N\x08\xc6Tc\xe7\xab\x1f\xef\xe7\xe49\xa3\xf7{\x89\
\xe9~\xf2\xde\xd2\xd2\x9b\x00\xc3L]\xfd\xde%Ik\
\xef\x057.,\x91b)i@\xd2\xcemQS`\
\x85\xb9\xb1\xc0\x10\xc6(Q<\x89\xe6\xe6\xa9\xf5\xc8\xd3\
\x07\xa8@\xf0\xf9\xa6\x02\x18\xbdH\x86\x0afG-\xdc\
\xb2rL\x07\x16\x11\xd1\x99\xb8\x9a\x0c\x80\x5c(\xf6\xe9\
\xf7\x93\x9e\x9d\x90N\xfb\xe5\xf5\xd7\xfb\x1e\xef\x06\x843\
\x96\x08\xa0\x8e7\xd4\xbd\x0a\xcbG\xc6#\x83\x09v\xb6\
\x0dc\x15@T)x\xb1\x7f\xb5\xa9\x91/rR\x05\
\xa4\x88w+8\xf3\xdc\xcf\x87\xa7\xbd\xea-(\x91\xa1\
\x10!,\xfeB?\xd1\xdc\xdet\xe9\xdb\x9d\xdeL\x1d\
A\xaf6\x07\xb9bo\xb8\xe4\xf4~\x81\xcbf\xff\xd8\
,Fg\x03\xff\xcb\x97/\xc3\xe5\x87\x1f\x0a\xb1\xc4\x09\
\xf8\xb1$\xc6I\x05\x02\xb7*\xea\x80\xa4\xb7\x0e\xfaZ\
\x0eBd\xe2\xb9\xe8\x1e&\x80X\xc5\xcf\xe60\xcb\xea\
\x0d\x02\x86\xc4\x89I\xc0\x99&\x99\xa1\x00\xa9bt\xa7\
\xc9gr\x14F\xd55\x90\xa0\x96D\xcb\xed\xdex\x1f\
a\xad\xd9g\x98\xe7\x9a&m`\xf7\x91\x081\xad\x0d\
\x0fb\xf2t\xd0\x13D\xf7\x05\xf0\xcbU\x11\xb7JQ\
\xd1'\x07\x85\x19\xc5\xbd\xb0\xce\xecb\x9b8_\xc4\xa9\
\x1a7?\xae\x83\x94+bwB\x12\x03\xcb\x93@b\
l?-\xfa\x1b9\xa7b\xfe\xf4\xf7\x80%,\xc6S\
I\xfd\xdc\x8c\xf03\xa2\xb60\xfd-\xa9C\xc8h0\
\xdbO\x91\xd8\xdf\x9d\x8f\x9d\xdc\x17[\x00\xd9\xcb\x0c\x8d\
\x1a\xect\x08\x18\x9dh\x1b\xb1\x80\xfb\xaeI\xa0\x1e\x83\
\xfb\x7f\xe6\x9ba{\xef\x7f'\xe3\xb6\xceDO`[\
\x8e.\xea\xef\xc6\xf1R+\x96\xeb\x1e\xb7\xb0\x8a\xa4E\
\xcaey\x08h\x8e\x9c\x1c\xa5 \x06\xec9\xd1\xe7\xc7\
k\xa5A_\x82[C\xc3\xbfC\xca\xcaT;\xf1<\
D\xd5TT/\x8a\xd7O\xb4\x9f\xc9\xfd\x14\xc9\x00\x92\
m\x15L\x0a/D\xbb\x8a>\xfak\xa52\x91k\xe3\
\xe1i\x1dY\x05 \x95u\x0fr\xf3\xa9\x16\xb7\xf9\x0f\
\x0b\xdc\x93*\x0a1\xca\x85j\x1f\x95\xa1\xce\xcfQ\xc5\
\x9e\xbaF\xb1\x19\x07\xe9\x08A\xae\x0a\xce\xb7\xd3\x17\x09\
\x18Hy\xe4\x89?\x9b/c\xe4?\xfd\xec\x14\xb2\xf5\
\xe3nx\xeb\xe2{\xfe\x0d<\xf8\x8e\x7fM\x01L\x90\
Z$)\x81\x07~K\x09\xb4\x8a\xeb\xaf\xb9\xe4eT\
\xa6pD(\x06\xe65\xd6\x84;\xea\x875n\x87\x80\
{\xdb\xd4k8:u\x1aN\xdfp\x81\xfd\xa4%\xc8\
\x0e#Fv\x93\xccu\xf9D3\xba\x17:_\xfd\x00\
\xde\x82X:\xce\xdf\xce\xd4\x10\x22\xc1\xc0\xf6\x8cP\xb4\
\xfd+\x22<Q\xdbpv\xf8\x86@\x05\xf9c\xd3,\
\xdeMAv\xa8\xaei\x9f\xfdq1b\xa2\x13\xa39\
\x175\xf4#\xd63\xcc\x84L\xce\x80\xe9\xeb\x0c\xc8\x8f\
\x00M)9S\xcej\xa2\x87\xb2\xee\xde\x08\xb3\xb8_\
\xfd\x0e\xe7\xdd\xad\xa7O,D\x8f\xac\x0f\x96h\xd8 \
r\x8c\x92\xa9\xb1\xd4\xde!q\xdf\xc8\x1a\x8b\xac\xc1\xb9\
\xa9\xe2\x9eKF\xcf\xd8\x05\xaf\xf6\xb1dLdwA\
\xfb\xc6\xb2]\xae`\x83Z*\x09\x0d\x1dcD\xb4\x04\
B\x17>\xfd\xebau\xeb\xab\x90\x89h0\xe2$\xe5\
\xa2\x17QE5[=\xb7-\xf0\xc4\xd6\x82\xaa\x12\x91\
\xb4\x8b\xb7\xe2?\x03qx\xa5\xcb\xaf\xe0}V\xabv\
\x22\xf6\xf4w\xaaT\xbe\xf0+\xc74d{\xa7L\xe0\
\xd9\xdc\xd1<\x08\xfeA\x05\xc9L\xce\x83\xc0\x9c\xb0e\
~I\xb0\xcfz\xaaDx*L\xf0\x1c\xf2\x1f\xc1\x93\
\xa3\xbe\x01\x13w\xe5Y\xc5m\xac\x93B\x00\x8b\x0c\x03\
\x0f\x11\xc1\xb0\x9eO\xb9\xc3\xc3K\x1e\x90\x07^r\xd5\
\xa4\x03\xfd\xbb\xda\x97\xecND\x17\xe3\xf3\xa1\xf3f\xc9\
\x1d/\x93X#\xa8\xfeGV\xe8\x85+\xe3\x88\xc2\x93\
\x0a\xfd\xf3h\xe1\xbbY\xc1\xc3\xbf\xf6\x83\xb0\xdd\xae\xe1\
\xa6\x97\xbd\x0e\xb6\xfbS\xa8\xf3c\xf9Lw\x1c\xa66\
\x80\xd5O\x9f\xd9\xb5\x5cS\x98g\xad-G\xd5\xf2\xd1\
\xac0\x97;G\xf9#\xc5.l\x1b\x97\x86\xe2J\x13\
\xa5\x85\xbeH\xdf\xb1\x8d\x15lN]\x03gnX\xc1\
\xc5G\x1e\xd6d$\xc4\xb4\x1b\xf7-\x5c6\xcdYq\
\x1a845e\xea\xcb\xb7\xe2\x1c\xbb\x81\xea\xdc\x91\xe0\
\xc7\xb5\xc1\x08\x8f\xa8g\x1a=\x11\x04\x9c\xb3W\xfa\xa4\
\xbe\xb8\x0eq\xa5\xbda\x13\xe99m\xe1\x10\xd2n\x0b\
\x10:!g\x96\xb0\x10\xc1k\xe6_D\xd4\xd2\xaf\xac\
\xbajEr\xc3\xcb\xba\x07\x0eL\x0d\xb0D\xc2@\xe7\
\xd7\xe6Nv\x9c\x19\xdc\xf5\x04\x1d\xbb\x0d2\x11\x14\x88\
\xa6\x82\x03\xb4\xbd\xd8\x13\x01F\xa0\x13\xf2!\x03K1\
\xaa$\xc4\xd8\xb9\xc3\xaa\x9b\x96E\xed\xa3\xb6\x9e\x0a\x03\
#\xc4\xda\xbc[\xa12\xf6\xcc-+\x11\x8c\x7f\x1cw\
\xa7\x80\x8b\xecz(z\x1f\x19_\xb3&X\xbd\x090\
\x9a J\x10\xc4\x18[\xda\xe33\xd5\xa2\xc4a\x03g\
\xe1i\xaf\xf9\x1ax\xe8W\xce\xc2\x93\xef\xfdi8\x86\
+lw\xb0\xef\xdf\xd1\x91\x89d@\xae\x99L\x88\xae\
\xf3]\xce{\xb0c5\xb0\xe2\x85F\xa0\xb8'\x89x\
\x1eo\xe3\xaa\x8c`t\x05\x9b\xc4\xc0\x0dw@\x19\xba\
\x5c\xfamn\xb0\x95\xce\xdc8\xfe(\xa1\xcdRg\xe1\
\xf8\xa5Q\x94`:\xe2\xc6\xdcf{\x18<\xc5[\xd7\
\xa5\x87\xc7(\xc3\x89H\xc9\xce\x0dJ\x85f\x98\xd0$\
a\x18\x9c\x82\xd5\xf0\xea\x16\xd3S\xda\xdf\xdc\xc1Y\xce\
\x05\xb9\x0eC8!xIB\xa0\xfe\xbb\x07\x1e}\x1b\
r]6\xb7\x88S\x9dNP\xc0\xe9@\xcf8\xec\xae\
 \xbb\x091\x99Q\x7f)\x01Pg\xd5:\x98W\x0f\
\xe8d\xec\xd9@\x8e\xef\xa2\xa8\xa9e\x08[_\x81\xc7\
~\xe3\xfb\xe0#?\xfbMp\xbc}\x9c\x0d\xa8\xd4\xe3\
8\xbc\xbb\x8c\x9b\x1c\xe7\xe9\xd6y\x98\xe1\xde\xa9\x16\x09\
\x18$\xc8\xcf\xc2\xd5\xfa\xf9\xcf-i\xdd\x1dG\xb2\x83\
\xd5\xf1\xb5p\xe6\xba\xf3!\x8c'!\x1f\xb2\x9c\x17n\
\xdcY\x80\xb8\xd9\xf4\x5c\xba\xb5e\x9f\xc8\x91[\x18\x18\
V,\x8d\xec*\x9c\xb7\x05\x93\xc2f\x15\xcdrO\x09\
\x9c\x82\xc8\xdf\xed\xf5Jt\x1c\xa5\x16^B0\xf7\x91\
q\xda_B\x02\x1e\x98\xd7gF\x8c \xe3\x9cp\x02\
d\x8eE\x9f\xdf\xc9\xfd\x0d\xe7j\x82\xb3\x0fZ\x08\x06\
\x86^:\x13\xe7 \xaf\x91#\x1c\x04n\xb8\x18\x0a\x1a\
!\xd3\x9d\xb1L\xf4\x86:J\x22W\x90\xbatr>\
\x96\xbaIm\xe8\x93=\x19\xb04)E\x0br\x95\x05\
*!*\xa0TL\x12+\x8cn\xa9/$\x09\xa7\x18\
A\xb2\x91\xa0\xcc\xad\xc0>\x92\x06\x9c\xd0\xb5F\x08\xec\
\xae\x85[^\xf6\x16\xb8\xe9S\xff\x0c\x5c9\xbe\x99m\
p\xcd`\xba\xdf\x87d\x03\xd0s\xf4a\x06J\xe2\x87\
\xf6\xb51\x88\xb4\x0f\x89\xe40\x86A\xe0|\x0f\x0f\x09\
\xc1F\x1b\x81C\x98\xcb%\xdc\x7f\xdf\xe9]\xa7\xd7\x1c\
J\x09\xb4\xdbf\x14\x98\xf3i\x08\xc3\x90\xeb\x1b\xc1\xe0\
1l^`m\xdd\xf5\x99\xa3\x7f\x8aTf$M\xe0\
z\xf1\xf9\xa7=\xff\x0d\xdd\xac\x10\xb0\x14\x7f\xe3\xcc\xa1\
\x19`vo81W1\x94t\xf0(x\xc6`\x13\
E/\x152\x80\xe3\x0dc\xdf\xfb\xba\xa5~\xefrB\
\xb9\x0c6u\xf0\x1d\xf1K\x96\x5c\xf1C\xd1&?\xcb\
\xc6 SKRI\x07\xa8\x8fL\xfd!\xf5E\xf1\xcc\
\x03\xf5\xcf}\xcd\x95I\x0c\x00\xe9\x9f\xea\x9f\xd0\xe2\x97\
\x22h\xe1\xc2\xdf\xf8\x02\xb8\xf3\x8f\xfd\x05\xd8\x9c\xbbU\
_n\xdc\xcf\x163\x8c\x99xQb\x03L\x1d*\xba\
\xe7\xa8`\x170\xc6\xdbo\xc8\xbc\xab\xee\x8f\xab\x14\xdb\
g\xa5\xda[\xa60\xb7\x99\x95?p\x13\x85\x00\x02\xe3\
\xa6S[b\x17@\xfd\xd6 \xc1\xb0\xbb|\x09.=\
\xf60\x85\x0dFB\x88\x90\xb5\x02~\x16\xe1Q\xd6C\
\xda\x93>\x08K\x16\xb3\xc7\xe9\xe6,\x8e\xac\xf3\xf6\x92\
0!&\xf1z\x9a+R\x1f\xb4\x18\x01\xbdz\x09\xdf\
\x1aF\xff\x1b\xcc\x7fEk8\xceF\xe26\x10\x1cb\
n\xb2Ie\x12\xd8\xf1\xa1\x82\xa5\xe3\x1c\xe9 \x8c/\
\x03'\xb2%1 \x16E\xc6\xad\x0cl\x5c\xe8\xa0\xf4\
D}\x96\x08\x88\xce_\x0c\xe1\x94\xb8\xb7\xf7}[\x1a\
\xcbQ\xfb;\x9e;\xe4\xceB\x845!\xca\xe9;\xea\
\xd2q\x7f8)\xc1\x22\xfc\xa2\xa4\xbe\xba\x83\x06\xce\xd4\
\x05kIq\x5c\x5c\xbf)\x8b\x8b\x84#\x96k\xe2\x95\
\xa6l,\xa7\xdf\xd5\xfb\x88\x05\xdb\x0f\xb1\xfcf\xce\xbf\
\xd9\x08\x08\xc1\xbfo\x09\x83\x85\x0b\xde\x05\x82W\x08\xcf\
\xcd\xfa\x0a\xec.?\x0c\x0f\xbd\xeb'\xe1\xb1\xf7\xfc$\
\xac\xf6\x8fQ\x90#\x1da#\x06\x07L\x9d\xb8\x0f\x86\
\xb5\x94\xa8\x832\xccH\xd8g\xe2\xd1~2A\x87K\
U\xc4\xc5\x0f\xea\x81,:0\xfb\x91\x8e3\x9e\x91r\
\xe2\xf4\xf3\x1e\xf3\x92\x82}\xf1^\xb7g\x07\x9b\xce\xab\
\x04\x146\x13\xf0\xd3q\xe0\xb9t\xfd\x95\xb6sp\xb8\
E\xa5$H;V\xca}mL\xe1&\xb8$\xda[\
\x1c\x90\xcc\xc7\x01\xa0\xc9`\x80\xbb\xc0\xc2\xd1\x84\xbfc\
\x02\xa0\x16\xd5\xf3sE \xa1\xee}\xcf5)\x85:\
!\xea\x09\x0bj\x94\xe8\x14\xf5?\xba\xef\x09\x00\xa6!\
\xa77\xd9\x1c\x01\xc0:lj'o\xb2l\x14$\xed\
\x1a\x85\x89\x9b\x0c\xafs\x5cnD\xc6\xe4\x17\xbc;:\
\x0b\xe7_\xf2&\xb8\xe1\xe3_\x03'\xeb#\xdc,\xcd\
\x9dg\xd7|x[&A\xac4\x1at\x05\xd1\x9e\x22\
\xfe>\xf6A\x08M\xbd\x90 \x17\xcf}J\xce\xe1\x11\
\x8ck\x99sVS\xd7\x02\xd6P}(\xb9k\x19\x12\
=9\xb9\x0cW\x1e{\x146\xbb\x1d\xe7W\x11.\xd0\
\xf3\x19='8T\xfd\xb0\x0c\xb5\xc8\x5c\xa1\xcf\x96\xa2\
^\xf7\xbe\x97\xf2\x90\xc1\x15\xa38%Lh\x12m\x8f\
I\x1d\x09\xb7\xb8\x09\xf2\xd2\x0a\xfc\xeb\x10\x8c\xff\x9d\x09\
1\xed\xb9\x00\x9a\x0a\xc02R\x8d\x00<\x0c.\xccC\
\xe4x\xfd\x9b\xcd%\xa6I|\xf8\xfcw\x91\xfcB\x0b\
\xa1\xff\xc4\x1d\x8aZ\xc1\x0d*\x9f\x0b\xec\xb0\x11\x8f|\
\xfa\xad}_?\x12D\x22\xb1\x93\xcb\xac\xc2a\x8eG\
\xd4$\xc1 t\x96\xcb\xe4\xf9bq\xbe_\x03\x22\x1c\
\x993`C\xc6\xd8\xff\x82X\xf2q\x00\xbc-'\xbb\
\xb5\xda\xd8\x9aW\x0c'T\xc2\xcb-2 \x89\x80-\
Q\x8f\xa4\x89\x8ds\xa2k\x86\xc6\x99\xcd\xfc\xafI\x16\
\xda\xd7\x138y\xf2\x01x\xe2\xbd\xbf\x00\x0f\xff\xfe/\
\xc3\xf6\x91\xf7\xc3zw\x05\xb6\xc7+8\xb3mV\x02\
*?\x9c\x98\x0f\x1bU\x94p\x9a4\xa8;M\xaa\xa2\
\x12[\x187\x87\xe1a\x12\xb3\x97g\xb6!\xad\x81Q\
\xe6\x08\xa1\xdb\xf97\x02\xa0\x8a\x03q(\x01\x90\xb9~\
\x1f\x01\xd5\xd4\x00\xc9\x16=\x10\xe4\xd1\xe8p\x91\xa4\xe3\
P\xb5\x15\x06\x11b\x18\xebb@\x90\x06\x8aOR\x0e\
\x04\x94\x93*\x8e:G\xf4\xbbA2r\xc5\x22QW\
\xd6\x9b\xe4\x09h\xae'\xb4I\xeat\xa4A\xdcL;\
\xcaqa\xbd^\xa6z\xdf\xf7?_\xcb\xed\x8c\x9e\x0f\
\x04@\x80*u_G\x04\x80{\xda\x01\xd4\xdd\xc0j\
\x98\xfb!\xe7\xdbB\x81(\xf7\x8d\x1f\x84w\x1c8\xa4\
\xc5\x06oN?\xbb\x0d\xac\xce?\x07.\xbc\xf8K\xe1\
\xec\x9d\x7f\x04\xb6\x9bc\xd3\xc53\x07\x88\x06ja,\
\x9eK\x12\x00\x1f\xb6\xad\xb0\x8f*\xd4Wd'\x87\xd7\
\x87\xe6\xec\x80\x03\x07zJ\x98N\x1c\x99\x02w\xcd\xdc\
\x11\x0b\xd7\x15\xb9\x93\xed1Y7\xa3\x08\xb4y\x07<\
\xfe(\x03\x0a\xcet\xd6%q\x12\x82\x80\xe3e\x8b\x0a\
\xa2\xa4`\x9c\xabY\xe2\xde\xec4\xe4\xf7\xcc\xa0\x0b\x1f\
e\xbb\x06<\xfc\x8a!\xbc\x85\xb9\xece\xd3G\x8a\xd5\
\xb7\xaeu\xda<J\xf4\xfa\xd5\x08\xe7\x89{\xdem\xba\
\x88x\xa3\x9d\x83'\x92Xl\xec>]\xf1\xd0Y9\
W\x9e+\x1e\x90\xe0?5\xf0\x14\x11\xb0\x17\x99%\x02\
F\xf4\xad\x1a$H\xa0\x94\xce\xad\x10\x15\xce0R\x9f\
\xc0\x5c\xc6\xe2\x87aw\x05\xb1sC\xf4<\xf3f\x12\
3\x82\x9f\x89\xb12<Q\xeef\x9c\xcf\xbdE\x9b\xb0\
\xf5\xf6\x8b\x80\xfbR\xc7\x1d\xd7\x81\x08S?\x85fL\
G\xe7Xt\xd8\xfc\xaerkd\x0b\xa0\x81\xa3\xd0G\
_\xee{\x09\x86p\xfc~\xee=\x5c\xe5\x04K\xaa\xab\
j\xd1+7p|\xbc\xa5[\x97\x1e\x85G\xdf\xf3\xcb\
\xf0\x91_\xfb\x01\xd8_z \x8c\x7f\x0a%\x19C/\
P\xc1\xdd\x9bR\x05i\xbd\x16\xd9\x0f\x7f\xa9\xad\x86D\
\xb9\xab\x1a\x8d\xa1\xc5}\xf1\xf8`$\x0d@\xd9I\x11\
\xed\xb2*sx%\xff\xf6\x01\x81\x82\xbaQ\xbc[\xf2\
\x98\x8a\xc0]\xb3D\x00J?8\x82\xab\x8cw*t\
\xbd\x10\x00\xaeZE\xfc2O=\x01@\x06K#\xca\
\x04\x03\x96\xe8%\xa5\xad\xf9\x88\xb4(R\xb4\xf9\xbc\x08\
\xd5OX\xbbN\xbe\xa7$\x01\x98\xa2~\xe8\xb0\x1a\x80\
\x9b\xdad\xb6\x01\x04\x99\x8d\x8b\x88n\xb3\xb8\xdb\xd7\xed\
u9\xe6J\xc4\xe9I}=!\x1a[L1\xdc\xd7\
I\xb1\xb7\xa9\x18\x01\xe0\x09\x02\x1d\x87G\xaa\x8c\xec\xbd\
NL\xa9\xce\xa6\x1a\xe0 \x11\xe8\x14\xb8_\xc1I\xf3\
\x10\xbd\xee68\xf7\xf4W\xc1\xf9\xe7\xbe\x1267\xdc\
\x0eWVg\x1a\xffl\xfax\xed'\xd3\xfc\x12\xd1\xcc\
\xc5\x92\xa6~X\xc4>\x0dD\xe2\xd1y\xb2\x0d \xc0\
n\xcf\x12p\xec9A\x0cn\x84\xedm1\xe1\x11\xf6\
\x04_\x14\xb1\xaf\xf4\xc7\xf6\xe4\x8e\x93\xc5\xb4\xa0H\x9b\
\xdd\x16.>\xf28\xbaKy\x89\x0f\x85G\x15B\x8b\
\x0c\xc30\xf4I\x1ff\x9bg_T$b\x9c%V\
=2\x0a\xc7\xa2\xa1\xd7\x05\xf7\x89m\x0e<j\x88\x88\
\xdaD\xed\xc6y\xc8\xba\xf1\xf8\x98\xab\x0b3\x93\x88\xc9\
\x8a\xa3\xf4\xa2G\xd9\xc7\xf19[!\xe5\xb4\xf4/!\
~\xd1\xc1S\xe4\xb9\x1d\x07\x81acA\xa7\xb2\x09\x92\
\x05\xea\xa0\xee\xc9$\xb4`\x5c\xcd\xc4\x1bB\xf26\xe2\
H\x00\x06\xd0\x81\xeb\xea97&\x0a\xf8\x01Z\x0aY\
\x0fY\x96\xccPD\x0aCZ\xc1s\xc6\x04\xb4V \
\x12\x00V\x07\x88\x84\x8d\x8e\xad\xf7Q6\x17V\x92@\
\xb9\xb4\xcc.T\xb8Ie\x18\xe6a\x0ab\x17\xa3_\
\x88,!\x10B\xbfY\x9a\x10\xd0,\xb9\x83\x12\x92\xb7\
\xb4\xcdD\xc0I\xb8&\x86\x9b\x9c:\x5c\x93Cq\x0b\
\x22\xe5\xf0\xc6j\xa2\xd2E\x0f\x82M\xcb\xc2\xb9\x85+\
\x97\x9f\x84G\xdf\xf7k\xf0\xe8\xef\xfc4\xec\xee\xffM\
8j\x81\x834\x98\x8d\xf4\xc7\x10\x8e\xf4\xbf\xa3Sy\
=\xc4\x08p\x0a\xf9\xcbjxzDCk\xe7\xfd\xc4\
g&\xe4\x1aI\x04\xc0\x88\xdb\x1f\x15A\xd2\xaa\xd2\xdc\
\x8f\xa3\xb7f\x89\xc2\x88\x81\xf4.~\xa6\xe2\xae9\xff\
 \xfa\x1f\xb8\x01\x8e\xc6@\xfb\x8b\xbd\x07\xc2s\xab\x09\
\x82\x9d\xc2\x08\xe7\xd0\xc2\xa1\xce\x9b>\xfe\x8d\x8e\x000\
\xfaL\x8a\x84\xad4Q#s\x0d]\x10 \xd9\x9c\xa6\
\xa3\xf1\x22H/\x8a1.X\xdca\xc8\x80A\xfb(\
\xeb\x9d\x17\x85\xf3\x12Ty\xe8+ICU\xf2\xa2\x1b\
\xf2u\x1cc\xe6\xba\xdc\xecT\xf5\x11Cd\xc8\x7fj\
#f\xd1\x91\x10\x06\xa3g\xbc_\xbf>\xcf\xca\xc4\xf6\
\x9b\x82}\xd8;\xa4\xd7\x13\xae\x1e\xe0\xca\xea\x08N]\
{\x1b\x9c\xba\xe5yp\xe6\x96g\xc357>\x0b\x8e\
\xcf\x9d\x87\xcd\x99\xeb\x10\xb1\xa3\x0b\xa1\xcbcm\x04\x8a\
\xacO\x14\xd3*\x90f\x04\xd22\x85\x19\xc2g` \
\xe0\x0b\xed\x10\x18\x95\xcb8\x18\xc0\xcb\xb8\xd0F\x0e\x01\
\xacL4'\x87\xf1\xd2\x03\x9cZ\xe6\x16[\x9f\xd7{\
8nyKw{x\xfc\xf1+\xb0\xdf6\xd1 \x8d\
a\xdf\xe2\xa8[\x14\x18\x8esN\xbd\x12\xe4&\xfaG\
\x9c3\xa7\x7f\xa6\xdf&\xf5\xb1(\x96\x12G[\xe6\x96\
\x5c\x03\xd1\xe0\x89\x91\x1ce\xa5\x13\x02\x91\x01\xbf\xce\x86\
\x88\xdfx\x9fH\x1cx%q8\xfc\xab\x06\x0db\xa3\
\xc1\xd6\xff\xb6\xe7\xd1\xf8\x91\xfaC\xf63|\xd6\x1cp\
\x96\xfdI}7\xf7+g\x05A\xf3\xb2\xa6\xdc\xf6\xc4\
}1\xe1\xd2\x08\x00\x0d=\xcbm\xcbih!_}\
\x1b\x1b\xb6\xf2\x90\xf5\xdcp$F\x9e\x1f\xf6H'\xde\
\xa4\xcd\x91HU|lt%0\x88\xf3\x0f\xea\x18\x91\
X\xf0\x9a\xc8\xbe \xa2D\x5c\x9f\xbc7\x81\x0bs\xaa\
d\x18\xc3\x19F\xe8\xfc\x1a\x9e\xb3&\x0c\x17Q;\xc6\
G\xc7\xf6\xcdU\x8fr\x16H\x1a\xd7\xdekD\x88n\
\x99'\x8a\xe8GF\xbbb\xc0Jk\xd1Z\xe2\x08\xcf\
\x92\xa1M\x10^\xfb\xb2mD\x03G*\xc4=+\x86\
\x91\xe6\xc9\x82\xeb-\xe7\x87\xe5`\xed\xbcrO\xcc\x06\
D\xe2\x04`\xbcwR\xf7\x89=\xcan\xb7\x85\x93\xcb\
\x17aw\xe9\x11x\xf2\x91\x8f\xc0\xa5\x07\xef\x82\x8b\xf7\
\xbd\x0f.\xdf\xff^8\xda=\xc6\xe7Y\xf24D?\
wA0#\xeeZ\xecor\xb8\xf7\xa8*\xea]\x1e\
iZ\x0c\xd7\x84\x04b\xae\xe0v\xc58\xf6Rq\xa5\
\x8a\x8b\xde0r\x8e\x15\xfe6\xe2L\xc2^\xcf\xc0f\
_\x96p\xe5\x9e\x19\x93w\xe6\xd4\x05\xb1\x11&h:\
\xa4./fWQ#\x1e\x86R\x85a\xe8v\x99\x0f\
\x17V{Oa\xc8\x122\x8c\x9d\xd0p\x95\xdc\xd6\xa6\
H\xe2C\x14*\xe9\x02\xcd\xc0\xdf)\x08\x06\x08:\xea\
\xeaSw\xf3 \x90\xca\xa6\x81\xe4\xfaJ\xfd}\xb1\xd0\
~\xc1l\x93\xdaH\x8d\x1f\x9c\xdf \xb9\x0d\x02*\xcb\
\x91\xff\xd45}\xbf\x93\xbe\xf4\xf5\xea\x16Q\xb72\x0d\
\xd6\x8c\xc0\xe6\xf4~\x07\xdb\xc7\xef\x82'\x1f\xbf\x0b.\
\xfd\xfe\x1a\xeeG\x835\xb1J?acO\x22*\x94\
\x08\x13\x88\x89\xdf\xfd\x86$\x08\x16\x81-\xbb\x01Ij\
ee\xb1\x05I\xd9\xfb\xad\xd5\xad\xea\x07\xc5\xba\xd9!\
\x10\xe5\xa68n9\xf6G\xdc^z\x92\x8c\xc1\x0b#\
V\xe9\xb7\xb7\xaf\x90\xe08\xba)M\x86!H\xdf\x82\
[\xeb\x98\xa8*\xc79\x0ab\x12\x91\xb0@K\xad\xd3\
\x0c\xb8\x047\x12w\xe6 \xbe\x9c?\xb3\xfa\xe2\xd6\x09\
\xa1\x0b\xb1c\xf3g\xaesT-#5\xd4\xe9V\x91\
\x0f\x8d\xe0\x10\xdc)\xf3\x19\xf6PN\xba\x85\x12=\xe6\
\x889\xcc\x8e{\xd8$\x14L\x04RL\x06C\xe8\x91\
x\x16 \xcdg_\xfb(D\x97R\x15A\xd2\xd1\x8f\
\xc3\x8dOE\xfaR\x93?\x9f\x8d\x00\x13\xc9\x7f\xefR\
\xea6\x89\xc6\x90\x88s\xe7\x91\x1438\x8c\x10\xc3\xda\
\xba\xe7,\x82\x1f[\xf6\xb3N^\x05\x15JL\xf0\xda\
\xa3Q\xa9\x835jH\xc0\xd2\xb5R\xffOH\x93\x02\
]\xe9Bp@ \xae\xc6\xc7\x9ep\x03%\x9b\x1b\xdb\
c\x8dXn\xfc\xe9\x06\x097\x93~\x1cs%d\xab\
b\xbb?\xec\x8d\xb0o\xbd\x9d\x8b\xe1\x0a=\x0a\xa3\x89\
\x0f\xf5VlUz\xcb3g*\x99\xdcO\x07eb\
1\x82HrF\xdc|\xf5\xeejFb1*\x8aK\
\x9c\xe4b\x849\x86R\xee\x05:\xfd\x0a\xd7iba\
Q\x9fi\xfdS\xf5Y\xcc\x00_\x90\x00\xb0\x0al\xe3\
\x8f\x16\xa8\xda\x04r]\xea\x9a\x9e\x00o)\xcd\x5c\xdb\
,\xa2KTi\x11\x11\xb0j\xd3\xf7\xab\x1a\x87O\x06\
C\x14\xb8Y8\xe3[\x94\xd7cH\x0e\xe0{\x1c\x02\
\x8at\xe2\xd1\xc7r\x0a\xe1\xc79\x8c\x143\xcd\xd2p\
\x09\x18\xda0\xe2duM\xdc(D,\xd1\xfe8\x81\
\xa3\x96\xc4\x03\x93\xef\xec\xe1\xd4\x9e\xd4\x00\xbar\xe82\
b\x09j$\x01\x89\xc3 y\x04\xa5\xe8\x95&\x8b\x01\
4\x13\x0a\xf9u\x0b\xcadH\xc4t\x88T\xa7JT\
\xb8o-\xf9\x08\x11+\xa2\xa7ws\x10\x90/\xf7B\
\x93K\xc9S<\xa7\x5c\xa9\x19r\x8a\xd8\xd6\xe9\xe9C\
\xdb\xd4yC\xc8\xb4\x11D/\xaf\xa1\x9b\x95\xe3\xa47\
\x83\xc1\xa4\xebj@!B\xdf\xe1\x7f\x9c\x1cI\x8c\xd5\
\x98\x90T\xc9\x87\xe7\x86\xd5\x1a[\xea 10\xbd\xb8\
\x8d\xf3\xd2\x08\x05g`\xa5\xa3pV\xe74DF<\
\x9e\x0bK\xea\x04o\xa4G\xcf;\xe7gbg\x8d\xa3\
\xc7\xfd\xe3\xe5h\xb2\x0fV\x11\xf7\x0b\xc1\x94\xecMD\
R\xa2W4\x96\x82\xaco\xb4y\xd8\xa8\xce\xdc\xc1\x14\
\xbdDY\xee\x848\x15\xcf\x10\xdb\x07q/a}\xc1\
\x994\xda0\xe0\xdbY\x87\xe4\x0c\xda\xe8\xcc\x09\x09\xc5\
mq\x84\x1e\x83\x05|NX2A\xc3\x13\xe9\x86$\
M\x92\xfd \xf9!\xd2\x86\x0a\x86s\x0e6\xb6\xb4=\
\xaa\x9fP\x1a\x92\xe7D$3\xd4\x0e\xa9\xb1H\xbdI\
]\x8b\xe8\x8b\xb6\x01y*E\xf5Q\x96\xa2\x0a\xd3$\
\xcfp\x13\x9c\xd8m\x092\xed\x122e\xc4\x97A\x8d\
\xfc\x94\xbei,\x83\xf9P\xe8\x15\xe3\x98\xf1\xc8\x14.\
\xf3\xf7\xe9\x87\xb1\x15\xd5s=~\x1a\x91\x09\xd3\xb6\x13\
\x22\x95\x0a\x04\x91\x83\x99\xfa3\xb5=\xea\x93\x14\x95\x00\
\xf4\x0f\x95}\xa4lQ\x18g\x9f'+\xae\xff\xc1e\
\x84$\x83t\xa0\xf0\xd3\x1c-^.\xe3{\x9e\x80\x10\
5Gwr:\x0b\xf0\xbe.G\x8c \xfeL\x90\xbf\
\x10[\xf5}2\x8e\xc6\x10\xefxR9$H\xe8O\
\xac\x93\x83\xa2\xe4\xe4H8N\xd2I\xa2\xc8Z\x88\x1b\
$\x5c$V\xb5\x1c\x22\xc5\xa0\xda\x9f(\xa9u\x00M\
C\xea\xbaa\x88nPE\xd1\xe2\xb2\xc6\xdf\xd5\x15\xc7\
\xf3\x1e2\x8f\x86\xf4\xd6\x0dA\xe2\xc5\x14\xa6\x96\x91\x87\
Za\xcb\xc8\x03\xc1\xc2\x1c\x91\xeeg\x9f\xdd\x8f\xf5\x96\
~V\x13\xb1\x22\x94\x80\x92\x84l=k>\xfd\xde\x07\
\x9d\xd54\xe9\xdc\x08\x22\xc1\xbc\x00\xd9*\x18\xebl\x04\
\x99#\x82\x027&\xe9\xa0\x19\xf1\x89x]\xdb\x96\x8e\
:\x22E\x91\x87_\xa3D7\xc9\xfc\xb1\xaf\xb8\x12n\
x\x9fUr\xfa\xb8H\x00\xbcN\xda\xd4\x18\xa2B!\
\xc2M\x0c8i\xbf\xe0\x1b\x82\x10x>5\x0a\xbe\x18\
\xcew\xc1U\x13\x80d\x82N\xael\x94\xe5\xe2~\xa9\
\xdd\x81H\x0aX\xe7.\xdeB\x9ac\xc3\xaf\x8a\xb7\xd7\
 +yYc\xb1Y!\x04(RG\xeb\xaf!{\
\xeb5\xf1\xd6\xe6\x05ACf\xc2P\xe7\x8c\x13wi\
\xceyI\x00\xa5\xd8\xd5\xdc\x8d\xf9M\x9b3\x87\x98\x1d\
\xac\x11\x1a,\xacp\x22\xbc\xd1f\xc5\xcc(\xc2\x9eo\
j\x1f\xb2L\xd9M3{<7a~\xfd\x9au\xa2\
u'\x95\xf3}\xf3\xb4\xa5n\x1f\x8f\xd0\xfc\x5c\xc7s\
\xac\xc4b\x80\xa7\xce\xc5n\x88\xec\xfa\xf1T\xbf\xf7C\
\x9b\xb7>\x88\x9b\xbf\x16zY\x80\xec^L\x1f\xdd\x1e\
\xa6pmUh\xa8\xecB\xae\xd1\x04\xfb\xa0}=\xf2\
o1\x02r\x8f;\x09@|\xb9\xea\x9cL\x02Q\xe2\
\xce\x8a\xb3x\xa6\x9c\x00\xe1\x83\x02\xe7+`\xd1\xa8T\
\xac\x03\xc5WbL\xc5zg\xac\xd4\x05\x9ai\x5c\xa2\
\xe8r\x9b\x7f|\x8el5\x98]J\xab\xd8\xc2\xa3R\
\x18]\xeb{\xe3\xa4$\xd8\x86\xd4%A6\xacN\xbc\
\xae\x86b\xd6g\x12\xa9\xa6\x80\x22\xf8\xd2nHaz\
\x8e\xda[\xa8\x22@\x95\x83,\x84\x86\x88\xbbP\x04i\
\x00$R\xe5\xf2,\x89\x835\x1a\x9b\xe3\xf45\x07\x03\
U\xaezr\x09)*\x99\xaf\xb5\xcf\xfc\x1c?\x05;\
\xcd\xbd\xcd\xd2\x88\xd1&\xf6H\x96\xb9[\xa5\xb3\xca\xe2\
\x0f\xb8\xc4\xfawHA}\xfc}?\x99\xe7\xc4\xa9I\
\x07\xd8\xb3h|E\xff&O\x94\xb0\x87%G\x01\x03\
e\x9d?G\x18\x19\x074u\x90Y\xca%\xef\xa4\xbe\
E\x83UAd\xf6\x94\x12\x18\xc4Vq\xc4=\x8f\xf4\
\x95\x22+\xda\xee\x89X\xc5g\xd2oE8\xa2\xc2a\
\xf4\xa5{\x93]Cy\x00\xb4\xb7\xa4M\x89\x0d\xdf\x0a\
\xdb\x06\xc829r\xce\xb1\xd4F\xb4\xf1C\x86\x0f\x04\
\xcdp\x1a\xdd4\x06]!\xf52r\xee\x972\xb98\
_\xdc\xaa\x04\x8crq>\x02\x82\x92:\xd9P\xd4z\
\xeb\x81\xb3\x11\x85\x22\x992\xc4e\xc6i\xecQ\xad\xff\
\x07+p]SK\x93l\x10\xcf\xc5\x88\x90H\x8a\xba\
>\x1e\xfe\xb8\xd9\xe8\xc4\xdb\xe1g\xe7W\xef%@\xa2\
p3\xf8b*O\x83\x19$\x8d ?\xfe\xb8\xcf\x84\
(\xa2\xf9\x10_\x7f\x916F\xea\x99\xe6\x8amM\x5c\
\x14COnI\x7f\x91\xa8\xe3<\x13\x186\xc4\xf7\xdf\
\xfb\xcbk&Q\x92\xbc\x12\xfcv\xb0\xc1\xad\x95 j\
\x0f\xdc3\xb2_MH\xab\x0f\xd5\xe7\xfb\xeb\xba\xd7*\
\xaf\x05o\xc4\x88\xfbYT\x94\xb9B>'\xce\xde\xa5\
s[\x9d\xc8S\x91\xc7\xacD\x82\x10\xc6\xb8\xb4;8\
\xea\xc5\x13QG\x9e\x17\x97\xbcu\x0a\xaf\xe9\x81h\xa5\
.c\xeeVDs\xd1\xb2Z\x0clV\xdd\x22\x11#\
\xc2\x860N\x07\x94\x91mn\x85\xa8b\xe3\xd8\xa2X\
;S{\xe9\xed<g\x02\x94\x91\xb3\xce\x86\x1b&*\
\xceDQ\xd57\xb2\x84\xe7\xd0\xb5\x99\x9bt\x5cX.\
=\x15\x1e\xefy\x9c\xd1\xd9F\xf8\xef\x8aL8\xac\xac\
\xd7\xab9\xea\x1d\xa3\x95\x09\xd5\x1b\x0c\x07W\xdda\xc5\
\x9f\xd4p\xd7\xfb\xbe\xbf9pN\x8e\xca\xe5X\xb2 \
\x1b\x1c\x19\xbf\xcc\x15A\x00u\xbfh\xfc\xcc\x85\xa6\xbd\
\xd0\xe6\xa0&\xe6\xfcz\xd4\x81\x80\xec\xb9|g\xf4\xfc\
h\xfcSc\x96\xf9\xef\xfb\x96\xc7I\xc7\xc8\x9b\xff\xd9\
}k\xbb\xe0\xb2\xa4/\xc5^\xa563\x90\xf2\xc4\x8d\
>\xed\x08\xd9\xbc\x1e~\x8d]\x8b\xba>\x91W\x5c\x0d\
^S\xc9Ip;\xad\xe7.\xc2\x0fS\xd7\x85Q$\
\x91\xb3\xc2\x1dg\xf1\xafD\x83\xc4\xd7p}\x96I\xd5\
\xb8\x06#\xc4\x9e8\xd6\xec\xc3\x8e\xc9\xc0\xa6\xd4\xa0\xfe\
\xec(\x12/\xd6Q\x91\xcaXl\xbf:\x10\xde{)\
\xae\xc1\xd3D\xbb\x86n\x17c\xc8\xc9p\xd4\xd0\xcd\xb7\
\xc1D\xc1\x04b\xaf\xfbEE\xe6oN\xb2\x5c\x11\x07\
\x15\xcc\x0d\x84\xe6\xa4\xe1\xe2\x00\x0f\xaa\x98\xdfK\x8c\xa6\
\xfb\xd4\xb7=\xa8:ym\x1d\xe5\x17\xf4\xb82\x15\x98\
\xbbo\xees\xab\xc5\x8d\xc85\xff7\xb6\xe8}\xe29\
k\x97\xde\x17\xa3\xc3\x9d\xbaA\x90t\x80D\xf7dD\
eT\xe7\x1c\x05\xc7\xa3H\x0eNt\xcd\x8b\xd6C_\
\xb9Ce}A\xa4\x93\xe7\xc5\xebj\x97\xea\xc3LD\
(\xe3\xef\xe6[\x81\xcct\x00\x890\x07\xbc\xa7\xfc\xba\
\xd4R\x1f\x87\xe84\xc5\xa8N\xd1\x0cG\x12\xd7\xda\xa4\
41\xaf\x81\x00\xc7e\xf31u\xa0\x1du[\x88I\
\x875\xa6=2\x22\x9a\xa4\xae\x11\xb0\x1b\x02\xdd\x05\xa5\
F(S\xcf\x8b>v.\xf7\x86wB\x8a\xdc\x1d\xb5\
\x99\x11r\xef\xcd\xd3\x05\x82\x1a\x008\x11GN\xf5_\
8F+\x92\xb0\xa8&e\xc7\xd3\xe7\x80\xaa\xebw\x0e\
$\xd3\x05L\x1aU\xc7\x19\x1d\xd7\x07\x1a\x8e\x8d\xeeg\
\xe9\x82\x97\xa2\xc8\xf5@\x1c\xea\xd5\xc8\xd5U\xfb\x22\x9e\
\xd9\x04\x0a\xfc\x19\x1b\xf4S\xcf\xfa\xf4\x16\xebJ\x05\xe5\
G\xc4\xc3x>l\x5cU\xd4\xbf0CE\xff\xba}\
U\x11\x94\x18\xc1s\x1a'\x8d\xca*\xc1\xc1y\xdc\xd1\
K\x98\xe3\xb3\x12\x98\x09\xefN\x84\x9a\xacq\x03~W\
\xc9L\xdf\xc6t\xdbU+\xdb\xda\x83\x83\xbbx4P\
\x9fXc\x03@5Eu\xcc\x01\xd6\xb9N\xb7bI\
?s\xdb\xb9}\xa3\x00\x89\x1bwV\xd0\xa3vDo\
\xe2\x5c\xe8D\xaf;\x13B`\x92\xcbB#Bw\x9d\
\x5c\x94\x88\x8a\xf3\x1c\xc8\x94x)\x1c\xd8\x05\xc5?\x9b\
\xbf\xe7^6h\x97\xe5=\xaa\xbf\xd4\xfah\x8eE\xd2\
\xe3\xeb\x12Q\xb8 py^\x0d\xb5\xc2\xba\x8b\xee\x9e\
\x09:\xcfiN\x02\xd0\xbe\x88(\x96\x9a$\xe2\x8dJ\
G\x9e\x0e\xe7!\xff\xce\x7fG}\xa9\x08\x9c\xba\x8fW\
O\x0c\x8c\x9e\xad\x88-\x93\xc8\xc9Y\x10\x82\x91\x00J\
\x94\xd8\xd1\xbe\x14d\x94\x01\x0d\x15QQ\xc5\xd8\x1c\xf2\
\x0c}\xaf\x81dI$\x05z\xb3\x8a\xb0(bry\
~\xdf\x8d\xab\x92J\xf6!\xbd{\x0e\x17\xef\xe7\xe5\xea\
\xf6\x81S\x0b1\xa0X\xba\x17\xeb\xf9K\xcf\x0cwI\
\xe3Z\x8d\xb8\x12\xc9\xda\x5c\x9b\xde\x85\x8e\x90\xa8\x8f\x1b\
\xe1\xfdg\x22|\xcc\xfd\x1e\x959\x82V\xcf\xee\x00\xc9\
\xf7\xcc^/\xa9\x19\xe1\xc0L4U\x81\xa8\xba\xf9\xce\
~\xec*\x0a\x88\xea\x9b\xa5e\xbf\x10\xce.\x81\xbb\xc4\
\x98\xd6\x8cYd8$%p\x94.\x05FO\x02D\
=E<\xea\x9f\xad\xea\xe1l\x80F\xadY\x08Sn\
\x5c\xf5A}\xa5#\x1f\x90)@C\xf1\xf9\x89\x13i\
\x09\x85\xe8\xaa\x1c\x8ax|0\xb3Q\x88\x10\x96|\xf4\
\x9b\x85\xaf\xc6\xfb\x88\x87\xa1\xefp/\x8a\x09@M\x0d\
\x80\xfc\x03lt2\xdc\xc1L\x8c4\x1d\xbbpZ\x1a\
\xf9\x89\xa9{\x14Y\xc9\xa2z\x9d\xd0\xb6\x9f'\xd1\xfb\
\xb8\xb2\x16\x1d\xac\xb4\x17\xac@\x8b.I}hs$\
j\x04\xaa\x83\xfae\x5c}\xe6\x1eh>\x5c\x14\xb6T\
B|y\x89\xdc\xe5]\xf8\x02\xf5\xcc\xc8'i2|\
(gO`\xeeS\xb0W\xbd\xa8\x89N\xfcV\xeb\xc5\
\xe4\xdda\xc8\xc0J\xa5\x04\x95\xcfr|\xb2\x1f\xfb\x98\
\xbb\x1a\x11\x1a\xf4\xd6\xe6\xc0\x98\xdf\xb1\xed\xea\x90\xf7\x9c\
&\x05\xb2\x89\xf7\x05\xd1\x88}\x84\xcc_\x8c\xe91\x18\
T\xd1\x16\x07T\xea\xec\x1c\xa8\xfe@0\x85\xd1\x98\xe5\
\xbf\x96\x1de\x03Uw\xc5\x95\x1f\x03\xed\x99\xe87N\
\xc02\x13\x1dD\x104CV\xb6\x87\xd1yr{\x17\
\xf7\xde\x86e}\x14H\xcb\x06@\xc4\xbaB\xa7\x02\x11\
\x96\x08OI\x1b!\xd4\xb3\x9be\xfe\xe6\xd7\xaf\x97\xac\
xF&#\xe3\x8a\xc0j\xf67\xd3%\xb6\x1bH)\
\xad>&\x18\x0a\x8cGu\xf2\x17Z\x94\xfb\xf6\xdb\xe5\
u\xaa,\xfb\xf9\xbb\x9a\x8a:\xfa\x84<\x02#}\xbf\
D\xcc\x9eU\x0b\xe3\xfe\xd5e\x15\xceo\x01\xf3\xb3j\
\x17\xd5;141\xe5m\xe8u\xfeB\x18\x94\x04\x16\
\xea\xa2=Q'n\xf7b\xbfUK\xfcjit\xb4\
9\xc01\xcd\xc4>H\xe9\x80=p\x11\x8a\x8b@\xf2\
h\xdb\xf5\x95\xcbD\xe6\x90\xb3\xd6\xa9\x8aR\xf5\xa2\xcd\
\x9a\xa2\x14*/\x16J\xb6\xd0\xf7I\x9f\x1fl:C\
v\xdd\x1d\xd7^M\xc5\xf9\xefYd$\x04\x8b\x1f\xbb\
\x22b\xb1\x9d\x90\xe0%\x09\xd8.#\xe82w4\x90\
\x18\x04W\xb1\x8c\x98\xbbG\xe9\xafH2\xd4%m\xdc\
\x8b*L@\xcfU\xf7\x1e\x1cY\xbf\x1cK\x22\xd2\x0e\
 \xe8;\xe0\x99\xae\x9b\xdb\xd7\x5c\xa5\xd1(gD=\
WR\x97\xeey\x89\xc7?\xc9\x81\xe5\xe0KWW\xfa\
\xb9tD\x98\x16\x1ftk\x0a\x91\xf8\xfb\xde\x93d\xf4\
\xac\xb5\xd3E\x8e\xf3FX\x8c\x80\xe9\x09\xaf\xf6\x93\xa7\
\xa5\xdfr6\xfd~Z\xba\x19\x22\x07J \x95A\xa9\
\xab\x22\xaf\xe9bnJ\x03\x09\xa5\x1e%i\x84\x11L\
=a\x18_3\x98;\xe2\x1a\x0f\x91$I\x9dQB\
Z\xb5\xd7_\xab$*y\x5c\xa3\xba\xfa\xef\xf1\x1d\x1f\
\xec\xa7\x82\xa1\xbe\x8e\x9e\xd0\x9c\x96\xb0E\xa9W\xbc\xbf\
\x94S\xde'f\x90\xbe$\x06\xae\xa8\xbf\xaaz\x0aa\
\xfb\xb9&\xbc\xd0K\x84\x0f\x92Jp\xdc\x14\x0c\xba\x95\
<4\xc8\xdbj\xa2\xae}G\x00\xc4\xc5\x9b\xdax$\
\x1d`&\xafl\xc4\x22\xb0Q)8\xafB\xdf2\xb9\
\xd9\x13\xfe\x1a\x0d\xad\x5c\xf4A\xe8\xc5\xe2\xed\xd4\xe0\x18\
\xd8{u\xc8\xe8\xa0\xe3&l\xde\x0c\xf2,R\x8d\xae\
\x85\x09\xd1Z.D\x01\xfb\xbc\x04=\xa2\xaa\xea\x11\x00\
\x1a\xf0\xf2p\x9e]dC\x99\x0e\x84\xc9cNw\xaa\
\xcfse\xb4\xfeJ#NQ!\x1d\xd0\x18\xef\x9d\xd1\
\xbd<\x9e\xd0~\xf1\xde\xd5\x88\xfaG\x9c\x9d\xdd\x8f\xed\
U\x1co_\x84\x9b\xef9\x13\xff\x0c\xdd7\x9fm\x92\
\xc0\x91G\x0d\xbd?&\xd0<`\x1dq\xc5\x86\xfc\x85\
\xd0r}\xe1\xfb\x1e\x19\xd6\x0c\x83D\x96\xac\x10\xbdg\
J\xe2\x18+\xe4\xa1D\x83#P}d\xd1\xfc\xbcp\
\xfe\x87\xec\xdd\x0a\xf1\xf5\xfd\x88\xe3\xad\xf6@\x84\x1b\xd1\
\xa84\xb7\xb7\xa4\x7f\xb1_\xeb\x83%N\xc334G\
4\xa4b\xf5\x14n\xb1\xb2\xbfq\xd9{\xf5@\x90\x1e\
\x06o\x94\x09\x22\xbap\x83\x8b\xf5U}\x1b\xcdk\x22\
\x9cB\xa2\xa5\xf8N\xc7\xd9\xcf\x04\xf6\xa9\xe0|\xf8\xee\
=\xc0\x068\xa7\xa85\xaa\x1c\x06\xc7\xb9#@\xb8\xad\
\x966.X\xba\xfa`8\xbe\xcc\xf1\x0cV\xa6\x00\x8a\
XE\x13\x07 1$\xeax\xe6\xfe\x9d\xfc;\x06\x85\
\x19\x89\xcb\xf0w\xde\x80L\xd5]\x0d\xc2\x9a\x02<\xa5\
\xb8j\x82x\xf0\xcf\x8e\xda\xc9c\xd6w\x1c\xb0\xf5\xeb\
\xb5\x12\xef\x01\xfc\xc1\x19\xcc\x16\xb8\x12i;\xea\xc7l\
~\xcd.X\x00/m\xda\x1fN*\x13\xaf+\x06\x8f\
m\xa0\xfbN\x16}z\xb1?\x13+J\xc1\xd6H\xd0\
\xe6$\x89\xb5e.\xba9\xf7\x9ce_\x22\x02aO\
\x94\x02P\x1cF\x10\xd4^\x0f=\x02\xf4D@\xddN\
\x8dx\xabqD\xf5H\xf4\x1a\xf0\xf7k\x0e\xd1\x08u\
qq\xac\x11\xac\x95<\x9f\xf9\xc0\xb9\xfe\x0b\x92\xe7h\
\x8d\xbeN\xf9J^\x03b\xcf\xd0\xd4'\xd2_\x93\x18\
\xf4H67\xd8\xef;\x85\x19\x13\xc4\xf2T\xd1s\x8e\
\xc6\xfc\x12\xa5\xce\xb9\x1df\xffpU[e\x11\xaeW\
cx\x04 \x81\xc8\xe6\xf6\xe7\xb8\x1c\x06\xcf\x8c)X\
$*\xb7\x05ZLh\xfb\xd8\x86\x92&\xdcK\x96\xa5\
\xcfa=V1\xe6\xc8\xd50\x15\xd3\xc3\xe8\x09\xc9P\
,f\xb9\x5c\xd0[S\x92\xc0\xd1o\xac\x81\x80Iw\
=\xd6gD\xcf\x12\xc9\x91\xd4k`\x94\xe1[\x17&\
\xb8\x97T\xfb\x88\xb5h\x04\xb8f}\xae\xe7x\xfd!\
\xf3\xfa\xc60\x00w\xb8\xc7\x1d\xcd\x81t,b\x19\xe9\
\x84<\x80\x89d\x86\xf9\xd4\x9b\x0e\x5c\xa9\x9d$\xa9\x10\
\x80\xa2\x06\x16\xd5\x84\x09\xd5Pe\x85)\x0aM\x96\xa4\
;\xf5\xd7\xb9\x1e\xfa\x95\xec\x99[\xfb\xb5\x7ff5O\
\xe1w\xd9\xa7\x16\xc1\x8f\xfa@6\x05\xf6\x1c\x85\xa6\x8d\
\x1bKt\x84bKPJ\x12\x06\xc37U\x80\x1d\x00\
\x8d$&\x1b\xc9\xef\x87\x1c\xf3 7\xa2\xfa\xb9\x1e\x81\
Z>\x87\x9e`D\x8f\x0f\x8d\x18\xe7\x82\x7f8)\x0e\
U3X\xe7RliQ\x13}?z\x02\xcd\x08N\
\x0f\x90\x0f!\x18\xadN\x17\x95\xae\xb8\x1f\xc3O\x1b\xa8\
\x5c\xd0\x82\x8e\xa9R\xa5\xf5\xedUD\xbd\xb5\x97\x11T\
\xff\xcc\x1c\x1b\xe0\xecK\xa6\x00\xa4p|&\xdeI\x84\
Y\xb4g\xc0x\x13\x8a\x1c\x09\xa9\x9a$\xc3\x12[\x05\
\xbb\x09q\x07\xf6{\x5c\x81z$\xca\xa7\x8a'\x16\x08\
!\xd9\xe1\x10cX\x1f\x8a\xb7\x97\x0a\xd0=\xda\xe6d\
\x01/\xfbK\xc7\x87\xf0Z\xd42~|\x03\x02\xdd\x8d\
a\x09A\xa0\x1dN\xfb\x85f\x9e\xb2rP\xa2\xad\x82\
X\xf29N\xfc\xae\xa88\x7f\x95J\xc6\x98\x00\x18\xcb\
\x9f\x7fcN\x0e\xa7\x02 F\x85\x02i\xc9\x1c\x05P\
8\xd6<L\x94dt\xba\x0c\xcc\xc72\x91m\x90t\
\xfcn\x9dwk\xd8chn\x81\xef\x14V\xbb\xd2\x18\
T\x0cD\x5cC\x0a\xa3%\xc1\x8e\x14\x87Ld@\x8c\
\x0d\xb8\x18\x1c\x01\xa6\xb1\xb4O\x08=\x8dbNk|\
4-\x9e\xc3j\xe8\x7f$}\x07m\x17\xa2\xf0\xea\x99\
\xc3\xb8n\xc9*8\x08\xad\xab\x1bT\xfa(\x11\xe9\xa6\
\x90?\xbeh\x08t\x88\x04|\x7f\xb7\x1a\xd6\xb2>$\
s\x1c\xd1\xf2\xb1\x97\xcf\x88\xc12KB\xc2\x14,\xd0\
\x19W\x92\x11\xf2\xb5\xeem.\xaa\xb9\xb0\x14\xa7\xc6\xa9\
\x1a'\x97\x0f\xade\xbb\xaa\xa4 \x8b\x0a\x067Z\xf0\
X\xc1AD\x09D\x01\xa8&\x0f`/\x82m\xbf-\
\xe0\x91\x11\x9aj{\xc1\xfd\xf5c\xac\xda\xab\x88\x0e\xfa\
.\xa2xA\x86u\x9f\xfb\xfe{\xa2|n\xb6\x04)\
\x8btoT\xa7=\xef\xc7\x13\x11\xf5z\xf2\x9d\xaa\xdf\
\xc3kzn\xfd\xfe\xea\xd5A\xc2C\x8a\xe4\x82\x86/\
\xc4\x1c\xf4{-uK\x08\x22\x8f\xcc\x96\x14\xea\x1e\xad\
7\x12\xd5\x85\xd4\x90\xfag\xb3T\x8d7\xea\xbe\xd7\xe8\
\xb7?\x05g-\xbeF\xc5\xb9\xd9\xbe\x96\x12H\xb7\xf6\
n\xf2g\x0f\xe73{\xfc\x083d\x03N\xa9\xa3c\
;\xab\xc1\x19\xb2h\x87\xbd\x0aC2a\xae\xd98Z\
\xc6f\x92\xa1\xd8\xc9C\xd6\xc8^r\xdcn\xce]\x92\
\x0a\x91`\xee\x8cC-\xdd\xcbY\xfbh\x0dv}_\
\xb3Zx\x80\xfc\xe7\xc6e}\xe0ns\xd25\x09\xdb\
>|'\x13\x08\x1e_\xf2\x08#\x83!\x85\x98\xba\xa3\
%\x9d\xc5LT\xb3\x84\xc2\x12\xc0\xb5t\x81mA\x1a\
\xa5\xa8\x1b\xc7Gb\xe3u\x17\x22`1q10\xec\
Cd~\xc0F\xd49\x98t\xafeD13/5\
\x01%\x91\x05\xe9\x80\xe0\x5c\x04\x0e)\x1a\x1a*'\x97\
DX\x9e\xb3\xb5\xfe8$>\xb1Am\xde\x87\xccv\
\xca\xcc\xe8}\x02\x06s(\x00\x19\x93\xa4\xc4\x0d\x9b\xe7\
#\xeb\xde\x22\xd4\x88mL!\xfaQ\xc9\xa2\xb6L\xfc\
\xc8\xfd\x88\xc4\xad_s\xe7\xa1\xeeK\x04\xce\x91s&\
B\xd6K\x98\xc6\x9c{]\xff\x88P\xb5v\xe3\x1e\x9f\
:2\xfe>\x01\xf7^\x92`\x1cyo\xb8\x95\xfb\x16\
\x9d|\x8c\x7f6\xc26\xcdcp22\x02DrU\
Pl\x04\x1f\xc6;4\xe0\xde\x9b.\x93{\x85;\x17\
\x89\xc0h\xe8\xe8\xafG\xa9\xa4\x1b\x0fO$\xa6\x0bV\
\x0e\xd9\x88\xb8\xdc\x85\xbc\xafG\xf0-\xbc\xe6\x11Q\x80\
\x9b\xee\xbed\x9cL\xa4]_Y\xdf\x9f\xd1\xed)\xa2\
\xdaK\x10p\xde\xd8\x15\x99\x02\x1a\xad`\x1b\x5c\xa7\xaf\
B\xe4\xefr\x7f\xf8\xc8\x8d\x93\xafX\x8f\xa0\xeas\xbc\
\xe6p\x03v\xd9\xe0\xab\xb7\xd0\xcf\x84\xfe!\xb8\xc4?\
c^%\x95\xf5\x7f\xb5\xbf\xfd\xbdb\xeeX5\x103\
\xecZ\xdd\x1c\x0aX*\xc8!U\xdc&\xd1\x83>\x02\
\x02\xe3A\x8e\xb8\xa3%\x03\xf1\x0b!\xf7#u;\x87\
\xf8%+]\xdd\xa7\xfc}\xaa\xff\xbe\xd8\x01\xd78\xba\
\x83q\xd4\x9bk\xb4Al.\x99\xe3\xf7|\x97\xe78\
\xf0\xfd\x18\xa1.#\xaeX\x1fW\xa1\x9c\x92l\x8c\x18\
A\xaf\x034\x121\x11\x87\xb2\xcc\x0a\xa4\xaak\x8e@\
\xcbD\x18\x8d\x94\x85\x943\xfb\xa6\x93\x06\x04\xbe\xb2\x08\
D\x93\xde\x8b\xdf\x05\xb9\x88\x1er\x0a\xa1\xf4\xeb;\xbf\
\x97\xcc0/\x02y\x91x\x99\xcb\x9dI\xb6\xc2hC\
\x9fsT`\xb3\x9f\xf0\xed\x8d%X\x19h\xc8>\x8a\
\x9c\xa0\x10\x02}\xe2\x8fY\xc2\x9eu\x8e\xf6\x82wy\
\xe2\xf0\xcd\x92\xf6\xb9,\xfezRE\xa5\x98\x05\xfa\x86\
\xcb1\x8f\xfb\x1b\xfb\xd7\x13\xfe\xcb\x0aI>;I\x97\
\x9c#\xe9\xa1\xf3<\xf1\xcf\xe5\xef&F\x96\xcf\xcc~\
\x99\xc6\xcb\xb3c\x12\xae\x9f\x108\xe5\x8f\x08\xf0\xdd1\
\x18=q\xe8\xa5\x05\xa36enk\xd5j&\x92\xc5\
F\xc9\xabT\x9eR\x09no\x95\xcdW\xfa\xadxc\
\xec\x81@\xcf\xd5D\xad\xe2?\xabhL\xfc\x14K;\
\x17g\xa6\xda\xcf\xfcf\x17\xf5J`]h(\xa9\x0b\
\x88A\xf3\x1b\xd8\x98\x81&\xdd\xec$\x00\xd2\xb8\x02\x00\
\xd7\x19\xa1Nb\xe7(7\xba\x95*\xf9\x8d\xffe\x09\
g\xe2&\x9b3\xcc37.\x91\x0a\x18\x05\xed&$\
\x0f\xd4\xc7^\x16\x91\xc9\x02\x84d\xf3P\x00\x98\xc0\xb5\
\xfb~{\x1d\xa9qt\xf1\xf7@/\xdfQ\xef\xac\x13\
eW\xc7\xd6\x86f\xc9\x0a\xfa\xec\xa8\x07\xed9\xd6\x04\
\xa0\xe5z[\x03N\x0e\x11\x91\xb4\xac\x17g\x05\xc4\xf9\
\xe3\x94\xcfBm\xe3F\x948\xfd\xfd\xdc\xe45\x89\xf3\
F\xa7\x80\xb2\xd5\xb5\xba$\xd6<\x05J\xf1\xab\x87\xc9\
\xa8}u!\xa7l_\xa4)\x02\xf8\x92V\xc6\x13\x90\
=\xb7\xee\x01\x94=G\x7f\xd1\xb5F\xe2q\xa7D$\
\xbe\x9e@\x80`\x8e\x06\x9bc\x8d\xeb\xa0\xc4\x9b\x19\xc1\
\x86\xf5\xc7:6\xaa\x9a!\xd5p[\x7f\xca\xe4\xa8\xc8\
\xdeq\x8e\xe1\xdc\xbb\xae\x1b\xf27C>C\xe4\x1e\x01\
\x07\x8d4w3\xcf\x03\xd5hR6?\xdf~\x7f\xd3\
>\xb1\xc8\x95I\x82$\xfd\x15i\x81\x8f\x8d\xe1\xbc\x14\
Zlo]\x1f\xec\xb2\xecs9g\xdc\x1afQl\
y@|_\x98\xcb\xd4<\x0e\x9e\x0bf\x04\xed\x8c\x80\
\xfd8\x88\xab\xe7\xa8\xa2\xec\xb5\xa3h\xba n\xbc\xf7\
@D\x9e\x11\x00\xb7dXM\x0c.\xa2p\x1fzZ\
\xee\xc5\xf9J\xe7\xa7c\xa0\x8c$\xa8\x88\xba\xbe4x\
`A\xb9\xc2q\x12\x09\xab{\xb7\xfd\x96\xb1\xd1\xd9s\
\x09\x91\xd3\xdc5\x83^T\x9b\x89\xb8\xdc\xb9\xb4\xc9_\
\x8a\x05@k\xdb\xec\x00$\xee\xbft\xa4I\x02\xd4\xa6\
b)Q\xb6\xda\xe3\xbas$\x89P\x047T1\x07\
8q\xab\x96\xbd\x12\xd9#\xe9_V;\xb7\xb55\xdf\
\xff}\xcb\xc0)\xd9\xf0\xbc\xfb\x9d2\x22\x05A6\x88\
\x5c\xa9\xefbw\x98\xa9\xf4\xe2}\x05Kv\x0e\x08V\
\xb7X#\x96?D\xe7\xd1\xe5l\xc0\xebl\x7f\xe3\xd5\
\x80\xed\xd9\x81\x1b \xbe\xda\xcf`z\xce\x08\x85\xf1\xb3\
Q\xfc\x18\xdb\x88\xc8z\x9a*\xaf\xa5\x0c\x06H,\x09\
P2$\xd4D8qLK\xdb\xcab\xe0\x8a{\xb7\
v[\x19D\xaa\x9a)\xbe~z7.\x94\x7f\xce\xbe\
\x9b\x8b\xd7\xd2\x12\xfb\x13\x015\xfd\x10\xc35\x0b\xd4\xe2\
7\x18\xbd\xd6s\x0b\xd5X\xaa\xdf\x12\x85mi\x8f;\
\x22\xcf\x19>\xf2\xd1\xd5\xb1d\x0bj\x06c\xa1\xdf\xa3\
\xe50\x02\xc9\xb8\x18\x0aD%\x08d\xda}4s4\
a\x86\x18\x19\xed\xb3\xe4\x88k\xe6\x0a\x9c\xe4\xc7\xc6\x17\
\xfa\xe6\xbb\xa7\xdc\x8e#\x06R2$C(r\xbe2\
\xd2\xef\xf3\x1b\xf4z\x5c!r\xa8\xaf=\xa0\xee\xbd\x00\
F{\xcc\xd0\x97\x8d\xd3\x9e\x15\x15V^o\x99\xf7f\
\x08\x0blh\xc5\xeb\xeeb\xc2\xcf\x9d\x01\x9f\x1c\xa8'\
b\xe4\x19\xe9r\x0c~6\xb9\x9f\x17\x9eo\x19c\x0f\
+\xe3|\x99:\xa4\xef\xe32\x84_<g\x1b\xb1\xb3\
\x7fj\xe3\x0c\xed\xb7\xe0U\x0d\xbb&\xdb\xc0\xb0\xa2\x01\
&F\xdb0c\x8c\x90\x9c\xf2\xe4h\xd9\xcf1\xc7;\
.\x9cg2\xaa6hPnmjb\xdf\xf6|\xee\
W\x84\xf7\x98\x195\xd9\xbd\xf4\xa1\x9b-\x88\xcfP\x92\
0C\xd8L\xda\x0cx\x15\x9c\x12J\xe4\xf2\xa8\x89\xb7\
8\xcb\xa4\xb6%\x81\xe8\x06\xed\xf9\xe4e\xad\x14\x12\x80\
\xb9\xf4\xb7\xb1\x93S\xdc_\xe4jesg\xb1\xca(\
\x92\x16\xbfW\x0e\xc2!\xe3\x120\xf3\x16\xc9\xe2\xa6\x99\
2\x85\xb0\xb3(\xab*s\xf31W\xac~v~\xe2\
\xaa\xfa\x18\xdaB\xb9.\xaf\xdfg\xe1\x9b\x16\xc5\xd3Z\
e$\x10\xe7Z2\x00\xd6\x9b;\x1el&\x90\x1d7\
h\x09g\xcc\xab oZ\x9d\x0b9\xb4R\xb7rR\
|\xe0\x836s\xa2\xa8\xd8\xb5\x07\xa2=\x07&\xf5\xb7\
\x18\xe3\x14\xc7A\xc6p\xc8A\xa7\xf9\x161\x9d\x0f\xa1\
,\x07[\x90\xab\x10&\x8c\xdct(\xe31\x99A\x97\
d=\xf3\x00mJUc\xe3c4<v\xb3u=\
\xf0\x9c\xee!D\xad\xb3\xcfJ\x96\xf9L\xbe\xb1[\xa8\
Es\xcb\x12;7,\x87\xcc\x96p\x8c\xf3\xfd\xac\xd6\
\xbe\x879\xcb\x11U\xc1\x91\xe2Y\xb6\xeb9.d\x93\
\x02\x18\x11\xe6\xa1Y_\x97H@\xe7\xc0Y\xe8\xabH\
i$\xdb\xa0_k\xd9\x03^\x9a\xc5\x0d\x09\x07\x8b\x0c\
\x9e\x02\xef\xd1\x98\xfb\x1b\x88\xfcE\x1a\xc3\xb75s\xec\
\x01\xc8\xbe*\xf26\xcb\x8e(\xc51\x13\xd8:\x96\x14\
\xebD\xf6\xd2\xf8\xbc\xee\x03\x11P\xcd\x7fM4\xf4\x84\
\xe1\xa1D\x80<\xdb\x13+f_C'^\x08\xc8A\
\xae\x0e\x9cl\x96\xa2\x06\x82\x97q!q \xcc\xd4Q\
\xff\x95\x00\x18ur)\xf5i\x837?d\x15%\xf3\
`\xa4\x8ai\xeay\xac\xb3\xb5\xdfFu\x89XGj\
\x22\x1d\x93P\xa8>\xca\xda\xf4Bdb!\x12/\x85\
E\xaeC\xd6\xbe?\xd5\x9c\x1cRhNr8\xe0H\
\x04\xa8h\x8a#?Uk\xd4\xadOuO\xc5\xc2n\
\xac\xdcPs\x0d%q*\xbb)\x89\xe9\x0e9B\x13\
rLD`%%\x91l^\x1a\xeb\xa1\xdc\xbc\x1e\xc1\
z\xdd\xb8\xc1\x1e#=\xbc\xdf\x7f\x9eoJS_r\
\xce\x85m\x89\xcc\xa1>\xc5@\xd8\xd7gbs\x8b\x97\
\xe1\xf7\x88\xcfVf\xe8\xa38G\xd5\xbax\x85\xac\xf6\
\xbb\x89\xa1cX\xea\x00XR\xdc\x05\x5cWy^\x09\
\x22\xc7\x14\xf9u\x17:\xc8!a\xcft\xdb~\xf6\x88\
W\xd6b\x8ehl\xf7\x97\xab\xd7T\x15\xa7\xbaV&\
\x08\xd2{\x9ey\xa5\xdfN\xcdP\x80\x8f\x0a\xa6\x90\xc4\
$\x8aDE\x84\xd2\xe6-s\xb7\x923\xa3\x5c\xb3\xbe\
\xf6\x81\xda3\x1b\xf7\xfai\xaf\xe6g\x0eY\xd4g;\
 \xbd8@%,\x84\xb6AX(\x88P{O\xfb\
\x97\xdc\x01\xdd\x94\xbax\xf5V\xefj\x96\x18\xa5\x15\x12\
f\x03\x93mG5\xde\x5c\xc9\x81\xda&R\xde\xea\xf9\
d\xaeW\x14\x88Y\x020bR\xa8D)\x85\x9c\xf1\
\xccT\xc4\xe7E=jq\x14(\xe4\xafQ\xa8\x19\x7f\
\x1c\x82\xfc\xab>\xfb3\xd2\xb9Ek\xbf\xa6\x88\x16\xf7\
\x98\xb6\xb1\x83\xd5\x85\xe7\xbdao\xe2\xa0x\x18rG\
2W\x18\x1bt\xba\xa1\x02\xd9\x08\x11\xe0Pu'\xea\
\xa4\xe7=\x10\xf0\xa2|\xda\xc0QD\xd6\xe8i\xe6\x1e\
\xdaa\xee\xe6\xd96\x02\xb5W\xa7Z\x1d\xc5e\x86n\
.\xa8=\xe1\x16l#\xd6\x14\xa1G\xdcF\x88L\x87\
Tj\xdc\xc2n\xbf\x0d\xa2!\xe1 *iG\x1er\
\xa4\xe8\x8d0\x09q\xfc]\x11\xfd\xb2\x8e\xc5\x11ic\
`\xd4\x08\x8f\xa6\xffJ\x12\x910w}.\xee~3\
\xf6>\xae;\x5cSg\xd8\xc3bmBv\xa9\x1dv\
gdf\xc3\xc4s\xf9(hb\x0d\x9f\x1f\x9e\x90[\
\xb4[\x12C\x1b\xa3\x9ew\xe8\x06\xd6s\x0b\x22%\xa9\
\xceH\xe4\xc0j\xe4`\xcf\xe7\xf8\xfc\xbe\x9dF\x0cd\
/\x09\x8a\x81/\xc0Nc[\xc8\x1ea\xd1m\xb5l\
\xc6\xd9\xb89\xa0\x0d\x13V`\xc4a\xd89\xf2\x91\xfb\
\xe4\x1d\xea\xaf\xcf\xd2\x87s\x93$NBnQ\xff\xe5\
y\xe9\xff\x94\x9a%\xab&\xbc\xaa-\xf6#\xc0\x9f\xc0\
\xafQ\x8a1BH\x04\xc0\x9b\x8aI\xd5m\x98\xce\x9b\
\xf6-\x11[i\x12}L\x8a0\xa7W+\xfd\xa3\x05\
X\xb3\x11\xa4x\x07\xcc=?\x85P\xbc\xa7T\xdb\xbb\
2f\xec\xd3\x8e\xac\xf0\xa9\x7fF\xb4\xea}\x96\xd8\x10\
\xe1\x1f\xeb\xc5\xf5\xacb\xdd\x97\xf0\xd2#\xb46\xbe\x89\
\xfe>\x05i\x00\x11\xe0\x12X\x8a\xf7\xb4\xe4\x5csv\
\x00q]L\x0a\xb3\xd6\xb3C}\x96\xfefU\xf1\x08\
!\xcf\xf4\x8e\xabv\xcfih\xe1\xde\xc7_T\xd5\x01\
~0\xf2\x08{I\xdeq\xd6\xfd>\x92x\xf0Oa\
\x89@o\x08I\xee\xdam\xef\x97F\x80\xd2h\xcd\xd1\
\xfaI\x9b~\x1e\xfb4A\xcdF\xca\x87\x06\xa4\x9c\x8b\
\xd3\x7f\x08\x95\x1b\xc5_\x06\xe6\x910pQ\xadb;\
b\xd1l@\xac\x12\xd1h\x9b\x83\xf9\xa8\xfa\xda\x1f\xf2\
\xb8qL\xea\xb2\x9c\x04F\xc0\xd88\x10\xe7\x7f\x8em\
;\xf5\xa1\x9fk\x11\x7f\xf9\xe2\xb9)\xa2\xc6#\x22\xf6\
\xe3\x91\x84\x1d\x93\xa9\x85;\x8a\x93\xd7\xaa\x9c\xa8H\x18\
\x0a\x82\xed\xfb\xc8\xef;\x1d\x1a\x01 \x0b\xeb)\x1co\
P=\xa4V%\x22\x9b\xd4a\xd7m=\xf5-f\x81\
\x95\x93\xe7\xb8\xf8*\x95\xf0\xc8\x1f\xf5it\xad\xdbs\
r\xf8\xfa|\x95L`\x18GQ\xa9\x0d\xe2<T\xc4\
\xe08\x83\x9a\xe7~i\x0c\x15\xd5\xdf\xbfU\xaf-#\
?\xed\x8b\x10\xb6\x91\xe8\xa5\xf9\x92~\xe6\xe0;uG\
-6L42\x93\x22DUP\xe98\x02\xd4\xd7\xe3\
\xfb\xdf\xc3\x19\xafW'\x82I\xd0^\xd7;\x04\x10\xbc\
'D\xb2!\xae\xb5\x14\x9b\xd6\xa5\x1f\xe7L\x9e\x9c\x82\
\x5c\xf7~\xa7\xb4\x8d\xb0,ss\xd3E\x9e#o\x97\
\xa9b\xd2\x19\x19J\xc5\x9dr $5\x1a\x96\x93#\
\x01f\x06\x1c\xbc\xc2Y106\xa4j\xb0Q6E\
<\xaf\xa1\x9e\x011\x9c\x8d\xef\xaa~\xf7c\x1ds\xb3\
~\x9e\xd5l\xd8!~\xdaR\x1d\x1b@3A\x0f\xf5\
R\x1f.\xb9\xd9\x91X\x7fX\x9cM\x9c\xc7a\xe3\xe7\
\x19\xb6\xa1[\xf4J\x93\xc4y84\xda\x03\xf4\x80\xdd\
\xf3*\xc5,u\xf2\xe3!h\xbf\xca\x1ef\xe3IY\
V\xc4\x0axn\xf37\x00V\x89\x0ak\x0ak\xb0E\
\x02\x173\x89\xbc&\x8c\xf2HM`\x0b{\xd8\xe1\xb5\
~\x98\xa8\xafQ[;<x\x91\xfb'\xcei\xc4\xe1\
D\x0e\x8930r@\x90\xfc\x8c'V\xf2Xb\xe9\
\xe3\x8f\xe7\xef5\xe1\x00e;\xf2\xc1DA\xc2\x88\x0f\
\xda\x95?\x08G\x9c\x8a\x82\xb8u\xd6C\xca\xdc(r\
f\xc0\x9c\xaci[{h\xa8\xa4\xb4\xc5\xbev)\xe3\
z\xbbyQb\x80\xf6\x89\xcd\x8b$\xe2\x90\x81\x8c(\
\xfcLP\xe6\xdf\xae/\x03\xac\xbd\x18xp\x8fM\x04\
\xc9\xc4\xa0\x08S\xf8;\xc1r\x03LS\x84\xe8tK\
q}\xbdhU$H6\xa7\xb2\x96\xc0\xd7iO\xc7\
\xa6\xe3z\xa8\xf7\x82\x9bo\x1c\x15#}\xaf>\xd3>\
7\x0eU\xd7\xc4\xcf\xa1\x18\x1cK\xdb6\xd6Jz\x92\
\xf7\xad\x8e\x97\x9f\xc3(\xa3a\x9ezhi\xeb\x90'\
-\xceshcr\xad\xebk\x08'\xaa\xb6\xba1\x16\
\x1ca\xc7!:b\xcd\x9d\x07\xa6}\xc6p\xa3\xf0\xf3\
\xf7\xf3Z!\xc6\xae\x97\x03\x83\xe9\xd1\xbe\x1f\xc1\xaf\x11\
\x0c\xceuS\xcf\xfaS\xd9\xb6\x87H\x9a\x1a\xb7\xdf$\
+\xf2\xb14\xd4\xd6g_\xccccz\xacc<\xe1\
\xe1\xf4\x18\xdf\xe8\xd3\x05s\xa0DXG\x9cD\xb8\xe6\
\xd3A\xfb\xa0N\x86;\xfby'u\x0f\xf5\xb2\xcd\xd1\
\x91R\xff\x83\xe1\xf8\x86\xf1e\xf4P0\x8ep]\xea\
H\x08xT\x8d\xe3\xf9v\xfa*\xab[\x06=\x97\xac\
\x87\x86\xe6{\xed\xb9\x18\x93\x0c\xf4\x83_\x82\xdc\xa77\
kC\xecU\xdd1 \x10m\xd0\xca\xe2\xd7\xdf\x1fl\
x\xe5\x84\xa9\xde\x169l*\x9e\xa5 O\x0a\x99\xea\
\x0d\xcd\xf8\xbe\xe2\xe3\xf1\xa1\x1am2\xbd\x9eRL\xd2\
e\x19\xa3\xd7O\xcb\x01\x13.*\xb5\xc3\xd4\xb1E\x0e\
+\x0e\x830b]\x0d\xad\xb0\xfd\x81{~\xe5#\xf8\
9\x8e_\xb9\xffB\x12'\xbe\xdd\x8a\x16T=%\xef\
\xb18N\x0c\xd4\xc2v\xf3H\x9f\xf5\x80(V\x1dI\
b\xfa\xef\xb1\xc4\xb9\xa0*Z\xca\xdc\xde\xcd\x10\x0b2\
\xa94J\x7f^\x8cC\x8f\x08\xd5#u\xec\xa3\x93\x84\
\xe5-\x11\x08\x0f\xa9\x85\x91\xbe\xc4uWWT}7\
\x02+\x93\xb6\xb1\xddG\x12\xb16\x11\xb4\xd98\x08\x00\
\xeb:2\x90>\x8eU\x8b\xf4\x93\xf7\x80\xe7\xc6m\xf0\
\xbc\xe6mny\x9c\xc2<\xb2\xb8_\x80\xa3\x10\xa9b\
\x04G{B\xa4\x00\xc6q\xe2r$\xaf\x89\x0e9\xab\
\x88\xda\xbb\x0b\xdb\xbaFF\xa7:\xe7\xbe\xbe~}\xac\
\xd8&\x15\x07F\x94n\xf8\xfb-\xc6D\x04\x9d\xf4\x16\
\xdb\xfb\x84\xbd\x9e\xea\x1e\x0a\x07K5\xb1\x97\x86\xd0\xbe\
\x94\xd4\xef\x19\x0e\xcd\x11\x09Sm\xfa\xb9\x165\xa9F\
\x94`\xfb\xb01f\xb3dv\x5ck`\x8c\xbc\x8a\xab\
R\x03\x0c\xf1\x04\xaa\x91e\xd7\xb3\x8a1\x8c14\xda\
s\xf8l\xec'{\x17C\x0d{8\x12\x96_\xf6\xab\
\x1bg\xa1\xa6\x0a\xfd\x13W\xc9\x86\xc7w{8Rw\
\x17v\xe7\xc8\x83\xce\x83\xb5\xb8\xcd>\xc4JN\xed)\
\xcf\x88\xde\xdd\x82\x9cXM\x9c\x8f\xdb\xbbG\xb9qt\
z\x8b\xd0\x17\x13E\x93\x95\xaa\x9fH\xff\xd7O\xf84\
\xf2\xd7C\xee\xafaS~\xf2{\xe4\xefC}\xa6\x91\
q\xfe\xf1\xe6\xc7\x1dE\xd8FX\x17\x8b\xe57\x04\xec\
a#\x80;\x8b\xd6\x5c\x96\xc5,\xbd\xb1b\xf3$z\
\xce]\x9ac\xcf\xe9\x22w\xcf\x84XF\x10*\x01D\
uK+\xa4=R\xaf<\x11\x97\xfa\xf7\xbcE\xb7\xcc\
\x93\xc6\xbaf\xc4\xa4\xad\xf3\x1a\x06\x1f\xf1\x88\x1c\xc3\xb3\
%\xb7e\x84\x07\xad\xb8\x9f_?C\xa4f\xc0\x9c\x03\
*B\xf6H\x9c\x85\xa7\xad\xfd]\x9d\x8b \x8e\xcf'\
3\x8a~\xc1\xd9\xef7\x17\x1aB\x0cfBH\xd5?\
\xe3Dz;\xb2\x91\x18\xb9\x80Rt<\x8f\xfc\xd3y\
f\xe2\xdd\xab\x8e\x0c\xb8\xe5 _\xedyK\xe3\xa2\x7f\
'\x13\xd6d\x84\xe5\xe6\x5cD\xff\x5c\x07\xb5\xd9b\x1f\
\x08\xd0\xb5\x00Dy\xec\xd3\x84yM\x1c\x18!m\x1e\
\x06\xc4\xf9\xf3\xde\x90<WJH\xa3\x05\x0e\x8dT\xe9\
\x18\x1e\x93\xf7\x8ep\x0c\x8co\x0f/!\x02\xf0\xd6t\
\x91@\xcbR\x85\xe8\x96\xc5\x88\xbb3\xa6\xb5k4w\
\x92\x9f\xa4\x228\xbd\x01H\xaf\x16\xb5\xbd(Ic\xc8\
\xc0\x15W\xb9\xf9\xd7\xe7:\x11F\xd9\xef\x8cx\xe3\xba\
\x88\xd5:u\x81f\xd3\xd6\xae\xb5d\xa9\xa8\xbck\xf1\
\xb2\x00c\x95\x9aE\xe0\xee\x96\x09\xb5\xf6\xbb1M\x14\
\xbe=\xbe\xef\xa5\xb2D:\xefuO\xcb;\xf4\x9c\xad\
Q\x96\x96\xceJ\x895\xf4\xb4\xfa\xe8\x04\xfc\x12\x08\xfd\
\xe4\xf1B{\xae\xbd\xc7\xe1\xe7Uj\x99\xe6\x01\xa5\x8d\
\xe9\x9a\xb6\xef\xa4p\x89\xd8\x13\x9a\xb7\x0d\x93\xec\x0b\x9a\
\xb4Z\x9e\xd1=\x9d9\x92~\xc0\xcb\x88\xb5\x99\xc4 \
\xaeo\xe1\x93\xf6\xb5\x1d\xfe~A=`\x18S\x90\x99\
0p\xef\xa7\xba2\xc7E\x87\x07\x85Hh\xa83\xb2\
\x10\x10B\xc6#*#\xac\xc4\x1f\xd6\xb7(\xd8T\xd4\
\x02&R\xb5\xbeE\xf1j\xb7\x1e\xc8\xdaVkSp\
\xcd *\x85\x06l\x0d\x98\x87\x83\x8c\xef\xf6sd\xc1\
g\xc6\x88L\x098E2\x0d\xc1\xc6\x08\x83\x04`\x22\
\xe5\x1bD\xa7\x1e\xa9\xab\xfa`\x14F\xb9\xe6\xb4\x11\x00\
\xf0G\xb7\x91\x22\xed\xb4O4\xa1\x10\xd5'a=\x97\
H\x89&\xe7;\xa9\x02Fsf\xedd?c\x89\x81\
H\xc6\x87\x11\xe0Q\x00(y2\x8f}J\x9aS\xf5\
[\xdf\x19<\x7f\x08W\xb6\xb4\xf4s\x1c\x91\x9c/\xfd\
y\xec\xa0\x05\xd7I\xf5\xe0\xff\xfb\xf8i\xf3\xdf8\x1e\
\xdc\x0fN\xbb\xe0\xfb3\x1cg\x16\xa9\x0aG\xcb\x18\xae\
\x9a_\xd9\xbf\xd3s \x9f\x1av\x0d\xfb\x13\xa4DE\
\xbbtW\x99\x8cI<\xa5s\xca\x84\x80dht\xf0\
\xabz}\xfa|\x84\x99\xa5\xf9\xda\x11B\x95O\xf7l\
\x82\x13S\xa5\x22<Dd\x8f\x9e`\xcd\xc8qv\xcf\
\xd2\xfc`\x00\xa6u\x84Gs\xebPI\x02\xa6\x9a\xd1\
\x15QfG\x18+\xffi\xf0\xa2\x05<\xa3\xef\x1e\xce\
G\x89\x04\x7f\xe7\x05\x92\xd7\xad~\xaaG\xc7\xd3u\xb1\
\x9ec\x0e\x05\x1c\x11T\x1eh\x1cp\x1d\xcc\xa2D\xb0\
\x04\x81\xe3\xf3\x12\xe9K\x8c6\xec\x06\xbf\xc3\x13\x80\xff\
o\x19\x0b\xd7\xc6\x14\xda\xefD\x9d\xd9\xdf\xbao\x22.\
\xceu\xc5\xf1\x9a1\xcd\x84\x04\xde,M=g\x8e\xa7\
[[\xd3\x19J\xb2\x83H\xd9K\x9f5\x08G\xdc\xec\
\x19\x19\x1e\xb4\x19\xc5\xb8P\xa9_\xe6\x12\x90\x14\xd4\x09\
\x88\xbc\x9bJ\x01b\xfc\x80\xccu{\x8a\xd6\xf7\xa7\x13\
\x99M\xe8\xa5{\xc45=&\x15\xf7&/\x03mK\
\xc4gv\xd7\xd6!q`Q%Q\xe7c\xb7\xa5\xac\
\x0d\x9f\x82\xfa\x80E\x80>S\xdch\xbc\x93\x08\xda\x11\
\xe4ql\xe3\xdc\x12S{A\xd7I~\xf7\x0f\x0c\x09\
+\xdf\xe7CK\x05\xb4#\xb1mp\xc2\xcel\x8dh\
\xbcD\xc3]\xe5:\xe8\x9c{\xf7\xc9\xaa\x0fY\xea\x96\
\xe7e\x8a\x1b\xb5\xf3\xc9\xde'\xa9o\x9e\x98\x9d\x9a)\
\x0fo\xf39\x1a\x01j\xb4\xe8\xc7g8\xb0YFN\
\xee\xed\xcc,\x04\xaeS\x88EG\xd8\xbb\x8e\x05\xdd\xb8\
_\x8f\xa9\xe2\x93\x0c\x8d\xf7\x88\xdc\x17I_\xfb\x15\x83\
\xd2d\x8c@\x95G\x09\xe9\x96\xa98\x8c \xe8\x1e\xef\
\xa5\x81\xb2^%64\xd5 0(\x14\xc2l\xc4\xe4\
0.9HU\xc1Qk\xa9\x02\x11\xeb\x93\x14N\xdb\
v\x9b\xa5\x83\x99,\x15\x10i\x9d>\xea\xf0\xd7\xb2\xfe\
\xc4\x1d)k\xbb\x13\x02@\xc4\x8bu\xc9\xf9\x85c\xe9\
\x01\x99\xad\x8a\x89\xb7\xea\x9akqR\x02\xb0A\xa7_\
\xf3\xe0cbE\x06_<?Y\x0fS\xd1\xbc\xc9:\
\x903\x0a\xf6\xa0\x5cdF$\xe6\x9c\x13\xadaY}\
\xe1\x81\x8b\x02EA ,\x82\xf5\xef\xa9\xabW\x05\x84\
\xf2\xc8|6(J4\x83\x12\x099\xdc.(D\xaf\
\x9bbc)\xd9\xa0\x85\xeeJ[\xc3}\xcdD\x85\xf8\
\xc9\x06\xb1'\x8b\xfd\xb2/}\xaaO\xc3<'\x15A\
 \xec\x066\x04R\x9f<\x1bD~\xaa\xe2I\x87\xc1\
\x8b\xe5$`\xca\xa0d\x84\xd8\xea\xca\x22S\xa3l\x1d\
\xf7\x1e\xd6.\xbb\xfdy\x22\x22\xea\x1eGc\xec\xce\x88\
\xe3\x90%\xdd\xb6\xcda\xfd,\xc6\x0e\xc8R/\x07\x94\
\xad\xc4l\x88\xb9x\x82\xc4\xab\x11\x0c\x81\xd8\xbb\xf4X\
\x0c\x15L\xaa)\x9f\x13\xa0.\xf1l\x86\x1e\xf8]2\
\x83z\xb5\xb6\x19\x02M0AS\x13\xf8\xbd\x22\xc8N\
~\xc5\xfe\xc9\xdf~O\x8c\xfb\x1bh\x93\x22\xae\x86\xc0\
*/J\xe6/5`\xf5D\xb1\xaaa\xc7\xeb\x17\x99\
\xaf\x08\xeb\x05\xf6M\xc1\x7f\xbf\xc6\x9d\x84\xb3\xfb>\xd1\
\x87\x01Q\x9fS\xab'^5\x94\x8c<{\x86\x95\x0c\
\xac\x15\x8e\xed]\xbb\xee\xbd\x8es\x0f\x04U\xeev\x0e\
\xe9\x9d8s\xe6\x9e\xf4\xac!\x03L\xe1\xc0U\xe5\xcc\
\x08=3Iv&c\xdf\xf4\x14\xf8\xed\xeeS\xa5'\
\x22:\x80\x1f\xbdFW\x8f\x9a~Z\xa8\x9f<X*\
\x92\x9dL(\x18\xa7\x7f/\xb9\x18\xe9^\xa4\xee\x02u\
,\xdc\xa4\x7fK\xdd\xc7\x9a\x91\x8e\x0f\xcbi\x16\xad\x08\
\xac[\x0ef}\x91f@\x90\x86_8jw\x82\x9a\
/\xaf\xc6\x98\xca\xad^\x1f\xc5\x0b\x9fh\xe2\xa6\xa0\x1c\
\xb7|\xe1\xcd\xca\x94\xa2E\x8b\x8ef\x8d\xaa\x03\xa1\xf7\
r\x9b\xe5\xc1\x0ang\xd6&\xdfb=\xbeqO)\
\xaeij\xc5\xf4\xdf\x92\x84f\xb5B\xb3B\xd5\xe5+\
1\xc9\x86J\x046,\xdfzD^i3\xa9\x18\x8a\
\xdbD`I.G%\x81\x85\x00\x95\xc1#6J\x19\
\xdf\xfd\x1c\xa0\xea\xc4\x07\xe7\xe1\xc8V\x82\xd8\xb5\x9eT\
\x0c\x99\xb1\x1b!\x0f\x8cI\x90 \x92\x93\xe7\xa5\xe7\xc1\
\x8bD\xf2{K\xb6B\xacQb\xa9\xf3{\x0e(5\
\xd1\xdd\xbe\xc5\xa5\x17\x05\x1b\x1fx\x9d\x12\xf7\x9d\xdc\xc9\
(\xde?\xb5\xc1Q\x06\x95\xf8\x9a\x22\xc4\xa5\x8e\xcev\
=\xdd\xde\xd8\x19(t\xc06\xaf|\xce\x11`HB\
+Fx\x1eH\xaa\xd6\xb6\x95*\xa6\x81!e\xaa\xd2\
\xa5\xed\x0d6\x05=\xe1c\xcf\x89\x18\xd8\x08\x98\xfa\xec\
\x1a\x81k\xc4\x0d\x9b\x961 \x8f\xc7\x81\xed\x0aDU\
 \xb5\xb8p\xd2\x9a\x87B_\xda\xa1\xdd\x87\x10'X\
\xb7\xf8W\xb3\xa8\x9c\x00\xb3\xe8\xe1\xed\x1c\x8b\x97\x8aD\
!%N[l2\xea\xc0Eq2\x9c\x0bj\x83'\
h4\xdd\x82o\xc9}\xd1+[~\x09\x17bU\x9f\
\xe1/\x16\xcf\xa0\xc2\x97\x92n\x96\xd7]\x9fC\x9b3\
\xde\x0b\x12Y\xae`\xae\x22\x9e\xa8\x10\xaf\x89\xe6Q\xd4\
\xbe#\x82<$\xf7R\x9fv\x09\x0a\xb5\xa1\xf8\xfaX\
Q-\x8d\xab\xdc\x09\xa5\xddV/\xea\xf2\x83Tu\x1b\
\xd4.a\xff\xadz&JPs\xae\xdbTT\xe9\x1e\
^\xf2{\xb5\xb0#s\x06\xee\x0d\xach\x93\x8e9\xa1\
\x9f\x8e\x08\x10\x829\xa9\xa8\xf4\x9bH\x99=l\xc1\xe6\
9\x80\xb1\xf7\x22\xcb\x8c\xb6\xb4\x0b\x9b&\x010\xdf\xd7\
\xb9b\x87\x22v\x5c&I\x0eq\xad\x0e(\x5c\x22\xca\
\xfbb\xa0\x95\xb8?\xa1\x82\x95b\x8b\x9bQ\xe9\x9ad\
\xbdyH\xc9\x9c\xbd\x88I\xa6\x9e\xb7y\xf1\x84\xce\xa8\
\xdd\x06$\xec>\xa6\x1f\x91\x88{\x15\x80`\x0aP\xa9\
>E\xc0\xee\xff\x90$(\x8f\xc5\xa4\x02\xd6\xaf\x04X\
%\xd6\xbd\xdb\x95\xfbC\xb2\xa4\x15\x80Z8\xa8\x9as\
\xf0\xc1_\xe4\xf9\xd4\x07\x04\x0cE \x96\xd0\x86\xbd#\
\xf3\xd0\x08\xb0\xe6\x86\xa9\xc1p\xd2xQ*\x90b\x84\
\xd3\xfbc\x17>\x22@\xccZ]Bk\x86\xb1\xa9\x9f\
x_G\x16(\x90mH\xda+=\xa3>\x1e\xf7\x82\
g\x0eQ\x0fu\xc3F\xcf\x87eFYW\xd3\xbb\xd8\
\xa7\xb0c\x1d\x90\xf5tm\x8e\xfc(\x84\xd2\xb4Z\x90\
\xc6%\xaa\x18\xab\xbb\x03\xee\xa9\x1bD\xbf\xf9\xe7\xeb1\
\xf8y\xd3\xfd\xa4\x84S{W\xe25H\xfb\x0b\xd6\xa2\
\x18\x87\x9c\xb3\xea\x19\x19\xa1U\xcd{\xb0\xb2\xe5q\xd2\
5\x936\xf5\x88\x9b\xc6\xccg4\xc1\xb2\xb1\x04\xa1.\
J\xa4q,\x88\x90\x04\xa7\x98[\xe3\x98\xfd3\xdb\xc9\
\xec\x7f\xd5\xfb\x84\xfc\xbd\xd4\xd0\xd5Wd\xb3]\x15j\
\xaab4\x93\x81\x8f\x08n\xc6dK\xb9o\xad\x19\x1f\
\x99\xb3Z*=\xb7A\x8d<.Y\x95SI\xa6\x8d\
\xe0\x8aa\xc6\xd7\xab\xa3\xe6\xc5\xc2!\x0c]Gs\xc7\
\xe5o/\xee/:>\x01\x04b\xddd(\xe6\xdf\x0f\
\xf5\xc9;\xf9=\xf5E\x8e\x82?\xcf\xbdW\x94\xea\x92\
\xa2\x04Ha\x90\xa4\xbdf+SoD\x82\x02o\xd5\
K\xf9\xdc\xeeD\x057\xe3\x14\xa5\x5c\xd3\xa2\xf6:@\
\xeb\x87\xb8^y}\x95\x8d7\xceuX\xe8D\x94L\
\xaao\x98[\xb6\xf7\x97\x01\xabQ\x09\xa9n3\xc5-\
cis\x84\x9f\xa2O\xfe\xc1R9\x91\xdbs\xe3\xf6\
\xe2\xbb\xc1\xb3\xfe\xaf\x00\xe8j\xa9\x8d*\xdf8\xab\x9b\
\x9a\x8b\xd5>z\xdfsI\xd8\x11zB\x5cMX\x0f\
\xb1\xb2\xc6\xe1\xca\x99\xa8\x83\x03\x8d\xd4\x13\xd5\xa1_N\
\xfc\x0aA\xd6\x80\xd7<#\xe0\xc7\xd8\xd7\xd3\x8f\xb7j\
\xcf\xde\xcfux\xe6b\xdf\xc5\xf0\xf0er|A\x0a\
`\x97\xe2;b|K\x12\x996v\x8c\x84\x9a\xe2\xe5\
k\xafWMZ\x15\xb0\x13\x8d!1\x0c=\xec\x89\xfb\
\xab\x9e\xbb\xab)\x0dA\xb0\x07P!\x17\xaf\xda\xc9\xc6\
\xc8(}b#4\x14\x1d7\xe2\x96\xd5t\xf2\xdc\xbc\
\xfa\x00\x0a=\xbe\xfdE\xf87|\xd6\x11\xcf.J\x9e\
\x04_\xea\x90\x7fQ\x1a\xcc\x15U_\x0c\x97\x1e\x09}\
\x91\x10\xd5L+L\xc0\xe1\xbex\x03<\xbd\xe0\x88\xaa\
\xfe|\xef\xdc\xd8\x9cJ6\x9d\xe7\xbcw\x0e\xc2]\x89\
\x10\xc8u\x0a\x03i\x01\xad\xd6\xd0p\xff\xd1z\xbd\x81\
\xed\xf6\x84\x00\x182L\xd9\x05%W\xc8\xe1w\x05\x0d\
%=b5\xa9]\x87\xae\xe2\x00\x18h\x11\xd1\x90!\
\x87\xbc\xf1\xfb\x83>\x07\x94\xc6\xadM\xe9D\xa5=\x15\
\x8d\xcb\x22$\xb6\x22<\x8f\x0f\xf4Y\xb9\xe6\x00\xb6\xb9\
\x93\x99\x7f/\x8e\x0cE\x8fc\x8b]Q\xdf\xd0\xe6\x94\
u\x8am\x07\x1b\x03~\x87nM\xf5\x8dE\xed\x81\xba\
\xf6\x12\x18\xe6\x9a\xbbP\xb6\x9es\xab)o\x1f\xce\xb4\
\xcao\xed\x09\x1b\xe1\xbc\xd4\xad\xcd\x89s+!Bg\
\xf4\xa4\x99\xc5\xfc~r\xcf\xab\xd1\x12\xef\x09Wa\x14\
'\x12\x142\x09\x81\x8c\x84\x1a\x0d\x00\xa6\xa68\xac\x0d\
4\x9fH\xfbX\xad\x023\xcbP\xa4\xdf-\xd6\xab:\
\xcf\x1d\xc2R!\xa4'$*\xae\xbc\xab=\x0e\xa3H\
\xc4\xe2\xeb\xf0\xd2\xa6\xaaL1\x1a}\xbby\x81Gz\
\xfd\xa8\xe6\x94\x13C\x5c\xb1\xd3\xb7*W!R\x1d\xe6\
\xc0W\xa3\xf9\xa7\xff\xba6\x19\xf0\xd3\x993\xbb\x88\x8e\
\x90I\xb3\x90\xc7\x9e\xa7\xdc3=\x08\x09PX\x96\x90\
\xaf\xc6_\x18\xcfa5\xbf\x04K\x10\x09\xb0\x0b-\x85\
\xc2&\xd5\x8c\x8csL$\xce\x12\x9d\x03\xb7\xb6\xb2\x1e\
=\xc4E\xe8\xe1\x14mT\x886\x83\x0b\xf1\x88\x8d\x10\
\xfd\xaa8/\xa3\xef\x99!\xd1\x1d\xacL/C\xad\x09\
'\x10e\x90\xb5s\xac\xa6\x11\xa9$n\xafD\xf4\xce\
\x84^\xf60.\xbb\x1c+_!\xea)\x8d\x89BQ\
!W\x9b\x0d\x1c\x1d\x1f\x1d\xc1\xee\xe4\x92\xf9\xb8\xa3\x91\
B\xa4hM\x9c\xec\xb7\x9ft\xc0q_L\xf1\xf6\xfb\
\xc0\x85\xd8\xc4GD\xbc\xbee\xdfq3\x5c\x8a\xb5\xfb\
\x91rrI\xe5\xf2\xb2\x8fw\x8dp\xa9\xcf\x19\x99\xf7\
\xdc3-\xcez\x86P`\x1fjg\x5c\xc6F\xdfX\
'F\x9aJ#X\x0b\x10\xc1\x05\xe2\x85v\x91\xdcd\
\x9e\x03\xf1\xe4v\x11\x82\x0f\xb5\x99\xa0\xb1h\x9c\x01\x16\
q7\xb1\x16\x8e\xa8\xe0\xca\x9a(Rj\x22uC\x12\
CuE\xe6K\x88\x861\xd2\xf0\x9b\x8d\xc4\xebG\x1c\
\xcb\x9f\xe6C\x00\x13\xf6\x8b\x0d\x1cc}\x85\xc4\xc6]\
\xcf;A7\xafr\xee\x8eX\xa5pj\xf1\xf9b\x98\
\xdd5F\xd4\x04\x9aj\xbb\x95\xf00\xebE\xe9A\xce\
\x8f>\xa1\xa0\xa4\xfeE\x97CyW\xfb\xaf\x09q\xdc\
\x0c\xa0\x04\x96\x91H\x9f\x0e\x92\xbb\x93\xe3\x0f\xc4kM\
\xb7/\xe7M\x8d\x1d1\x14n6\x0c\xe3\x840\xacB\
\x89}7\xd5F\x8c\xe9\xb1\xea\xe2\x0ex\xd5\x8e\xc1\x0f\
_\x97\x90\xadR\xc6y7\xfc\xf7\xb0?\xb4B\x9d\xf4\
\xb1\x0a\x13\xe7\xd8\x02\xa9\x98\xed\x05\x9d\x9e\xd5\x9a\xdd\xaf\
\xb4ry\x8f\xd1+J\x06\xd8\xa6\x82\xf7\xafO\x13L\
\xfdI\xe3\x93DB,\xd1\xa1\xf3\xd7\xc3&O\xbc\xf6\
c\xb7\x8c\x09\xa3\x82\xd2A\xd9\xf2\x1ad\xc8\xcf\x97!\
,\xdfYJ\xa7\xdds\x9b\xf2\x9b\xe2t\xf0qM9\
\x16B\xfbSg\xc4\x9d\xdfp$\x5c\xacz\x22\xc2\xfc\
\xde\xe9\xf7p\xbb\xbfE\x1d~F\x82\x1e\xbe\xfa\xbf4\
\x8e\x86UH\x05\xc9\xf0\x95\xa5\x8d\xed\x11\xb4\xd3\xf2^\
W{O\xecV0\xca\xfa.\x82@C\xfe\xd4g\x9c\
w7P\x89\x80\xe9\xc7B\xbdc\xe2\x05\xb9o\xb6\xad\
[\x91\x8d\x18\xad\x8bd\x03%\xfb3\xa2;w\x16k\
\xc6\x0bg|\xd7V\xb5d\xc2?+}\xa5\xe5mm\
\xaf\xe1\xe8\xe8\x0c\x1cm6G\xbc\x09\x19y\x0f\xf4!\
\x15\xf2\xc7Nu\x8b\xe27\xde\x98\xdb\xf6\x0b\xb0\x9a\xdd\
T\xeey\xbd%\x9bd\x5c\xf7t1\x22`\x9ar5\
\x82H\xfa\xd6!EF\x1f-\xdaUb#\xba\xda\x8c\
H\x8a\xf5\x05\x91\x8f\x0bQ\xe5a\xbf\x8d\xcbs\xc0\xc2\
\x9aI \x95\xdcW\x01f\x1eq\x13\xd0\xf4\xd1\xc2\xad\
\x10\xb2\xf2\xeb\x1d\x0f\xc74\x07@F|\xeeZa\xf0\
\x19_r\x1c\xfb\x0c\x07AtV\x85daQ\xa9\xd6\
\x8e\x98\x8d\xe5}\xc0:f\xb8\x18\x05\xc6\x081\xa2U\
\xbc\xb4\xe1\xf5\x92\xfe\xaf\xa9\x19\xf0I\xbe6py\x5c\
\xc4\xf1GQ5\xf5\x8a\x10y~\xbe\xabC\xed%z\
\x82\x99\xfeF\xa3\xb5,1\xa0\xd2\xbf\x1f\xdbMD\xd7\
\xd0F\x80k\x13~c\x00[:\x02\xaf\xe0\xa0B\xff\
J\x0e\x8b\x91d\xeb\x1b\xbb-\xcf\xc1\x93\xc0\xbc\x0c\xb6\
\xd0\x12\xf1\xb2\xd6\x91*\x19IdC\xdbI\x12\xdb\xbf\
W\xaf\xa3/\xb2\x8e\x94\x9d@\x88\xed\x82\x10[ \xa1\
\x99zb\x08\xa3\xdd^o\xdc\xf0F%{\x8e#\x1a\
\xcc\xaf\xd9wXn\xc2\xaez\xf7\xfe~\xc4\xed\xfby\
K\x81i:-\x9c\x1a\xa5\xc6\xc0lUA\xa6\x97\xdb\
\x17\xa3R\xa5\xe1\xb2\x0f\x7f\xa6s\xab\xb6\x0f(J\x8c\
\xa3T\x87 \xd85\xa7O\xc3\xd1\xf1\xf11W>F\
p2\x95Q|K\x83\x0d\xd6\xfe!\x18\xc9\x12 \xc9\
\x96\xe9U\xa4\xbb<\x89l\x0d\x8e\x16\xcb#9\x9f+\
\xf5\x82\xe2\x9d\x14\xc8\xab\x83\x18\xfc\x97\xc7\xc5bl\xe1\
b1\xe2\xd4z\x05k\xe1h\xdd\x8er\xa8\x99\x01o\
\x91\xdcX`z\xf6\xff\x9f Z<\xb7\xe0C\x8a\x12\
\xee\xf7\x1b\xb42\x82\xcc\xbe\xb66\xc6)T\x97\xfbd\
}\x8bFu$B\x17I(E\x12Sc\xcd\x99}\
\x80\xefch\xd84'\x9e\x0e\xb2\x0e\xc9K\xfcW\xec\
\xfbc\x02)\xef\x82\x15\xacj9\x09Lg$\x90\xb8\
0\x8bX\xd8\x13\xc2^e\xb2\xcfnJ)\x13b\xe7\
\xb6\x95\xe6\xf6\x10[\x0b/\x19\xf0%J\x8fr\xfdB\
\xac\xa4~\xba>\x8aN4\x9c\xbd`\x00\xd8\xeb\xc3m\
_\x98\xed\x90\x8d\xb1w\x09&cd\x8f\x90\xea\x8c\x9c\
\xbe\x8e\x1cY\xd4\x13\xb5\x95\x01i\xd6\x94\x88\xa4l\x80\
.\x95\x03\xd6\x04b\xd2\xac\xbc+\xc6\x82(\xad\xeb\x8d\
\xd5:.>\x9d\xaf\xc0\xd9\xfb\x04ZEX\xc8\xf2\xc8\
w\xf3:&L{\x98\x9c\xdfuk\xc8\x16\xf9\x95\x18\
>\xefS\x9a\xbd(\xd1\x99*y\x1fY|\x94i\xb8\
V\x5cu0F<\xd0\xb4\x95!3!\xbd]'u\
d|\x82\x18\x1b\xb7{`t\x06#\xd1\xc4\xcf2\x02\
]Z\xa8\xaf\xe2\x15\xc3n\xde\xeb\xb4n\xe8\xd56m\
{S\xdaJ\xa9\x97I\xad\xea\x8cD\xb9\xc1\xaf\x9d2\
p{\xb8\xf6\xcci8:s\xea\x14<\xe2^\x94P\
\xb1R\xa1\xe7\xb3\x85Z\x19\x15t\x9b\xc3\xf3\x93D;\
\xa9S\xfd\xef\x9e\xb2\x1c#\xc4\xe9\xd8\xf8u\x1d\xab\x01\
\xe0\x14\xceY\x10\xd5\x08a\x11\xb0\x93\x9c]~\x13v\
\xf9\xd6\xdd\xafY\x95\xd8$G`}!q\x19k\xe0\
<\xe78h\xa0G\xf6U\xdd\xad\xccl\xbc\xe6V\xd3\
q\x12\xbe\xae\x80b-\xdc*\xdf\xa1G{\x9d\x95k\
@\xaf\x05\xdfUG\xecw\xef\xc9;\xae\x0f\xe6:\xe3\
\xb9\xd6D\xc8j[\xf6,\xfe\xd1t\x85\x0e\x01\xb8\x06\
0]\xacG\x14^rd\x8d\x86\xde\xda4)}\xcf\
He\x19P/\x8b\x8a\x92\xe3\xfc+'\x8c\x22E\xf2\
1\x16\xf75!\xc2\xea\xb3d\x16\xd6A\xc2\xa3\xd35\
u\xd2\xa3\xb8y\x8c\x9c\xc6\x92\xc3Q\xa1\xb9\x965H\
'*H\xb4r[\x99\x88\x8ey1l\x8c\xc4@\x08\
\x5c\xf0{\xc7\xc6o\xd1\xf4M\x97^\xcfa\x05\xbbt\
\xf0\x82pV\xbe\xe6\x9a\xb9\xb2\x22V\xff\xdcfU\xb7\
\xccU!\xca\xce\x12\x0d\xb1\x1b\xea\xc6(v3\xb9\xce\
4\x9f#\xc2\xd3\x8f9\xef\xaf\x0e\xda\x14vb:\xda\
U/y\x88\xbdq\xdc\x80H\x97*\x84\x18\xd4\x86S\
vh=#\x94K\x07;B\xc8\xde1\x87\x9f\x9f]\
\x95\xd2Q\xb6\xf0o\x92\xa5 \x9du\xc4\xd6\x02Z\xa3\
\x96\xd89Vp\xa0\xceh\xcf\xec\x18\xde\x9d={\x16\
\x8e\xae\xbf\xeeZ\xb8\xf7n\x12U6}\xb5\xe7\xc0T\
\xfc\xecs\xb4\x84\xc91\xee\xb2uh\x83\x14\xdb\x88\xaa\
\xf2\xde\x064\x014\xf8\x84 \x8a\x0e\xc7\x0b\xfe>\xd1\
|q\xc1\xbc%1\xd5 1\xc6U'\xd4I9<\
\x17\x95C\xb3f\xe01\xce\xe8Gs f\x87&\x1d\
\x91\xf7\x04\x91\xe7\xfeW\xc5x\x18C6\x98\x19\xcfa\
KB(\x9e\xd2\xf5\x08b?I\xd0\xf8>T\x9c\x8c\
\xec/\x13\xc1i\x1a\x99<\xf2\xa4W4\xca\x11\xe7-\
Q\xa7!H\x86\xe3\xfe\xc3\xd8G\xd7T\xf7n\xee\xa0\
^\xf4\x1cz\xa5\x22e\x1b\xa7\x9b\xd88~\xb9\xee\xdf\
\x97P\xc4\x92\xce\xd6'\x0b\xf10Im3$>\x85\
\xe8\xfbilb\xaf\xe1:\xa6_5\xc2\xd7R\xab\xfd\
d\x7f\xd0\xb8u\x99\x17%.\xf6\xa8\x01\x0dF\x83\x01\
V\x04\x9dd^s\x874Y\xa2\xa7Oj\x9c\x08\x8b\
c@\xef\x18\xc7\xe6\xa5\x0c=|\x8a\x84~&f\xa8\
\x0f\x1cC\xa2\xe3\xbe\xfc3\xf2\xf1q\x1aHT-\xc4\
\xb9]7\x04W\xa9\x180\xd1\x91#<iOz\xff\
i\xfb\x12%\x14\x5c\xbbG\xd4\x03\x9c\x10\x98\x06\x99_\
\x9e \xf1\xc0\xe9]\xcb\xe6\xf7\x82\xcdE\x14\xf1\x13~\
4\x09Ji\xb4\xc7\xd2\xb0\xaa\x95)x\x1b\x89\xa9\xf6\
\xac\xa4\xee&\x18\xb2vIx\xda\xf6[\xbb\xe7s\x1d\
:?\x1ev\xd1&\xb6g[<\x06\x15%\xc8~\xf6\
I\x8e\x1b\xbc\xf5RC\x8e\x03\x80{h\x1b\xd5\xda\xc8\
\xf9;o,mv\x17\xa7\x06\xdd`}\x9c]\x91\x04\
S\x04\xc6\xd2\x88\xd1K\x01%\x80T\x96\xf8\xa0\xae\x9f\
\x9f\xc5K\xf4\x17IP4$c\x9b+\x1fqU\xbe\
\xbb)\x08U&\xee?\xe2\x1c\x9bR\x91f\xb61 \
\xb4b\xc3\xd4\xeb\xcf\x9d\x83\xf5\x8d\xd7_K\x9dE`\
eb\xfc\xb4\xf6\xbaxYT\xdf\x030\x89o\xdf\x1f\
^\x8f |Z\xd9\xaa\xd8\xa6\x91\xbaj\xa2B\xea6\
\xb1\xaa\xb8QEw\xaa\xcc\x09d\xee{$\xb1\x98\xfa\
\xdd\xbf\x90\x01W\xfc\xdb\xdahkM\xd9\x05B*\x86\
\x85%\x1e\xdc\x1e\xf1\xe5\xef\xcb\xea\xcfs\xe1\x89\x81~\
^,\x7f\x81\xaeM\x08\x06S\xe4\x80(i\x10G\xed\
\xa2\xaa\xa4OD2\xd1a7\xca\xc6\xf1N\xf57\xbd\
*]\xe6\xe5\xaa>\x1a\x87?!\x07S\x01\xb8\xfa\x08\
\xeai\x00\x18\xe9\x95\x8c\x8d\xe6c}\xf8^:\xa4\x08\
\x90\x12\x91\xa3s=\x22F\xd7\xb9{Us\xe2Tw\
Y\xdd\xe1\x9e\xea\xc4\xf7y\xbe#\xa0o\xffGu\xc2\
\xb0\xfb\xc9\x06\xe6\x90\xb9!@\x1f\xf7\x9e\xee\xdf\xa9\xf7\
V\xe3\x14\xb3\xf1\x19\xf3\xe8\x18\xd78nI\x00\xba\x8c\
3\xa8\xb2\x0e\x90\x00U\xfb\xa7\x96\xea\x8c\x8d,\xf5y\
>\x04\x99K\xec\x98/|\xde\x13\x8c~=)i\x0d\
I\x91L\xa2b\xd2\xca\xab\xdc\xe3\x9eY\x18\xd9( \
f#\x03\xc3\x1e\x96'\x09\x85\xe2a\xeam7\xce=\
\xb9 6$,\xc6\xb6\xc3U\x9e\xb0\x19p\xbd\xb6\x1a\
&\xc2v\xfb\xe1F~\x84\x11~c\x90Y\xcd<U\
\x02s\xd5\xc5\xef(\xf2kH\xdc\x14\xd8\xc0\xd9\xeb\xce\
\xc1\xd1\x8d\xd7\x1f\x11\xb5\xd6.\xbb\xe4\x08i(}\xc7\
\x07\xd4]/\xd6\x8f\x1c\xa5\x5c\x13\xcdq\xe6Q= \
\x8aT\xf7j1E\x1c\x8bqd\x06h\xb8\x0fL4\
h\xc4\xafB]P\x1d\xbcJ\x84\xc5>\x0aJD\x89\
a^5\x83\xb1\xcex\xdf\x87\x92\xf0\xde\x06\xfa\xb4\x9c\
\xe1\xb0\x09\xed\xa1\xce\xe6\x00\xe6K\x05\xc4\xf3\x06\x1f\xab\
d\xfa1\x88\x8a$\x00\xbc\xf0\xb4\xad\x93\x0f#:\x12\
\xefU\xfdU\xe6k\x82\x80\xc3g\x1d\xb5\xacct]\
\xee%\x1f\xf5\xfa\x87\xeb\xa3\xf0\xd0H\xd2'\x11l\xe2\
f\xab\xf3\x92\xcbb\x89\x80\x7f\xa7kOnL\x1bm\
\xfa\xc8z\xd4\x97LT\xe7\xe7#\xb1\xe8\xcfU%\x1a\
^\xd4\xf7\xa2\x9d\xd13\xde\xd8J\xdb\x09/\xdbd\xd4\
\xa1U+\xa9\xc2S%\xc8\x0cRNIt\xe4LT\
\x8c\xd5\x5c\xfb\xbb]L\x14C}\x9e\xe9U\xb6\xefp\
02j+\xa6\x08/\xff\xa0S\x91M7\xcc\x0d^\
\xcd\xbc\x8e\xa3\xea\x11<\xa1\x8e\x10\xa8 \xc6\x15\xf1\x85\
\xc33\x1eo\x09J'\xe1\x82\xc5&Y\x22y\xdb'\
{\x83~\xef\xf7^\x01$\xdd1\x02 \xabf\xca6\
\xd3Zd\x02&\xc30$j\x9c\x84 \xbc\xe7\xd4\xa0\
\x1c\x0b\xb4\xab\x9b>\x00\xb7\xder\x1e\xd6\xd7_w\x8d\
\x9d\x99\x85k5\x05,\xed\x9e\x04\x06\x89\xf7}P\x9b\
*\xaav%\x8e\x8e\xb3\x14#\x11\xda\xe6\xcd\x12\x08\xf9\
\xcc\x97\x9a\x9a\xaeKC\xcaU\xe0\x097\xa8\xb2\xceQ\
\x1b\x14~\xc5>}\xa97K\x04\x1a\x06\x88\xe3\x83\x15\
2\xeb\xe7'\x22%B\x02>\xc4k\xff\xcc\x98\xfa\x0d\
\x9c\xb2\x7fGa\x82\xe8\xad\x9b\x98\xce\x9e\xd35w\x12\
\x81)\x09\x91\xe9n\x9b\xf8q\xd9:\x87\xf7\xb9\x1dO\
l\x1e\x82\x88\xac\x1f\xcc\xf9H\x00\xa9\x1c\xb4I\xe7\xc2\
21V\xe7g\xd9\xfcN\x0dh@\xeaip\xa1\xbe\
\xc4\xf3\xea\xcfW\xfc\x08W5:#\x1e\xa0\xf6\x04\x85\
\x1f\xcb\xb4W\xd0\x1c0\xf6\xed\xc5:=q6\xae\x87\
\x00$\xa6\xa7\x1b\xc2\x87^\xfd\xb4J\x1f\x91,\xfa\xb0\
\xe1\xbe\x8f\xb2\xaf\x8b\x80N\x9e\x08\x9d\xe1t\xabq\xfb\
\xdf\x919\x1a\xd75'U\x91S\xde\xec\xb7$q\x8d\
!\x89\xc8P\xa1\xbb1~FDS<\xb3\x87\xec\xe2\
j\xcd$\xb7J@r\xac\xc6\xa5\xd2G\xa5\xc5\xd8F\
\x0c\xa3\xbd\x0aB\xe0\xf6\x5c\x9b\xad\xf86{ft\x5c\
\x22\xb1\x7f\x18\xec\x0c\xb1H\x924,J\xb6\xec\x5c6\
\xe9\x97Dy\xc57\x9d\x81\xe7x\xbd\x99B\xda\xee\xe0\
\x8e\xa7]\x80\xa3;n\xbb\x95\xa9\x96#\x0a\xa3\xaa\x9d\
fC>o\xec\xe3\xac,\x89s\xde&\xb1\xa0\xa7\x84\
c\xbcj\xec\x9aPH\x1c\xabu\x14:\xd1&\xbc\xd2\
\x91\xf7V\xe8f-\xda\xfaRG\x8f\xf2\x00I\xde\x13\
\x86 \x1e\xa6\xa8\x137\xa3!'\xa2.8\x09\xeci\
\x13K\xe5v\xc5\xb6@B\xfa:j\xaeU\xc3\xd1\x11\
&\xa8/\xdb\xd8\x04\xc0\xcc>\x17\x0dy\x0a\x02\x8a\x0d\
\xaf\xed9Y\x19\xe4\x22\xbc\x1d\x03}\xcf\x92\x1bC\xa8\
=7K\xe2\xec\x11\xc2\xe5\xd4\xc7>\x8a\xa5\x17c\xf1\
\x9aG=\xaf\xd4+\xd4.\x8d\x08\xff\xc7\xcck\x9c]\
\x0fu\xf1\xecw\xcfd\xb1n17\xaf}i\x08p\
\x09\xa0\xefK$\xb0\xdc\x9eN\xf5d\x9d\x5c(\xad\xdf\
*Yc\x8dpz&\x13M5\xf7\xd8\xa2\xa3\x11\x81\
\x86\x16\xf8N\x8a\xe6\x9fA\x8bb\xd6\xcf*\xc2\x1b\x96\
\xa6\x84b\x9f\xe3\xb4\xdf=\x01)\xebc*\xb6\x8c\x80\
\x0dX\x9a=\xcd(1V\xdf\x07\x8bEO0\xc7\xe7\
3\x90gz\xae\xcd\x22\x18\x86\xf8\x1ek\xceB_\xcd\
!\xb1\x81.\xef\x88I==\x17g\xc6Y{\xb5\xb3\
 \x18i\xfd\xf5\x91\x0f\xbdabDN\xeb\xf9\x88m\
\x93\xeb\xd3\xef\x8bHD\x1a\xc2\xa9\xafgd\xd0\xc3\x19\
\x95J\xc8\x139\x9eF\x979Q\xc6\x5c\xa8\x0c\xe4\xec\
\xf3<\x88Tt\xaah*\xdf,\x19[\x1b\xf7\x8a\xe2\
y\xe1\xeeQGo{\xc0\x980\x8b\x9d\x1f=E2\
A\x98\xe5\x03\xfb8\xe3\x8aS\xe2\x1ctL{PC\
6\xcc\xd0`\x13\xef\xdfB\xf5ls9\x88\xe8)\x1c\
x\xa0\x97\x9dtKQ\x8f\x10\x97l\xf8\x8b\xf3QK\
\xeb)\xec\xb9\x1b\x1b\xc3\x9e\x86\xa7N`\x07w\xdcz\
\x03\xac\xbf\xf1\xaf\xbd\x9em9j\xfff\xd3\xa67`\
\xb1K\x93\xe4\x8d~\xa8\x0b\x91Z\x91\x051j\x8e\xa0\
\xd3\x12\xee\xdc\xda*\xa9\xc3\xceP\xc8\x13\x1f\x11\xb9\xf4\
\xc8F\x9e\xed\x9f\x8f\xf5\xb9\xb0\x8d\x83\xfa\xe6\x0a\xa3\xd4\
n\xddM\x0d11\x03\xe5>Y\x05\x1d\xb5\xf0!\x92\
\xf3<\xf7SF\xb1*tz\x06|7\xee\xaf\x94\x02\
xu\x1c]u?\x95\xb6\x89\xb1\x13\x96H\xa5\x92\x8e\
D\xc0\x998\x8c\xacKch<\x16Y\xfaO/\x0a\
\x9e\xeaw\xb5\xbe\xb8\x86\x19i\xbb\xf5\x9c\xe4\x5cy\xca\
\xcc\xae\x88\x10P6Z\xf4\xedOwv\x9as\x91\xe8\
0D\xd8\xf6k\xd8\x8b\x84\x07\xcd\x84\xbd*\x5c\xedj\
\xf6\xf9Z\xec\xec\xe7\xd8\x87\x0c\x1e\x1b\xd4f\x22\x5c%\
\xa9\x05\xf7'{\x86\xde\xdb=%\x09\x1f\xad\xeb\xca\xa4\
P*^\xb6\xfe\x0a\x17l\x7fs\x08\xd8\x01\xf1\x81_\
,\xf4\xee4\xf2\x1f\xf4o\x06\xfe\xd80\xe3x\x87\xef\
\xec=DYw\xa1\x81\x0f\xe9\x17\x7fC\xce\x1b\x93\xea\
\x5c\x85d\x8e\xc6P{Py\xae\x5c\x8ap\xf6\x9e\xc3\
7\x5cTK)j\xb5\xb4\x95\xf0\x8e\x0b\xa4&.}\
\xad\x84u\xa7+J(\xdb=\x8f/\xf5\xcd\xb0\xeez\
\xaf\x90\xd4\x05\xa9\x97\xbd\x1d`O\x80\xa3\xc5\x9c\xf5\xe4\
\x1e\xaf\xf9\x1a\xe0\x8e\xdb\x9fFP\xfeH\xae\x07qO\
>\xc4\x11`w\x13\x95J\x89\xb4\x85\xca\x99-Q\xcc\
\x13)\xeb\xb8\x11\x8c\x1b\x18!\x94x-\xfe\xad6\x81\
\xc5\xc4\xa7\x05\xec\x0d\x9d\xfc\xb8\xfd\xe6\x8b*\x013\x8e\
\xab\xa6I\xc5=\xcc\xb17\x9en\xc9y\xe3D\xbb\x1d\
\x90Q1\x90]0\xae <9g\x98\xe5\xd7\xba\xea\
\x90\x9f\x8b~\xc3\xaah=\x11<\x95X\xcd\xdf\xeb\xfa\
\xdf\x15\x19\x0b\xce\xd4\xc0\xba\xc2\xf7Q\xe6\xb7\xf6\xe9\xcf\
\xfd\xf6\xfd\x08\x04\x81#^#\x11\xc2\xefH\x9a\x00\xc7\
\xf9\xf81f\xa2I\xfa\xa3heF\xcd\x10\xf8<'\
\x91\xab\xc6P\xa90F\x22\xe1|m\x84X\xec\xac\xe7\
\x1e\x11B\xf4\x1cg\xa5R\xa8\xd5yZ{q-\xf6\
?\xf6\xcb|\x98\xabg{.\xdc\xda\xd6~M\xe4\xf9\
p\xb5i\xdf\x8d\xeb5\xa1\x9f]\x8f\xebj\x008\xf5\
w?\xef\xbe\x9c\x09\x88\x0csG\x85$r\x04\xff|\
\xfflN&F):u\xd6\xa7gB\xb9\xd9\x1d\xf8\
z\xfa\xf5\x18\x8f\xe1\x10&\xa9\xae\xcc\x8c\xf2\xa6TO\
Q\xba\xb1\x8c9!\x86\xacN\x86\xa49\x08:\x02m\
\xc0\x88\xe2\xf3\x8e\x99\xf4\x84\xa9\xe6\x96HHz_\xad\
\x03\x11\x06\xa2\xfaT\x8b\xffN\xf4\x90%_\x07\xa8\xbc\
U\xeaD\xaa\x82;\x9f~\xabx\xf61\xc5\x94\xf4\x16\
q\xe2\x85\x97\xcc\xe2\xb5d\xdd\xbfd\xe1'\xf4\x92\x15\
g>B\x1c<\x96\x01\x15>\xb2'0\xee\xb0\xdfX\
9\xa0J\xe6^\xaa\x05\xf1\xec\x1dY\xf9\xe3\xc7\x09\xa2\
\xf4\x93\x0c\xde\xaa\x8d]\x11\x01aLL\x04\xec\x82&\
\x82\xc7SP\xfd\x91w\xd1VX4N~\xfe\xed^\
\xfb+>\xffqn\xc66\x03\x19\xe0H\xdd$\xa6&\
\xa9BF\xaa\x93H\xc6\xf7\xcd\xee\x86\xef\xc2\x91y\xa9\
\x8aG\xc2I!\xd2\x81\xd0\xa1n\xac0\x0a\x12\x00)\
\xef\xe4 C]\x00#\x94\xb84\x11\xfc\x96\x12\xcb\xb4\
\xef\xec\xeej\x04\x11\x1d\xf4\xc8a{q\xe2\x06v\xdb\
\xfe\x8c\x8c8\xf7~\xbf\xfb\x15\x9f\xe3\x16\xa3\xc1\xed\x88\
\xb0\x88H\xdf\x7f\x22\xb7\xd6s\xfb\xed\x1a\xf9\xbcHr\
\x1f\xeb\x9fI*\xf2X\xba~\xa8\x04\xc8\xda\x8e\xc4\x7f\
\x0d\xaf<\x81Z\x8do\x8e\x10\xa06\xc4\xcb@\xec<\
H\x1aAs\xd6\x03\xe0\xecQ\xa2\x1a\x9f\x0a\xf2\x17\xeb\
ab\xfb\xbe/Yj\x96\xef\xf3\xb7\xc0\xc4L\xbd\xeb\
\xe7\xd4T<u\xbb\xe3}dk\x22MH\xa2\xb4\xa5\
R\x97\xa9\x82p\xc9\xc1\xd5\xdc\xb7Q\xbf\x8c(\xea\xf1\
\x12\x89\xbc\xc7Dt$\xf4\xd7\xcb\x0cj\x07k[\xc2\
;\xae\x0b\xd5x\x9c\x90\xc9\xdbV\x04\x82ub\x0e+\
\x95c`\xbe\x92Q?\xf5\x93\xa0\xe2\xa9\xe3S\xf0\xb4\
[o\xa2\xd3s\xfe\xfc\xf5\x08\xcd#G2\x1e,\x1d\
\xe2v0\xb6\x1c\x18\xc1\xc4a\xa3A\xfb\x0e\xc6\xba\x96\
l\x92\xd5\x84e\xa8\xff%\xfa\xe5\xfe\xa0\xcb\xa7\xe7\x8a\
6\x8a\xac\xcc\xb7\xb7jW\xa2\xf0\xd5\x80\x8a\xac\x19\xc8\
\xd8\xa4i!\x15)\xbb\xccwd\xfef\xfe\xb2\xdd\xdc\
\xb4|\xd1\x89k\xa6v,\x03\xa1\xa1G2\x1a\x0c\x88\
U\xc6\xe8\xa2\xb5\xe5\xd9\xc1\xbf\xb2\xc1Z\xec\x07\x04Z\
-\x80\xd3\x0a?\xb1m!\xfa\xe2\x9cX\xac\x87z\xbd\
#'hb3\x9b\xe7~M\xc8\x8f\x9eC\xaf\x06\xa4\
\xe0\xc4e\x89\x83\x0a\xc8ODb\x09\x00\xf7\xa1\x8e\xab\
\xf9\xad\x01+\xf6\x8fc};\xf29\x12)l\xe3\xd0\
\x9e%\xfb\x07s+B/eQ\xd0i?9\x16\xb8\
\xd6\xeb\x0e<\xfa8o\x83\xe8\xb5=\xb7\x16\xd1#r\
%~rb\x98f\xaa+\xf5/\x88a\xa2;\x22m\
\x99\x0c\xa8E\x05\x13\x9fS\xc2\xae8\xdaB\x88f\x22\
/\x8a\xf0\x89(\xb4\xfe\xc93fP\xe7\xdf\xa7\xf5#\
\x1b\x05TN\xe2\xef\xf6>\x8d\xa3\xcd\x09\xcd\x0b\xdb\xb0\
p\x8e\x0b\x93\xf8\x98\x1a$\xce\x91G~\xb4\xbe\xfeC\
s\xde\xeai\xe7B|\xc0\x99+l\xc4\xc0N\xee\x09\
q\xa7\xf2\xbb2N\x08\xf9\x94\xbb\xf8\x15C\xc2M\xf6\
\xba\x11Gn\xe1t\x1ec\xdd\x96]\xd2\xce\x12\x05\x95\
\x91\xf3\x1far\xc5\x0c\xf5\xfd\xc9\xa5_O\x8a\xa7/\
Fvt\xc5\xa2pF\x83\xbb\xccD2y\xca\x08}\
$\xf5\xf4{\x87\xf2\x03Z\xd6\xbfEB\xe4`\xcb$\
g\xc7\xdb3\xc4kD/0\x01G\x14\x8c\xb9\xd3N\
\xe2)&&$\x96\xbfS\x13\xd4L.\xeb\xf9G\xf1\
r\xf0\x1d>\x93\x1c'\x05\xd7X\x9b\xdf\xb9=\xce\x12\
\x1a\x87\xf0\xd7xf\x9c+\xa1T\x8b\xcd\x91=K\xfb\
\xdcx\xeeZ\xb8\xe9\xfc98j7\xef\xb8\xf5f\xb8\
\xff\xdeGB\x5c7\xcf\xd5w\x03\x0e\x92\x82\xa7&\xee\
\xa99z\x9e\xa8\x81i\x83\x7f7\x00\x8d\xac\xf3\xe4I\
\x0b\xd4_669P\x0f\x87\xc0\xc1*\xe8\xc6\xd2\x92\
M\x90\x1el\xa6\x1eG\x85\xfb\x036zM\xe7EC\
\xda\xfa'=\xc5\xef\xff\xd2\xbd\xd0\xc7\x103\xcbN\xd3\
\x14\x85\xdf\x01vb\x8b\xcb\xc0I\xfd\x9a\x10\xc0\xcf\xfb\
)\xb7\x17\xa9\xef\x9as\xe9\x86]\x10\x94\xb3\xc5\x05\xd2\
Y**M\x15\xb8\xef\x8dhi\xa4\x99\xdf_Q\x02\
\x81\x009\xef;%\xdf\x96\xb5+\xc4Z\x18\xc3H\x82\
f\x96\xb6E|Po\xcc\xc4\xc4\xec\xb0U3\xa4\x92\
3n{5\x9f\xa1h\x03\x10\xef\x19'\x96\x99\x8bi\
U\x9c\x92\xab\x0e9\x8aM(K\x00\xd8\xe5\x09\xeb\xe0\
\x98\xfd:T=\xfb\xf8\xab\x8b\x01\xafk\x9f\xce?^\
\xaf\xb86y7\xc0\x14'5\x1d\xc0sb\xacD\xc5\
\xd5\xfb\xfe{d\x5c#\x99\xfd\xb4[\x5c\x89\x9c\xa6\xf6\
\xb5\x9c-\xfa>\x96\xfaTC\xe9\x09}\xb5\xe8p\xc1\
k\xc6\xfd\xe7+\xabii'\x99\x9b\xd0\xcc\xd23\x0e\
f\x05\xe6`?\x19\xf66\x10~\x1a\xac\xc7e\xeb\xdc\
C\xb1\xf6\xcc4\x10\x9b>;'\xb9S\xa4>\x88\xfa\
O\xcf\xc8i$A\xc2\xec\xfdV\xe3\xe4b\x988\xae\
8S]\x9d\x01\xdcH\xd6?:\xa3y\x88$=%\
.\xf2y\x1f\xf7l8>\xdd\x88h\x00x\xdaM7\
\xb0q\xd1\x82\xc1R\xb3K\xc9\xb0\xfeMW\xf5h`\
\xb4xze\x5cW\x19\x8f\x9c\xdfR+x\xb2\xf4\xad\
D\x22\xcbD\x80uF<)\xa6\x8d\xa10\xc8\xca\x19\
c\xce\x00cI\xe5{\x16\x87\xcbx\xa748\xbey\
\x89\xb2\x95\x9e\xc83\x13\xc4\x89a<\xd2\xff\xc2\xd0\x86\
.{\x0e\x89\xea\xf6\xdc\xbc'R<\x17\xef\xdf\xa9D\
\xd4\x1e\xb1W\xf3(\xcf\xb6l\x82M\x13\xa6\xba\xb0\x19\
\xbdc7\x13C\x00[s>s\xcf\xa2\xa7\x8b\x8aw\
)n\xb7\x89\xd9\x8a\x15\x93*\x8a8/6\x17\x86\x14\
\x02\xf6\xb4\xdd\x93l(\x0e!P\x92\xfcY\xd5\x01Q\
\x9f\xb9\xb8.\xa7\xe2C$\xdc\x89\x83k\xbd\xbc\xcd_\
\xae\xb3w\xdd\xf2j\x84\xae\x07\xdd$\xda\xbb$\xa1\xe1\
\xa1\xf2\x19'\x03>\xdb\xfb\xd5\x19\x9fT\x05\xec\x18\x88\
\x0a\xcc\xe8vK6>\xb4~f\xe2\x80<v\xcc0\
l\x84p\xe3X\xcd\xf6\xc8\xe6\xb4>c#5\xc0R\
\xc9\xfb\xa8/\xf9\x5c\xa7^F\x02}\xd0\x97\xe1\x18u\
D\x83\xfb\x8c\xfc\x87\xefzX0\x11<j\x0c3\xb8\
\xffr\xc8\xd2\xf3\x82/\xf8*\x8c\x8aI\xed\xfc\xd5\x85\
s0\x07\xcf\x84\xeb\x17\xa27\x11\x9fU\xd1}\xa1W\
DQ\x9c\x1f$\xef\xaa\x97\xbc\xf0\xf9b\xf6\x09\xf0q\
\x1f\xfbL\x1e\xcc\xfc\x00\x10\x944\x978\xfc\xc4\xc6\xab\
\x0e\xcdu\xb8\x7f\xcetl=J\xf4\xba~N\x99\x1a\
\x9e\x9f\x9f\xdcl\xa4\xe6\xc5'\xde\x88\xab{\x8f\xaf7\
\xfaL\xf4\xe6\xd9ov\xf4\xceh\xacs\x1c\xa8\xa7`\
\xe7\xf1\xdf\x98\xbb\x8e\xed\x11\xb0\xcd\x876rY\xd3\x84\
RP\x91\xcd\x8cQD\xb4\xa3\xf9Y\xbaO\xa6\xc6\x15\
\xca\x9aD\x91*\x95K\x22}4,\x1a\xec\xf3\xccA\
\xe8\xf5\xce\xbab\x97D\xcf\xd1\xca_,\xf1;\x1b\x5c\
\xe6\x02s\x82\x948./J\xde\x15\x1c\x86\xc0.&\
DXe \xbaD\xdb\xd0\xf2\xc9\xc8\xda#\x964~\
\x05<\x8e\x8aq}\x0fk,c\x0e{\xb4&\xf02\
\xe7_\xb6\x1dBI\xf7\x9c\xae\x22%\xb96<\xabQ\
\xf7\x1b\xaf\xd7e\x0a\x99\xd2\x8fQ\x9f#2\xf6\x08\x84\
4\xbc~\xfe`0\x97]\xad.\x86\x8a\xdcd\x91t\
jW\xbe\x8f$\x9c\xe5X\xbcU\x12\x07\xaa\xa9\xd6o\
)\xd1\x8d\xe9\xbf\xbd\xe1\xdcLqfP\xf4\xbe\xd8L\
\x89J\xc0\xa5\x10\xceR3I\xb3\x8b\x0c\x93\xcc\xf5\x04\
\xa3F\x95\x90\x98?\x8c\x11\xd5o\xf5\xf9\xcc.\xca\xa3\
bk\xef\x81\xa1\xa8\x0e\xc6\x0cFSs\xa2\x83cS\
\x11\x0e\xd2|\x8b\xba\xf8\x10\xc2?K\x04\xb2\x11\xb6\xef\
c#\x00\x9e\xffq\xcf\xc6\xfd\x89*\x80O~\xe9s\
\x01Nv\xb0:\xde\xb0.\xcb\xc4o~#\x8a\xdd!\
3\x02\xcaQR\xf1\x11\xba\x983g\xbdH\x18\xdc\x8c\
\x85>\x0d\x06\xff\x1f\x88\xfb\x1dpB\xdf|g\xb3\xce\
\xb2D\x02\xcc\xec3\xce\xa2\x80u;T\x1d\x07H\x22\
Z\xf2+gj6Mh5\xd1\xa8\x9e\xc1Z\xd6\xa8\
\x9b\xd7x\xf9\xc9q\xb0\x9a\xff|D\xdc\x11\x97\xed\x1c\
\xde\xb4\xf9\xca}\x9f\xe7b\xa3?l\xd5\x17NP\xc1\
\xedZ[\x14\xf7\x1aU\x19\x02(V\xa6\x7f\x92>\x12\
Gh\x91\xe3r\x9f\xa9\x8e\x18'b\xfc\x5c\xd4\xd9y\
\xcb}}^\x00\x83\xe3\x92;)\xb7\xa4\xe1-\x18G\
b.,\xf9\x0fm\x17tX*E\xd8\xbe\x8f6\x9f\
\xf2u\x90\x95\x8c9A\x8d\xbf\xcd\xdf5\x9f\xfc\x9ab\
\x7f\xef\xb5/.[\x80\x9e\x15\xd3\xe1\xcb9\x92\x90\xc3\
\xa1M|\xa9\x85\xfe\x95\xf9\xf7\xd0\xb5\x9fg;O+\
G\x0c\x98\x1e\x9d\xce\xbe\xaf\xc3s\xe8\x92\xbc\x849$\
wX*b\xa6&\xec\x04\xb6\xc4h~\xd2'j\xc7\
\xf4\x9ab\xe4\xa4@M\xcf\x81\xe4@\xc8\xa6W9*\
\x86\xf4\x8f9\xeb\xe4\xb1\xe1u\xf6\x88\xaeS\x971.\
\x8a\x00R\xa7b\xd0\xfd \xf6\x1f:S\x1c\x9dA\xd7\
\x82r\x9d\xd4R(\x0aT#jK3\xea\x95\xbd(\
\x14,\xafE\xda\xe8:\xbfH\x18pR'\x8c\xa3\xd0\
\xc7A\xc9\xfd\xb6\xb5\xb1dR\x16\xc0\xaa\x8f\xa10\x82\
e4\x83\x96\xf8M\xe2\xba\xe8o\xd4I\xfb~\xc8\xb8\
\xeb\xba|\x1b\x12\xf7\xa4\xe1H\xb4\xa9B\xd7BGp\
\x09\xc1Z\xees\xdfyqm\xa4QDi\xd3\x8a\xff\
\xec\x9c8~\x19\xd2U\xb8\xe5;]\x06\x02\xf1}\xa3\
\xdc\x06\xb2\xd7\xa2\xe7\x88\x14\xdasR]c\xb4\xd5\x18\
=\x0f\xcd=\xd7\xb5\xb7/\x9e\xc3\x89\xdf\xc3\xee\xf2\x1e\
^\xf0\xa2\xe7\x18\x86\xfd\xa2\xcf}\xf9j\xbdn\x14\xdc\
\xb2\xc1\x97\x13\x9d\x07\x81\xd0uj\xe2\x0a\xdd\x9b~\xef\
\xb7\xdcT\x9b\x91Z'\xa4&\x1b\xc4\xc4\x98>\xae\x80\
YHg\x0e&\x13#\xae\x07\xbc\x81\xb8\x19\x9c\xd8\xe5\
\xe2iO \xf8\x8f\xaf}\xfc\xde4\x85o\xe32\x22\
!\x22\x84\x8a\xa0aI\x80\xde\xa7\xde\x91\x98\x9f\x8c\xb5\
\xcc\x80\xcf\xfa\x80\xf3\xe3\xb8\xeb~]\x8cs\xf5\x92\x99\
\xaa\xffQj#\xed+\x18b?\xec\x9e3\xd3Q\x8a\
\xeb\xdd\x80\x0b0\xb4\x9d\x5c1\x03 \xf4>\xe4\x09\xf0\
\xb9\xe7\x94c\x9bIF9\xa5\x06\xc9\x85\xda\xb4\xc8\x88\
\x9d\x91\x17\xea\xeb\x5c\x04\xa9J\xef\x9f\xfd\xb6\xb3\xa1`\
\xd7\xbe|ouy\x03MC\xf6\x157\x1c\xd5r\xd5\
\xf8l\xed\xe6%\x82~O\xbb >\xc5\xbbh\x04\xd8\
\x19\xf1\xd1\xfbj\x5c\xdbIax\x1cJ8\xc8\xa1\xcd\
\xeb\xe02\xbb%wQ\xbc\xb4\xaa\xf6\xe9\x14\xa7\xe5\x98\
\x13/%\xea\xe6#\x9ei\xab7g9\x1c\x13\xefU\
\xa9\xf7\x99\xb4\x95\xfbA\xb1\xfc\xf5\xbc:N9\x9fQ\
\xcfrx)\xcc\xb8\xcd\xa9\xfe\xd9\xfe\x94vp\xe7W\
&+\x03\x09\xe9\x14\x0c\xac\xc7\xef\x18\xd6\xf0\xc8>\xd4\
yH\xbd5\xb1\xd1\xbf+\x0c\x87HHF0\xc6\x8a\
\xc1\x82`@\xbd|\x9a\x87\xd2V\xfa\xbb\x82\xa3\xf5\x1e\
\x9e\xfd\xac;a\xb3F\xb6\x98\xca\xf5\xe7\xce\xa8H\xbb\
zy$\xe6\xb3\x12\xf5\x8c4\x97\xfd\x04\x93\xe4e\xba\
\x1d/\xf2\x9b\x1a\x94\xaf\xdb\x7f\x1f!e?\x09\x84\xe0\
\xd2F/\x5c\x9a\xba9\x10]\xd1\x8c\xfb\x94\x1f\xb3\xf6\
\x11\xdb\xf5\xfd\x88\xa9%\xc5\xba\xdf\x08\x14\xb2\xe8\xf4\xe8\
\xa1\x0f\xae\x91\x81\xae\x89\xf8:\x84\xd8\xb9\x97\x90(-\
\xcfT\x90\xc6\xf0\x9aQ\xe0!\x9f\xfcwz\xfe\xadg\
\x03\x00Zp\xda\xf4\xae\xb9\x10\x92\x91]\x02\xc4l\x83\
\x10\x10~Eh\xca\xbf*\xc6\xc0\x00A\xcd\x89S\xe7\
\xcf\x00\xbf70\xe8ZL\xc4\xca\x11I\xc4\x1f>7\
\x12\x1b\x06\x04\xde\xbe\x8d\xacJ\xfa:s\x1d}\x89a\
\x9b\x8b7\x17\xc2\x08zv$##)C\xbf\x9c%\
\xb7\xe5\xfafE\x0c\xa8j[\xb4*\x8e\xfd\x12BM\
\xd5\x0f2\xc7\xd5\x88\x04\x16\xa0TM\x18\xf7~>2\
\xa1%\x06\xe7\xb8\xe3;\x1a}\xce\x02\xbd\xaf\xb3\xb8\x1b\
\xfev\xaa\x88\x192#\x9cm\xa4/y\x8d&\xddF\
\xa7\xfb\x1c\x98\xe6\xa2\x9d\x5cWu\x7f\xf4\xbc\xbd#\x14\
\x85#\x22\x84\x90\x0e/\xad;UH\xd7\xdf\x84'&\
\xf7z\x0a\xf4DY\x04a\x5c\xd4v\xa5\xff\x88\xca\xc3\
\x1fW\xdf}1\xf3\xc9}\xef\xa5\x96\x16I\xb3u\xe6\
\xb6\xa7]\x80\x1b\xaf?G\xcd\xcbK\xcf\xfb\xd8\xe7\x0c\
'\xb5Z\xec)\xc4\xc7o\x96T} \x0c\x02\xe3\xee\
\xa9\xe7\xca'\x7f\x195\x5c\x89\xb9\x02R\xc4hW\x14\
Hf\xe7\x935\xe8\xbb#N%\x8c\x9e\x90g\xd7\xf7\
\xf8D\xbb\x8e\xee{j;\x11\xab3\xbd\xa7\xbb\xb6#\
\x95\x82\x04\x08\x8a\x83\xebA\x0f\x11\x14\x1e\x00\xc4\x03?\
\xea\x9f!\xf9\x1eaO\x121\xfe0$`B\xf5\x12\
\x02\x17\x80\x9d\x89\x83^\x1c9A\xa8\xb9q\xd2\xb3\x94\
Bs\xef\x0cu2G\xee7:\xb6\xb5\xf6\xc4Dv\
\xa3j\xa2\xf5(\x1d\x98\xe2\x02\xd6.U\xecT\xa0#\
\xea\xbb;\x80\x0e\x18\xe0\x8e\xf2\xb6'\xbc\xc5|\x5c\x81\
P\x1f\xba\x13&\x90\x99\xdc\xf9b?-\x92\xe2\xb8\x18\
\x87zX\x11\x89\x0cq'\xa6G\x8dk\xec\xc70\x92\
\xa4u:n\xd9\x0b^,\xe5\xeaT>VT8\xb8\
\xb7z\xbd\xb8\xce\xafU\xcb\x88N\x9e\xed\xf7\x00\xfeM\
\x12\x04\xbd\xefT\x06\xa2s\x0e\x09V2\x88\x18Ij\
\xc2\x9c8UK\xf7n\xdb\xaf\x11P\x1c\xc2ew\xc4\
J:\xe3\xbe\xbe\xc5\x9c\xed\xc4XF}\x18\x17\xe1n\
\xa9\x1d\x09W\x8by\x05\xd7\xd1\x1e\xc0\xc7\x12X\xda'\
e\x00\x83d\x0f\xefL\x1c\x8b\xd5\x02|6\x90\x08N\
0\x7f\xf4\xd2\x1a8\x9e\xd2\xa0\xa48\x12\xb9\xbe\x9a\xbf\
\xf1\x9d\xd2\xf6J)hq\xed\x15/\xff$\xd8\x1c\xd1\
\x1e\xd5\x9d\xfa\xb1\xcfz\xda` \xd6M\x1b\xd8r\xc0\
\xe1]\x0b\xcd\xb8Aoj'\x05\xb9\x90\xdf\xae\xe8\x95\
\x06\xa2\x1fg\xc0!\x88\xd6\x8a\x8f^e\x07\x8d\x10>\
\xebA\xf6'\x1d\xe5Ku\x0b`\xe4f\x1c'-W\
\xd0\x80CDW\x0d\xd9q\xde{\x04\x0aN'(\x85\
D[\x8dj&\xff\xe1\x08a*\x91nM\x89\x8a\xf1\
e,\x9e83\x8f\x08?\x0f\xe3B\xfdi\x9e\x0b\xa8\
2I\xd6\xfd\xfa\x94\x84;\x15#\xc1.E\xa5\xa7<\
\x09\x88g\x003M\xbd\xf76\x04\xfa\x9cbX\x95%\
(\x97\x18|\x5c+.N\xd6\x82}\xb6\xd5w\x1b\x1f\
\xb2u\xcd\xb1\xcf\xa7%G\xfc\xd7#~\x8fd\x04x\
\xa2\xd8T\x5c\xf7$g\xba\x8c\xc9|q\x95Aq]\
P\x0e\x96\xfd\xd7\xfb\xb9s}\xf2!E\xd9(Um\
\x19\x06\xfa\xc5^\x09\x95\xf7\x09\x01!\x0d\x0f\xcd1\xf1\
\xf5\x14\xa3\xbe\x94}\xe21G\x83\x9f\x8c\x1e\xb9\x8e\x91\
\x0d\x9d5\xef\xbfOU\x90\xbdC\xcf\xc1\x8b\x8f?\x9d\
K\x12\x90X\xfc\x00#\xde\xddZ\xe3\xc7\xd6\x09\x0d\xb0\
\x84\xab\x96\xf9\xf1q'\xd8\xb02\xc4\x91p\xfbI\xfc\
\xaf\x87\xc8\xa8\x8d\x1f\xe3\xb7Wzx\xfb\xe8L\xabT\
\xa3I\x02V\xb0[7\xe2_\xdcC\x05\xc6\xf4H=\
V\xcc.\xa1\xac\xeb\xee\xf6jr\xaf\x1d3\x0b}P\
(\xef\xe7O\xfd\xf5\xcbA\xf70\x95}\xb0G(\xce\
\x8b\x83\x12-\xee\x88I\xee\xe8j\x83?\xe8\xe7\xef`\
\xba\x8f\xb0\x9a\x99\x08\xfd\xeeD&r\x1e\x8c\x99\xd9\xd8\
\xdet\xd4\xfa\x12Bb\xa5\x9df[\x13i#I\x09\
E\xaa\xab\xb1?\x02\x1a\xe2}\x85\xeb\xd9\xf0\x04\xfb\xf7\
\x8b\xda\x8a\xbdU\xe8\xb7\xb7\xf9IR\x0f\xde\xb7zM\
\xb6cJ\x9f\xae\xeb\xc1\x14\x03\xf5-\xdaxI\x1c\x8f\
O~\xe9\xf3u\xe9\xb5\xe6O\xff\xf4\x97\x02l\xebD\
:\xb1\x91\x1a)\x0fE\x9b(\xa3\x90\xd7\xa68\xd18\
\x90Y\xca\xea\x80>\xe03\x0e \x19\x11c\xe3\x89\x12\
\x08\xfa\x08J\x1c\x89\x82[AjU\xc4K>y\xc3\
\xa0\x8fK\xc5ye\xff\xad\x07\xd2\x11\xed\xabq~\x9e\
\xb3\xab)|\x02D\x87Q\xd6ac\x86W\x02\x0b\x13\
\xc60\xc5MT\x22\xf7\xd1\xdaw\xe2-Z\xccI\xd2\
x\xa9\xc4hN\xb4xU\xf3#\x09g\xc8zl\x8e\
\x84\xb7\xbd\xe6\xad\xfd}\x00\xa4A\xa4\xcb\xd0oG\x0c\
\xd7\x9cwoc\xb0d\x7f\x92Q\x1b\xe5\x09\xb10\xcc\
\x9c\xf8\x04!\x8d\xec\xc1\xde\xda\xba\xee\xab\x19:\x8a\x01\
f\xe8\x87\xb0\xf0\x83\xfeM\x11h%l`\x82`$\
\xf1\x08\xef\x08\x02\x13\xb8^\xec\xe1nn\x1d\xb5\x80 \
y \xb6\xb6y\x89\xbf\xab\xb1\xd8\x9d\x18\xc4\xa8^\xd7\
\x9e\xda\xab8\xc0\xdc'\x22T\xe5\xa1\xea\x1d\x9a+\x09\
\xf8\x93\x03\xff\xf8\xfar\xfd\xdd^*\xf7\x7f\x8fK\xa8\
\xbd\x08_\xb2\x97@\xbf\xbf,8\xba\x19\xfcy\xaf\x84\
\x01\x13Y\xf5h\xef\xe6\x17\x0f\x94\x19\xe4\x0d\x87\xe1\xda\
\x0a\x04\x89\x97\x10\xb6g\xd6\xb2\x0f+|\x93\xb5\x92c\
&K\xe7\x89}\x93J\xf8\xa5)\x92\x93\x8d\xd7~\x0f\
W.]\x86\x97\xbc\xe4\x05f\x90)/~\xf9\x97|\
\xfa\xeax=\xe6:\xda\x83$5\x88\x1d\x0f\xc6a\x03\
\x9fy\xeah\xe4~\xfd\xb3\xfe\xfb\xdc\x02i\xfd\xc5\xf9\
\xa9\x80\xf7\xbe\xcaQ\xef6\xb9\x01\xdaT!s\xed\xc6\
e`\x0bu\xbf\xe4\xc3\xeduZ\xfa\x81n\xd9\x8fY\
\xc0\x93\x00\x9dn\x0d\x842N\xd7\x22\xf2\xcf\xbd\xca\x80\
\x86\xa5\x10\xc3\x91\x1cVr\xddT,\xb2\x9b\x8cm\x12\
q\x95q\x04\xa2\xfb\x9b }\xe5\xce\x842\x9e@\xe0\
SmVc\x98B,\xd3\xd7\xa2HS\x9e\x89\x1c\x96\
\xf6n\x5c\x97n\x22\xb6d_\x1d\x9a\xcc&\x228\xdd\
[C\xa3E\x139z\xc2xj>|_\x222Z\
\xee\x07.\xf3Bu\xb0!\xad\xae\xad\xad\x9d\x04\x9b\xaa\
\xda\x1e\xb5%]\x9e\xea\x8b\x1a\x8e2\xc1\x9e\xd3N\x07\
\x91~\x11\xf5\xb3s\x1f\x0eP6\xb6o\x0c\x13\xeeT\
\x1d\xf7\xe4\xfe\x0a\xb6\x06+\x94\x88H\x14<\xcd\x08j\
\x0f;\xc9eM\xf8\xc5\xf6j\xb8\xc9Cu\xe7\xf0p\
\x95\xeb!\xf78\x1a\xc9\xe2z\xa8O\xf4\xbc\xa8T\x0d\
QW\x96\x1d\xfe\xc5\xc1\xa0\x8bdL+\x9d\xcb\xbaN\
\xc5\xe7\xc5\x1c\x8f\xfb?\x95\x8a\xcc\xe5N\x91\xbd#\xe9\
\x19T$F\x91Z\xcb\xa1U\xd72\x1aK\x9b\xb3\xe5\
\xfdy\xfe\xf3\x9f\xd32\x94\xe2\xeb\x81%\xb8\xed\xa6s\
\xd8\x13/\x06\x22I\x82\x17\xabKe\xfd\xf7\x8a\xab\xd3\
g\x122\x9e;\xd4Y|\xd4-\xe3B\x0cFH9\
\xf6'\xf7\xaf\xfa-bq\xadc\x02 z\xe7\xa9Q\
\xc9\x07\xbf\xe2|\xf1\xbb\xa0\xcf\xd9\x83%\xd6\xb9\xa3\x8c\
\x82\x02p\xa4\xd6\x88\x90\xc5\xed1\xeb\xa0\xfa\xcf`<\
A47\xd0;;q\xe3\x18ho5\xaf\xb5D}\
\x1b\xdb^\xb8\xb6\x1d'\x95\x09\x08\xdf^5\x8f\xd5^\
\xf3\x84\xcah\xbd\xe99\xb3)\xa88\xeaj\x9cT\x9f\
\xcdG\xe0\xd29T\xb4\x89a\xe5\xd0\xd6Q\xdf\xa6\xe6\
\xa4r\x9d\xb4R\xaf\xa7\xefK\x9e\xcb\xealf\xc2]\
\x9eE!\xd8\x84t\xce\xd6\x83\x80,\xb9\xabe\x89\xa3\
'\x0e\xc6\x803 :\x5c\x06!\x10\xc7\xc4KE\x04\
\x09\x07\xd9=\x8b7\xabg\xfb\xefJ\x9a\x17~\xe5\xa1\
\xce4\x87Y\x1d\xa0\xcf\xf8\xb9\xe4\x18\xf1*%R5\
\x82\xcc\xa9\x88\x9dy\x1d\x5c\x98mk\xccTPB8\
\xc7\x81\xf2c\x1ds4O<\xe7\xb1\x8d\x10\xa3jg\
\xb8QC\xaf\xf1\x8c\xb6\xbf9LG\xb3\x89\x22\xe7\x16\
\xfe+\xc4\xbf2\x82\x0e\xce-0\x95\x9f\x83\xab{1\
\xc0^<z\x1bk\xf5\xdd\xab\xa0\xcd\x0e%Q\x99\xb9\
\x1e\x8f\x1f\xa7\x1a\xad\x92\x05\xa5\xa2a\xdf\xb9|\xc2\xf3\
\x9f\x077\xddt\xbd\xfe\x0e\x10\xec\xe5/\x7f\x09\x8b\xec\
I\xdc\x87z?\xdd<\x1ei\x9b\x1f/!\x02\xfan\
:=\x1f\x8c\x8c\xdda$\x14f\x81\x10\xa6\xc0\xbd\x81\
F\xd2\x15\xd1\xc5\xfa\x0d\xdb\x88r\xb0wd+\xe6\xd2\
4\x8a[Q\x05\xac\x04\xa4\x8b_\x7f\x7f\xe8c\x9b$\
\x92jQ\xeb\xe4~\x5cb\x8f\xa4\xf0\x19\xe6\xf4c\x1d\
\xf4~^\x10\x8b\xc4\xd0oF!8\x9a\xde\x90<\x03\
d\xfc~6-\xef\x80\x1fW+hd\xc8z]4\
\xd8[\x10\x00*\xbb=\xd9+\x11\x11\x92\xfe\x95\xd6]\
\x22Q\x85\xfd\xb0\x93X\x02\xd2\xe7\xa4W\xd3x\xf3B\
\x00\xda\xbe\xca\xf6\x07\xeak?\x00\x5c\xb4\xd6=\xe0\x0e\
\x87f&-k\x06H\xd5T\x05\xae\x90\x13\xf2\xb4\x00\
)\x88\x900\xdd\xea\xa6\xf3\x00\xd1~d\x89Y\x13\x15\
\xa2\xdd\xc0\xba\xb4\x06W1\xa3\xb0\x9f\x9c\xb0F\xfa\xe5\
\xd3D\x07/{m\xc6\xee\xd056\x90\x14q\xea\x00\
\xd1\xd5\x12\x0dSw\xf8\xb8\xf3an\x9cG\x8b#o\
{y\x16\xbeJ\x08\xcf\xb8r\x0e\x9c\xa2\xf3+\x08\x8e\
\x0c\x10\xdbo\xdaWm\xc6\xc8x\xae3\x98Ls\x80\
s\xe8\xe6\x22\x18_z\x97J\xd4\xdd\x8a$\x8a\xe2\xb2\
7\xfb\x01u3\xe4\xf7\xaco\x0d\xc6\x91\xfe\x9e\xa6\xc1\
C.\xaf\xd2\x91\xf39\x22\x182\x17\xcf\xf6\x01\xfc\x89\
\x8a@KT$\x03\x8c\x12\x021\x16\xf5\xf5E\xc9\x0d\
\xfe?\xe2\x92s\xcf\x06vt\x18\x0c\xbbH<#\x08\
[\x02\xa2j%\xaeBOD\x8a\x9f\xbf\xad\x07\x19L\
\x22$a\xa3@|MC\xde\xfa3\xb2\x8f\x04\xa57\
\xc6\xf4\xb8K\xcf\xcf\xe0|5\x02\x7f\x81\xf4#\xc2\xb4\
\x82\xa1\xf4.\xa9\x8c\xbb\xcc\x86\xcbl\x01h_\x90z\
\xa0\x9d]\x0c\xac\xa4\xf5\xfb\xa8\xa3\xa5\x0d\xf8|?\x1d\
\x01\xb2\xdd\xef\xe0\x8b\xbe\xf03\x9d]@\x22\x00>\xed\
\x8f\xbe\x08\xf6'\x04LV\x0d\xa88\xab\x8fZ\xdc\xeb\
\xf6\xde\x90\x02\xf2\x1b2\xea3+\xf1\xf0\xa1\xd4\xa7\xb5\
\xd1\x80\x07\x05\xb0\xf1\x12\x0cI\xe0c\xcfd\x0e\x8f\xa9\
\xeb!\x85\xefZ\x09\x22\xbd}\xf0a%p\x91\xc6R\
\xe8\xda3\xcfH\xc6/\xde\xcc\xcd\x15N0\xa3\xce:\
\xfe\xc00uL\x8f\xf5\xdc\xae\xc4K\x1f\xcdWD\x08\
\xf3\xdc\xb6GpU}\xfd\x8bBd\x89?\xb4d\x85\
\x936+\x04\xc3}\x1b\xb8\x5c\xe5qV\x22\xcf\x5co\
 Nf\xd4K\xf5\xf8\xdb\xe2\x0a\xa0\x9c\xe2\x04\xad\x0d\
2\xb6\xa1\x94\x90\x92\x0c\xc6\xf6`\xc5\x15O\xaf\x15=\
\x1c:e\x16\x84\x99\x98U\xb5I\x0d\xc7\xf2\xfe4\x82\
\xc0\xc7}\x18I\xc9\xc6s=\x96\xaa\x19\x224\xeb\xf7\
Bf\xa6b\xf9(a1@\xeb\xb2/\xf2\x99\xb6x\
!v\xe6\xa3M\xe7\xdc\xdeH\xcf\x881\x9d\xfb\x08c\
\x8f\x12\x16Y7<\xfe\x5c\x8f\xb8\xc5\x05^/\xc2\x08\
\xdf\x0eq\xf7\xcb$G\xd5\xbd^\xfa\xd0?\xeb\xcf\x05\
\xe9\xa7\x0f\x85\xa7\x931m\xca\xb2$\x95\xb9\xef\xa3\x14\
\xaf\xdfo\x84D\xae\xc7\x13\x08\x1e\xde)\xa1\x17\xa4>\
\xfd9\xf0\xf5\xcc\x9d])K\xf0O`\xcb\xaay\x1a\
\xcc]f>+\xa9I\xb8_\xc4\xb8\xf0\x1e)\x8b\xd6\
\x11C\xab\xaf`\xbf\xdd\xc0\xab_\xfd\xd2\xb0/\xc3N\
|\xf3\x97\xff\xb1\xd5\xb9S\x12\xcaP\xf4\x90\xb6\x99\xed\
\xd0\xd1\x06\xf3br\x1ds\xb1\xd9\xe8\xbcH$1\xe3\
nD\xcc\xa7\x81{\x0e\x00\xd2\xf6=\x220OX\xc8\
\x84\xc6\xe7\xfb\x03j\x93\xde\x03b\xcf=\x9b\x09DF\
\xd7nC\xa7>\xb7\xb0\xc1\x8d\xf3\x17\xd7>\xdf'\x81\
\xd0\xb4\xa1\xd9\x88Kj\x94\x90\x91b\x1d\xca\x94z\xe6\
\x98\x11t\xbbx\x01\xbe7q.\x0d\x09\x97\xc9N\xea\
)\x9f\xd5w\xcd\xb9\x9d) a}\xab\x15\xaf'\xf7\
\x9f\xf4L\xd2ag\xa2\xc1\x13{\x1e\xb1.=\xf0\xb3\
\xba\xce}\xafS\xf7\xbf\xfb\xbf:\xfb\xd4\x0f\x16!P\
\xfa\xe2\xdd\xb0\xef\xb9\x9f:\xcf\x8a\xd03\x01\xbe\x1b\xaa\
D\xe6\x8c#GD\x9c\xc4\xa5\x18\x12\xe4sa\xb6\x17\
\x11f>\xb2\xe5\xd25\xc9\x08\x93\xcf\x92;\x8br~\
3\xf31R1\xbaG\x84\x8e\xaa\x0bVk\xe3W\x0b\
\xebD\xe0O\x17\x83A\xe3\xf9\x1f\x97r\xaf\x15!g\
3\xcc\x9bC4\xa3\xdfB\xd0\xe0.\x9b\x19\x9e\xe0\x81\
Q\x19\xa5\xf1\x1d\x8d1\x5c\xa3\x06\xe8#\x0c\x94,E\
\xa7\x82\xae$*2O\x14\x81/x\x09\xcc2\x0e3\
\xd7\x9d]\x92l\x9e\x111,\xd7<.:\xa4\xfd\xfc\
\xcc\xdc9\xeb\xdei2\xc8\xfd\x0an<{\x0e^\xfa\
\xe2\x17\xc0zMYkZ\xe9H\xd1\xe7>\xf3VN\
\xbf)\x91\xa2\x06\x14m1X:h\xd1=\x83N\x8c\
D\x98\xab(\xdf\x8d\xa6O\xc5\xcf\xc4\xe6\xa8'\xb0\xd7\
\xc5fN\x98\xc8\x0es3\x89\xed\x130\x89\x06\x81}\
\x916-V5m8r\xcfk\xd7T\x03\xc7\x00\x8a\
\xf2\xbd\xc9\xbb\x9d\xc4\x83\xe3YK\xf1\x06\x80\xbe4\xb1\
\x91p!\xccT\x96\x88\xc3\xcd\xb6\x12Ry.E\xbf\
\x94Z`Q\xb5\xf0f,u\xe0\xdf\x22\x8e\xf5nQ\
\x11\xb0\x0c\xa7,H[\xfa\xc3\x91\x0f\xae\xe3\xa1\xc23\
}\xc9\x80m\xc4\x89w\xfd\xac\x88\xd3\x99Cg\x87\xdc\
=\xaf@\xc8\xaey\xa4\xd0\xc7G BN\xd3\x03\x17\
\xc0\xa2\xe3\xdcF\xf1\xe9\xf1q{7 k>\xec8\
\xabj[\x10\x9f\x8b\xb6\x1b\xb9\xf4\x91\xe0\x16\x01\x98j\
\x9f\xa5^\x99\x1a\xc0\x98\x88(\x89\xeaK\x14\xb1K8\
j\x93\x22\xa4\xd9\xc1\x0f\x05N\xe4\xb5\x9f\x90\xb0t\xc4\
\xf1\xc0\xde\xa5\x9d\xeb\xb0\xde,j&\xa3\xe6\xe2\x1de\
r\xa6rNhm\x07\x97\x91*\xa6*a\xcc)>\
A'\xb1)\xd6Z\xf7\xa8\xb4]emt.\x9c\xa3\
>LI\xb8\xbc\xbb\x9fG\x1b\x08\xebP\xb2\x9a\x0e\x9b\
\xa40\x97\xf8\x1ar\xb9\xb4+\x98Zs\xbb\x96\x19\x87\
\xfc\xec2\x22O:\x1e\x09\xc4\xeev\xb6\xb3\x11\xd7R\
f\x92\x86\xd5zIH&\xf8'\x0b\xed\xc7\xc6 ~\
\xfa\xab>\x09\xce^\x8b\xd1\xff\xb5t\x18\xf9\x8f\x7f\xc6\
+a\xbb\xbf\xc2\xb9\xe6a\x0ch\xc5o\xbc\x05RI\
<\xb1\x5c\xb70\xa6r\xafeVK\x01\xdc[\xf6-\
\xe7F1 7\x12\xa1\xe19 \xa7\xd3\xec\x16\x8d\xa4\
\x16h\x08\xc1\xd2\x0b\xd1I\xc9\xc7\xb8\xf2\x91\x8bT\x04\
\xd0\xd2\x8f(\xaa\x12\xbd\xa1\x19\xddQ\x0c\xe7\xdaTL\
\x90=\xe9\xef% \x86\xfc\x8e}Y\x07\xec\xc3}v\
\xb6\x10^uA\x82\xdc\xb8fV\xb8\xce\xa4\x87\x96\x9c\
\xe7\xb2Nz\xe8\xc5\xca>\xa9\x00(\xce\xbe,\xe8(\
\xe9\x8al\xf0\xde\xc2Z\xe1).p\x02B\xf8\xbb\xf9\
R[\xde\xf8\xacz\xc8\xdc\xb2G\xa4C\xceU\x06X\
\x9eH\x97\xf7;\xb9\xb1\x05?[\x1d\x9e\xb3e\x09}\
\x97u\x1a\xbb\xef\x05D\xdcqi\xa2G\x87\x18\xd6\xd7\
\x8f@\xce\x93 @&H\xa5-A\x8bfCA\x04\
\x16\xe1B\xf27&=z\xfcHT\xccu\xb0\x07\xc8\
\xc4\x18\xef7'r\xad\xc6R\x03{F\xf6\xac\xb3\xcf\
\xeb`\x22\xce5\x1b\x85\x0a\xe2\x89\xb6\x10\xd3\x92\x01\xd6\
\xa9\xb2\xdb\x22U@\xa2O\x7f\x0a\xb5i\x14\xdd\xb3\x8e\
\x5c\xf6\xc0D\x8c\x07\x05\xdc\xce\xbd\x8a4\x10\x89\x10\x10\
\xd8\xe4\xa0\xb4\xc0\x22\x930N!\xf11\x12\xb0y\xf6\
\xed\x1a\xf1l\x16H\xf2\x02\xc3$\x04\xff\xc5~rj\
6^m\xcdd\x1b\xfc\xfbmF\x14\xc1\x89\xba%\x93\
a\xd9m\xaf\xa98\xdbG\x9e\x9fCXjs\xd3\x02\
\xa21P\xc2=\xc5\x03GY\xa7\x13)\xb4\x11m5\
\x87hZ@\xef6\xc8\x0c&\x11\x86n\xcd\xf6\xb6\xdf\
\xfc\x9c,\xe1\xae\x89 7;\x1e=\x9aRW\x0aM\
-=\x16\xc3g\x89\xfb\xaf\x01\xa6\x06SS\xa9\x92\xa9\
\x8c\xddz\xb9%\xd8\xae\x1a\xce\x05\xd8\xeev\xf0e_\
\xf2Y\x1d\x05\xd7\xd5\xf0'\xfe\xc4+\xe1\x08u-\x94\
;\xdc\xf3f#QOV\x03D~N$8\x9cJ\
\x14'\xdf\x9e\x0d\xc1L$\x80\x8ap\xa9\x1c\x84\xc6\xdf\
\x0f\x13\x93\x12_\xc4\xfb\xfbz!\xc3\xc6\x1e\xd7m\xd7\
\x1d\xb0C#,\xd2\xa9xC\xc4\xd16\xe9\xfb;\x02\
\xfe=\x10\x95\xef^|\x86\xf7\x1ch\xaf\x83\x02\x8f\xca\
(.\xb9\x1b\xe8\xa8\xdf\xe1;\x03@\x16O\x13\xd2\xb2\
\x15\xa7\xcd=\xd0\xf1\x8b\x11\x8f\x81\xc3\xa2\x1bb+\x10\
G8u\x18\xab\xf9<\xb4\x98\xdf\xbe\xab7\xe2>\x95\
\x80\xd4\xb3\x9fTQ)_\x82\xf4\xaf\xe3\xb24b\x19\
\xbb\x9b:\xa47\xf7\xaeoG\xa4C\xc5\xc8j\xe3C\
?\xce\x00\x5c\xb2\xb1\xda\xb2}=\x02\xa2V\x87 \xd8\
\xe4\x0e\xec\xc2\x9e\x12\x08O\x10t\xa2\xddj\x0c\xfe\xfb\
\x9c*aN\x1c\x1f\xd6\xbf1'\x07\x8a\xee\xa5\xd8\xb9\
\xeb\x89W\xddM\x0bm\xa1*\xe2\xca,\xd7\x87;\xe0\
\xaac\xd9\xe3\xb3\xfa\xceT?\xa8\x84\x00>\xc98\x0e\
%\xad\xba\xd6\xf4!\xb7>#\x8e%\x0e\x80\x12]R\
\x1f\xa2\x83~|\x99\x9cU\xc3c\xd9\x03\xc8T\xf6~\
\xfa\xc3\xb2\x8f\x92\xba\xd0\xff\xb4\xaf\x02<f\xfc0\xa8\
42V\xcc\xedg\xf8\x90\xe75J\xf7\x0e\xdb{\xfa\
.3\x03\xeb\xdd\x06^\xfe\xaa\x17v\xe3\xea\x08\x80\x97\
\xbd\xf89\xab\xe7<\xbd\xa9\x01\xa2\xb5\xf6p\xf33\xd5\
n@\xbb/\x14F\xc4&\xca(\xfc\x9aS\xd0\xf7\x98\
\x9b\xb6\x12m\x9b\x97Ph\x1d\xe5\x14\x80\xe1<\xc2\x10\
3<\xf2b\xe8\x09\x0a\xe1we\xc3\xe6\x0d)\xfd\xac\
\x16:\x8b\x7f}?\xa7D\xdb\xd6\xb7d\xe9\x9d\xcf\xb0\
\xfe\xa8\x01~xt\xa0\xcf\xec\xc4\xdfN\xe7*\x00\xbe\
\x12i\xce!\x89\xbe\xf0\xfeiD\x82\x18Ve\xf8\x94\
\x0e\x87\xcci\x9e;\x7f\xcf\x06=&\xb1E\xb4.\xd5\
w\x066\xddkn\x8f\x8e\x12\xd1\xf0\xce\x99\x93\x5cP\
m\x96\xce\xd7#\xcd)\x09G_\x84\x00\xeb\xe7\x9d\xa2\
\x0a\xca9\x1d\xe9?\x85S\x16\x22`\xda\xb6\xa3*\x15\
\x81I\xfd\xb63\x18\xc6\xa1\x0c\x94\xb4c\xfb\xcb~\x0f\
t\xaaE(f*\xe2u\xd4\x87~n\xcf{qk\
N\x1b=&\xb6\xfa5<\xb4\xe4!h\x1b\x9e{\xac\
\xf6\x06\x074Di\xdbn\x9a\x80\x1b\x134\xf3\xfd\x16\
$\xdb\xfe\xfa\xb8\x03>\x12\xa1\xae\xd2L\x0e\x940n\
\xff\x0e\xb2\xe4v#\x84TN\xea\x1a=7\xc58C\
\xfd\xdd\x5c\xf4\xe3\x1e\xf5s5\xb4\x0f\x89\xc4\xecH5\
\x92\xeb\x18\x9fO\xc7,\xbag+\xa9e\xa9z\xe0\xb9\
\xb2\xfb~\xafO\x17\x84C\xfb\x0d|\xd2\x8b?\x1en\
\xbb\xe3B{?\x0c\xa6\x94!\xbc\xe6\xd5\x9f\xc4\xa2y\
i\x84\x803Z\xd9\xb3\x96Q>\x8b\x8b\x0b\xdcB\x9b\
\x89w\xdc`\x92l\x12\xaa\x05\xec9\xf8X\xfa\xa0\x18\
\x81\xb3.2\xbcw5\x04Be\x99\xe1N\xbd\xd1\xcc\
\xa7~\x94\xaas\x09\xa5/\xe0Y\xa4#\xfa\xc9\x9b\x13\
%*\xbcf\x0c\xc4Uc\x80\x224\x17|\xc2Kb\
\x16\x1cl\x11\x13\x8b\x1a\xc0\xa14~\x9f\x5c\xa1\xd0X\
q&\xb6\xba\xd2\x15\x0e\xd9\x1b\x87\xed\x08!\xa7\x82\xc8\
:\xb2\xc38\xb2\xc3\x11\x9a\xb6\xefF)n\x8e\xe2\xa6\
\x93\xa5\x01\xe2\x16\xb4Z\xaa\x0b\xe5\x85PDXd\xf3\
\x0b\xfd)\x11\xac!\xce(\x110\xf7W1J\x5c0\
bVA\xd5v5sDi&\xc2\x940QQ\x16\
\x11#\xb6\x7f\xea>\xf9\xf9\xea\xa5&\xee\xfb\xc0MJ\
\xfb\xd9\xe6\x93\xf4f\x93\xfd7\xd8 |\xa9\x8b$\xe7\
\xd4\x1eO\x85\x08\xc8\x12\x00i{\xbaF!\xec\xe2\xfb\
s\x13\x10\xfb:\xbd\xefW\x07J\xd52\xcc\x9a\x92t\
\x8a\x1b\xb3W7\xa0\x9d\x11\x13?Dx\xf40P#\
\xffi\xa3\xd1\x88o\xbe\xc4\xf9\x18\x12\x0f{R)\x90\
\xab\xaeO\x1d\x5cH0\xab\xa2\x22\x80H\xd0t\xbd\x09\
L\x94\xbfn\x99W-\x04~\xdf\x082\x09\xaa\x8a\x1a\
\x0b\x1bz\xe6\x82\xd4\x1f_\xf1\xba\xcf\x86M\xa1\xe6.\
\x09\x80/\xfe\xa2O#@\xa7\x9aj!T[\x07-\
8\x05Z\x0dw\xd1\xc7b \x19\xdc\x02|\xd8}f\
xLD\xa8\x22\x22\xcf\xf9gOx\x1f\xdc\xc2{\xd9\
\x8fJ\xe4\x0cU\xa0)\x22\x1a\xd6kT\xc1\x81\xbc\x1b\
\x94\xb4I\xba\xa5\xa6yr\xad\xf3\x04{\x0e\xdf\x8a\xa7\
\xcaL\x14\x1e6\x13Z\xed\xfbv{n\x83\x9e\xe3\xf1\
0\xab\xd4o\x0e\x8a\x12\xe5\x0f\xba\x1c(\xc3!\xb5x\
\x96\x10\x9b\x88\xcb\xa4-;\x88\xb1\x0eC\xc4\xe8\xa7\xca\
\x073\x00b%\x1e\xc4\xb1\x91\x81\xafH\x80\x82\xb1\x90\
I\x84D\xd4_Q\xd5a-*\x0e*\x89e'\xa9\
q\xd5\xf5;\xc44\xf0\xff\xcf\x92/\xe3X\xed<\xe0\
\xcfB\xf2\xc1\x03\xee\xb8\xf7QQ\xd8\x8d\xfd!\xd1\xe3\
$\x90\xdb\xb58\xfcL\x08\xa2\xd5\xbe?C\xb1\xdf\xd2\
\x19\x9dK\x04\x00\xe3`O\xd1\xc8\x8e\xbe\xcb\xba\xcb~\
h\xfe\xf6\xab\x82\x93\xc1\xdf\xc9\xc0\xd0\xa4\x19)o\x01\
\x0a\x5c\xc8\xbf\xbbsq\xf2H_\xe2\x1e$\x89\x10\xed\
'\x89\xf9\x1fm\x08d\xfeM=\xc7\xc9uV&a\
\xb2\xb1\xd8w\xc1\x17\x84\x90\xdd\x1ev\x5c\xeb\x9c:f\
\xbe\xc4\xfd`\x7fg\x88S\x9fa\xae\xbb\xd7\x8b\xa0\xfa\
}\xd7\x9dV7\x9e\xb1p\xb9;\x83)\xe5\xb3D&\
\xec\x9e\xe3\xdfh#\xc0{5\xf6\xa7\x96\xe6\xc5!\x0b\
\xfb)\x1b\x83\x88H\x95\xe2;\xbb\x8dX,p\x12\xcd\
W\x11\xe8Ir\x1d@S\xb1r\x9a^4\xec\x8c\x86\
\x92#\xd1|\x9a\x94^\xe7mo%\x1c\xb0uu\x89\
\xbd\x0d\x05A\x93p\xd5\xde\xa6\xc2\x1c\x8a\x0c\xe3\x13#\
\x1e\x13\xe5\xf9\xfe\x85y\xc4\xe47\xed\xe6\x16>\xe7s\
>\xad$\x1aJ\x02\xe0U\xafx\xfe\xea9w\xde\xb1\
@\xec\xb8\xact\xaa\x81Po\xde\xfc\x91\xa3\xb2WF\
\xd4\xb7\x032ItJ@)n\xb4=\xbb\xe6\xf5}\
\x1c\xa7\x82]\xc2!\xf7\xf3T\xb7\x81\xd6\xc3\x09\xf8V\
\xef\xaa\xbd\xd7\xb0N\xb3\xa8\xb6~\xf5}!D\xcf\xdc\
O!\xda\xa2M/\xbb\xb7\x8f\xcd\x90\xb3\xd4\xad3w\
\xef\x92\xa4\xa0\xd4\x88XYXZ\xfc\xc6\x95q\x8c8\
\xbf!b.\xae\x8d\xa5\x18\xa4'\xa4u\x98\xee\x97\xef\
\x83\xd5\xdb#4\xab[\xe6\x19\x16#\x0a\x8f`5\x81\
Q%\x06\xf4\xef\x90W\xaf\xbeOHL\x80H\x05\x89\
X\xea\x83\xcf\xaf\xc3g4\x86!\x83I\xd8?\xcc\x89\
\xff~\x18\xcc\x90\xf6}?\x5cF41\xd0\x12q}\
\x90v\xd4\xc0\x19\x83my\xbdUh\x8b\x08\x9a\xd28\
\x1f\xcf\x09\xd5\xad\x12\x13!\x12+\xc6{n\x8cC\x04\
5*\x91\xa0\xb2\xcb\x99\xc1\x8a}\x88kPK\x88\xb0\
\x9a)1\xf7\x01\xbd\xecz=\x80\x85}\xdf\xea\xef\xf9\
|U\xf5V\xe7z<\xff9\xc6De\x82\xbd\x1b3\
\x0d\xab\x0a.\xc4\xf0\xd7\x93g\xba\xebVotK\xc1\
\xd7\xe8\x0c\x13\xfc\xed\xf7\xf4Rx7\xf5\x1b[\xdf\xaf\
\xe1\x93_\xfc\x09\xf0\xccg\xde\x1e\xdc\xff|\xef\xca\xf2\
\xc5_\xf8\xe9\xb0\xda2\x85\xc8\xdca0r:\x980\
\x10\x84\xb2\xec\xb9\x5cf9\xa3\xf4\xac\x89\x9cL\xcfV\
\xbd]\xd3\x88\xdc\x93=\xa5\xe6\xf5\xf1\x0e\x1a\xf1\x90y\
\xa7\x1eY\xd5\x14=-b\xe8i\xdd\xff\xf4\x8e\xbc\xe4\
@A\xb8\xefu\xf0\xe5\x06u:\xd7\xd8\x17\xf9H\xc3\
\x95\x88\xba\x1eG>8z@\x17n\x0bE\xf6\x85\xe8\
v\xc4Q\xf8\xdf#nl\x96j\xe7\x18\x17\x94\xd7\xd1\
K\x97\xea\xf1\xd5\x87\xac$\xf7c\xdf\x0b\x8b\xe7)\xc0\
1B\xa0\xa3=O\xc4l\xc5YQ\xe36/\xa4n\
#\xc9\xddXd\x1e\xea\x9dh\x7f7;&Q\x19r\
\x1f\x86\xb9\x08\xe4i6\x02sy\x1eh\xcfG\xdb\x1a\
K|b\x92\x8d\xb2\x0f\x8c\xaf\x09\xaez\xe4)j8\
3\xbe\x0b\x12.\xdc\xfb)\x99Q?;\xe5\x9c\x8c\x19\
\x93\xe5\xa5\xd5\xb9kQ2\x0b]\xb8\x12\xa3IT\x1e\
\xf6\xbe\x8b\x0b\xb0\x84AA\xb7e\xd1\xf7s\x7f\x0f\x91\
jTH\xde\xf7k\xea\xf7T\xbf\xe6\xea\xf2m.B\
\xc8\xf1m\xdeO\xb5\x84n5T5s\xc8n\x96\x10\
\x88\xd7LI\x9c\x87Ku\xbf\x14N\xb0T\xd4B\xc1\
\x89\x94\xdb\xa2j\x06fv\x22\xa7L\xbeOn\xb3d\
7\xf2\xc67\xbc\x166-\x09@Q\x86\x04\xc0[\xfe\
\xd4\xe7\xc15\x1b\xd2\xd5U\xc6E\x87\x17\xe3\xd0}\xe7\
G1\xd5\xa7J=\xf1t\xad4\xc2+\xde\x9b7\x9f\
\xa87\xb2\x04\x04\xcaF~\xcb\x0b\x86\x15\xe2E.\x80\
\x89\xf4W\xbd\x0c<\xb2Y\x0d\xe61^\xeb*t\x9c\
\xe2h\x9c\x1e\xb8\xce\x1e`En\x0b\x9f\x1ft-#\
\xfb\xeaPU\xd1\x07\x1b\xa0\x1c\xb5\x1b\x90[\xe1Wk\
\x5c\x12\x8b\xd1D\xfc'nw\xf93t\xa7\x9cYs\
\xa1\xb922\xad\xdaHn\x7fS\xc4\xae\xba\xb8\xa1;\
\x22yD\xfb1{\x7fhAbJ\xfe.\x88\x1d\x9e\
\xcbhmG\xf5x\xc9P\x9f:\x9a\x11UY\xbf\xa8\
\x1a\x85p\xa7gq\x8f\xe0 \xb8\xae\xc2\x0d\xb1\x06\xac\
d\x90k\xb9&2\xc2\xe0\xb9\xc1\xad`\x01~\x9c\xd9\
\xc2$3\xe2\xf7j9\x17\xac\xb3\xee\xa2\x0b\xe6\xe9\x18\
\x8d\xa1\xaf\xd0\x05\x99\xcau\x5c\xad\x04\xe6\xf0\x92\x91e\
\xde\xab\xf9\xbeD\xf8\xab\x02\x02--\x15\x91_1\x1f\
\xd4\x81>@\x12\xdf`f\xb6\xe0\xb4W\x151\xe9\x91\
~\xbb\xee\xd6.\x11\x10]\x7f\xf1]\x0e@\xd4\xc13\
\xde3%\x9c\x94X\x170D\xec#\x09O\xec\x0b\x8f\
\x11\x03 \xad\xe1\xb3?\xeb\xe5C\x1c5\xc4\xbc\xb7\xdd\
v\xe3\xea\x15\x9f\xfcG\xd4\xb7V\xbc\xb2\xf2&\x9c\xde\
l\x9a\xb9\xdb}\x8c\x12\x8f\xcd/!\x02,R\x19\xa9\
E,\xb9\x85\x1e\x1c\x8f\xe4\x99K\x0av\x00\xd2\xda`\
a\x96\x90\x06\x9e\xfb\xaf\x01\xa4Qr5Ib\xcfv\
\xef{\x05\x01Z-\x1b\x08\xb7@C\xb9>\xa2JE\
Z\x10\x0f\xc4\x80#\x10\xd5\xa6\xa4\xb3\xc4\x9a7\x8bD\
K\x14\xde6\x02\x9e\x12 \xaao5Q\xa3y\xa0\xf4\
<\x8be\x0b\x09\x82\x00\xff!\x81\xe1\x22J\xce\x11a\
A2 \xf1b\xab\xfc\xe9\xe2+,\x878\xbd\xefm\
^\xaa\xbe\xb5z\x94\xd0\x0a\xfe\xe1\xde\xf7\xd8!\x83\x94\
C=\xf4\xa5\xba\x86\xc6}\x02\x10D\x0f\xeeB\xe6\xb6\
\xfe5;\x01\xce\xb9`\xbb\xdf\xdb?\xc0\xf2s\x87\xfd\
\x9b\xe6\xe0\x88\xb8l\x5c\xbc\x17\xad\xcao\x0e\xa7ko\
\x84\xfaT\x12\xc4\xf0\x00\xe3_*\x97N&\xa7\x22Q\
\xa3\xfd\xbaa\xe3F\xb27\xa98Q\xc9K\xe0\xfd\xab\
\x950\xc1\xfd.\x84Q\x9b \x0ev\xe6\x90\xb4%\xa6\
r\xfddh\xb6\xbcH\xda\xe4\x14\xb0\xa6\x115\x1di\
\xb1\x04\xa6\x1a\x81\x18$\x03.Y\xc5\xd4\x19@\x82H\
\x8c\xee\xb0\xfaZ\xb2\xc7\x0fOJ;*.\x5c\xef\xb3\
\x92\x1e\xcfA\xf2(\xc0\xdd\xe9S\xfb\xa6>xb\xa1\
\xfd\xc5Y\xec\x08i!g\xcd\xdd8v\x90\x8c\xf8\xfa\
9\x1c\xc0\xc0=\xcd!\xce\xa3\x10l\xbe\x1d\xa6Zt\
\xae;[\x0c\xdf/\xd9\xa3\xec~\xb8&?\x7fcN\
YU\x87x\x8a\xceU\x88\x1f\xd2\xec\x11\xd0\x83\xc5I\
\x82$\x0c\xb5\x10\xf4\xd9U\xb9\x93x6X\xdb\xc2\xf8\
\x938\xe2\xb3_\xf3\x0axz\x0b\xee\xb7\xaa\xa3\x0cM\
\x9e\xfe7\x7f\xe5g\xc3\xfer;\x90\x18\xa59d\xdb\
ZJe2\x88\xd7\x058\x8c:\xf5}\x8ez\x1b\xdd\
\xab9\xb9O\xb1a+N\x9d\xa2L9Qr\x11R\
vI\xcfzd\xd9S\x98K\x8b\x89\xfab\xff\x97y\
\x15(\x9f\x97\xe5P\x8b\xb8\x03\xf1\xc8\xed\x8c\x8a\xdcG\
\x90\x89c\xfe\xbb\xfa\xbbz\x07S\x11\x02\x0a\x15\x9c\xc4\
\xac(\xdf\xd7\xe5\xed\x06\x0a\xb7\xbc\xb2\x0e\x1c\xc3@\x07\
^\x88S\x15Q\xd9\x00\xfc`z\x1f\xe9\x12H\xe4\x0e\
,+\xd3\xf3+\x9e\x1d\xc4=T^\x1eU]\x8bK\
\x91S}j\x8d4\x06\x8f\x1a}&\x97BF.$\
n\xdf\xa6\xb9\x15q'Ko0Q\x960\x0a\xbc_\
\xd8\xe6\xc4\xc6\xc9\xa8\x99\x83\x14U{\xdc\x98\x06\xe9\x9c\
IZ\x1a\xd1[\x03\xf6\xa4\xea:\xf4T\xb3:\xa1\x83\
\x0fI\xa67|}b\x9d\x02LpR$!\xe4\x0f\
-\x87\xec\x09\x99\x13A\xe2A\xec\xbc@O\xadu\xa0\
\xa7\xcc<N\x18r\xd9\x8e\xf9\xcb\xcfg\xc2y\xea\xfc\
H\x11\x09Q\xb6\xb6\x97y\x15\xaf\x90\x9e\xd90\x86\x81\
\xdcm\xeb`X&1\xf1\x8cNv\xeb\xbb\x9a\xf5I\
\x0c&\x9e\xa3\x0d\x06\xa2;\xb9\xbc\x87\xb7~\xd5\x97M\
f\x09\x9d\xdd\xd3/\xf9\xa4\xb7\xec?\xf8\xf0#\xb0_\
\x1d\xb9hw}\x87lRD\xa7L@\xb0\x19!\x80\
\x80\x80\xd2J8\x0f&Z\xff\xdbs}\x9crk[\
\xa2\xe8E1\x89\xe75\xa8}\x16\x0b\xe2C,^\xe4\
}\x84\xcb\xa0\x8b;2\xce\x8b\xfd\xea\xc7.-\x1d\x02\
.r|j\xea\x97\xe0X\xd1\xcf\x85_\x9c\xf4\xc8\xfa\
\xd8o\x22\xb5\xaa\xce\x8c\xb7{lY`\x8cLL\xa4\
\xfa2\xd7\xdfD\xd3y\xf3\xfb\x9f\x981\xcd\xc4\x99\x94\
\xd1\xcdKvFbN\x9b\xa3\xc5\xc4\xe7\xcc\xb3=\xa2\
\xa6\xf1\xda>5\xfb\x08\xdf?tu\x14\xe3J\x9c~\
v\xb7S\xe9\xc18(\x8bo[\x89\x8d\x99\x18\xe5\x93\
\xfdwc\xf5\xc1\x9e\xec\xde\x94W\xcda\xedTg\x97\
2\x98\x894\xc28\x16_\x84cw'\x8d\xe7\xb68\
\xcb8\x9f\x1e\xb8{o!\x92(`\xfb\x8a|\x98[\
\x0a\x1eE\xfcM\x041n\x0dm\xae)M\xae\x8eI\
\xae\x8b+\x98\xef\x93\xd2\xaaS\xd2\x8bb\xde\xfc\xd3\x22\
\xe9\xc1\xfa\x96( c\x1bO\xb5HH\xf4\xb9v\xe8\
L\xc4<\x0b\xd5\xb3\x22A\x94\x0c~\xd6\xd0N\xcfA\
\x9e\x17\xcaf\xc8n\xcc\x85\x07\x81x\x0dL\x9fo>\
\x93\xc8\xad\x17\x9b\xad8\x17\x11\xaeW<\xefj\x12\x09\
\xfb~\x8e\xce\xe9\x10\xe1\xef\xf39\xa0\xbdG\xc6\xe9}\
\x9b*\xdd\xda\xdb\xef\x9c\xf54\xb6k\x8c\x0a\xae\x0b\x22\
8\x92S>\xfb\xd6\xdb\xe1\x17~\xfe{\xe0\xec\xd93\
\xc3\xa5\x9f\x95\xbb\x7f\xde\xe7\xbe\x0aWf\xbf:\x09\x83\
\x1d-\x12\x9b0hP\x09\xb1\x9av\xae\xb8\xc3\xc1\xd8\
=/\xe6\x9a\xb2\x96\xf7\xfa\xdc\xc4\xa1\xe5\x8d \xd4\xbc\
\x80\xa1\xfd\x0e6%\xf2\x9f\x8f5U\xb9P\xc5\xfe\xd7\
~\xffS\xd4l\xd6CI\x82$!~\xac\x12\xe9S\
/\x16\x0bm-\x84\x19S\x14\xbb\x11\x172\xc7\xb1\xcf\
S\x07D\xff\xe2\xc3\xb1\xfbu\x04\xc0\xbe\x1f\xfe\x93\xdb\
\x5c:\xb6\x8e@q\x1cmY\x9f\x0f\xbb\xc9\x01zD\
?on\x87\xccmj\x1d\x8e8\x99\x8a\xc86B\x14\
O\x01\xc8{\x1d\xe1\xa1\x9c\xdc\xd45\xfb.\xb1$\xfa\
\x80K\xa3z\xaa>\xca\x1e\x22\xc9\x0c\x85%\xee\x5cM\
E\x85\xd7IS\xc4\xbd\xaf\xda\xabl\xd4\xb5\x80\xe8V\
)\x91 \x03'\xad\x18\xf7[\xa4r\x92\xa9N\x00\xf7\
\x98\x88\x99\x9c\x9b\x05\xcb\xdc\x9d\xa1\x03\xe7\xbb,\x13\x89\
\x8bF\x84\xcc\x90{\x97\x18\xf6\xfbe}\x96\xdfD`\
\x99;\xf0\xa8?\x95\x84C\x03eM\x18+\xfa\xf5\xad\
\xe0\xd1x\x9da\xb2\x04\xd8\xcc\xc1\x8d5\x7f\x8ds\x8b\
\x97s\xd23\x84\x16K\x07\x89\xce\x81\xdb\xe7\x08\xbfM\
\xc2\xbf&)\xe3\xa8\x82l\xdfLj\xf7\xdd\x1a\xbe\xf6\
\xad\xaf\x87k\xae\x89\xae\xed]\xfd\xd3C\x07\xf8\xbd\xdf\
\xfb\xc8\xfe\xd3>\xebk\xe0\x12*r\xd6\xb0iu\x0b\
\xd1\x9c:\xd4\xa6F\x80_\xe6\xe3\x9d\x00?\x0d\xb8w\
\xd3\x88\x1b\xd2\xebd*\x89\x81\x89U\x1a\xe1\x814\x1e\
YC\x19w\x10\xda\x9b\x13\xaf\xe7\x12\xf3\x9c#\xf7\x9a\
\x00\xa2\xf4!\x22\x1c\x01\xcc\x8d\x08\xf0\xbad\xdb\x90\xb5\
>\xb6\xb2\x8f\x88s\xa3u\x15\xfbY\xa2\x9d\xf1\xd3\xc1\
\xed)s\xff\x9e\x0b\x8d\x08\xd2m\xbcd\xc8B\xf9\xaa\
-\xd1L\xd5\xbe/]\x1fE\x8c\xc6\xe16+\xce\xbe\
C\xdaK8\x7f\xaf_\x9f(:\xe6aP\x11A*\
\xbc\xc6>~x\xf7h\x96RM\xf4k\xd0\x0f!(\
\xd4r\xff\xa04\xac\xc6c\x0a\xa1hs\x87\x8d\xa73\
E:\xf3Ll\xd6\xe7\xc2\xf6\xe1h\xee\x15\xd8\xaa:\
\x87u\x9e\xfeQ\x96\x08)'\x86s\x96c\x0fp\xbb\
\xa9\x099C12c\xe4\xe2L\x02\xc1\x008\xd7\x81\
\xf53\xc7%\xc4\x9f\xc6\x0b\xf0:_\xe9D\xe6\xfe\xa9\
\xbf(\xb2\xc6\xb8 \xd2@\x1cWU:\xc0\xadc\xef\
\xa5\x0cK\x11{\x96\x94M\xb5o{\xc9\xee\x8f\xd2\xed\
\xe6\x97\x9a\xc8{\x07\x9b\x10\xbb%\x17\xc1\x03>\x1e\x80\
\xff\xeb\xef\x8b\xfe\x7f\xd5\x0cx\x9dMP\xb3K\xc0\xba\
X\xaa\xb0\x09\xcc\x9c\xd8&\x89\xbe\xdc\x03\xb0qP \
\xbd\xee\xa49\xb3\x88\xf4\xc0bk\xe0\xf1R\x1f<\xcb\
$\x01\xd5\x9e_w\xd7K\x98N\xa2\xaaN\x9a@\xf5\
\x8a-\x83d\x1f%\x99\xc15G\xc7\xf0\xdf\x7f\xe1\x07\
\xe1\x8e;n\x82\xf5z}\xf5\x12\x80\xe7<\xe7\x96\xd5\
\xab_\xf9\x125 \x19\x15\x05<\xbc\xb8!pN\xf1\
|\xe40\x8a\xa0$Al3}8\xa4*\x11\xf37\
\xfd\x87w\x9d\xf3\x06{\x15A\xd0q\xd9SmiN\
{oq\x0d\xc5&\x93:\xfbM\x11\x81\xb0\x88\xc3Y\
\xf4\xef8\xfc\xfc\x8e\xb4Q\x8d\xa5\x9f\x13\xbf\xf9\xc6a\
u}\xddDAr\x1et\xb4\xd21I\x83\xf6\xdbe\
\x99\xf3\xfd\xd1\xdfI\x07o\x81n|r\x95\xde\xf0\xcd\
\xd75\xc7\x9d>\x15\xbfk\xe3\x96\xd3{\xe1c\x91\xc1\
*Q\x1f\x11F\x03\x9b\x85\x05:\xd9\x9aK\xa2z\x97\
\xe6\xf9\xee\xdf\xf7\xd7\xbd\xa8=\x8e;\xbf\xe7\xb9\x97\xcc\
\xe9\x87q\xa5\x22\xfb/X\xe8W\xcf\xb8\x18\x07\xc8\xf1\
\xcfpo\xf9\xfd\xf0W%\x08>r\xe4\xb4\xde{\x8d\
f-bDXq\xe4\xbd\xd7G\xec\x17K\x1f;B\
\xc4\xfa=Y\x9c\xb1'\x8d\xd1\x08\xeb<\xd6\xa93\xed\
\xefy\x89\xcf\x9c\xe4g\x94mo\xd8\xf7\xea\xd2\x80\xbb\
\x97\xbfd\x0b\xc0\x89\xac\x86\xdb\xc1\xfa)1\x1d\xc4\x96\
\xa3\x11U\xdeX.\xcc\x01\xce[}V\x0e)K\x91\
\xffj!q\xe0\xe1\xb7\x95L<\xca\xbdq_;\xf8\
\xe2\xa2x*\xdcLc\x80\x94\xdd\xd6\xbb\xcf\x22K\xb0\
_\xc3\xeb\xbf\xec\xf3\xe0\xf6\xdbo\x9cD\xfeT\xcf\x82\
\xf2\x97\xff\xf2\x1b\x90\x02\x1e\xb9\xa1\xa4!\xe9\xa4\x10\xf5\
\xae\x02\xd2e\xf2/Wl\xc06\x0d\xf5\x02E\xa0N\
\x22A\x07\xcc\x02\xc0\xdbF\x91\xcc\x8c\x08\xc8?\xef\x89\
\x11\x9a\xecjaMT\xee7\x9dQ\x8b\x14\x08\x82\x00\
\x81\x7fV\xea\xee;3\x22Z*n\xae\x9b\xbf\xa5\xaa\
\x00aR\x92\x9fxoL6\xad\xfb\xea\xfa\xeeC\xff\
\xee\xc7n:\x19\x90\xcdR\xf7S\x0d\x0e\xfa\x1a+\x8a\
V\xfe\xf1\x9diQ)\xd90\xf05\xaf\x9e\x1ad[\
\x93\xfby\xcd\xea\xbd,\xaa#\xafF\xdaM\x18\xc3\xc6\
=\x16\x01]5\x9f#\x82\xba\x97\x0aL\xa9\x16\xc4\x15\
3\xd6m\xefw\x84!\xff\xae\x8c\x14\xa7\xc5\xb6\xec\xc6\
\x87.H\x82\xec\xfdX\xe4w\xcc\x8c\x19\x1bg\x15\xce\
U\x18\xe7R\x97H5q(\x1c\xa31\xc9\xaf\xda\xc8\
\x98\xc6\x18\xe1JU\xf2:\x8c\x98\x99\xe5\xa5\xa9\xb6\xe6\
\x11^\xe6\xec\xa5m[#\x01\xafF\x0c\xb4cE)\
\xd2\xb5\xb7:g\xde\x15P\x10\x96>1\xcb`Z\xa8\
\xecC\x10\xf5\x98\xe9\xeb\xcb\xc1\xf3\xc8\xcc\xdbh_\x90\
\x97N%\x96\xf2R\xb6\xbe}!\x9e\xf1I\x99\xf7i\
\x5c\xcee\x03\xfb\xed\x09|\xcdW\x7f\xc5\xa2m\xba\x88\
\x00\xf8\xa3\xaf\xfc\xf8\xd5\xcb^\xf8<>\x80\xb5[\xdb\
\xa1\x5c\xdb\xd4\x02Fjw\xba\xceQ\x0b\x22\x0dh~\
\xfb\xabp\x80\xac\xefD\xd0x\x1a\xab\xea\x0b\xf9\xec\xc7\
\xf7\x8c\xc3\xb7P\xb6\xcc\xc9\xb3\xdb\x94%W\xf1m\x8f\
6\x9f\xe7\xc2\xfaRm\xda\x8a[.\xd7 |\xaf7\
\x9b\x00\xe2\xa5~\xbas\x87d\xea\xfe!\xef\x8e\xc6\x1d\
\xae\x0f\xddr\xf0\xe9\xae\xee\xc5\x07\xbc\xe0\x08\xa9\xed\xf6\
\xcdK\x06|\x9d\xd3\xfb\xbdBp\xd53ArS\x02\
y\x03\x9b\xb5\xd4\xc4\xab\x16\xacn\xfb\xee\xfbM\xc0\x88\
\xee[]#\x91\xa9\x84\xe0%w\xbd\x18'a\xb9\xea\
\xa2\x9f\x9b\x91\xd4\xc1\xc4\xe7Ay\x98\x88\x1b\x0e\x09\x5c\
\x19U\xa1\xad\x9f!\xab\x5c\x82\x04l \x81xJE\
\x15\xde\xf2\x97\xf7T)m\x98\xdf\x9b\x99\x01\xc8\xc4\xd3\
!\xfd\xf2\x81\x8f\xba\xfe\xe6\xc7\x076?\xb2\x16\x04;\
\xaay\x9e\x82\xf3\xf4\x17!\xe6\x80WQ\xc2\x96\x94\xe7\
\xc3>\xf9\xbe\xe5\xdf\xd5\xb5\x11\x81zp\xd1>\x8d\x18\
\x8a\x5cd\xa0S\xccI?\x1f2\xbd\x99!\x0b\x928\
\xec\xce\x1e^\xf3\xe9\xaf\x84Ox\xc13`\xb3>\x9e\
\x1d\xd4\xe2\x08<\x7f\x05\xa5\x00+\xa5\xc67\xea\xf7k\
UD\x9d\x8f/\xe3\x85\x9a\xa7@\xa7\xeeb`\x82\x84\
\xd8M4\xd3z\xb7\x15\x83\xd6\xc9\xfa\xed\xdd^\xa4Y\
g94\xb1=\xf9#\xab\x84@E\xff\xd5g0\x86\
\x01A\xd5\x03\x04\xf7\x8c\xbb\x85s\xd8>k\xd6!\xcb\
\xdc:\xdfg\xb3\xbe\x8f\xc0\x8e\xcc3\xb9vW\xa7\x02\
\x97*\xa1\x8f\xcb\x8c\xa8\xf3\xc0\x09d\xb2\xf4cD\x18\
NQ\xbea\x5c\xe9\xbe\x1e^1\x0cR\xd1\xbf\xe9\x1c\
\xb4n\xf4\xab\xad\xa5%\xdd$\xd2\x0bC\x95\x82\xa9D\
\x5c>x\x17m\x8f\xd0\xcf\x04@\x12\xe9G16\xcb\
\xd6\x17c\xdb\xe3=\xed\xa2H\x04*N\x83E\xdcJ\
t\xcaK\xa2\xc1\xa5\xb5\xa16-}\xf3\x14\x07\xe9\xa5\
}\x81(Ku\xf8\xd2<~\xb2\xcb\x11=\xc6\xf1\xfe\
\xb0\x9eF<\xb4P\xa89\x12\x9f\x9d[\xaf<l0\
\xa6\x85\x9f\xc6:\xd8\x82\xda\xee\xb9\x0c\x7f\x1c7@\xda\
\x94\x98\x04\xd4\x0e\xfb\xf7\x0b\x81\xc3n]b\xdf1\x92\
\xc8\x08\x81d\x86^~\x7f\xb0\x9ahQq\xc8\xc1\xe9\
\xa5m^\xfb\xf5\x98*\x15A\x5c\x9d3\x19m]\x89\
\xe5\xc6\xb0\x17\xcc&Bc\x828\x98\xe1!\x98\xf7\xd3\
\x17\x89\x18\xaa\x02\xdc3$\x05\xa0\xd3\xd2\xe6/\xcf\x16\
\xaa\x8a\xf90Uc\xb7>p\xbc\xfc\xea\x99)D\x1e\
\xe2R\x8c\xd7\xf9\xea$(Eax\xa3?\x9d~\xdf\
\xefoR\xa3\xf6\xaf\x13\x8c\xda\xb0\xd1+\x99\xd2\x13\x5c\
ex+\xc1\xaa\x0a\x81\x02&`k\xdfOv\xf0\xd7\
\xfe\xcaW\xc2\xaa\x05\xf1[P\x16\x13\x00\x9f\xfb\xd9\x9f\
\xbcz\xfe\xb3\xef \xbfYA\x96\xc5\x00Z\x89\xba\xb2\
zSg\x91e\xae\xa7\x06\xd8U=\x19\xe1\x16\xcf\xf0\
\xdf\xdddzG:\xe4\x04\xb0\xea\x8dF\x9f\xbe=\xd1\
\x13R\xbd\xcb]|\xac\xf4*\x06\xdf\xb7r\xc3:\xbd\
\x19>\x93\x88\xf7Nt? \xca*\x0ehDE\x1b\
\xd1`*\x16\xe9\x8b\xbdWK$\xe6\xb8\xab\x8e\xb3/\
Jy\x9d\x91\x83\x0f^b\x5c#]\xb3({IL\
\xdf\x9d\xc2q\x08`}\x85B\xde(\x07M\x22\xd0^\
\x84k\x04\x0d\x8bx\x19\x11f@dm\x99m\xc9!\
\xc5\xb88?\xf7W\x07\xccjD\x92U\x11~\x8e\xa3\
8\xbf8\xc96\xc5\x89\xb8\x5c\xa4J\xc2G|\xb66\
\x91\xd8\xf9w\xc8\xeb\x82\x82S\x89+\x1f1\x06T\x87\
\xf9qS\xf0\x98^\xd2\xe0\xf7wM\x98F\xe9\x08\x11\
\x1bc\x1b\x8f\xb0\xb7\xd1\x9e\x06f\x8c\xd7l?\x1dR\
F\xf0\xb1\xd53\xb2\xd0\xcf\x92\x83\x18z.\xa3\x03\x17\
p\x8d\xc1b??v\xcej\x19L\xeckH3\x5c\
D\x8a\xcck\x90\xfb>W\xa6`\x87\x87\xa5\x07\xc1\x98\
T\xc6x\xa9\x80\xd3\x12\x9d4\xc0qVA;\x83_\
q\xff\x93s\xa6\xaa/$`\x8d\x11\xeb\xf1\x81\xd9$\
\xc1~\x03/{\xe9\xf3\xe1U\xaf\xfa#e\xdc\xff\xa7\
D\x00\xb4\xf2u_\xfb\xa5\xb0\xde\x9f\x90\xf6\x02wC\
\xfd\x1c^\x1eE\x22\x91g&\xdd2\xa6\x17i\xf4|\
y\xcf\xf7)\xb4+\x88\x9c\xee\xce\x11\x1c\x22\xfa\xac\x00\
\xa4\xe1\x9b\x9e\xa3\x9c\xa26\x05\x81\xe4~-u\x1f\xcc\
u\x8ds\x01\x08w\xee\x9eeu\x85rbLDd\
N<\xebl\x09\xf8\xf96\x89\xbbk\xd1\xe7\x08\x08\xd7\
\x87:\x8fcJ,\x97\x01s\x98\xd1Y.\xde\xea\xa3\
\xd9t\xc4Y\xe0v\x0a \xac\xc1\x8e|L\x7fS\x05\
\x082\x10\x11:]\xf4\xf3\xbdVDe\x9c\x99\xd4/\
\x87\xba\x9f\x83\x80/\xf2\xd2I\xb7\xd9\x88\xce\x03\x07\xda\
'\x1eAyl[!\xb28\x87\xf3sk\xeff\x97\
=A\xfe\xfan\xf6U\xcei\x8d3\xd0r^*\xde\
`4uH\xfbe\xfbC\xea\xf7\xfb\xc5\xa9\xb7\x1c!\
(\xfd\x19q\x89t\x0ezC\xcf\xa9\xe2\xd54#\xd1\
{?\xaf4f?\x1fq/I\xec\x89\xc5\xdd\x08\xed\
\xc4~\xec9\x02\xb6\xd8\x16L\xaf+=0\xea{\xb4\
g\xca`\x08\x9fmR\xc7 =t\x92-\xe71\xa6\
\xd7\xdc\x9a\x09q\x91\xf7\xe3\x94T\xa3\xec\x7f\x80\xe5\xe3\
RI\x17WE\xdbs\xef\x8eqE}-GX\x8d\
\xd2\xaeq_G\x0ce\x80!N\x02\xbc\xdfm\xe1o\
\xfe\xb5\xaf\x81\xa3#X\x5c\x0e\x22\x00\xde\xf8\xfa\xcf\x5c\
=\xf7\x99M\x0a \x90\xca\x82\x8a\xf8\x89l\xdfm\xe1\
\xebP\xa2s\x22\x99%z-\xda$\xd1\x0f\xd3\xdd\xa5\
\xbe\xb8\x0d\x1c\xeb7.F\xbew\xcf\xcc\xd0\x1fy\xcc\
\xe9.\x1f\xa0\x9a\xa3\x12\xd5\x82\xe5^\xaf\xc5\xc3\xb9=\
\xb1g\x96\xdffY\x1f7h\xe5c=9\x9fi\xfa\
\xac\xdf\xc9\xfe\xc1\xf7\xd7\xa5O\xb6\xf9\x1be\xd4\x8a}\
\x916<e\x9e\x0f\xfd\xb4h\xd6\x112\xa3vX\x9c\
\xacuz\xf7\xaf\x5c?\x07\xf3\x11\x8er8MD\x05\
\xe9dy\xa9\x87\xf5\xdf\xf7I\x90s/A\xd2\xcc\x82\
\x0b\x13\xb1\xd4\x00Q\xce\xe1\x880\xb2\xfd\x16\xd3\x91\x8e\
\xcb\xa4X\x15\x8f\xbe\x93\x048\x02\xd2\xac\xfc\x07\x1c\x9c\
V#\xd8\xae\x07\xc8\xfa|\x0c\x14\x19\xfb\xcd\xf3&s\
\xed\xc3\xb5zK\x17\xdf\xf6H\xdd!\x88m\x84\x102\
L\x89\xef\xf5\x91\xe1\xbau\x14BH$A\xfa\x8c\xa5\
W\xb46a\xb2\xd4\xebfF\x84\xf8\x97\xe3,d\xf8\
3\x8d\xe0b\x1e\x8a\xd0}o\x0b\xc2j^\x09\xd8\xd3\
\xdc\xad)9\x94\xf4\xcb\x88\x01\xcbf*\xaa\xb1\xc8\x10\
\xd6\x92\x16\x93\xd8\x0c\xd3\x1f'\xf8\xe9\xcf\x9f\xf4\xb7\x22\
\xce\xe6\x88\xa0\xd5\x02\x5cS\xff\x9e\x81u;\xb5\xd5\xa7\
\xf78\x00\x1d\xdf\x0d\xaa>\xc5W\xcd\xe0>{\x03\x8c\
\x22{\xf2\xdf\xcd~\x0f\x9f\xf4G>\x01>\xe3\x8f\x7f\
2\xac\xd7\xa7V\x7f(\x04@+\xdf\xf0\x97\xdf\x0ck\
<pbUK\x1f\x8c\xfb\xec8a#\x02<\x97\x02\
\xcb\xc4\xdb\x09\x09\xc4\xc3\xeb\x83.\x90\xfe4$\xe8q\
\x94\xe8\x06\xd6\xe4b\xd2\x80\x93\x0b\x09L\xf5\x10\xe0\x94\
\xb8\xe1\xd2V\xe8\x87O\xc5)\x19\xe4\xb4?\xa4\x07\x15\
\xcd\xa2\x8c\xc5S\xe21\x1a\x02}0\xe3s0,\xf4\
e\x0d[1&\xc4\x22sl\x9b\x9d\x8c\x1aM\x0f*\
@W6\x8a\x8c#\x039o\xb5m\xe3\x8b\x1c.\xbe\
;\x03\x84\x82\xab&\xe7\xd0\xf6v\x07tC\xfa'\x08\
7\xb5{\x00\xe7)\x7f\xc33.\xe6BF\xd6^4\
\x8b\x80](p\xd1m\xfad0\xa9\x0e\x82%\xbc\xa2\
\xe2\xca'{\x837\x16\x12m\x18E\xce\xeaS\x9ff\
\xafc\x1e\x00\x0c\x8c\x05\xef\xf7\xf7H\xed\xa1v\x1b~\
|SQ\xcc\xfc\xfb>\xfaFe\xb4\xdb\xfbF\x87\xc2\
\xe1v\xab\xbd\xe0\xaf\xd3\xde\xa3}\xde\xfeR\x8c\x08[\
\x1f\x1c\x97DHt\xc0\x8e\x90;'\xe8qIV\x9a\
\x8d\x11q\xf3\xec\xff\xcd6\x11y\x0e\xc9\xe0\xd6\x05\x12\
\xca\xc6a~\x0e\xa7\x8a\xee\xfdJ*\xe3\xb94\x03\xd8\
\xf2\x8c \xf1\x80 gbUD\xe2\xc2T\x16\xd3\x04\
YO\x10\xc7\xfeR\xbf\x90\x197\xb3\xe3\xa1gA\xd9\
\xd6\xc0#f\xa3\x924\xce,\xa7s\xd0`\xfb\x0a\xf6\
\xeb\x16\xb0\xac\x11\x04\x8d1 }?-\x85\x11\xb6x\
M\xa53\xa9Y/\x8d\x15\x9b\x9en\xd2r\xbc\x04!\
x\xfdyn1E\x84\x19\xe9\x0dw\x0f\x91\xf0P\xc9\
\xe7i\xaa\xd8\x99\x22\x9d?K\x10\xf1\xf5\xb5\xe6\x03h\
1t\x08V\xf6\x1e=H\xb2\xb2\x85?\x8dEr\xef\
\xec\xd5^&\x9fI#\x08(\xad\xf7v\xbf\x86\xff\xd7\
\xff\xf0\xf5\xb09Zj\x97\x12{\xbf\xb8|\xc9\x97\xbc\
z\xf5\x8a\x97<\x97):\xb7\xc9\xd8D\xb1\xa7\xa0\xfb\
M+e\x89\xb8%\xd6E\x08\xdfsU\x9dok\xfa\
\x8e\x93\xe9\x02\xeaVm\xd4\xdc{\x9a\x1e5|\x13\x04\
\xcd\x5c\x15vcZo\x1cjNz\xb8\x8a\xeb\x0d\x04\
O\xa9[\xf6\xa1U\xed\xbdQ\xfb#\x91\xef!\xbab\
/\xe6\xb6\x22\xe1\x94\xdd\xfcU\x86\x07\xfb\xf9\xf5\xf5\xf5\
d \x1c9uR\xb9D\xb1\xb0\xd5c\x8dD\x04^\
\x8d'H-X*$\xd1\xc6\xfcsS\xa2\xc9\xb0\xdf\
&\xdb\x12\x09\xca\x8c\xcaj\x81H\xd9\x0c\xf0\xfcZD\
\x89\xdc\xd4\x98\xf3\x98\xba\xf6\xf0Rt\xf3\xab\x88\xb6\xb8\
\x17\xc9v)#\x9b\xd1Z\xf3\x0fLZ$\x1a\xf5\xdd\
z 9p\xc45\xda\x17\xb1\xc8\x9f\xfc\xc9\xcb\xa1\x86\
~\xfa\xfaFe\x0aI\x92`h:\x22\xe5\xd2\xf3?\
\xea\xdf\xd5?\xcb\x88\x16I,\xf1\x99\x97^_\xadT\
\xc9\xeeI-\x19%*\xec*M\x0d\xfd\xb9\x155B\
\xcf\xa9[]\xf6\xce\x5c\xa9\xd6\xf3j\xe6}\xa6\x15\x98\
2\x5c\xcf}Q\x86P\xa5\xa3EV\xbfR},\xad\
\xf9z*\xc3\xc14_\xa9\x0f\xad\xad\xcf\xfc\xd4\x97\xc3\
\x1f\xfd\xf4\xe5\xba\xff\xab&\x00Z\xf9[\xff\xc3\x9f\x83\
k$\x02\x98\x9c\xe3\xc6\xdd\xcen\xe6^\xdc=U\xe6\
\xa9\xe3\xf4\xbcr\x17B\x94\xa4{\x07\xd5\xdfs\xe7F\
e\xf6uh=L\xa9U\xcfU\x0bI\x01F\x9c\x09\
`\x024\xde\x03\xc1g)\x0b\x1c\x96\xcb\x18\xe5\xdb\xca\
mS%\xc9e.H\x1c2\x85\xdd\xbbyV\xf3\x15\
\xaf\xf5\x04@5\xefU\xe9E\xb3c\x09\x11\xdd#\x03\
+\xf9d+\xed*\x90Q\xae\xc3\x1b\xb5\xf5\xed\xadf\
\x89\x14I`3\xe5\x027\xb5\xcf:=x\x13\xd3\xfb\
4\xb2\xdc\x8d\xe8\xfa\x93\xc6Z\xb47\xadV2\x09H\
\xdd/\xb7\xe7d_\xadc \x1c\x93\x9exB\x96\xc3\
%\xb3\xd1\x1e~|0\xa8L\xfc0b\xd0Zg\x90\
\x91\x8e\xc3\xa9\xf6h\x0f\xcf\xbf7\xbc?\xfb\x9ed;\
\x8c\x04\xe0\xe4\x19; \x82\xdch\x8f[\xf1\xcfV\x12\
\x0d\x86\xc2\x88\xf9\xa7F4\xa8}\x011\xda\xfef%\
S/\x99\xcd\xed\xd6\x92\x11\xdd7\x99\xe9A\xa9\xdar\
n}\x89x\x7f\xd4\xd7\xe5e\xa5}\xae\xda\x99\x82\x89\
\xa1\xed\x05\xfb#p\xf7\xba\xc7\x08\x1e\x18\xd3\xc9D\x86\
z\x5c\xd1\xa1Z\xef\x8e\xe0\x1b\xff\xf6\xd7b\xea\xdfC\
\xcbU\x11\x00/\xfb\xa4\xe7\xac>\xef3>\x19\x8d\x0e\
|\xa1\x0eg\x04\x22M\xcc\x01\xac\xbe\x1c\xb2h\x15\x85\
\x1a\xf0A\xc1-\xcfo\x8c\xc3\xa6g>\x90\x85\xd7u\
\xb1\xe1\xc6\x0c\xf0\xca\x00\xc2\x1f\xca\x11\x10\x8a\xe2\xf2\xe9\
Hg\x22$\xaf\xda\xad\xc7\xe1\xef\xcd\x1b\xde\x88\xead\
>\xc0\xd0\xe8}\xcb\xc4\x15\xb3q5\xdd/\xf5_?\
\xed\xa0HjO\xe1<\xd2\xf8\xbbq\x0d9r\xae/\
',qc\xc9\x91\xe1\xa6\x81\xa9\x04\xb5\x89\xc8u\x91\
\x9er\xc1\x155@\x9c-\x22\xba\x96\xdf\xd1\xa8P\x10\
y\xb56Y\x22\x93\x09\xa8J\xf54\xdc\xa3\x02\xecP\
\xa5\x22\xaeQ\xc2U\x8e\x0bqSi<\x07\xc2\x09\x95\
\xe6\xe5\xf1\xe9\x13\x9c\xdc\xa9D\xb8\xfc\xecU \x94%\
\x84\xef\xa1\xf5\x9aK\x99\x0fL&\xa3\x9bo\xaf\xba\xe6\
\x19(J\xcd+\xb6\x05\xe3\xfa\x84\x18\x9c\xed\xefd\xd6\
\xcf\xe5:\xf9Q\xddy\x8f\xe6\xfb\xa3\xfe\xef;\x895\
M\xc0\x1c\x8e \x7f}\x93\x08[;J\xd1\x93\x15\xc4\
\xc2\xf1D\xbc\xd4G\x7f\x0c\x9d\xe3\xf2\x967\x7f\x01|\
\xe2\x0b?\x166\x07r\xffi\xb4\x87\x95\xbb\xde\xff\xc0\
\xfe3\xbf\xe0\xeb\xe1\xd1K'\x1a\xf5i[fhD\
(\xec6\xe4zh\xd9H\x11\xf2\xb6\x93T\xe5\x14\xd5\
\xbcNV\xa7\x92\x1b\xc0DR\xb6\x89\xe3\xfb^W\x1f\
5~\xe8:\x18\xa8\xd6\xf8,?\xe1\xc6:*&.\
\xb7M.@&\xeaf\xe7D\xf0\xed\x9dh\xcf0\x8e\
I\xdeS\xe1\xbc\x1e\xc8e\xa2\x96\x8f\xae\xb3\x0eJ\xc4\
q\x9eH\x9a&\xd0\xa2D\xc2S\xb1\x8a(VK\xed\
\x0b\x98KD\xe4\x1b%\x1fH\xcf!\xf5\x9b\x90x\xd2\
]\xf6b:\x1a\x8ft\x80\xc4\xa4\xe9\x19M\xf2#E\
|\xe9\xa5]\xae\xb7\x11\x04\x85J\xc0\xfb\xbe\x1b\x81W\
\xaf%e\x83\x97>Q\xeen\xed!\xcf}\xa8\x0b\x95\
\xac\x8e\xd3X/\xd7\xf1\xe1\xfc7\x22]B\x8a\xba|\
\x00\xbe\xffB\x10\xec\xf7'\xd04\xeb\xe5|\x8a\x8e2\
\x08{\xc4o\x5c\x8cY\xf9\x1d\xd9\xc78_R\x8f\x8c\
\xcd\xf4\xfa\xd9o\x9c\xae\xb3\xc6x\xd5\x5c\xa0\xa2(\xd6\
K\xf7\xe2;\xae?\xb3\x85\xc4\xd6*IHj\xa0\x11\
H\x94}t\x88D\x92\xba\xd4\x08F\x09\x0eF.\xa9\
\x15g\x1c\xdb\x9a:{\xf4\xbb\xd97!\xe2jV\xf8\
j\xdf#pv\xb9J\x82\xf6\xb7\xbd\xe7al-\xd1\
\xf5\xb9\x14b\xfd\x96,\xa9j\xc7\xe0\xc3\x90\xb8ls\
\xd5b7\x13\x10\xe8\x88\x18zw\x0aee\xd8\x5c\xf7\
\xa3\x22TW\x8b\x10\xb4\xe0\xb2A\xff]}\x02\x17C\
\x5c\x96\x01\xd36E\x98tj\xe8U\xb3\xabX\xc1n\
\xbd\x85\xd5\xf6\x08n8w-\xfc\xd7\xff\xf2\xbdp\xc7\
m\xe7au\x15\x04\xc0UI\x00Zy\xe6\xb3.\xac\
\xde\xfa\x96/f\xaa\x1d&Bm\xca\xb5y1M\x0f\
\xbc\xfd;\xb57\xc1\xa8\x88:\x11\xdfBc\x8aH\xc1\
.;\x1c\x87=?W\x97\xa7\xe6h\xbc\xd1\xb0gJ\
wk\x85t\xe0\xfb\x89P\x9d\xae\xd5\x18\x97~\x0a@\
\xaa\xb4\x81\xde\x1b\x8b\xb7\xd8\x02\x17\x01\xc1\xb63P!\
\x8d.a\xcd}\xaag\xc9|\xf6\x81\x98l\x0e\xb0\x0e\
\x09\xc8\xe3D\xe4#\xb1\xecH}0{mB\xbc\xeb\
\xc5\xf5\x95\x81\xda\xd2B]k\xc8\xd0\xa4\x17\x19\xf9\xd7\
\xdc\xd2T\xbc\x8bB\x92\xd3\xd4$\x1a\x08h3\x14s\
S\xfdk\x95p\xa8Q)g\x1a\x1b\x07\xee\x91EK\
\x06mB\x07\xe9\xfe\xe8C\xf5v\xbbU\xfd\xeb\xa3~\
Y\x8b\xee\xb3\xc2Hq\xa1\xe7I\x16\xeb.-\x9e;\
]\xf6<\xef\xfbF8q\x8c\x02G#\x15\xfd\xea\xaf\
\x1baR\xedY\x86\x03\x0b\xa4\x0a]\x9f\xd2\x9e\x9a\x93\
\xda\xf4\x9d\xab,D\xc7\x12\x07i\x07\xc7\xda\x08\x96\x89\
s\x89\xf7\x8c\x1a\x8e\x12\xbe\x05\xf0\x7f\x89:\xa0zn\
\xbf\x046\xe1\x02\xda\x9a\x88-R~\xa7\xba6\xaaw\
\x1a\xf9\xbb\xdf<|\x0c\xba\xd4\x18\xa2\xdd1\x1a\xcd\xfe\
\xad\xbf\xf1up\xebm\xd7]\x15\xf2\x7fJ\x04@+\
\x7f\xe9\xeb_\x07\x1f\xfb\x8c\xf3\xb0\xd9\xefH\x1c\xba\x04\
\xb8N\x94\xb1\xf8&N\xa8\x9f\xe0\xb0\xa9\x85\xd1+\xeb\
m\x0bf\xef[\x1b\xdeRZ\xac2\xa7\xf4;\x95\x0d\
\xc3\x92E\xf4\x81\x83l\x03\x99Tay\xf0#i1\
\xa7\xc6\x0c\xed\xb9\x98\xd9\xb3b,VGxb$\xf7\
\x1b\xad\xdf\xd9*\x1b9^\x14m\x15\xae{\xd6\x19\xb3\
\x01\x1c\x00\x98\xa5{\x83yq\xed\xeb\x1c\xa1\x14\xe6\xe4\
*\x09\xb9R\x14\x99\x02z\xe4qL\xd5\xed\x93w\xe4\
gQ\x04\x9et\x85J\xd49\x1d\xba$Q)\xf7\x1b\
z\x17,P'Lz\xdeX\xe6\xbf9\xd5D&\x1e\
\xc6\xe2\xdf\x186\xb6\x0a\xc5P#\x1d\xa2r\xb3\x11\xac\
\xbeX\x84\x7f\x9e\x9a\xff\xbcGW\xc3u\xf6H7\x8e\
\xf1\x90\x92\xcf%I\x90\xa2\x81\xd7\x08\xd9\xc6\xeb=\xe2\
\x1b!\x9d\xa93^!(\xba\xde{\x0b\xd4\x08\x8c\xe6\
\xa3YvxKv\xcfh\x1dRd\xbf\x0b<\x11;\
\x13i\xeb\x10\x15@%&\xcf\xccV.S\xcc\xc2\xaa\
T\x1f\xb4\xff\xbd\xbb\xb9\xb8\x81\xe6\xbc\x1d\xcb\xea\x9b\xea\
O\x1c\x83\xc0\xdf\xb8&m\xde_\xfa\xc2\xe7\xc2\x9b\xdf\
\xf8Z\xf4\x14\xb8\xda\xf2\x94\x08\x80\xb3\xd7\x1e\xaf\xfe?\
\x7f\xfb/\xc0Q3\x01\x1c$x\xf1\x7f\xe7(8\x01\
B\xde\x8e@\xc2\xa4\xe2\xdb8\x09f\x00\xe19\x1a\x12\
\xe9\xf1q\xe9`\xc98\x01K\x094\x0e\xe6\xf6k\x0e\
\xd1\x03\xfc\xc8\xe9\x9b\x9bN\xde(\xd5\x06.[\xc41\
\xf5\x00\xc0(\xe8\x991\xe6\xeb\xce\x0f\x95@N\xe3\xf2\
\xb9n\x19\x97\xdb\x84\x19Q\x18\x90s\x08m\x8e\xe8\x98\
\xe9\x9f\xb5\xcf\xff\xaeB\x84\x86}\xd7\xa4P\xcbu\x8b\
%\x80.u\xf6s6\x16\xd6\x97,\xd2\xa39\xe2\xfd\
 \xc0\xc5\xe5\xf6\xaeE\xa5m\xcf\xd7\x04rn\x8f\xbb\
\x9c\x8a\x01-\xdb?1\x0a\xe1\xa23\xa2\x0f\x17\x18\x9d\
\x09\x02\x22\xca\x93\xe4\x87\x09\x19\x91\x14u\x808\xa3\xbc\
YQ\xb6q\xa3\x87 \x0d}\xd7\xa9z\x0e\x910\x1e\
\xca\xd8\x90  \xc6\xbc\xb8\xbab\xc1y|\xfd%\xc1\
\x9a\x9e\x99\x12}\x8f\x10g\x86Ct\xa6\x88\xfd\xb02\
\x11o\xdd\x02E(\x93\xe3\xa5D\xb1\xbf\x22)\x12\x17\
8\x81q\xc60U\xe3\xaa\xfeV\xdf\xa7\xee\xed\x87\xeb\
\xc1\x11b'\xac\xf8\xe3\xe3&\x9d\xd2\x10\xd5\x0b\xde\xab\
\xfa\xa6gX%\x22\x82OWp\x04{\xf8\xff\xfe\xdd\
o\x80Sg6\xb0^\x1f]\x15\xf7\xff\x94\x09\x80V\
\xfe\xd8\x1f{\xe9\xea\x0b?\xefSa\xc7\x09B\xbc\xbb\
L-~\x13\x97(j\xde\xee\xb1\x9fdg]Zq\
\x90\x16\x82\xd7\x88\x82\x14u*P\x01\x02\xf4\xa2U\xbb\
\x11\x1c\xb21\xa9\x82\x163@h\xaf\xf9\x09b\xe9B\
\x0a:d\x00\xdc\xb8{\xe9\xbb'\x8cF\xdc\xa9\x1e\xc8\
$r\x96\x8d\x85\xa2c\xaf\xff\xf6\xa2~\x9c4\xb2\xaa\
\x15\x8bl\x8be\xcf\x93\x84\x11\xd0\x5c;\xcc\xa5\x8a\x13\
\x1c\xc1C\x1e\x13\xafA\x0700>{m\xd8\xe7\x9f\
\xaf$\x86~\x0e\xb4N\x9f\x1d\x0b\xeb6\xc3=R+\
\xc8\x18G\xdcL\x05\x5c\x9d\x05\xf2\xc0\xc5&\xcf\xbd\x0f\
\xdabb\x0c\x9e;\x97\xe6W\x08\x8c\xb8\x1d\x8c\x10\x08\
\xaa\x82\x86\x01\x90]\xca\xeeu6q\x08Z\xe5y\xe7\
Mb\xebn1\xf4\x0d\xae\xba\xe0F\x05\x01\xd2\xf6\xf2\
\x88\x80\xb0\xb9'\xbb\x122\x02\x8caH\xd1\xbf' \
\xf9\x9a\xd8\x11\xa9\x96\xf8\xd5\xab\x87P\x0a\x05\x17\x08c\
\x97\xc8\xc4\xce\x8e\x1czF2>\x5clj\x97\xd4Z\
\xb5\x87G_<G\xaf\x15\x16\xcf-\xbbv(\xb1\x81\
\xa6`\xec\x0b.\xefwu,Ig\xcd\xf3\xd1\xf4\xf3\
b{%\xc4\x0b\xcd\xc3\xa0}\x96\x1c\xf5\x88\xc6\xcf/\
\xf5T\xe6\xb3\xf9\xf0\xf7\x046\xc3H\x0c\xf6Cs*\
R\x80\xf6\xac_n\x8d\x09\xe0\x02\x13e\xf5\x19\x19\xd2\
\x0a\xdc\x22{*Q=\xa1\xa2\xd1\x075J\xf3\xd6\xdb\
\x14\xf9\x9c\x17\x83\xf9\x1b\x10\x05\xab\x81\x94\xa0\xf9\xd8c\
\xc4\x09\x8e\x9a\xda?\x9blfVQ\xd2\xeb\xdb\xe8\xa2\
|NH\x80\xfak\xed\x5c\x12a\xbd\xdd\xee\xe1-o\
\xfe\x22\xf8\x94W\xbc\x006\x9b\xabG\xfe8\x16\xf8(\
\x94\xfb\xee\x7ft\xff\x99\xaf\xfd:\xb8\xfb\x81'8\x81\
\x01W>\xd0M\xdbOB\xb3\x993Z\x22\xb2\xcd\xc8\
\xc8\xc4%\xd9\xd8J\x8c\xc88\xd1BQ\xcf\xa8T\x04\
@\xdd\xae<] \xba\xd5\x92\xc8\x80V(\xb0\x89\xbd\
3Z\xa0n^\xbd\x85\xbc\xe6\x1e\x9f\xa7<G\x07\xdc\
\xee'#?\x8f`Y>\x1d\xae\x85\x84D\x06t\x86\
\x5c~\xa8\xcf%#\x09\xc1\xcc\xbd^\x10\xd3\xbbM\x8e\
G\xea\xf5\xbf\xb5\xce\x12\xc8VaZS\x1f9q\x8c\
\x22\x7f\x81t\x13\x5c\x7f\x04\x18\x83\xe7\x06\x1b&\x133\
\xb2\x7f;\xa9@\x18\x8f6hR\xac\xc2\xf2\xd2\x8b}\
C \x93\x9c^\x18v\x18\xe9\x8d\x8c2E\xba4-\
\xe5\x88\xe3\xa8\xce\x89\x5c\xe3\xfe\xa2\xe6\xad\x06\x82\x1dP\
\xf6\xc8\x7f`\xfb2\x96\x08E\xa2\xb0\xbf\xe6\xaf\xa7\xab\
O\x89c\xb7~\x8d\xeb\x0a\x87~\xb2t\x86\xce]\xb7\
\xa6\xfbY\x8f#s\xf4\x99i[\xee\x8e-#\x91\xf3\
Oj\xf3\xc4\xa8\xb8\xbe(\x84\xab\xea\x17i\xa6\xdb\x1f\
\xc1\x1dV\x08\xeb\x85e9\xb2\xdd\x07\xc3D\x0f\xe3}\
\xe0\xaa)\x18^J+S4\xf2)X\xd5\xf5\x09\x1f\
!{\x9e;o:\x0f?\xf3S\xdf\x0d\x17n\xba\xee\
\xaa,\xff?\xaa\x12\x80Vn\xbe\xe9\xba\xd5\xdf\xf9[\
_\x0f\xb0\xbd\xc2\x81\x1fM\xccm\xa1O}\x11\xe0`\
n\x13K)\xeaj\xd2\x96\x1c\xd0\x8c\xa8\xfd\xf5\xa9\xb6\
;\x101#:\xaa\x93\xa2\x90\xd8\xae\xeecaS \
\xcc\xd4B\x9d\x15\xdeg\x0e\xbfjgD\xdd\x8e\xee\xc9\
\xfd\xcc\xa5{\x04\xa8\x83\x1d\xd5\xe5b\xc1\x9b\xf4c\xc1\
\x01\xec\xb2\xfc%\xd8(\xdc\x06\xe2$\x13\x97\xe7\xba\xaa\
\xf6\xc6{$\x22\x10\xbd*\xc4\xd4\xae\xe0\xfc5\xc1\xd0\
\x922\x01@\x85NJ\x92\x16\x1d\xc3\x9c\xdbd\xb4\x84\
3.\xae\xe0x\xab9\x09\x1c\x19\x02\xda<\x17\x87\xf9\
g\xfb\xae\xf4\xc3\xf4\xfb@\xc6(\x12\x88zo\x8c\x98\
\x81)Q\xf7\xd4\xb5\xd1}\xe3\x04\xa5\xb7\xae\xd7>\xd4\
n\xd1\xc7\xa7\x86\xfc\x0f+\x16\x86\xb7B\xfe\xb9\xdd\x88\
WQh\x978^\x0a\xed;>\x97U\xb8\xe3\xa9\xa2\
d\xc3\xda!\x7f\x8eh\x19\xa3Z2\xff\xe0\xdc\x17\x03\
\xbb#n\x85\x82\xfcG\xa1p\x0fT\xc5\xf8\xbf#I\
\xa0\xc7-9\x1c\xef\x5c\x11\x9b\x9d\x1c\x99u\xf8\xfc\x02\
\xe4\xef\xfb\xb6\xd9\xee\xe0\x9f\xfc\xc3\xbf\x097\xdft\xc3\
SF\xfe\x1f5\x02\xa0\x95\xcf\xff\xbcW\xc0\x17\xfc\x89\
W\xa3e\xb8!\xf6\x1e\x11e\xa9SU\xa6'\xac\xfd\
/\x00\xc4\xf4\x98\xb9-u\x8c\x99\xe1\x06\xb2h;<\
\xc5>\xc9\x15\x98\xef\x01\x13\xab!\xb0\xd1\x94<'p\
\x5c\xf5\x06\x9cB\xd2\xe3q@\x7f\x7f\xbfls\x85M\
\x1e\xee\x0b\xe1\xc6\x04\xf8\x82\xc8q}\x7f\xc7\xdc~\x1f\
\x97`\xcc\xa9\xba.U\xb5\x0d\x11\xf7\xa8\xed\xe1\x1a\xb3\
\xca$W1\xda\x17\xbdDk\x22\xee8\xe2\xcf)\x00\
j\x22\xce,\xa2\xcd\xf5\xd7D\x94\xa9F\xf2\xfae$\
\xbc\x0c\x88\xdb\x8b\x93j\x92D\xd8u\xfd\x12BM\x80\
\xa7\x90$\x8d1H:\xe1\xdcVE\xe4{\xa2h\xd4\
\x9f\xd1\x18\xfbw\x22q\x14\x89\x92\x98Wd\x09\xf10\
\xd5\xde\xe8\x19\xf74<\xb5\x92(\xc8\xd4\xae\x82\x85D\
\xcc\x97}t\xe7\xbdbt\xf0o\x13\xcdcl\x80>\
\xd1\x8f\xb53G\x99\xb0\x8a+\xb8xZ@2\xd9/\
\xfa\xbd`\xaa\xa6\xe0\xe6\xd5\x96}\x82\xb7y.\xa6`\
\xcc\x1cQ1\xfa\xbdTR+D\xfaW\xbd\xe9\x8b\xe0\
\xb3>\xf3\x15|\x86\x9ez\xf9\xe8\xcd^S\x05<\xf0\
\xd8\xfe\xb3\xbf\xe0\xeb\xe0C\x1fy\x14v\xab#\xd4\x1d\
\xc6n\x9a~\x866\x94\x89\x98\x89Kn\x7f\xdb\xd62\
\x17\x18o\xd9L\x85r\xa2c\xbd\xcd'2\x0d\x81\xf4\
R2\xb2\x0cxE\xa8/\xfe\xdd\xc5\xc2:\xdf\xe5\xe0\
\xd3\xceaN\xc3a\x18 h\xba\x9f\x01VOk\xc5\
\xf6\xeb\xf8\xecbHR\xdd\x9b\xe2\xde\xe7\xae\x8dD\xa8\
\x93\xf5q\xd0\x16\xd2\xc7m55n\xf0\xad\xcf\x5c\xb1\
\x8a\xff\x22W\xaa\xb1\xc5$\xd3\x1e\x8b\xd8\xf5}\xc9\xd2\
\xd6\xd5\xd7c\xb6\xe9\x03\xb4\x8eFv\xaePj\xeb\xc6\
\x990\xf2\xe70\xc3Su\x0a\xb1 \xaeo\xa5~X\
\xbc$HF\x99\xee\xeez\x91 \xaa>\xd8-T@\
9\xde\xa3\x07v\x98{\xde\x8c;\xa7\xd6\xac\xba\x17\xb9\
\x1ag\xa9\xdc\x88\x9e6f\x9eSj\xce\x82\x00\x89M\
\x88\xdf\xa7x\xa6\xa7\xe6\xdb\xb9fb\x1b\xe2\xf7^\xa8\
^L-\x17\xc5\xc2eA\x09\x8c\xe30\x17\x01\xfe(\
\xd1\xb0\xf33\x22P\x056\xd8\x981\xbeIpI\x93\
z\xfd\xef\xba\xcd\x06\x8b|\xa84D&\xbb\x1d\xea\xee\
\xab\xb3\x5c\x124\xc9o\xde\xb8\xfe\xd1\x1ad8\xe49\
\xff\xcaF`\x82X/8\xe2\xba=\x8b\xcc\xd9\x11u\
.\x93&\x8e\x9f]\x85E\xbc\xaec\xc3WHZ \
\xe3\xc6\xcb\xc5\x14+\xdc\xc2\xe7y\x82\x82\xe4f>6\
\x00\xbe\xbf\x97'\xf6\xe5\x5c\xd33b\xbb3\x80\x07\xcd\
B\xc0I\x86r\x7f=\x9en\xed\xd4\x9e@y_\xf9\
\x0a\x108\xc2~u\x0a>\xf6\x8e\xdb\xe1\xa7\xfe\xe3w\
\xc2\xf57\x9e~J\x86\x7f\x7f(\x12\x80Vn\xbep\
n\xf5\x8f\xfe\xe7o\x80cD\x0abDdE\x10\xbe\
m\xaa\xe8\x22T\x0a\xcf\x03\xc7\xef\x10#\x22\xffV$\
\x1b }$[\x15\x89a\xa6\x90C\xcfQ\xd0U\xe3\
\x00\xd4h\xac\xcc\x83\x1d]\xec\xec\xbeI%\xe6(\xbb\
H\xfd\xb1*\x80\xd3\xbe\xcagTG\xa9~\x98@Z\
s\x92\x90\xd1{\xd2\xd6\xa8}\x5c\xd3\xa9\xecyl%\
\xdf!`D\xca\x12y\xae\xb7\xf0\x1d\x02\xf8\x01\xe5;\
\x16\x09G\x91s5\xbe(\x92\x1e#8O\x08y\xfb\
\x86\xdc>\x83K\xfa_U\x07\xc9\x7f\xbfK\xf4\xc3m\
8 \x82\xdf\xc5\x18P\xa5I\xd3\xc4\xddab\xe6d\
\xe8X\x10\xb2\xe2\xf2)n\x9f\xf9\x99\xaeH\x12#\x14\
\x01O\xcc\xa5H\x06\x92Q\xec\xb0\xdab\x9e\x0f\x11\xff\
.y>\xcf\xef\x12\xa9W\xd1\xd3\x92\x0b\xb7u\xe9\xf3\
\x97\xe4\xbe\xf9\xf9X\x12]/\xd5\xa4\x1fo\x0a2~\
nf4\x89\xb3\xed\xa5_\xb1Ne~\xba4\xda\xfa\
\xc4\xa0\xa1\x82y\x18\xf5\x5c\xe6G\xbc\x0fR\x5c\x88~\
\x9d\xe3\x9e\x89\xfd\x19\x17\xc5Q^\x02\xe5\xef\x17$\xe0\
(N\x88\xd5\xb7\x9c\xeb\xa7\xf6\x1a\x94\xd8\xc0\xf1~\x0f\
\xdf\xf4\xbf~#\x5c\x7f\xe35\x1f5\xe4\xffQ'\x00\
Z\xf9\xe3\xafy\xe9\xea+\xdf\xf4\xb9\xb0\x11J\x0f\xc7\
)\x83\xf5\x80\xbe\x9a\x80\x0a\x10\xd9f6\xb1\x9c\xd5\xd7\
\x06\xd04!\x16xX\xc2\x9e\xc4\xf8\xdd\xb0P\x84\xd4\
qO\xec\x225\xa2\x88\xb3xr\x090\x9b+#\xb1\
\xea\x08H\x8c\x9e\x99z\x0e\x81\xb3\xf3/-\x9f\xa9\x88\
\x0c\xcfU)aT\xbb\xe8\xe8\x1b\x85_y7?\x02\
4X\xf7\xaf!\x80'\xca\x92\x83$\x04\x88\xb4[\x16\
\x01V\x03\xc0\xdc\xb7c\xecI/6\x94=\xea\xeb\x9f\
V\x9b\x8c\xb9^quM\xb1\x16f\x00I\xa5.P\
d\xa6^$\x99[\x11_\xe6\x14;\x02\xa5\x22\xed\xdd\
\xf6wA\xe8\xe7\xe2,\x0c\x06'Ctg\xb18\x7f\
N\xea\xd1<\x1af\x89\xb3\x8fR\x99:\xc7\x93*J\
7\xee \x22G/\xa9\xfe\xac\x895=}\xa6\xdb\x15\
\xab\xfc\xc3\xd4\x06\xcb\xc7\x91aA\x05\xcfz\xf8b\x04\
\x1f\xde\xc3\xb3\x14\xeb\x08\xfb\xd5\xef\xcf\x094V\xe9\xdc\
\xbb1(n\xe1\xa0c%\xb3\x13\x03\xc8uc\x04w\
F\xdck\xea\x89\x93\x5cL\xc3\x92f\x82\xe0\xa3\xa8\x8e\
\xb0~\xac`\x7f\xb2\x83\xff\xe9\xff\xf9u\xf0\xf2W\xbe\
\x00\xd6\xeb\x03\xac\x1e\xff\xaf \x00Z\xf9\xdb\x7f\xf3\xcf\
\xc1K^p'\xe6(^Uas\x94\x83\xca\xd7\x97\
q5$\xfei\x88~7\xa4\xda\xf8\xc9\x09\xeew\xba\
\xe8!\xe6\xcf\xb6\xb9\xb8\x14\xcf\xf5\xfa2r\xb3:\xbc\
\xcdq\x84\xb7\xaa<\x15N\xc8\xeb7}\xac}\x22\x0a\
b\xec}\xaf&\xe8\x8f\x80\xf5e$\x05\xf0\xf3C2\
\x8d\x96\x9a\xd7\x88\xaf\x8a\xab\xa8\xc6\x18{oR\x83,\
\x9eT\xe3\xbc\x89T\xafe\x9d\x03\xdd\xf2\xb4\xe4\xa4_\
\x03\x02*\xa6\x1a\xc8\x9c\x80\x89<\x89\xd0\xe9%HV\
\x9f\x97\x8e\xf8\xe0+=\xd1\xd1\x13\x04:\xe7\x0e\xe1\x13\
@\xdbL\x8eo$\xee\x9d\x92,L\x12\xa1b\xcc\xe9\
]:%>\x83Gx\xc9\x13#\x97))\xd4\xe8>\
w }\x0e+\xd5\xfcD\x98\x92\xea\x1f\xc4\x9a \x90\
g\xed\x93T\xb9\x9a7\xcf\xec8\x039~\xb4\x1a\xe6\
\x9c\xe4\xa4\x7fg9\x11\xe5\xe7X\x10|<c\xee\x1d\
&\xe0\xbd\xebg\xa5f\xcc\xfbc)\xfc\xea\xe6UB\
\x5c\xb3\xaayNZ\x82\xed\x14\x11Y[\xb1\xaa\x85\xd0\
\xf5q2\xcc\x13\x01\x87.\xf4\xbf\x9c\xf2\x056\x02K\
\xa4Oe\xd9\x01|\xeeg\xbe\x06\xbe\xeek\xbf\x1cv\
\x8b\x8d\x8e\x97\x97\x8f>\xc9\xc2\xe5}\xef\xbfg\xff\xda\
\xd7\xfdex\xe0\x91\xcb\x98/\xda\xeb\x7f\xb0\xe1\x81\x9e\
\xd2S\xc6\xad\x98\xfe\x8d\xa8k\x0aOcQ\xf4BB\
\xd4\x228\xcd\xfc\xe6\x9f\xdf\x80\x19\xc8\xe46r\xf1\xb6\
\x0dv\x7f\x19\xad\x15\xf3E\x0f\x1f\xe2aD\xe0\x9f\x0f\
\xab xA4\xf2\xbd\xcf\x08(\xbe\xe1\x07lRG\
\x1c\xa8\xd5\xe3B\x0eq\x0a\xe1\x8b\xc5\xbd\xd4Y=\xeb\
\xc7:r#\x0cs\x15\xdf\x0e\xbe\xf3\x02\xac\xb4\x9eC\
\x0e\x99X8K\x1f%f?_\x9b\xb4\xd3I\xb6\x0f\
\x84\x18y\xef\xd0\x0e\xe7:[]\xce\xb5\xd6q\xee\x15\
\x02\x0c\xc8= #\x8e\xd6))\x83ST:\x92\x95\
4.\xf5(p\x8d\xe2\x8e9\x9cs\x99\x0a\xd7\x8f\xea\
L\x10\xd2'\x9b\x0b\x1a\x9dqf\xd2\x0e=\xe3\x92\xca\
\xa0\x8d\x02\xe9aE\x1a1E\xbc\xd4\xe7\xdd\xef\xeb\xcc\
\xbf\x8d\x8aG\xeeK\xde\xaf\xe1B\x5c\x93\x84\xfc\xf9=\
\xdfg\x8cTbC\xd7g\xd4\xae\xe9*\xcb\x14\xbc\xc2\
\xbd\xd5\xed\x05\xf29\xf7\xc6\xa0\xe1\x8cM\xb4\x93\xcba\
*\xa9\xba\xdf\xd6\x7f[\x0b\xfc&F4\x1a'\x97\xcf\
\x22\x1f\xa4\x00kto\xf1\xf7\xa6\x22\xdem\x03Al\
g,y+\xa4\xd5\xb6|\x04\xd6\x17'\x14,\xcf\xfd\
\xd4\xf9\x89\xaa\x1aq\xe5^\xa1\xed\xcf\xb3\xee\xb8\x15~\
\xe2\xdf~;\xdcv\xeb\xf5\xb0\xfa(\x8a\xfe\xffP%\
\x00\xad|\xcc\xb3n]\xfd\xe3\x7f\xf0W\xe1\x08NH\
\x8c\xa1\xc6\x1fY\xaf\x9f)\xb1z\x8c\x16:\x88\x22D\
\x8d\x92\x0aG\xa0h\xedX\xbbW'\xaa\xc9\xc0v\x8a\
\xf3\xa0[14\xab\xdd\xab8\x91})\x01\x98\x12\x07\
\x8a\xc5\xee\xd2\xe7M\xdc\x9f\xef\xc5\xcd<W2%\xaf\
\x92\x81\x01\xb6\xcb}Z\xc4I6\x82%\xc5\x0f\xc8\xdc\
\xedp\xac\xa5\x97A\xe2\x00Y/O\x08\x9f\xa3\xd5\xa1\
\xaa\xe0@*\xdd\xe98}\xdfV\x95\x08<g%\xd4\
\xc0L\xbe^\x8b\xa6\xa8\xafe1hf\x82\x12\xf7\x9f\
U-z\xcfq8\xd9\x10Q\xd4:-\xe0\x89\xea\xe4\
\x93\xe7\xc2h\xce'\xb9\xff\xa2\x9f\x0a\x8f}\xd0'\xc7\
\x0ccO\xa2\xfeD\x9f\xcf\xa5\x92Rd\xaf\x8a\xba\x1c\
\x8e\x90\xfaa\xf5\xc4@\xa5z\x91'Gn{2V\
c\x9a\x8d \x10Xq\xb5\x08\xd4\xea\xe8\xbf\xdb\xb5\x1e\
\xe6\x10M\xdf[\xbf\x13bry8\x12\xb1=E\xac\
\x8f\xfadm\x8ea\x82 \xc4\x18O\x80\x19A\xf9\xea\
\xf7k\x89K\x18\xf6\xf1\xb6\xb0`r[\xb2\x13J\xf1\
\x09|\xbfZ,\x8cX\x9c\x04!\x81\xf3%\xc6\xf9\xfd\
\xf8\xfd\xf5f=G99\xae;}\x06\xbe\xe3\x9f\xfd\
=x\xda\xad7\xfc\xa1 \xff?T\x02\xa0\x95\xcf\xfd\
\x8cOY\xfd?\xfe\xf2\x9ba\xb3\xbb\x0c+\xb8\xa2\x8d\
\x8d\x809\xb8\x83\x22\xc6|\xb4\xc8\x86\xc4\xb3\x9d@E\
8\x18\xa2\x8b\x9b\x7f\x12\xa1v\xc5\x00\xa5o\xa3B\xfc\
\xbd\x18{\x5c\xbf\xf5M6\x5co\x9d^\xbf\xd3]-\
\xc7#\xc6W\xdeo\x9d\xb88\x0b\xcdj\xdd\x94C5\
FTs\xfd\xe1\xe0]\xe5\x18*\xd1\xdfR\x84\xe1\xe9\
\xee\x0c\xc4\xe6\x08\x08yf\x0e\xf8\xd9M\xfbK\x91\xf9\
\xae^\xed\x22\x08|\xd2\xab1\xad\x9b\xc440?~\
/\x1e\xa7\x1c\x15\x94\x87\xc1\xa2\xf5q\x05*%\xf1\xa2\
^\xafV@\xab\xff9\xcb}\xb3\xad\xe7w\xed\xec\x0c\
\xcf\x8cSaL\x16\x01\xda)OA\xf7\x9e\xdf\x8b\x1d\
\xb0\x8f\x06m\xf9\xfd\xf9\xf3\x9c\x89\x01\x8f\xd8\x96\x10\x0c\
#7\xcc\x1a\xb1\x05)\x00'B\x92\xe2a[\x93n\
b\x9d\x0e\xd9\xcb\xf5e~\xfeO\x8d8\x08#\xf4\xcc\
\x01Q\xb0\xdc7\x97\x8a\xbb\xb0\xc9Y\xd2\x87\x9aP\xab\
\xda\xaf\x19\x06W\x13\x9fQ\x81e\x02\xe5-\xda\xeax\
\x80\xe2j\xe8\xd4*+!.\xa5p\xa6J\x8cBh\
\xc9\xb0\xd06;\xc4\x02\xe07\x8a\x00V\xd5\xd8\x97\xe2\
\x1d\xeaNc N`\xb3_\xc3\xff\xef\xef\xff\x0dx\
\xc9K\x9f\xfbQ\xf1\xf7\xff\xbf\x84\x00h\xe5/~\xed\
\x97\xc3\x17~\xfe\xab`\xbdk\xba_FH\xe1\xf0:\
\xab\xfb\x22\xde2\xadA\x0d<\xf2&!\xee+\x13\x02\
X\x03\xbb\xa8\x5c\xcd<\x9a\x87\x81O\xca0Fv\xd1\
\x8fx\xbe\x8c\xfb5\x0d\x5c\xebMUS\xf95g\x18\
\xfc\xbds\x9a]}x\xd7\xd9\x08xc=O\x88\xf8\
\xf6\xc7m\xd6\xaa\x14}\x9f\xc3\x0b\xd3\x81\xab\xc7r\xc8\
!C\x1c\x89\xb0\xc2\x82$y\xee[\xc5\x87\xfa\xb7]\
\xcc\x9c\xb9k\xa7p~\x9eZ'\xcd\xae\xc7\x22=\x09\
\xcdl\x9e\x11\xd4\xae\x88\x5cC\x8b\x03@\x19%\x90\x9e\
\x10\xb40\xbe\x9a\xa4$\xe15\x0a'L*\x05\xf2\x9e\
jk)>\xfa\xd2\x88\xfc\xb5\xfd>\xde\xf7\x89@K\
\x1f\xd7s\x9bC'\xa1\xab9\xc4\xf8^\x92\xb8\x86:\
\x90;C\xf5\xd6\xa1|\xbdM\xcc\x88\xc0\x1c!\xaeH\
hr]\x8eh\xf1\xef\x19#Ss\xe3d\xe5\x9d\x89\
\x0a\x0f\x1f\xe5\xda`\x14\x13{\xcf\xcf\xed,\x92N\x12\
0\xf9\x16\xc2\x88{[\x0e\xb6\x15\x8a\xc4\xe6\x98(\xce\
\xc4\xb9\xefS\xf5~G$\xb2\x910\xe6\x80)\x889\
\xf3\xa8\xc9}\xc8s\xce\xb8\xc6\x09\x0b\xf6\xaa\x1a\xb3\x08\
\xaa\xba\xef\x99WS;\x1a\xed_\xeeA\x92\xce9#\
\xc6\x929\x14\x02\xcb\x05\x0d\x22\xcc\xb1\x85\xfd\xe5\x15\xfc\
\xb9\xafz=|\xd9\xeb>\xf3\x0fQI\x1f\xfb\xfe\x87\
Z\x1ey\xf4\xe2\xfe+\xde\xfc\xd7\xe1\xd7~\xfb}\x98\
\xc9z\xb7^\xc1\x1aCZ\xa5\xe5b@\xe4]eT\
\x0aPP\xd7\xf2;n<\xe1\xda7\xc3P\xbe\xd17\
\x946U\xads\x8a~\xd1\xb1\xac\xfb5u^\x0a\x99\
S 8%\x04\x02]#\x80\xdf\x12)\xf5}\x5c\xa2\
\xa6\xe8\xc6^\xf8\xe0\xcb!\xf5c+\xdf\xeft\xe7\xbd\
hP\x11\xd7\x02\x8a\xbf\x12\xf5\xab\x081\x8f\xd1\xf9\xfe\
{\x7fo\xb3\x09\xa0+\xf8\xbfC\x02a/\x88\xa5\xbf\
?\xf2R\x91\xef\x9b\xc4\x1b\x00\x8f\x00\xb9O\xe1YW\
\x9f\x8fQ\xe0c\xefw\xc5r\xddk{\xe8g\xef\xde\
q\xf3l^2\xad\xc4>\xe8\xfe\xc6?\xc9[\x03\xbf\
\xb2._\xc6)5\xa6\xf1\xd2\xfb2^\x8am\x1e\xd0\
s\xe3p|H\xd6T\xfc\xfe!\x9d<'jA\x00\
W\x10D)$u\x5c\x04V\xb7T\x11dR\x1d\xf4\
\xb8\xf3\x0b/TO:G\xe8\x0f\x1e&b\xb6P\x1d\
nn\x86\x86j\xc5&\x92n\x8eBd\xab.\x9f8\
z\x0f\xcbP\x22\xc0\xa9\xc0wj\xdf mF\x17\xd2\
\xd1\xb8\xab\xb1\xe4g\xfbqL\x17B\x84\xa4\x9a\xf2\x0c\
\x01\x9e\xf9\xee\xe1\xb1-F\xd9\x1e\xfb\xe9W\x91\x14c\
\x1fz8\x15\xc6\xc4\xf0L\xfaK\xa5\xd5\xc9920\
2\xa8[/!\x0e\x13B\x17\xb7\xf1}\x8a\x8f\xd0$\
\x04&\xada\x98\xd3\xec\xd7\xb2\x9a\x84\x13;\xd9\xb9\xe2\
\xfe\x0f\xe0\xb8I\xfa\xa8.Jd\x87\x81\xb6I\xba\xb5\
k\xc1\x95\x18N\xec\x00>\xf3\xd3^\x01\xdf\xfd\x9d\x7f\
\x0f\xce\x5cs\x04GG\xc7\x7f\xa88\xfa\x0f]\x02\xd0\
\xca\xf5\xd7\x9dY}\xdb\xb7|#<\xfdi\xd7\xb3Y\
\xdf\x9e\x08J\x7f\xb0\x10^\x08p\xee7\x91\xa74\xe5\
\xb7\xbf\x97\x9e\x0e\xbfz\x8a\xde\x00\xd2\x10!\xf2\xfd%\
\xc5\xc2\x1d\xf7~\xaf\x82\xe83\xd7\xbd\xc4\xe0n)\xa2\
\x1d\xdew\xf1\xdd\x97r\xe0\xa3\xa2\x08pV21\xdd\
\xdf\x9e\x03\x90\xef\x22>w\x0e\x9d\xc6:\xb1\xae!\xae\
\xa3\xce\x8f\xebN\xe3\x08\x0d1\xf4}\x9d\xea{\xf4\xe1\
\xa5\x04 \xe1\x86~_6\x0f&\x81\xaa\xe7\x02\xffv\
\xa1~\xa3\xc4I\xae\xe7p\xa4\xa6K\xef\xdd\x97\xb2\x1f\
\xb2\xf63PF~\xe2\x84\xcbg\xe4\xeb>=wN\
*\x05\x94~J\xc2\x1eg\xe1\x9f\xe7\x05\x1fSq\xf2\
\x12\x91\xb5'h\xe3|\x0d\xb9\xc7\x8e\xff\x9f\x97\x07\x8c\
\xd7\xa6FlU\xddFD\xc4\xbd\x1c\xea1\x86O\x11\
\x8eL\x01j\xea\x84\xb9a\xcf\xa6\xdc\xef\x11\xa2\xad\xc6\
\x93a\xc6\x9c\xb4,\x8e\x8a9_Q\x1fjh\xf1\x9a\
\xa3\x1e\xf5\xa5T\xef\xc8\x04\x0c\xde\xcb\xb0}N\xaa\xd9\
\xc3R?\xb6\xa8\x22\xf06\x15L\xe2\x90*\xa0\xdd\x5c\
{)\x8e\x8c\x8d\x8ca\xf9\xf4\x85\xc0Y\xd2\x22\xed\xfa\
N,U\x84\x91\xfe\xff\xb7\xf7%\xc0\x96\x1d\xd5a\xe7\
\xbe\xf7\x97\xf9\xa3\x19\xcdH3H\xb2\x16 \x80\xc0\x08\
Y\x91\x83@6Bfs\x00\x13\x10\x16$\xa4(+\
l\x159\xc2A\x18\x17V\x82\xb3\x00\xc1\x80\x83]\x94\
]\x0a\xb6\x15 \x8a*\xf1\xa6\x92\x1d\x97\x8bJb'\
qd\x88\x0d\xc2\x92R,1J\xd9E\x1c\x0b\x03\xd6\
2\x04\xcdh\xd6\xff\xde\xbb\xa9\xeesN\xf79\xa7O\
\xf7\xbdo$F\xb3u\xd5\xcc\xff\xff\xde\xbe\xbd\xf7\xd9\
\x170D\x0f\xb6\xcf&\x0d,&\xe8\xbb9b\x8e\xbe\
\x83\x8b\x9fz\x11\xfc\xd2/\xbe\x17\xb6lL\xbf\xe3\xc8\
\xff\x98\x11\x00\xa1\x5ct\xfe\xae\xee\xb6O|\x08\xce\xda\
\xb6\x0a\xd3x\xb80\x80O\xf2\x9b\xb5g?A\xb0\xda\
\xe6\xeb\x92\xf5\xa0\xa5H\xbd.\xbe\xf4\x01\xb9\x14\xe5\xb3\
Ug\xe1\xce%\xf2@\xb7\x0e7\xa7\x92\xcc\x7f\xd7\xd7\
\xc8\x9bOk\xfc\xd8^\xebb\xc9\xf9\x94\xc0\xc4#\x0e\
l\xdbI@\xd0\x0a\xfbZ\xf9\xd6m\xd7\xb8\x11\xb1q\
\x97R\xdd$Q\xbc\x98\x08]\xae\xc8\x91\xaa\xefs\xe8\
i9\xaf<\x0e\xfd\xde\x8eqh\x0e\xdc\xbd\xbd\xd8\xf2\
\xbd\x02\xba\x02\x99\xeb\xd8u\xe1\xcbI~NI\x93j\
%\x9fg\xff\x0c\xc8\xe0Wr\x5c\x05\xf04\x19\x1f\xed\
ZIN7\xedE\xc3n\xc3f\x17\x94\x93P\x09\x9c\
\xf8Y\xe5\xf7\xfa\xbc\xe5\xefc\x90\xdf0\xb2\x1fSj\
\xdc3G\xb7\xd3\xfd\xc8\xf5)\x19\x0b\xb5^\xa9}\xce\
{\xa4\xc7\x1bu\xfe\xa4&(\x84)\x82\xb8\xa8\x22\xee\
\x01\xaf\x0c\xfbwq?\x84\x0d\xd2d\xe2\xa8\xbe\x84\x0a\
\xd0\xba\xfd\x05\xe9\x80\xc7\xfd\xfbw_\xafM\xeb\x8cy\
\xf3\xe3\xd1\xfa\xc8\x9f\x89cm\xec\xad\x89!\xf6l\xa0\
\xf5',\xdc\xb3$+Jc\xd8\x1c\xd6g \x89$\
\x10\x84_\xae\x1d\x89\x02J\x85\x8e\xdf\xa4\xa1\xe5>\xd3\
p\x88\x84`\x82\xbf\x0f\x12\xf158o\xf7Yp\xc7\
\xed\xbf\x00\xbb\xcf\xde\x0e++k\xdfq\xe4\x7fL\x09\
\x80P.}\xf6S\xba[n\xfe\xe7\xb0\xbe2'&\
\x0a\x8f\xdf\x94D/!n\x807@\x14\xd4;)\x85\
\xa2\x18E\xf3LY\xac3\xaex\x97g\x0c@\xc9}\
\xd0\x08+]\xf2\x81\x94\x88(w7ld\x87\xf5\xdb\
T7\xd7\x91\x22v\xf9\xdc\xe3\x0c\xc6p\x0a\xb1O\xd2\
\x9d\x8f!HZ\x17Y~\xcbc\xb5\xc0\x88\xd3D\xab\
\xe0\x1c\x040=\xee\xafY\x06\xaa\xf0\x18J\x0b_.\
D\xa8D\xf5\x0d\x01\xc9J\xe4\x12I`\xd59,~\
\xdf\x09\x0f\x91I\xfd<\x09\x9d\xa4\xe4\xee\x14\x11'8\
\x97(\xfa\x8cN\xff9A\x92\x9b<%\x01\xbc\xec\x92\
\x8b\x8d\xe9\xb5\x11\x03\xcb\xe8/\xc2-\x1a\x17{N\xc8\
\xf3f:d\xae_\xae\xc1P\x89\xa1\xa5\x1d\x09U\x1d\
A\xc81\xf3\xfaH\xee^\x22oY\xa7\xa5\x9f\xe6\xb3\
\xef\xc1\x06\x9f\x83M\xa3/\xa4\x02z\xb0\x89\xf3\xa3>\
\xa6\x0b\xfa\xd7w\xf1\xa7\xea\xc6\x04\xa1\xf1\xc6k\xfb\xf1\
\xe1\x99_x\xac\x1cQ\xaf\xf5]\x0bA+iL\xed\
\x8ez\xbc\x80\x17Y\xd0\xa9c\x09/I\xb4\x8a\x91\xe0\
\xff\x0b\x7f\x7f\xe5^f\x09Ag\xce\x8a0\x07My\
\x11\x98\xa0`\xf7U\xbagr~\x89Pd\xd8E\x84\
\x08N@M\x8eN\xa0X\xb7 \xf6\x9f\xc0\xf6\x8d)\
\xfc\xc6\xaf\xfc<\x5cx\xc1\x93`u\xed\xd8 \x7f\x9e\
\xef1/\xbf\xf3\x9f\xfe\xa8\x7f\xc7O|\x04\x8e,H\
\xc7\x12C:\x87\x05\x0c\xa2\x90D3\xe7\xb4\xbe\xc1\x80\
\x8aF\x1a\xa3\xcf3\xf0\x8eb\xb4\x1c\x84f\x0c\xa7\xac\
\x8b\xd4e\xf1\xd6g\xcb\x01\xcf'\x1f\xfb\xad#\xccV\
\xff\xe8s\x8a\xfd\xe2!\xc9q\xd0\xe3\xfbx\x1e\x869\
C\x9f`\xa9\x88+\xbbq\xe2\xb4\xf4\xdc\x1a2\xc5\x0b\
0\x9e\xebw\xdb\xacqXA\xdf\xc8~\xe6&x\x88\
[\xaa\xf6\x07\xbcg\x08,ZR\x0d\x1eW\xa1[\x0d\
\xc6N\xa1m\xd6\x89\x8bp\xceu\xee\xb0\x8c\xa8\x97\x11\
\xb66x\xadqjl\x90W/Z\xb4\xee\xfa\x18\xb3\
\xa4\xa7\xb7\xcfH\xe7(a\x90\xa9\x93\x083>\x87\x96\
\xb7\x92\xc04\xb6Wr\x88j,\xdc\xf0X\xa6\x9c\xec\
\x22X\xea&-\xb4\xc7 6\xa5\x22\x16\x80X\x8cF\
\x8f\x8f\x99?\xaa\xeb\x9dY\xecK\xda\xea\xb0\x17\x02\xfa\
\xe4\xe3Q\xad\x10\x83Q\xc7\x9f\xfff\x01r\x14Z9\
!\xc5\xf3\xdc\xeacN\x92\x15+\x92\xb76%\xc2\xde\
\xa0\x9cwy\xef\xf5\xdc\xd1`\xb46\xbeZ\xd1\xb91\
\xfc3\xde\x1aG\xd9W)%\xd5\x88\xd4\x1a\xfb1\x83\
b;\xe2\x0f\x91\xc3F@\xc6\x14#\x11\xf6`\x03l\
E1HN\x86V\x0c\xd5\xb3*S\xa3\xd4\xfb\xc7\xd9\
\x0e9\x5c\x01\xab%\x22>\xcb\xf68\xeb\x93)\xfc\xe6\
\xed7\xc3\xf7=\xff{`}}\xfd\x98\xe2\xe4c*\
\x01\xe0\xf2\xdaW]\xd5\xfd\xcc\xfb\xdf\x0e+I/\x88\
\xc6R\x08\xb0P\x14\x93\xdc\x01\x03h\xa2\xbd\xf3Be\
Fm\xc2\xc0!\xf5\x0as\x0a\x88\x84\xe3\x13[#\xff\
VI9\xdb\xb6C(\xeb\xe3\xef\x01$0g)\xda\
\x1a9\x07\x17!\x09\xbd\xb4\xf25'\xe4\xb1\x14\xe7l\
\xdd\x00\xa3\xfa}\xdc\xdaZN\xd8\x8e\xbb\xe0`\x97\x92\
$\xb4\xfc\xc0\xb5\xab\xd92\xc8\x9f>\xc0\xf3\x17#U\
!u\x9f8\x07\x91\xb9\xce\xd3\x0f[\xe4/\xfb\xd0z\
\xd9\xf0{@tS:s\xccI\xab\xd1\xd9\xd1\x92\xc1\
P&\xcaJ\x9b\x01\xfd\xb5\xcc\xa4f\x8b\x02h\x83\x9c\
\xb5\xe1\xa4\x92\x02\xc1\x84p\xa5\xc8o\xd9\xb3\xc2Z\xf6\
Ju\x88\xd3\x0f\xadA<\xab\xd2\x0a=q\xf2u\xbd\
1\xfd&,\xe5\xc7\x9dS}\x06q\x14R?\x8b?\
\xb5*\x91?)\xaf\x82>\x1f\xd2\xc5O\x061\xb3\xfd\
z+\xc1\x5c\xa7u\xc1\xe5\xf5-%\x0am\xf0=t\
\xef\xf5\xbaf\x9b\x9b1pM\xbe\xf7\xd4\x00\xad\xf1\xb4\
\xc6R \x7f\x92@e\xe9\x0dK\xce\xf0_x\x1fh\
\xf6b\x94\xf4\x0c\x93h\x09)\x02\xf7\x83\x22\x0fHM\
[f}\x08T\x16\xef5|H}\xd0+\x8ctI\
\xf7%2\xba\xa8:^\xe9;\xf87\x1f\xff\x00\x5cy\
\xc5%\xc7\x1c\xf9?a\x04@(o|\xc3+\xe0C\
\xef\xbb\x1e\xd6C \x869\xb9h\xa5\x94\xa1\xc8eg\
~\x00\xf7\x0a\x9fqf\xe9\x90Y\x8b\xa9\xaa\xc6\xbai\
he\x10\xb2\x064F\xf1\x5cm\x8e\x13\xf5X?\xd0\
\x16\xa0\xd2\x22o\xfeG\xe3\xa1\xd4\x98c\x99&3\xa2\
Q\x97\xbev\xf9\x16\x0bM$T{\xb1\xb0\xc7\x11\xb3\
\x8d\xe1\x1ej\xea\x0dMx\xe49$\xd1\xaec@\x86\
*\x0fyk\x87\xa3\x94\xd5\x88\x94,\xf6\xa3<\xe6\xa9\
\xae\xbf\xa7y\x1e\xd6\xfe K\x0ft]\x06`\xb5\xb5\
\xb6\x00\x84\xa5D\xfa\xfc\x14_y\xc7\xd4\xbb\x0fv\xff\
X\xefk\xdd\x9b\xdcvp\x1d\xc6H\xb94\x815L\
\xec)\xdb\x9a\x04\x88\xd9\xed\x8c\x80=\xddS\xab\x82\xf2\
\xceV\xb9\xbe\xf2\xbe\x95\xc8\xaa\x10\x0b\x8bwyP\xde\
\xda\xb3\xd1^\xb1\x0a\x03\x04\x89/M\x92cX\x06\x01\
{\xed\xd8ok\x12,\xd9\x97\x94\x00zw\xbb\xd5\xdf\
\xd8s\xd1\x1ao\x0bn\xe9\xf5\xc8\x88\x1d\x19\xfa\xec\x06\
\x8a\x1f\x84h\xa7Y\x9a\xa5\xfc[\xc8\xcd\x1c9\x7f\xa1\
\xebO\xc7\xb5\xf8\xa2^\x8a\xe3\xa0L\xda\x9d*dx\
\x18\x0f\xfb4\xea\xfc\x83\x9f\xda'n\xf9\x00\xfc\xe0K\
\xbf_\x1b\xc4\x1f\xc3\x12\xe2~>!e:\x9dt\x8b\
\xf9\xa2_\x9d\xae\xc2{\xde{\x0b\x1c^L\xa3X\xc4\
\x1aKD\x11)\x1b\xaa8\xf2\xa1\xa9v\xfc\x1a(Y\
<\xe7\xeb\x16%1\x00%\x87'\x9f'\x96 #\x96\
$\xe21\xf5\xb2X\x8c\xdb\xcf\x08\x01)U\xd2\x8b\x07\
\xfd\xed\x98Y(1\xa0\xfc\x9d8v\x02@9\xd5\xf2\
pIcL\x5c\x85=\xbe\x01\x10\xfbb\xc2\x96\xb8\xd6\
\xe3\xb85p\xf5\x00\x88\x10\xcfF]scU\xe8\xcc\
\xe0\x5cK\x97%\xcb\x8d\xf3\xf8\xd2\x98\x92\x8bRF\xc0\
\xc9\x90G\xfc^\x9bk\x9eG-\xd4\xb5<\x9fZ\x84\
X\xac[R'H\xc0X\xc6\xce\xb0\xf3K\xef=\xbc\
?\xf4\x8cC:/\xf2\xb8\x12Q\x9c\xc4\xf2\x02\x91\x18\
\xa27\xce\xd79\xf3I\xfd\x14$\x18\xadC\x9dbJ\
\xf0\xc5\xe4\x90\xc8|\x1e\x09$+\xa2\xac\xa2\xc6q\xb8\
Q\x8f;\xd5\xeb^C\xc8\xf6\xcc\xc6\xff\xc5\x83$\xcd\
\x1d'Y\xa3\x22#\xfe\xc5[\x95\x86\xc1\xb0\x8f9q\
\x01\x9f\xac[$\x8b\xb4\xcd\x98\x03\xfcHL\xe7\xc81\
\xa55\x12\xfd\xeb3\xdb \xdeD(\xf0\x16\x14\x1e+\
\xbcNj\xe1\x00\x00)&IDAT!\x88u\xcb\
\x11\x0a\xb0\x8c:\xf9\xdc\x04\xaf\x91v\xad\xa6\x0b\x9d\x1e\
%\xda&\xd6cu\x05\xbe\x88\x01\xb8\x18\x06\x07\xe6.\
\x1c\xb4\x98o'\xb8\xab\x06b\xc2\xc0*\xc2C<_\
\xa5R+GN\xf3G\xf5Q\xfc\x19\x03Cu0\xed\
\x16\xf0\xaf?\xf6A\xf8\xa1W\xbc02a\xdb\xb6m\
t\xa7\x14\x01\x10\xca$\x10\x01\x8b\xbe_Y[\x87w\
\xff\x93\x8f\xc1f\xd4\xaf\xa5\xa5\xa5\xe5f?d\x86\x5c\
t\x89\x93t\x05\xc1\x93\x87h\x82\x81\x17\xd2]\x8c\x00\
\xd8\x9c\xd0\xd3\xbf\xc9\x8d\x0e\xff\x82hR\xd7Oh\xdb\
Av\x09\xd1\xa7\x9a\x5c\xe6F\xaf(#\xefa\xc8[\
\x14?\x0b?\xf7&Mc\xfc\xb8\xb9/\x8e\xa10\xe0\
;mu\xd6\x09\xa0\x0a\xa0SG\xb2\x9a:\xb6\x5c\x99\
&v\xd8v\xc0\xd6\x97\xc0uf\xd6#\xef=Z\x1e\
\xe3|\x92\xa1R\xb5HU\x8ey3\x10/_\x13\x9c\
v^2u5\xbf\xf3\x84f\xb8>R\xcc\x8d\xdf\x05\
\xbb\x82\x18\xe1]\xadm\x8dSE?d\x11\x150\xd6\
u\xecP\xc4\x09\xa8\x11W\xd8B\xd6\xff+\x9c/\x0c\
e\x13\xf0\x946\x0f\x94p,\x1aT%\x15\xc8\xa4\xc8\
\xc8\x87\xba\xcd\x0cau\x1c\xf4\x8a\x15\xa2\x9a\x88\x8c\xab\
\xc0\xeb(^\xa73Ur\x85\xb6\x9e\xdb\xbc\xb2\x07P\
o*\x97Lr\xef\xd2\xae\xa4\x8c\xcb\x1f\xe0\x14\xf3\x99\
,)\x0a\xfa\xff\xc4\xc4hK\x8a\xa4\x9f\xcfq\xfd\xbb\
\x92\x00\xaaQJ\xf6\x0e9\xb9\xed\xf9\xa7\xc5\xaf\xdc\xaf\
k\x7f\xd2\x85\xb0\xb3\x98\x89\x10\xb1`;\x17F\x8d\xa0\
\xe2\xd8\x1d\xb5o\xf2\x1c\xb0\x0fn'x\x1d\xd8\xbb\x98\
W.3Kz5\xcb}\xe3\xf5\xe8\x13Jc\xa5;\
1D\xa9bFw\x89\x86\xea\x17\xd0-\x02\xfc\x0d\xb6\
h!\xce\x89$\xdc\xb1/\x81u\xc8\xac@\x10\x92Q\
\x97\xcf\xeb\x89\xc6\xbdI\xdc\x9f\xee^x\xbeIRn\
\x80\xb5\x95)\xdcz\xcb\x87C\xe6\x5cB\xfe\xdb\x9e\x18\
\xf6\xff\x89&\x00B\x99L\xban\xb6X\xf4\xeb\xabS\
\xb8\xf1\xa6\x8f\xc2\xa1>$\x0cAQj4\xf0\x0b\x5c\
q:x\x84\x1cTl\xf3\xbc\xc3J\xa4\x15\xfe\x13\xe4\
b>h6\x10Mv\x83\xd1\x97\xa4\x15\xb4\xc2\x1cI\
\xc9\x95\xc4\xf1zD\x86\x9c\x83\x18o\x05H\xd6\xe1\x81\
\x1d\x97\xa0L\xb17\xb7=Og\xed\xbe7b9\x14\
\xc7\x96\x5c\x9e\xadS\x93\x00\xc8z\xf9\xa7&\x1a<\xc9\
Kj\x8b\x92\xc4x\x04\x9e\xed\xdf\xce\xc1\x12'\x9e4\
\xa0Vx\x5ce\x9f\xc3\xc1L\xc6\x8aN\xe9/\xfb\xb6\
\xd9\xbe\xac\x11\x11uC\x0d\xe5\xb5\x94\xf6_qHz\
\x0d%w\xac\x82\x181\xb9\xad\x88\x0a\xf2\x12`\xfd\xf5\
\x12\xdcpn\xa4<\xd3\xd8S6\x12=\x9a@8X\
_tEs\xcdC\x1c;V1\x06c\xdf\x98\xdbZ\
\x94.\x92\xa2\xd4\x8d\xf3\xc6Y.$t\x88\xd4\xb0b\
TZ\xa5\x86\xfc\xb5\xd4 3/\xde]\xae\x95\xd6=\
*\xee\x9a\xe1<\xf2\x9eeUl\x9a\x1f\xbe!q\x7f\
\xf8>\x1dZ\xa7?}\x1e\x19\x1a\xc6\xff\x85\x1d\x07\xb6\
M\xc4[@\xf8f\x0e\xdd\xa4\x0ck\x1d\x08\x82HC\
,\x02\xa3\x92>\x08\x9ck\xde\x8f %\xc0\xca\xd8_\
 \x08L\x829\xf4l\x99\xc6\xc4^\xdb\xb7n\x81\xdb\
>\xfe/\xe1yW\x5c\x0c\xf3\xc5\x02v\x9ey\xe6\x13\
\x86\xfc\x8f\x0b\x02 \x94\x95\x09\xaa\x03\xb6n\xdf\x0a?\
z\xe3\x07a\xffa\xa4\xacB\xc4\xc0\xc8\xc1\x9b%\xb2\
b\xc0\x0c\xd3\xf0\x90%a\x01_XG?\xe3\xb57\
\xba(q\x99.%\x17\xec\x8b\xbf\x92\xb8R\x9dg\xe6\
~\xdb\x96\xde9^bvc;\xdaS\x94%\x17\xc9\
^\xb9\xac\xc4\xe1g\xa3~\x10%2e\x15sy\x04\
\xb13\x06\x11\xfa\xc0=p\xe0\x93\x91bH_O\xac\
\xe6\xd8\xc8A\xe1\xb7\x1b\x7f\xb3\xa3n~\x93\xd7/\xd4\
\xe3@L\xd5O*R\x89\xfa\x1c\xe3\xdf\x11\xee\x07\xb1\
}\xe3\x1b\xc9x\xd9w\x0e\x17\xa5\x09\xb4e\xc6\x1a\xe5\
\xa6(\x81\x22l\xd6Z[/9\xa3\x5cb\xc9\xf5\xe3\
}\xce\xfbe\x09:o\x5cZ_\x5c;\x83\xfd\x12\xfb\
`\xa2\xb9\xc97\xf6\x8e\xd3yai\x1fK\x062\xc2\
v\xd6CE\x14\xf5\x919\xbb\xe9e\x036\x91?\xc4\
Yg\xbb>r\xec\xc5i&\xd8\xc8{7\x84\xd0\xed\
\xb3V\xdd\xe2\xbd\x90.H\xf5\x81xH\x14\x91P\xe5\
D\xf8\xcej\xe0\xb2d\xf7\xbe\x92\xc1J\xcc\x15\xc5\x07\
\xe0\x12$\x0f\x89\x08\xe8\x03\xf2G\xa9\x81\x07\xb3\x03a\
\x80\xf9AH\x05MuY\xe2\x1a\xbeMr\x8bt\x87\
t\x08m\x9e\xe7\x93\xce\xda\x0e\xb7\xdd\xfasp\xc93\
/\x84@7\x9c\xbdk\xe7\x13\x8a\xfc\x8f\x1b\x02\x80\xd5\
\x01\xe1\xe7\xdd\xf7\xde\xd7\xbf\xf9\xfa\xf7\xc1\xc3\xfb\x8e$\
N_r\xff\x5c4\xc7\xc7*\x22\x04\xb6\x9eut\x16\
\x18\x90X'\x01\x1a\xbet\xd6\xc5,?_\xae\x18D\
\x98\x18-\x03\xa4\x8a\xbb\xc3\xfa\xee\xae-\x05\xa0T\xb9\
x\xe6\x85\x01\xe4\x92\x8c\x17\x8f\xad\xb7\x17\xd6\xa6\x0a\x8e\
\xa1@9\xc2\x16q\x9d\xcb\xf4QXv\xd78\x05z\
\x80\xda\x10A\xc5\xe7x\xf9\xed~J\xa0g%\x03^\
\xbfr\x5c>bi\x13\x00\x9eX\xb4$\xfa\xeac\xb7\
\xfa\xccR\xbc\x19\xcd]\x95o9\xee\x81o\x1b\x918\
\xf6JI1\xd3\xc7n#\x87\x84\x8d)\xa3\xc3\xf6\xcc\
]$\x82}\x97:\xf11\xd9\xd1\x92\x0b\xa6\x0c#,\
8v\xeb\xdaW\x10 \xfc\x9bK\xf4\x95\xf5\xb8\x1d\xd9\
F\x8bH\xab\x123\x03\x840\x22W\x19^vDq\
\xc2y\xabq(\x9d\xce\xf8v\x93\x94\xc6\xe2d!\xb5\
i\x12n#\x08U\xf9~\x0c\xd1/\xef\xa7\xec;H\
R\x94\xd4\xaen] \x08\xacrr\x91\x17odT\
\xea\x22\xf1\xea\xab\x0e\xe5\xf9\xc1\xdf\xa7\xd0M\xd9\x8d;\
\x972\x8cY&V%\xc3\xf1\xe4\x8b\xce\x83O|\xec\
\xbd\xf0\xac\x8b\x9f\x02;w>\xf1\x88\x9f\xcbq3\x10\
Y\xfe\xf4\xff|\xa3\xbf\xeem?\x05\xff\xf7\xeb{\xc9\
0\x03\xc5@}\xc8t\x17S\x0bg a\xf7W\xba\
\xe9\x84z\xc1HPQ\x8f\x15\xd9:n\x14\x1a\x92i\
\x0aVP\xad\xfc\x994\xca\x11\xcd\x86\xfaA\xab\xcf\xa2\
G\x1b(%\x1d~\xa9\xd6\xa0\xd8\xe0\xa9]\xe1\x17.\
\xfdz1:^V} Pv\x00\xc6\x12\xd4\xbb\x7f\
\xa9\x91\xebN\x9c\x89\x93\x13 \xad\x87\xc4\xda\xd2\x00\xc7\
E\x92\x120X;\x86\xba*\x81\x16lpn\x1e`\
\xd1m\x94s\xf0\x00\x9eVK\xe8X\x0d\x92\x94\xf4\xdb\
\xd7\xb9\xd5E\x8f\x8dy\xf8\xb1&$R\xe5g\x8c|\
\x11h\xe3Z\xa3\xf6U\xb6\x11\xf6N\x9ew?\xc7C\
\xeaC\xf8p\xcb9fB\x15\xb9\xaf\x8c\x8c%\xe7\x86\
\xc0\x97\x09u\xd5\x0d\xe1*\x97\x000\x11>[\xfb\xd0\
\x22\xfe\xa5>^L\x98[\x10\xdfI\xa2A\xd7\xc5\xec\
|\x96\xf8\xca\xdc[\xd0\x0fg\xbb$\xfb\xbd\xeeS\xe7\
/\xe1\xe5\xe61\xe2\xdf%>\xca\x86\xa1\xcc\xd9\xa7\xf8\
\xfb\xdd\x1c\x8d3i\xbd\xac\x17\xba\xba\xd7\x8ea\xa0\x18\
Dz_\xf0\x13\xf2\x0c;1\xfe\xebpb$\xd7\xef\
\x0fH\xdc1\xf3&2|(\x8eo1\x0c\xd1\xb8T\
\x18\x0ag\xc2\xa8T\xbf\xfa\x03\xceR\x05\x0d/\xcc<\
\x93\xaa\xcc\x97\xe4\xbac\xcbOB&?\xf8;\xaf{\
9\xfc\xd3\x9b\xae\x87\xb5\xd5\x0e\xce=\xf7\xdc\xe3\x0a\xe7\
\x1eW\x83\x91\xe5\x81\x87\xbf\xdd\xdfp\xe3\xbf\x80\xcf\xdd\
\xfdg0\x0f\xc6\x1b]\xccc\xa6|kk\x9b+\x0f\
#\x06s\x13\x88\x06\xed=T]nK\xc6}\xf6\x0e\
\xbfK\x00ts\xbaX\x1c<\xa8\xbc\x0c\xc5\xe5\x10\x04\
\x80\xac/\x8d\xa2\xbc\xe02\xc5\x98G\x12\x00\xcb]\xda\
q\x1cw\x8d\xb3\xd6\x88D\xda\x5c\x88\xa42\x8d1\xf8\
m\x96FOCj\x1b\xaf\xbdq@\xca\x22'\xe6\x10\
J`Q\xf6\x19\xfa\x1a\xda\x0f\x1b\xfdO\xe7\x8f\xd0\x1c\
pT\xf2\xd0\x99@\x83>6\x89JH8\x02A\x19\
\xaf<\x1b\xaeJ\xeenh\xec\xd8y\xc6\xd8i\xfdd\
\x02\xa8\x00t\xa3\xea\xa1\xfc4y?P\xf35[\x13\
&\x90-!\xe2\x01\xe1,\x81\xa9#\xef\xd4\xbf\xeaO\
\x22t\x8blJ\x02\xb5\x94\xbe\xe4\xc6r\xe0\x9fZ\xe9\
\x8a\xf1\x04\x18e\x19\x14\x86[%\x01\x90\x89\x94\xbcx\
\x99\xf8\x96k\xd3\x0aC\x93\xd2X3la\xddx4\
L\x0c\x04\xdc$\xdaT5\xcb@\xfa\xef\x161\xc0\x7f\
3\xf4\x90\xab\xe3\xdeW\xa1\xca\xf4\xcat\x8a\xf7\xce?\
\xaf\x14k\x22\xde\x0f\x0ea]J\xd0j\x929\xb6)\
\xe8\x18\xbf\xd7\xf4R\xf1^\x89\xd8\xc2n[\x86XP\
}.\xe0'o|3\xbc\xe7\xa6\xbf\x0f\xf3\xd9\x11\xd8\
\xb2e\xebq\x87o\x9f\xb08\x00C\xe5\xdc\xdd;\xbb\
_\xb9\xf5#p\xdd\xdf}\x19Li\x930EC.\
,b\xb1\xff\xf8\xddP\x19\xc3%&1\xd4\x00\xc2\xc1\
\x00F\x0e\x92\x111\xeb\xa3A\x13E\xfa\xc3\xfcAN\
\xff\x1c\xfe3\xd6\xc9\x88 \x95\x90\x89\x0d\xb5\xff$\x1e\
/\xc7<\xb6\x0c\xcdiy\xf5G\xe6\x9c\xbd\xbeJ\xa0\
\xe1\x19n\x85\xbf\xc9\x9a\x96\x5c\xc8d\xf49\xbb/\xf2\
\x99\xd7g1\xc2\xea^\x06 \x99\x83\xb1\xe0?F\xa6\
ZR\xe1\xce\xbc\xb9\xf6\xba?\x09<\xe4<\xe4\xbbT\
GY8a\x12\x9eX;\xdam8\xb1\x11\xa4\x01r\
\x05H\xb7\x86Y\xec\x91\xf0bi\xe9\x88\x8b\xa6\xf8\xf8\
\xcb<\x1a\x03\xe1f\xb9G<\x17\x18\x1b$O\xa3\xc1\
\xdd\xda\x16\xd2\xb9\xb0\xfd\xb5E\xf6\x02-D\xc4\x9f-\
\xf6m\xfb\xb96\x07,CIBn3\xef-I\x06\
M\x1d=&R\xff\x99P\xc4Lh\xc99Ta\x1e\
\xcf9\xd9\x85\x047\xb6\xf6Z\xab\xb9;\xb63r.\
\xb6\x7f\xefo$<\xfc\xa2\xbf\x19V^\xcc\xe7\xb3\xaa\
\x04 #Z&\x9e\xf8w\xff\xbc\x97\xc8?\x02_\xc0\
\x14\xc8|\xbf\xd1\x95X\xd9V\xc43o=A\x04\xfc\
\xb1\x9eS\x0aNo\xc2\x0do\xfb\xdb\xf0\xaew\xfc=\
X\x99N\x8fK\xe4\x7f\x5c\xd9\x00x\xe5\x8c\x8d\xb5n\
ss\xd1?\xe7\xd9O\x87\xf7}\xf0\x93ph\x11\x03\
\x01\x9bC\xba\xdc\xba\xe2\x816\xe9U\x1d\x91\xb0\xa7?\
F1\xac8d\x11&25J\xbe\xe8\xc4!% \
\x80\xc1\x8b\xd3\x07x\x80\x05\x80\xb7\xa2S%\xee\xf4\xdc\
\x1ei\xbc\xdd\xd1 \xf4\xfa\x9a\xe4uX\x96\xfb\x97|\
\x89$~j\xb4\xa5\xe4P5\xb7\xea]X\x8b\xc4j\
\xfb\xd6\x9e\x934\x22\xe3\x00;R\x1d\xa1\xdb\xe3\x08c\
<\xa7\xe5\x0c,\xecX\xe4\x9ajn\xbf\xda\x82:{\
\xbc\x0eaL\x9c\xbaZ\xf8_\xcb\xe3\xc2\x1c&\xe5\x16\
\x1fU\x94\x0a\xc0\x8e/7\xce\x12\x00\x15\xb9\xa7\x9f`\
\x94\x80(*\xa7GB\xec_2Vd\xdb\xdf\xe5\xb3\
]Je\xecY,\x06\x5c\x8e\x9fB\x82\xa3\x0b\x1ew\
\xc5s\x92\x88\x22\xadpj+\xad#K\xef\x0c\x12\xf7\
\xf6S\xdey\xdd\xa6>\xbfZ\xf2\xe0VM\x0b\x85\xc8\
\x87;\x17DP2\xce\xc5}/G3\xd7t\x04\xd5\
\x92\xc8xb\xe0G:R\xa2\x0e\xc3\x14L\x07\x9c\xad\
\xd8eF\xd1\xa1\xc2*\xa34\xb6\xa8\x1a\x92\xa1vK\
\x09\x8b\xdf\x0e]\xfb\x04\xe7\x8c4V.\x1e\xd5\x19\x96\
\x22\xd2\xfa4\xc2\x9aw\xec\x09\x11\xffb\xd8\xa4\xcfi\
\xb1y$\xc9\x90\x04\xd4\x05\xe7\xee\x82\x1f\xbb\xfe\x8dp\
\xedk\x7f\x00\xd6\xd7W\xc3\xb3\xe3\x12\xf9\x1f\xf7\x04@\
(\xab\xab\x93n>_\xf4\xcfz\xe6\xd3\xe1\x86w~\
\x08\xfej\xcf~\x5c\xf0\xa4+\xcf\x878\xe8\xea\x5c\x9d\
\xa3\x81J21\x84\xe5\xc6\xd2'\xf6\x90\x04jZ\x89\
d%\xf7\x11.*\xc7\x9a\x0e\xd58\xcb\x1d\x02\x8at\
m\xd5\xb9\xcd*\x80<L\x1dF\x15s\xc9\xe7\xfa\x14\
\xb3&_\xaa\xa0\x1f\x8c\x10\x7f9\xce_\xce\x8f\x09\x22\
\x9aP\x01\x1c\xa5A^FbR$(\x11}\x19D\
D\xbf\x93@\x99\xdb\xcd\xf9\xb13q6UkR\xe3\
\xda\xc7I0\xca(nz\xefy<Y\x7f\x8f@\x82\
\x09\x94\xe1\x92\xcfJ\x0d\xed\xca\xe7\x22\xd7D\x04t\xb2\
\x8f\x92@\xd0\xdeS\x14\x13!\xa9S0xI\xaa\x9b\
D\xe1\x92#\x1aX#\xc5Akc\xc3\xe2\xdb\xc2\x82\
l\x01\x13\x8e\xad\xd1\x111`l\x08\xc2\xb3\x09\xef}\
\xcc\x99\xb5\x18q\x16\xc9\xc6\x81\x815\xed\xd3$\xbe\xe2\
\xbc 6&\x7f/\x08\x019\xfe\x92\x98\xd1+&\xbe\
\x9e\x0419\xc6\xaeX\x14\x04\xbf\xac\x9b-\xfcCP\
W\x0cF\x96\xc5\xfb1dye\xd9\x0b\x15@\xd2\xbb\
\xdb\x0f\xaco=\xbaE+5a\x8a\x9b\xc2m\x111\
\xb30\x01\xc0\x22\x91\xc7\x08J\xdb\x8b\xf0\x18R=\x07\
\xf6\xe1\x96\xd0ZR\x9c\x11Ou\x83;'\x03W\x95\
0V\xacv\xb5\xe4\xfb\xce\xa1\xb0\xa1\xfc>\xde\x81\x8a\
\xd7\x84\xeb\x0d2|\x15z\x0a\x0c\x84\x84\x0c\x8f\x12C\
\xf6\xba\x22\x7fc\xb4\x1a\xca\x8f\xbe\xed\xf5p\xc3[\xdf\
\x00\x1b[b\x16\x1bX;\x86\x89}NJ\x02\x80\xa3\
\x06\x86\x9f_\x7f`O\xff\xae\x9f\xfc9\xf8\xf4g\xef\
KA+\x02\x00\xd5Wt\xdcz{\xa2\xae\xccY\xf9\
%\x03#\x02\xde\xaeE\xbd9\xfce\xc7I/\xb6L\
a\x11\xac\x04i6@\xca\xd1\x14F\xf2y8\xbe\x14\
\x00\xdfk\xa4\xa2\xa5\x00\x5c\xcf^J\xc9\x15\x95\xe2L\
\xe4\xc6\xcb\xa4,\xfe8\x97\xbbKL\xa0\xe8\xb5\xf6\xed\
\x00\x12A\x96\x88\x90<\xf6\xa12\x96C\xe2\xfemV\
H4<\xf59-\x9b\x83\x22\x8f\xd1\x9b\x9bE\xe8#\
F\xe3\xa8\x1fJ\xae\xbcQ\xd8f\x80\xc0\x7f\x22\x84S\
\xa6\xc5\xfco(\xcee\xeeW\xce#%\xfb`\xbd\xc6\
\xd0\x8c\xccO\xfb\xce\x93\xd0\x88\xfe\xa5pMU\x97\xe7\
^\x8f\xd7\x12\xf6\xcdB\xf3J\xfb\xe9\xc0\xab\xa16\xe4\
Y\x08d\x97\x0a\xec\x13\xa5\x90z^V\xea\x99\xda\xf7\
<eF\x9e\x1fo\x8cr&\xf6\x9e\xb7\xee\xae>k\
\xe2;\xa7-\x22\xe9\x93\x14\x06\xb9v=\x96\x96Jw\
h>\x9dd\x04G\xec+\xdb\xd9,f\x9bp\xdb'\
\x7f\x06^\xfd\xca\x17\xc1\xc1\x83\xfba\xc7\x8e\xe3\xc7\xd2\
\xff\x84\xb4\x01\xf0\xca\x05\xe7\xee\xea\xfe\xfd\xc7\x7f\x1a\xde\
\xf5\xf6k`\xa5\x9fQ\x02\x12\x81h\xe3\xe6\xa1\x887\
\xf2\xe4Q\x16\x9f\xf5kcJ\x16\x15\x83/B&\x88\
\xec\xba`%\xe0@\x08T\xe9\xf5r{K\x01\xd8\xd8\
\x5cN\x0e\x82b\xbb\x98\x89`\x9c\x8f\x95(\xb5\xfej\
\xc3\xb0\x89\x92\xec\xba\x94\xed\xd5D\xb6\xd9\x0f\xd7R\xe6\
\x12\x00\xd5\x80D\xeb]\xadduB\xd6\xf1Y\x11\xad\
\xed#\x7f\xc7\xff\xca\x88\x8a\xb5o\x1e\x8b\x94\x8f\xc7(\
=\x08\xca\xf1!\xf7\xact\xfc\x83\xb9(\xea\xfb!\xf7\
%\xab[\xfcs_\x1f\xb7\x94>9\xf7\x81\xed\xa7\xa4\
\x11\xc0@\xc9\x84\xa6\x9c\x05\x8e\xc17\xc6\xf3\xdb\xcdg\
f\xf9\xb33n\x8c\x9e\xfdJN\x06\x14\xac\xffQ\x1d\
\xa3\x13\xfbH\x11\xf9(\xb1\xb5h;\xfe\xc3\xc6\x93]\
\x91\xad#\x7f\xca\xe7\xd5\xbe\x027\x1f\x0c=\x89\xb3\xb7\
\xdf\xc6\x91S\xfd\x22\x5c\xd3H\xfd\xbf\x1cC\xea\xd6\x19\
7>\xaf3b\xe1Y\x90\x82pdW\xd9VZ\x9f\
\x0al\xaa\xdd\x8d~D\x1e\x94\xa1\xb2:\x05x\xefO\
\xdd\x00\xd7\xbc\xea\xc5\xb0\xba\xbar\xc2 \xff\x13F\x02\
 \xcb\x96\x8d\xd5ns>\xef\xaf\xba\xf2{\xe1\x9d\xef\
\xfe\x08|\xf3\xe1\xfd\xe8\xcbI\x9c\xb5\x14\x89\xa1\x08/\
\xfd\x81F\xb2\x8f\xb1\x7f}\x91\xea\xc8\x13E\x98\xe4r\
\x90b\x81\xe4\x0b\xf8\x98\x90\x06sDG!\xfa\xc7a\
\x1c\xfdwRR\x92ub\xe3W\xd5\xe5\x1c\x0a7\xbe\
\xa3\x1a^\xa5}\xbd\xe6\xb2^}\xfd\xeb^\x07\xf6w\
\xaf\xedv\x1fv\xbd\xa4\x91\xa1U\xa9\x98/\xad\xd8\xc9\
\xe9\xcfy\xda\x1c\xa3l\x1b\xe9\x8f\xd2\x83\xa5:\x16\xef\
\xb9\x11\x8b\xb1\xcd\xc2\x92\xa6:\xdc\x00\x11\xf3\xcb[b\
\x84\xc2\xa2\xf5:\xe1\xeb\xb8\xc7\x1a\xa2Z\x8b\xec1\xc3\
\x9f\x85\x01\xcb\x15\xd4\x93[U\xc8\xd0\x9dd\xc9H\xc4\
\xff\xa2\xff)G\x9dcp\xd0\xd5\x89[\xbf\xcd@\x00\
\xd8g\x86P\xa8\xd8\x1c\x15\x16@KH.\xaa{\xa2\
G\x98\xea\xc6\xe7,}\xe51q\x9bR\xb2(\xa4\xb4\
\xfc\xbe\x84/\x8e\xa4\x0d\x8cD7\x9d>]\xac\xf4\xf6\
\xbb\x9fq!|\xe8\xfd?\x0e\xcf~\xd6S\x98\xe8<\
a\x90\x7f('\xd4`my\xe8\xa1G\xfa\xf7\x7f\xf0\
\x97\xe1\x8eO}\x06`\xba\x16\xb9r\xcc\x87!\x8c\xd2\
h\x1bsJU\x8e\xcd\x9e\x8b\x07\xd4s\x88\x07\x81\xe9\
\x9d\xb0\x9a\xd6\xd7\xd9\xbe\x93\xedg1\xd3\x92\x06{\xc9\
H\x08J7\xa1`\xb4CP\xaa\x86\x9c\xec\xb8\xea\xa5\
\x14\x91\xa2\xe8P\xeb\x06=Qq\x8a\xf1\xaf\x8c\xcaJ\
Ndp\x04d\x0f\xf0\xd8\x8bv\xa1\xe2q\xcb\xdc\x04\
\x5cO\xce\x89\x0b\xd6\x0d~\xf7\xecj\x97\xe36\xb8\x09\
v\x1c\x22\xc1;k\xb5R\x97& \x80N\x089\xfe\
\x1f\xb4\xea\xc6\xd3D\xb5\x95UQ\xd9\xae\xc1\x03\xbaJ\
\xa1\xe4\xceC~\xdb$t\x92\x1dEy\xfec\x1b\xa9\
\x9b\xba\x88\xb9D>\xe5y\x8cw\x99\xf0\x11#\xc3\xe8\
\x19\xc3\xaer\xdd\x98\xf3&\x0d\xf4D\x10*\x8a\xf5\xef\
I\x1a\xa4\x8f\x7f\x16\xfdc\x8c:\xdb\x97\xf4\xf9\x0f.\
xr<S\x07\xc1\xe2\xfa\xe5`Hz\xba\x993\x0f\
u\xe6\x91\xeb\x17c6\xf9\x19\xea\x85\x22\xea\xc5@R\
\x1c`'$`cx\xa4%d\xf8E`\xacBB\
\x1c\x8e\x8dB,\x94c\xd87\x96\xa9(\xa5\x10\xbc\xc7\
v\xaf\x8d\x11,\x8b\xff\xd3\xf7\xc1\xf2\x02\xbf+TF\
\xc2(\xcf\xaad\xbd\xb1@>\x09\xf4\xbb\x8c\x8eh\xe0\
\x02=_[]\x85\x7f\xf4\x13o\x85\xb7\xfc\xc8k\xe0\
\xc8\x91\xc3p\xc1\x05\xe7\x9f\x90\xb8\xf4\x84\x1c\xb4,\xf3\
y\xdf\xff\xd7;?\x077\xbd\xe7\xe7\xe1\xc1G\x8e0\
\xb8D\xfd\x18\x19I\xb1\xee\x99\x0f\x02n\xbcO\x04 \
\xd0\xd6\x07\x8f\x0b\x1e\x10~O\xf8N u\x0b$\x99\
8\x90\x87>\x1aJ-K\x00D#+I\xe5\xfa\x04\
\x80\x9d\x0f\xf7)\xff\x1e\xe5\xfb\xed\x8e\x8dU\x17\xd2(\
O\x22y\x8b\xe8<\xeb\xdf\xd8z\x83\x97\xb3\xd2\x85\xdc\
\xf7\x98\xa3\xaa\x11\x96\xce\xa2\xd7\xe2\x04j\x12\x99\xe8\x16\
\x98F@\xf36\x06^m\xae\xa6\xe5\xb9\xed\xcc^\xaa\
C@\x1a\x94\xea\xbe\xe2\xfeG\x7f\xef9F\xfe#\xe0\
\xed\x13f\xfe\x1aY\xe39o}\xed\x9a\xd8\xb9\x96s\
/\xf7\xb6\xde\xba\xbffV\x15\xc3\x7f\xf3z$G\x84\
\x88h\xb1O\xa9\xf2\x1eK\x00\xe4\xd1i\x22(\xea\x80\
\x1b\x04\x00\xb7[\x8b\x0d\x10\x91>\x11a6NG\x0b\
\xf1K\x22^\x15\xca\x1f\x8f\xa3\x0b1\xe8\x03B&\x02\
@0\x18\xb5\xa2L<#L\xd4\x04\x85\xe8H\x187\
\xb6\x83\x0cY\xd5\x83\x1dC[\xbaV\xabc\x09\x81\xf0\
3\x8cG\x0b\xa9\x11)\x93\x11-\x1f\x08R\xb7\xa6o\
\xe9\x90\xa4\x93\xc3\x87\xc7\x9c\xcf^\x10\xd5\x85\xa1\xb6\x0a\
h\xa1\x09\xf2\x97\xbd\xe8\xb9\xf0\xb3\x1f\xbe\x09\x9e\xf6\xd4\
\x0b\xe1\xf0\xe1\xc3\xb0e\xcb\x96\x13\x16\x8f\x9e\xb0\x03\x97\
\xa5\xef\xfb\xfe\xc1\x87\xbf\x05?\xfd\xb3\xb7\xc2o\xfe\xf6\
\x9d\xb0\xe8\xd6\x22!0!\x8b\x7f?\x1c\xad\x9fQK\
\x8b\xf5\x89`\xe0/\xaa\xa2$\xf2M5\xc0C\x13\x05\
\x84\xc4E\xfe\xf5\xf4=\xc7\xaa\xae\xc6\x02\xd7\xbe\xe8\xc9\
Z7\x02\x83\x90\xc5\xaa\x1d\xe3\xde\x15y\x09\x03\xa6x\
\x01\x14\x91\xe4\xae\xb1\xe0\x98\x98\xb3\xd4\xfe\xb5\xf8\xfb\x90\
\xab[\x8d\x1a\xc7w5\xe2\x03\xff\xb5#\x02\xea9\xd7\
\xa5\x22\xba^\xfd\x0a\xb0\x986\xceW\x84\x8b\xc5\xa6I\
\xf4(\x01\xe3\x00\x01\x90\x90\xfb\x08q|\x0e!M\xb3\
\x0f\xf5\xa3x\x0b\xa3\xba!aK\xd8\x86\x00\xa06N\
\xc3\xe7\xe5\xfc[(\xb9\x8d\xf4\xfd9\x9a\xb9\x1b\xbd\x98\
Gt\xd9vkmJ&1\x05\xe6\x16\x1c+F\xdf\
\xa4X\x11\xe2}k\x9cz\xee\xec\xed\xc1\xf3\x96\x99)\
%\xd2\xcf\x9e\x07\xd1\xc2\x9f\xf0\x82GTV\x93\xfeP\
V\xd3\xf2\x85\xb6\xc4/\x88pA\x00\xf0\xef\x91\xe4\x89\
\xfd#\xc2\x9e\xd37\x8c\x16\xad0[\xddm\x91-T\
\xc1\x1bN\xbb\x9d\x08\x83\xec\xee\xc9\x0cS\xf2\x9ej\xc5\
\x1fQ\x22\xd1:\xe1\xee3\x1b\xbd\xf9\x8c\xd5\x13\xe4e\
E\xf0!\xd9\x090y\x13\xa3\xc4\x86n\xb3\xe7\x15\xb6\
-$\x16\xecBU!\x00b1cJ\xfeNqM\
z\x80\xf9&\xbc\xe9G^\x0d?\xf6\x0f\xae\x83'_\
\xf4]\xb0\xb1\xb1\xf5\x84\x13\xf9\x9f\xf06\x00^\xe1M\
\xd8\x9c\xcd\xfb\xd7]\xf32\xf8\xc7\xff\xecf\xb8\xff\xeb\
\x8f\xd0\xcb\x5cO\x03\x05<,%W\x93/L\x12\x89\
\xd1\x17\xe1\xa2\xd9P\x9c\xa9\x13\x91\xc7\xd7\x05j\xf2R\
\xc8\xfc\x06)0\xc5\xf09\xaa#\xf7\xb6\xafn\x13\xf1\
\xb1g\x01\xcd7\x8b\xcc\xe4:\x11-\xedX\x9d\xa7\xa8\
Z\x22e\xb0j\xbf\xe8_\x02\x07\x1a\x00\xfd\xac\xdf\xa5\
\x160\xcfaz\xf1{VW\xf8@\xaa\x5c'\x1dg\
>\xe9\xcc\x8bo\x0d\x01\x92\x5c\xd4\xca\x88e\xb5\xbd\xf0\
\x90\xa8T\x1f\xc5\xef\x22w\x96\x12\x22 \x08\xe4\x1c\x0c\
\xd1\xe8\x8f\xd7;\xeb?\x19\xc8\x87@Y!xT\x1b\
$u\x83c\x94D@]5!\xd7L\xef5\x22\x1a\
\xcd\xd1\xdav\xa4\x14\xa1\xde\x87\xde\x8b\xf4&\x9d5\xf5\
\xd4m\xdfS!\xc8\x12]\xf8\xa8^\x08\x9c\x13\xa4\x0a\
-\x98\x8e\xa8\x98\xd4\x81\x11og\x11<\x12\x8a5b\
\xa6b\xf7#\x90\xb1\x1eo)\xc1AIA9\xdf$\
\x90\x8c\xd9o\x99#\x16\xc8\xb1\x90\x0e\xf9s\x8b'\x9c\
\xedL\x92\xc8\x05]O\xe3zS|\x13\xcc\xb9\xa2\x09\
l-Yj\x13\x00\xb5\xb3\x94$\xeev\x89\x92\x1a+\
D\x84\xb5\xc9\x95reT\xd71a.\x86\x80\x1fW\
\xe1HW\x81\x91\x13\x96\xf6\xcc\xe7p\xc9\xc5\x17\xc1\x07\
\xde\xff\xe3p\xf9\xa5\x17\xc7V\xb6n=\xe3\x84F\xfc\
\x5cN\x8aI\xd8\xf2\xed}\x07\xfbO\xfe\xbb\xff\x08\xff\
\xea\x97o\x87\x83Gf\xe4~\x14\xccw\x82\xc9\x8c\xe4\
\xda\xd8\xea\x95cO\x83@\xfa\x04\x00\xed\xb9\x88\x94\xb2\
]8\xdf\x7f\x9b\x8b\xbc$*$Aj\x8b(\xda\x1a\
\xb7%-\xa8I\xe4\x8b\x22<\x81\x90\xc97W\xf6Y\
\x14I\xfd\xb7.\xa2\xb9\xc6\xfa\x82X\xb1\xb6\xf5+\x1e\
\x0e\x99\xbb|\x91j\x07\xd9\xbf\xcfa\xe7\xdf})\x80\
\xfe=\xeb7\xc3\xcf 5R*\x163\x0e\x0e>\xea\
I%\xca\xf9\xfa\x04U\xcd\xce\xc1\xdb\x0f<\xaf\x18\x06\
\x98\xe3\x9fc\x88RB\x1a\x14\xe6\x15\x0f\xaf$\xd6H\
ze\x08\x8c\xe0\x9a\x97\xb57\xad\xbc\x18>\xd2\xf2\xf6\
tH\xe4[#\x02<\xc9@\x09\xd8\xf5\xdf9\xfe\x7f\
\xd9\x0fG\xda\xcb\xfd9n\x92f\xcc\x99c\xc7\xfd\x8f\
\xb1D:o\xccD,\xa4z$\xa9\x11\xb9<\xf8\xb9\
+\x05\xe0<\x1fF\xdco\xd7V\x8a\xe5\xe5\xddN\xb1\
\xfc-\x81-\xe3\x02\x90D\xb0\x97\xdc\xb3\xe2\xf2\xc9\xe2\
_\x852\xcfms\x1bv/\xe5~y\xb6\x0ar\x8d\
}\xce^-\x84 \xec\xc2\xb9\x95\xdeMaH\x04}\
\xd2\xb6#\xf7\x8dOW`\x12\xb3\xef\x91D4F\x0b\
\xa5&Q\xdc\x9a\xf7\x82\xc7\xb0@\xa2:\xa9M$S\
\xd7k\x22\xd5\x96I7\x81\x8b\x9fv!\xbc\xf5\xba\x1f\
\x86W\xff\xad\x10\xd4g\x05\xcey\xd29'\x15\xce<\
\xa9&#\xcb|1\xef\xef\xff\xc6\x1e\xf8\x85\x8f\xfd*\
\xdc~\xc7\x7f\x87\xc5d\x05:\x98a\xc0\x92\xa42\x0a\
\x88\x9f\xa8\x7f2db\x90_\xf2\x81\xb6\x04}\xb0\xbc\
\xc0\x1c\xa5\x8d\x10`\x92f\x19N\x949\xbaX)\x07\
=\xd1:[\xc1G$ ]\x12\x00\xfc\x1dv(.\
R\x0d\xf9\x1a\x02`\x94U\xb4 \x00\xeaz\xeecU\
\xda\xfa\xf4\x92\xcb\xaf\x13#y\xbd\x09\xa0\x91\xfe3\x07\
z\x12\x11\xefR\x07:\xf9\x93\xe4pr\xfbmi\x0e\
\x1b\x06.+9$\x01h\x02\xee\xa8rb\x02\xa0\xe6\
\x8e\x22\x9fu\x8dg\xb9D\x02!\xbd\xd6^\xea\x8a\x90\
\xadrq\x0eRk\xd4\xf3$'L\xbch\x9e\xad\x1b\
L\xbc#C\xedfn\xda#X\xd2oE\xbb\xac\x06\
\x88\xc6f*t/\x12\x0b\x1cm0%\xe92\xc4\xba\
O\x00\xa0\xfa\xcf\x8b\xf1o\xc7%\xd58\xfa\xce\x9a \
a\xfc}\x85\x00HhP\xc0\x16K\x00d\x9b\x02M\
$\xd4\x0a\xc2\x1c\xffn\x0c\x11\xfb\xfe9\xf0\xf6\x87l\
\xac\x84\xc8>\x13dA\xadKR\x00&n\x93=\x84\
I\xf8\xc4`1%\xfd\xd1\x04\x00\xa7Q\x9f\x90\xd4\x00\
\xcft\x1eE\x08=\xf3\x86\xd7\xfe \xdc\xf8\x0f\xaf\x83\
\xf3\xce\xdd\x19\xe7\xbdk\xf7\xae\x93\x0e_\x9et\x13\xb2\
e>\x9f\xf7_\xbe\xef/\xe0\xc3\x1f\xfd\x04\xdc\xf9\xe9\
/\xc0t\xbaN\xbc\x1bsKZ\xd4\xc9\xfa\xb4:(\
\xcf\x00\x03\xcf\x93@\xdan2\x18>X\x04`\x94\x91\
\x80\x88z\xa6z\xa5\xd7)(\x8a!\x00\x98H\x89\xef\
\x8c>\xaf\x15\xc8\xc3!\x00j\xa2qEI\xdbf\x04\
\xb2\xb3\x00\xebh9\xff\xe1\xefp-\xc6p\x9a\xb9=\
6V\xcabL[\xb7lOx\x7f\x14\x1dX\x02\xc0\
\xeb\xbbM\x00\x0c\x19\x06\x96\xeb@2\x22:\x07x\xea\
2w\x87nk\xca\x12A\x9di\x15b6\xbdO\xbd\
\x95s\x10H\xdf\xced\xcc\x1e\x0fI\x03F\x17\xd2\xbb\
\x86\xc8l\xe61\x1a\xd8\x05\xce;^\x85\xfc\x9e\x91/\
s\xe2\x1e\x82)\xd5\x02v\x1e\xf8Mh'\xea\xd7\xc5\
:2\x81\xc1\x9c\xbfW\x5c\x02\xc0\x10\xe72\xe2^2\
\xe0\xad\xd9\x02\x08\xc3?\x17\x1aE\xb5\x03)&\x88Z\
I\xe1\x8c\xcd8b_5\x1b\x003V\xaf\xd8=\xb7\
\xd2\xb4\xda;\xa7%Cx\xc9z4\x17\x9a/\xab\x16\
3I\x882\xb8\xac\x0a\x08\x04\x8d=\x97t\xfe\xc9\xa6\
!fO!\xe9\xa1f\xc8\xfa(\x81\x08\xaa\x1f\xce=\
\xd1\xcf\x17p\xf5\x0f<\x1f\xde\xfd\xce\xb7\xc0\xe5\x97=\
\x0d&\x93\x09\xec\xdcq\xd6I\x8b'O\x0a\x1b\x80V\
\x99N\xa7q\xf36g\x8b\xfe\xf3\xf7\xfe\x09|\xe4\xa3\
\x9f\x84\xcf\xdf\xf3\xbf\x01&\x1b\xe8\xd5\x1b\xdcI(F\
\x00\x90\x0e\x8c\xa9C\x7f\xd7\x0dO\xc2\x07K\xd8\x0c\xe8\
\xc2\x22\xc5,\xe6\xb2\xcd\xe9K$\xb9\xa7\xda\xacH$\
\x16c\x85\x1f}a\x80\x9ff%9\xb7\x84\x1cCJ\
Rm\xec\xa7\xc6AR\x14y\xd9k\x08\xa2\x05\x14\xea\
\xc8_\x02\xbe\xd0\xdf\xbc\xc8\xd0'\xb9\xc6l\x03\xd0\xd2\
M.\xeb\x85!\x87\x83\x1c\x17F~\xac\x85\x83\xc2\xb1\
\x16v\x03\xa6\xb0\xeaA\x8e\xd3_\x06:CR\xe2 \
\xc0\x5c\x16\xe3\x96\xed\x97\xa7X\xeeq ,\xc4\xbe\xc5\
\xffE0\x225\xce2\xc7y\xeeC\xb4\xfe8\xd9D\
1\xa8G\x95E\xbe\x1f\x08\xa8\xd95R\xa7\xdbf\xdd\
t>\x0b\xba\xa8\xb1\x12\x87\x99\xa5n\xba\xb0\xd1\x9fo\
\xf72\xd6\xf5\xce\xe9\xd7<\xe3=JR6>/\xfc\
>\x89\x0b\x1bm;\xef\xd3\xd90D\xef\xe3\x89\xc9Z\
\x84\xa0\xb6\xc3\xf0\xde\xf3\x14\xf1\x9eH\xb5\x18?\x8fm\
$\x1b\xa9d\xeeB\xfbL\x84t\x08{\xcc*\x15>\
\x13\xfcW<\x1f\xf4\x979\x12)\xdeC\x17\xe0\xff\x04\
\x16\xf3\xc3\xf0}\xcf\x7f.\xbc\xeb\x1do\x86+\x9f\x7f\
)\xacL''T@\x9f\xa3-'\xfd\x04m9\xbc\
9\xef\xff\xe8\xae/\xc3Go\xfe\xb7p\xd7\xbd_\x81\
\xe9dK\xb4\x0d@\xca7D\xc4\xa2X\xfbt\xf8\x84\
\xad\xa9*\x19\xec\x94:\xf5\xd6\x85\xcf\x85\x1d\x16\xb9\x84\
\xfe\x90\xbb\x0f\x875\xfayS\x12Q\xe6\xf6R\xa4.\
\xa6~Slp\xd4\x0d\xb3\x8b!6\x87\xe8\xa9[B\
\x0d\xe0r\xfbU.0\x03\xb0A\xdb\x03\xb3>C\xa5\
\xc6U`\xb1\xf1\xca\xad\x01\xa4I\x87\xdb\xe8\xb7\xf6<\
\x05iak{\xd6I\xd2\xba!R\xaa\xa5+\x95\xb1\
\xfe\xdb\xfe\xf3~\xd1\xba\xdb\x00\xa8\xe4\xf7\xedp\xbaC\
\xd2\x07\x9f\xdf\xcd\xeft\x80\x1a\xcb\xf1[i\x8f\xe6\x00\
\x1d\xe4O\xc3\xb1\xeb\xac\xd6#\xe9\x96Kd\x1c\xfe\xe6\
8\xfb\xb2_\xedg\xaf\x11\xc4\xd0*k\x82\x90%v\
\xb9\x0f\x9b\x01P\xaa\x180\x1d9\xed\xae\xb3\x9f\xd6E\
T/\x05\x87\x97\x0e\x7f\xb0\x95}\x8e\xbc\xa7\xf6X\xae\
O%\xb4v\xa6\xce\x18B\xd19\x89\xc9|\xe4\xfaj\
UJ\x1e\x83\xb1\x9d\xa9\xb9/\xc8\x9e\x9d\xf1-\x7f\xbe\
s\xd1\xed\x04\xc2\x9e\xe1\x93$\xf8\xf9.\x9bo\xd3\x98\
X\xe2O\x96\x02\xe9\x9e\xd09\x8e\xb02\x1d\x5c2/\
@W\xc2.\xc2\xd09\xbc\xec%W\xc1\x0d\xd7\xbf\x11\
\x9e\xfb\xbd\x97\xc0\xda\xea\x14\xb6m\xdbv\xca\xe0\xc5S\
f\xa2\x1e!p\xcf\xff\xfc\x13\xb8\xf9\x96_\x83O\xff\
\xc1\x17\xa3\x8d\x00\x1a\xa0\x04\xb1\xaa\xa0\x9f\x93\x0e\x8dt\
\xadll\xe2\x9c\xf7\xa1\xcbPpKLl\x88D:\
\xec\x87\xcc>\xc4H\x0c\x93X\x96\xed\x15\xd2\xd9n\x07\
%\xb2\x10Q\xe9\x0dG\x94d4\xe6\xce\xd3\xd7\x03\x0f\
q\xfeR\xcf9b\x04\xee\x11\xad\x8b\xef\xb9\xe8\x90\xa6\
\xba\x9e\x11\x13:\xb9\xc0\x19\xc9\xe2\xff\x04(\x84\x1a\x06\
\xa5\xbfR\xcc\xde\xdew\x0d\xdcm\xe8\xd1\x12\xc0\x0f\xc5\
\xcc\xaf\x17\x89\xdc\xc6\xb9\xf5\xb5\xa4$\xaae\x92p\xb5\
\x0c\xebl})\xee.\x0a\x8b\xba\xd5\x88K\xa3I\x99\
\xd8\xa6F\x00D[\x1c\xf0\xe3\x00\xd4\x89I\x0e#\xa3\
K\x8d\x00H\xf8QX\xa1'\x89\x88oKiWD\
Km\x88(\xa8R\x0cCE\x19\xf2Q&R'\xae\
EU\xc5\xa7b\x00\x90\xfd\xc0\x08\x09\x8e\x95\xfex\xeb\
\xdb&\xe0s\x1d\xfd\xbeT\x9d&\xdb\xacd\x13\x22\xa4\
6\xbc{\x9c\xb8\x8b\xbf \x22\x92\x9f\xa1\x1a\x89C\x04\
Ocr\xb1h\xdf1;\x0c?\xf4\xca\x17\xc3;\xde\
\xfe&\xb8\xec\xd2g\xc0d\xd2\xc3\xb6m;N9|\
x\xcaM\xd8\x96\xcd\xd9\xac\xbf\xefO\xff\x02n\xfb\xb5\
O\xc1\xed\xbf\xf5\xdf\xe0\xc8f8H+x\x1c'\x94\
\x81\x8b\x0eZ<P}\xdb\xb7\xde+U\xc4 \x08\x00\
\x14\xad\xb3Q\x22\xbd'\x93D\x19\xec\x05+g\x9ft\
\xd5\x8f\x8dJ\xe8\x00\xa6l\xbc\x86\xc4\x8e\x97\x9dM\x0f\
\xb2f`\xb68J\x02\x00\xb9.\xfc;s\xeb\xb9\xc8\
g\xcb\x05n\xce\xfd\xc8\xa8`\x1a\x18\x95\xf0\xad$\x00\
\xf4\xefh\xa9\x8c\xdf!\xf0O\xad\x0f \x7f\xb9t\xd6\
0Q\xcf\xd7|'\xa4\x0d\xe3\xe7\x8c\xe3\x1d\xb2\x93(\
\xbf\x1f&\xc8\xf2\x1c\xd1\xe3\xa0-\xe9\xc2q\xe0\x18\xac\
}\x0b\x95\xd1y\x01\x98\xe8\xc8}IC?D\xca\xd9\
\xf5\xaen\x97\x81\xf5\xb0\xeblW \x7f\xe7\xba\x1a-\
\x92\xce\xbfv\xefY\xb5'\x82\x13\xd5\xe6\xa1\xceJ\xe4\
T\xe11\x95,\x8d)\xd7sH*\x17E\xebl\xcd\
\xbf\x84\xee\x7f\x08\xb1\x8f\x95\x02h\xc2\x84\xcf\xcc@\xc0\
$&\x02\xe4y\xe5T\xbc\x89\xbc*\xdb\xe7\xe4TA\
\x9a;\x9b\xcd`\xc7\xb65\xb8\xf6\xdaW\xc1\x9b\xae{\
\x1d<\xfb\x99O\x89\xa2\xfe\x8d\x8d\xad\xa7,\x1e<e\
'n\xcbl>\xeb\x1f\xd8\xf3\x08\xdc\xf1\x1f~\x0fn\
\xbd\xed\xb7\xe1\x9b\x0f\xee\x87n\xba\x16\x8d\x02\xd9\x80,\
\xf8\xa3\x96\xb1\xda\xa5\x08\x91\x0d\x01\xc7P\xcdd\xc9-\
8M\x8f\x00\x08\xdcf\x0c\xfc\x1a\x83\xfd\xe0\xdf\xf8\x8e\
\x01l\x8e\x94\x9e\xf4\x5c\xac+\x8dn0:jW\x02\
\x0c$\xaf\xb4D\x82\x0c*\xc4c\xf3\x0f\xc98c!\
\x99\xce\x93G>\x84\xe0\xb3za\xf8x\xd6\xd5\x0a\xa5\
\xb1\x1d#\xe0au\x00\x83\x14\xd2\xf7G\xebi\x1a\x8f\
\x12\xf3f\x02#\x03x)\x19)\xc7PD\x8cd\x11\
v_#\xda\x0cPm\xb0\x9al\xf0g9?=\x7f\
C\xb8\x0c\x10\x81\x96\xc0\xc8\x12\x94\xda\x07&l4\xb1\
\xceU\xae\x14\xe3\xbbV\xfa\x93:])\x86\xa7\xef\xa3\
\xdf\xbe\xe5\xe3\xf3~\xe8\xef\xf1o\x0c\xf5\x8bc\xe0\xdf\
\xd3\x97\xd1\x80\xcf\x10\xb4\x81\xf0\x97\xf7#\xd9\xcc\x94\xaa\
A+E\x8f\xd2\x01\xe9\xb7O\xc9l\xa2'A\xb8\xd7\
\x0d\x95\x81-\xf9\xbc\xf8A|\xb4\x91\xb0\x1a\x85i\xa8\
\x7f\x5cU\x00\xb5:\xc5\xb8\x1d\x84\xeeK\x00Dd2\
\x07\xfa\xa0\xd5\x13\xd6\x91\xd0\xd3N\xb9\x9f\xa0\xd7DT\
\x84\xce\x8e\xc0e\xcfy:\xbc\xe5M\xaf\x87W\xfe\xcd\
\x97\xc0\xae\xdd;c\xab\x1b\x1b\x1b\xa7<\xfe;\xe5\x17\
\xc0\x96\xd9b\xd6\x1f8\xb0\x09\x9f\xbd\xebK\xf0\xebw\
\xfcg\xb8\xf3\x7f|\x01\x0e\x1c^Dk\xd0\xc5\x82u\
m\xf18'd\x16]\xb1\xd2\x89\x9c6\x0c\x8fb*\
\x11\xa6K\xe5y\xa5\xb6\xb2\x85\xbf\xe4d\xbbJ\xaen\
\x94\x1e\x90\x88\xda\xde\x01\x81\xe7\x9d\xfb\x91\xdb\xe5R\xc4\
\x93oE\x14\x14\xc2LG\xa4\xad\xff\xe6\xbaB\xea`\
8\x09OTYr\x1b\xec\x1a\xb4\xac\xdb\xa1E.\x8d\
*\x84|\xb5\xf7\x7f)\xa5\xc8\x5c\x0b\xe9r+\xdcQ\
\xdaCaD\x99\xc7\x81\xf2\x1d\x15\xd3?\xee[\xa8\x17\
\xa2\xbdy\xc0\x1c\xf7\xbc;J\xeeK\xaat\x92x^\
\xac'Z\x9c\x87\x92\xe3\x0c\xe0\x0b\x94\xf6D\xc1\xab\x0a\
\x1c\xe5\x8c#\x1af\x8d\xb1\xf5p\xdc,\xe3\xe3p\x9f\
\xb2+\x1e\xdf\x94\x80\xf8C\x9f\xec\x86\xa7\xe6\x15\xfe[\
\xd4\xe2\x03\xd8\x07Vue\xb8L\xe1v+]\xfd,\
\x17\xcf\xdf\x0cy\x01HiER=q\xee\xf01\x85\
\x08u>K\x89\xd3\xady\xfdD\x82\xb5\x82\xa0\x85\xcb\
\xa0n?/S\x17\xfd\xe6\xcd7\xaa*\xda&qL\
\xfe\xd4-K|\x1c\x0e\x9e\x9f!\xac\x90\xb0\xc0\x97\x1e\
\xa5\xfe\x88\x08\x90R\xad.\x85jO\xd0W\xa8\x03\xf0\
i|\xb2\xe8a\xc7\xf65x\xdd\xb5\xaf\x847\xbc\xfe\
5p\xe9%\xcf\x80\xd5U4\xf8^__?\x8d\xf7\
N\x15/\x80e\xcb\xcad\xa5\x93.\x84\x0f>\xf4\x08\
\xfc\xc1\x1f\xde\x03\xb7\xff\xd6\xef\xc2]\x7f|\x1f\x1cY\
\x00L&\xabD\x08\x90\xde,r\xd2\x1c\xa22\xdf&\
\xcb\xf9\xc7\xba\x89aan\x92tV$a`\x80\xc7\
\xc0\x22\x07\x0br\x00N\xdb@\xb8(\xd9\x06@0\x0c\
\x95Dm\x16\xd0I\x9dq\xae\x13\xfe\xd7\xe1Suv\
;)\x01\xd0\x9c\x9a\xa7\x8b\x1eS\xa4\x1ep\xe4\xac\xf3\
\xb7\x95.<\x1e\xb2\xd5z\xee\xba\x9c\x8f\xaeG\x04G\
WYS#\xba\xccmj\x9f\xef\xa3\xe5\xc6dq\xd7\
\xd7q\x09\x8d\xd6\xd1ls\x92\xa2e\xf2\xf7\x0c\x90\xad\
\xe7\x82\x9c\x17\x19s\xb5\x0c0#\xe1Q\x11)\x0b\xbd\
\x894_\x93*\x00\xd5T\xb2\x97\xa9E\xfe\xd3\xf3\x8b\
\xe2\xef\x0a\x22\xaf\x12\x88\x0ea*\x9f\xe95\xae\xef\x05\
\x7f\x1bo\x88pYl\x9e}\x99\xa2Y\xad\x7f\xdd\x95\
\xafy\x1e<\x02Z!\xfc\x12\xa8\xa81\x1a\xe2\x05\xa5\
H\xba\x91d\x1b\xa1\xee\xb8\xf1\xd3\xa7\x19\xb5\xb4\x8dy\
\xbf\xc4\xb3h|\xcb\xe7C\xec[8\xa7\x8b\x1eV\xa7\
\x0bx\xc5\xcb\xaf\x82k\xafy\x05\xbc\xe8\x85W\xc2\xf6\
3\xcf\x88\xc1\xbd\xd6\xd6Ns\xfb^9M\x09\x8d(\
}\xbf\xe8g\x0b\x80\xaf\xdd\xff\x00\xfc\xde\xef\xff!\xfc\
\xce\xa7~\x1f\xbe\xf8\xe5\xaf\xc2\xa1M\x80\xe9z \x06\
\xf0\xe4\xa6\xd8\xd3\xb4\xb4|\x98\xb3!]\xe0\xdet\x9c\
\xf7\xcc\xb1\x04\xa0\x88.N\x1ai\xb1\x854g5*\
\x0d\x87\x140nq\xfeI\xec+\x8d\x88\x1b~\xef\x8e\
\xd8\x8e\xbe\xa2g\xad5s85\xe2\x00\xc6 {\xdf\
\xbe \x8cS\x07\x22\xb1\x00\xb8\xecwXb\xe0Yo\
g$\x97%1\xba\x9fXKD\x91,9D\xd9\x7f\
\x92\xbc\x0e\x00|\x96>\xd4\xb2\xe7\xa9\xbd[B\xe7\xca\
\xf5\xe3\x88k\xfdS`\xa1l\xf8H\x1c#\x87\xde\xa5\
6\xe4\xf7v\x0c\xb8,C\x12\x00\x8d(\xf5\xbe\xe5\xf8\
\xfc\xb2\x0fOB\x8d\x04Kn/Jo*\xea\x1d\xee\
\xb75\xac\x88l\x16\x0b\xe4\xe2\x99\xd8\x5c\xa2\xa0\x84\x02\
\x11\xbb\xe5~\xf9\x9eK\x09\x937'\xf7\x0c\xcb\xe5\x92\
Y\xef\x06\xf4\x07Q\xe2#\x8c(\x157_\xb3[\xa9\
\xaa%\x16\xf4\x8e\xdc0\xe3\xb7\x9c\x94\xaaF\xfc\xf2\xb9\
3\xb9LR\xd6\x82 Y\x8a\xa1x\xc4^j\xdb\x22\
\xdc\xde|\xaf\xb0.\x9e\x8f\xf0\xfb\xe6l\x06\xdb\xb7N\
\xe1\xea\xab\xfe\x06\xbc\xe6U/\x87\x97\xbe\xe4\x05\xb0{\
\xf7\xce\x18\xc5/TX]Y=\x8d\xe3\x1a\xe5\xf4\xe2\
,Y\x16\x8bE?_,\xe0/\xbf\xfe \xdcs\xf7\
\xff\x82\xdf\xfd/\x9f\x81\xcf|\xee^\xd8\xb3\xf7\x10t\
+\xeb\xe4\x1f\xcc\x08\x22S\xfc\xf8\xdb\x1c&\xdd<F\
\x99\x8a\x82\xaa~\x01\xf3X7\x5c\x85\x00|W\x92+\
\xa0\x14-#\xd0\xc0\x10\x9d\xf1\x22\xd4\x92\x06\x89\xdd\xb4\
Y\x08\xd5\xefr\xe3\x1d\x8e\xa0\xa6C\x16=\xe1\xff\x0e\
\xa0+j*\x04=\x86\x00\xb0\x11\x0d\xa5\x7f\xb0\x0c\x95\
J\xd1\xd5D?\xbej!\x00\x14\xee_\x8e] )\
\x82(>B\xf5\x0d\x15\xb3\xeac2@,\x19\x11\xaa\
\x94V\x9au\x8a\xe3\xed\xe6\x11(\xa2\x1b\xe8\xa2\xe4\xb8\
\x0b\xa3\xcc~\xa9+\x1dD\xf4Q\x8f\xcaSw\xe7\x8a\
\x5cV\x8a\x8a\xb8$\x010\x1e\xa8x\xb51\x9fA\xd4\
\xb1G\xfd{\xe7F\xfe\xabK@\x0c\xd1\xa8\xb8f\x5c\
\xd5!\x02 H\xf3&KLF\xeeO\xd0\xf9K\xce\
\x9e\xc7\x96\x08}\xd2K\xf3X\xe3J;\xaa6\xd5\xae\
L\x8aS\x10\x07K\xaa\x00<x \xc6\x1aW\xc8\x95\
\xb0I\x02 \xa8\x00\xc2\xb7\xc1\xaa~\x98\x10\xe5\x80\x5c\
|v0\xa3J\x80\x813<\x91t'f\xc5>\x92\
\xbb\xad\xa4\x08\xc3\x91\x9c\x1f\x86\xef:\xef,\xb8\xe6\xd5\
/\x87\x97\xbe\xf8\xfb\xe1yW\x5c\x06;wl\xa33\
\xda\x9dF\xfaK\x94\xd3\x04\xc0c\xccB\x18\x8e\xdc\xde\
}\xfb\xe1\xcf\xff\xfc\x1b\xf0\xd9\xbb\xbe\x00w~\xe6n\
\xb8\xe7\xde/\xc3\xbeC3\xe8\x01\x09\x82\x98\xa4e\xba\
\x80Y0\xc8\x9b\xf7\xd0\xcdC<\xebi\xc8\xc6\x1d\x8d\
op\x13\xa6\xd0O\x831N\x10\xff2\x98\x12\xbe\xc3\
\xbca)iH\xc3\xc0\x9a\xc7\xa7\x98\x07\xd4\x95i\xe4\
\x8f}\xc8Z\x0a8\xc4\xff\xac\x88\x7fpM\xf2O\x83\
\xacZ\x88\xbfMp\xc8\x01\xcbX\xfd\x225\xb3iG\
<\x19\x1c\xffxu\x02#H!\xd7/\xd4\x22,\x09\
\x92\xf5\xc5\x0c\x82\xaeZ\xcd\x11\x91]N\xd8\xc2!\xa5\
\xf3[\xad\xb7\xb6\xe2\xd4\xca\x9c\x9c\xcb\x9d\x09\x1e\x13u\
n0XQ\x96\x82\xa46E\x5c\xfb\xf1\xeb\x97g\x85\
\xe3)\xd5dZ\x5c\xac%\x05\xd2\x03 \xb5\xb4@K\
~\x7f\x04m\x91<\x8e!cfV\xcb\xe0\x97\xd8\xe6\
dD\x9b\xae:\x818c\x95FXe\x8f\xa4\xf3n\
\x22\x0a\xd6\x08\xeaR\x1aVA\xf0io\xe9\xdc\x1b\x0f\
\xa2\x1aq_\x93`IF\x02K6\xe0\x8d7\xc1$\
N\xcb\xae{R\xa7\xcf\xd1Pi,\x1d\x22\xfd\xc0H\
\xcdgA\x0b\xbd\x82$A?\x8b\xb9\xb5\xba\xc9<\xa6\
-\x9e\x05\xb6\xa8\xef`s\xf3 \xec<s+\xbc\xe4\
\xc5/\x84\xab_\xf0<\xb8\xfa\x85W\xc0_{\xea\x85\
\xb0\xbeFA\xdcB\xbc\x08\x0a\xf8v\xba,WN/\
\xda\xe3X\x16\x0b\x0c$|\xe0\xe0&\xdcw\xdfW\xe1\
K_\xfa3\xb8\xe7\x9e\xaf\xc0\x17\xbe\xf8\x15\xf8\xcb\xbf\
:\x08\x8f\x1c\xd8\x0b\x8b#\xdf\x82\xf5\xad\x1b\xd0\xad\xaf\
\xc0$\x88\x1bg\x13\xd8\xec\xd6\x82a\x01\xac\xf4k0\
\x992\x07\xbcH\x5cn\xe0G$\xe0M\xfd\xb5\xb8\x19\
\xe6\x98\xa4\xa8U\x18\xcfD`\xc1\xb7\xb4\x11F8\xeb\
\xf8\x18\x19\xb5D\xac\xe69\xbet\xdb,\xfa\x90\x84\x83\
y\xae\x01UL\xf4LH\xd4\x86\xb9m\x8d\xa9\x9c\xdb\
r\x88K' \xf2\xb9}\xd9\x17\x22\xeb\x1c\x8e\x98\xe6\
\x94\x17\x13\xbf\xe7?\xdd\xb0\xbdi\xa4\x09A1\xf7\xdd\
\x1a\xbb\xecB\x22wI`\xf0\xefl\xbfR\xb4Q1\
z\xcbU\xf3\x04\xd8\xad\x0d\xcf\x8a\x99oc\x8c\x9d\xf7\
\xd3 \x93\xd2h\xaf\xe4\xae\xad$\xca\x0dkl\x08(\
n\x9f\x11X\xa9\xa7\xf69\xe5\xcc\x99v\x05\x02OR\
\x00A\x9c\xe7\xfe\xfd\xc5\xb0\xdf\xdb9\xda9Y\x8e\xdd\
_\xd5ZqT\x0b\x85\x1e~\xf8|\x15\xad\xaa\xc9\xf1\
w\x9c\xaf\x84\x01\x11\xaa?\x03$\xdb\x9c\xcc\x01\x16\xab\
\xb0\x12\xec\xa9\xb6\x06\xc3\xd3\x09\x1c:<\x83\xc5\xe6\x1c\
V\xa7+\xb0\xbav\x04\xfe\xfa%\xdf\x0dW_\xfd\x02\
\xb8\xfc\xf2\xa7\xc3\xe5\x97=\x07\xce?g7\xac\xada\
\x22\xa0(C\x98\x9e\x16\xed?\x1e\xe54\x01\xf0\x1d\xb6\
\x1d\x08?\x17\x8b\x1e\xbe\xf9\x8d}\xf0\xf9\xbb\xff\x18\xee\
\xbb\xef\xf3\xf0\xd5\xaf\xdd\x0f_\xfb\xe6Cp\xf8\xd1#\
\xb0\xff\xe0\x0a<\xb8\xa7\x83G\xf6m\x85~\xe5[\xb0\
\xbe\x16\x80B\xe0\xae\xd0\x9a5f\xa7\x13\xbaK\x0c\xbd\
\x8b\x88\x1bA\xa5o\xbd\xcfw[\xe6-\xc7\x06,\x01\
\x80\xd0\x0a\x8d\x03\x85/.\x1f\x0fT\xbc;\x08%s\
\x84\x1a\x5c\xb7\xad\xc4\x97_\xc4QQV\xb0j\xcd{\
\xa00R\x1c\xfa\xc6\xbe'\x91\xa5k\xf4\xa5K\xdd8\
\x8e\xad\xcc\xb3\xea\xc2\xe3r\xc7\xcdQ\xb4\xef\xd5Q\x7f\
9<\xac\x18\x13\x8b|\xe9\x8d\xfa:\xdb@`\xab\x92\
c\xaf\xef\xaf9\x8f\xee\xf8\x08\x89\x9a\xb1Jd]\x9b\
M\x89\xfc:\xf7\x9cH^^~\xc7cd\x91:J\
\xd9\xa4\x94+#3w\xff\x12q\xbe\x0c\xd2\xb4\xc81\
\x97\x94\x0a@\xeb\xa9\x12\xe2\xf4\x89\xe0e\xee\x96\x7f\xbe\
\xaa\x04\xd5\xd2^6B\x22\xc6\xf8\x9e\x82\xa5\xe1[\x14\
\xdb\xcc\xe7=,b>\x85\x0e\xe6\x935\xd8\xba\xb1\x01\
\xe7\xef\x9e\xc1\xd9\xbb\xe6p\xc1y\x17\xc2\x93\xcf\x7f\x1a\
\x5c\xfa\xac\xef\x81+\xae\xbc\x02.|\xea9\xb0u\xcb\
\x96\x98\xfa8\xaa\x80\xd0`\xf44\xae\xfa\x0e\x94\xd3\x8b\
z\x8c\xcb\xa1\xf9f??r\x08\x0e\x1c:\x02\xfb\xf7\
\x1e\x81=\x07\x17p\xff\xb7\x0f\xc2\xff\xdb\xbb\x09G\xf6\
\xee\x81=_\xfb\x16<\xf4\xc0\xc3\xb0o\xef\xa3\xb0\xef\
\xd1\xfd\xf0\xe8\xa1\xc3\xb0o\xdf~\xd8\xfb\xe8\xa3p\xe0\
\xc0\x018x\xf8\x10\xccg\xb3\xe0\xa1\x10\x0d|\x0a\xfd\
\xa1\xd00\xe2]\xcc2\x00\xbc\xa62;\x18\x11\x04\xf2\
o\xd6\xc1;\xbam\xcda\x10\xa0\x10nC\xa8#\xcc\
\xc4G\xee\xd5\x17\xf1\xfb\xdc\xb3\x08\xeb%\xbe\x17\x1d\x8c\
Nf\xd2\xbb\xd2\x8dld\xa69\x17\xd1\xbf\x12\x5c0\
\x01`\xbaY\x02\x1e\xd5\x88\x06\xe6\x16\xc5\x13\x01\xb0y\
\x1c,.\xb7\x9c0s\xabF\x84\x9e\xd2\xc1\xd6l\x12\
\xf4\xbbl\xf4\xc5\xdc\xf1P\xa0\x22\xbd\xbe\xfe\x1e\xa6\x0a\
8#\xf5\xbe\x5cs&D\xe2\xef\x22<n\x1a\xbb\xdf\
zn\x8d\x13\xe5\xc4o\x11\x89\xc6\xad\xaf\xd2\x8e\x8b(\
II\x99\xf1\xd4\xf7\xbd\xcb\xed\xe7\xe7\xdck\xbb\xa4\xfa\
h\xc0\x93$\x0c\xb9\x94\x12\x8482\x9al\xb6y0\
\xe4\x9c\xedZf\x03TD\x0a\x9d\xbb\xa9|W\x8es\
\xd0\xfd\xbf \x08h](\x1fF7\x9d\x06\xf1;\xac\
\xac\xac\xc2\xea\xca\x1a\xac\xafo\x81\xad[\xcf\x803\xce\
\xd8\x08~\xf6p\xe6\xb6-\xf0\xa4\x9d;\xe0\xa2\xf3\xce\
\x86\xf3\xcf;\x1bv\x9d\xb3\x03\xce\xb9\xe8l8{\xfb\
9\xb0ue\x136\xce\x00\xd88\xf3\x0cX[\xdf\x80\
\xae\xdb\x82\xd1P&\xa7\xc5\xf9p\x8c\xca\xff\x07Y\x81\
\xc5y7\xb9y\xcb\x00\x00\x00\x00IEND\xaeB\
`\x82\
\x00\x00\x00\xf8\
<\
?xml version=\x221.\
0\x22 standalone=\x22n\
o\x22?>\x0a<!DOCTYPE s\
vg PUBLIC \x22-//W3\
C//DTD SVG 1.1//\
EN\x22 \x22http://www.\
w3.org/Graphics/\
SVG/1.1/DTD/svg1\
1.dtd\x22>\x0a<svg vie\
wBox=\x220 0 12 7\x22 \
xmlns=\x22http://ww\
w.w3.org/2000/sv\
g\x22>\x0a    <path d=\
\x22M1 1l5 5 5-5z\x22 \
fill=\x22#5F6368\x22/>\
\x0a</svg>\
\x00\x00\x01\x15\
<\
svg xmlns=\x22http:\
//www.w3.org/200\
0/svg\x22 width=\x2224\
\x22 height=\x2224\x22 vi\
ewBox=\x220 0 24 24\
\x22 fill=\x22none\x22 st\
roke=\x22currentCol\
or\x22 stroke-width\
=\x222\x22 stroke-line\
cap=\x22round\x22 stro\
ke-linejoin=\x22rou\
nd\x22><circle cx=\x22\
11\x22 cy=\x2211\x22 r=\x228\
\x22></circle><line\
 x1=\x2221\x22 y1=\x2221\x22\
 x2=\x2216.65\x22 y2=\x22\
16.65\x22></line></\
svg>\
\x00\x00\x01\x5c\
<\
svg xmlns=\x22http:\
//www.w3.org/200\
0/svg\x22 width=\x2224\
\x22 height=\x2224\x22 vi\
ewBox=\x220 0 24 24\
\x22 fill=\x22none\x22 st\
roke=\x22currentCol\
or\x22 stroke-width\
=\x222\x22 stroke-line\
cap=\x22round\x22 stro\
ke-linejoin=\x22rou\
nd\x22><path d=\x22M20\
 9h-2.42l-2.84-2\
.84a2 2 0 0 0-2.\
82 0L9.42 9H7a2 \
2 0 0 0-2 2v10a2\
 2 0 0 0 2 2h10a\
2 2 0 0 0 2-2V11\
a2 2 0 0 0-2-2z\x22\
></path><path d=\
\x22M10 2v5h4V2\x22></\
path></svg>\
\x00\x00\x08)\
\x89\
PNG\x0d\x0a\x1a\x0a\x00\x00\x00\x0dIHDR\x00\
\x00\x00 \x00\x00\x00 \x08\x06\x00\x00\x00szz\xf4\
\x00\x00\x00\x01sRGB\x01\xd9\xc9,\x7f\x00\x00\x00\
\x09pHYs\x00\x00\x0b\x13\x00\x00\x0b\x13\x01\x00\x9a\
\x9c\x18\x00\x00\x07\xceIDATx\x9cUWmp\
UW\x15]\xe7\xdc\x9b\x9b\xe4\xbd\x90\x10H\xda\x86\x22\
\xb5\x03Z\x9b\xd2\x04DH\x06\x22\xdav\xac\x05\xfd\xa3\
\x03\xad6\x9d\xfa\xc9T\x98v\xea\xa8\x9d\xd16\x99I\
\xfdc\x15\xaaBi;\xca\xe0\x0f\x1dK\x8bZ\x1cf\
:PjB\x11\xb4M\x8b\x95\xe9\xb4bG0\x92\xaf\
&\x03\x81\x14\x1e/\xc9{\xef\x9e\xe3>\xdf\xb7o\x92\
\xfb\xde=\xf7\xdc\xb3\xf7Y{\xed\xb5\xf7\x89\x91\xf9\xdc\
\xb4\xee\xa1\xd6\xe2\xcc\x5co\xa54\xd7%\xa5l\x01X\
\x04HH\x99\xd2\x97\x84\x00\x03\xa7{H\xfa\xc5\xb9\xfe\
\x96B@\xd03\xf3\x91\xe6\x9f\xee\x19c4.\xf4=\
\x03\xd2\x88\xb3\xb1$\xa9:\xbe\xe4\xfa\xe6\xbe\x13\x87\x9f\
>\xe3l\xc6\x19\xe3\xbdW\x0as=4=Q\xaf\xb8\
%\x99^ \x5c\xcd S6\xd4\xc2t\xe1\xd6\x88P\
\xc3\xe4\x90T.\x833\xfb\xb6\x9e'#\x91\x8a%3\
\xc5\x99\xee\xb3C\xa3\x9b?u\xdb\x96\xc7N\x1e\xdd\xb3\
\xc3;\xf0\xf1u\xdf\xed-\x5c\x9d\xfb\xb1\x9a,\xd2\xd9\
\xb0\x1b\xbd\x13\x8d\x81\xde\x91\xbb7\x8f\x84\xf6\x801\xbd\
C\x8d\x8dr\x82sc\xd4\xbb\xcd\x0264\x15i*\
\x92\xe1\x91\x89\xed\x1dw<P\x1a\xec\xff\xd5\xae\xf8\x86\
\x95\xdfl\xbdZ\xb8\xda#\xed4\xbb\xbe\xdf\xa9\xbe\xa3\
of\xb7\xac\x1d\x81\xf0\xf8(\x07\xb8~UhGa\
W \xc8!\x08\x0d\xa1\xa3\x92Y]\x1a\xa4F\xc7'\
\x9f\xfc\xc2=\x8f\x1c\x8eK\x15\xd6K1N\xf4\xb26\
f\x80\x81\x95C\x18g\xa4\x89-\xf1\xc2\x9a`\x1ev\
=&\xcd\x5cm\xdc@N\xc6S=\xeef\xc2\xa2(\
\xa5A\xb2\x5c\xae\xc4\x93\x13S\x0f\xaa\x10tI\xb3\x19\
\xfd\xa2\x9e\x00\xbb+\xb0\x0f\x19\x87\xdb\xa9\x0c\xf3\xb5A\
\x1aH}x$\xc2~\xa5}]\x06\x82\xfae%\x8a\
3\xb3w\xc7B\xb1]\x86\x87*\xb6\x9c\x85\xcc\xe0\x16\
\xd8\x00:4\xeb\xb5-\xcb\x8f\xc0\x15c\x8b[^\xb8\
\x01\xcd\x97\xc0\x04\xff\xfb\xd2t\xe1Z\x85@\xa4\xe2\x08\
\x0d\x9b\xf01r\x13\xa5\x85V-*-\xf8\x9c;&\
\x0a\xbf\xa6\xe6\x86\xb0\xc4\xf4&\x98%\xb0\xb3\x9da\x18\
9V\xa9\x94\x10KQ\xf1\xde\xabAeHo\x8d\x06\
\xbb:[\xb1\xe8\xda\xf9v\x17\x19\xe7\xddGJ\x8f\x80\
1\x18\xd0P?\xcb\x95\x0a\x8e\x0c\xbc\x81B\xa1\x08\x0f\
I&D\xca\xc1\x98e\xfc\xf5\xb9K\xb9}\xef\x97\xd7\
c\xfb\x03kH\x8a\xaa \xe7N\xe3B\xfev\xcc\xaf\
\xcf\xa3\xaa*\xf2\xf6\x99\xb5d\xec[z\xda\xbc\x93V\
\x8c\xde\xfc\xc7\xbf\xf1\xc5\xaf\xfe\xd0`!\xa4\x8d\x8a\xf0\
\xbc\x8a\xb3\xb0x\x96\xd2\xa7\xfd\x96\x1b\xc1\x1aZ\xcc\xa2\
9\x8e\xba\xaa\x1aDQDsx\x80\xd1\xb2\xc2\xd8\xe4\
Yh\xfc\xbc[\x97/\xd5j\x09\xe6\xd0\x0aH\xa8\x10\
\xc6\x8e^\x1c.\x83\x8dg\xbb\xfaK\xf8\xfdH\xceF\
=G\xa3)-Z\xd4\xca\xe7\x5c\xe6V\x07f\x86\x07\
1;\xf9\x8e^\xb3\xfa\xbav\xd4,^\x15\x90HK\
\x19\x12\xaa\x8f@\x96\x12\xb1\x8b\x99\x90F\xd5\x5c\xa8\xa7\
\xae0\x14\xa7R+\x1e.j\xf6\xaa\x84I\x81Z\x9c\
D\xcb\xbb\xbd\xe8\xb9\xe9(\x96/\xbd\xac\x97>u\xa1\
\x1e\x8f\xbf\xb4\x01\x97V\xf4!\xaa\x99\x07&R\x8b\xac\
px\xc1\xa5\xa4Z6\x966^\xc1\x90\xb4Rj\x5c\
\xb9\xeb\xd6\x18\x8f\x7f\xa9\x06\xfb\x07\xe7\xf0\xec@\x19\xc5\
23\x1c\xa5\x02\xb5\xe8\x9dG\xf1\xa7\xae\x838Z\xe8\
\xc4\xc3c\x1b\x08\x91\x14\xf77\x1d\xc4\xa1O\xef\xc3\xc6\
\xe3).u\xfc\x92\xe61\x1d{\xed\x84\x17.\xa1\x91\
P\xe1\x8e\xb5)f#h5\x5cW?\x1b\x8e\xc6\x1c\
C}-\xc3\xb7?[\x8dMk\x12<\xf7Z\x19\xbf\
9V\xc6\xd4{\xaf\xa2\xaf\xf5U\xbcry-\x1e\x99\
z\x82\xb0\xaf\x03'\x8e\xbc~q#\xf64o\xc5\xa3\
\xcb\xfa\xf1\xf0\xf8\xdb\xa8\xb9\xae\x15\xb6X\xe8Z l\
\xfa:a\x8b\x03\xb6\x8eX<\xe4u\xc80\x0c\x9dO\
\xb1\xa0\x8ec\xdb\x1d\x096\xad\x8eq\xdf\xd6\xd3X\xd9\
\xf4\x01\xbe1\xd1M\xc6\xe7Ar\x8afT\x8d\xa4&\
\x8f\xfd\xb3\xdd\xd8\xb9\xf8\xfb(\x9d8\x85\xeakn\x0e\
\xc1\xb3\xc43\xeb\x9b\xfbX\xb3\xd5z$]\xc5\xb31\
\xe2,\xc4k\xe0\xb4\xc0\xaf\x8f\x15\xd1\xdd\x99`\xeb\xed\
\xd5hi0R\x1c%\xb54/G~W\x11?i\
~\x14S\xaa\xd6RU5\xc6\xca\xe5\xb2\xdf\xad\xcc(\
\xae\xdbtl\x0a\x09\xb4\xf1P<<\xd7,\x9bM\xb1\
\x9d\x9d\xe3\xa6\xd1\xa0\xb4Z\xb1|\x19\xfe\xf9^\x03\xee\
\xab\x7f\x01o]\xfe\x0c\x19\x8f\xb4q\xf5\xd2=\xb5\xfb\
\xd0?\xd2\x0c\xde\xf0Qr\xcel\xd0\xa4\xab\x89{\xd0\
\x01\x9d\x05A>yF\xb35e\xa4\xf4^\xaf\xff\x04\
\xc7\xe7\xdbj\xb1h>GaF`\x98\xad\xc0\x8b'\
W\xe1\xa5;_\xc6\xee\x86-\xf8C\xe5\xeb\x88\xc9\xd6\
W\xe2\xbd\xe8\xe0\x7f\xc5\xb3\x17\x17#\x99\xf9/\xf1b\
mF-\x8dQ\xb5\x01f\x9b\x9a\xd8\x160\x9d\x82\xb0\
7.\x1d\xad<\xe9\xeb\xd2k\x18*)\xc3\xce?\x9f\
\xc7\x9e#\xd3\xb82G\x0b-\xfe\x1e6\xbe\xcc\xd0\xd3\
\xf6\x16\x9ej9\xa2\xa7\x0e\x8c5a\xdf\x07M\xf8N\
\xdb0\xda\xa7~\x8a-\xef\xa6\x99\xb4\x93\x16MCH\
eE\x93P\x1bt\xbb\xb5)\x02[D\xca\xa9\x81o\
\xdf\xb1K\xf8\xf9\x8bS\x18\x9f\x16\x88\xaa\xf3\xe0\xd5\x11\
\xaa\xaa?\x86\xb1\xba'\xf0\xad\xd1S`\xa7\xcf\x1a\xec\
\xe6-C\xfeB?>y\xfd\x01t,\xbc\x88\xbd\xf2\
g\xb8\xf7?\xb7`6\xe5&\xc4RdDJZ%\
\xf4\xb5\xde\x15\x92\x08.w\x0e\x9c,a\xe0\xe4y\x9c\
{\x7fF\x13\xae*\x97\xa8r\xa8\x9bR\x16\x13\xebs\
T\x1f\xea\x16\x12\xac\xb7\xe9\x1e\x96S\x9c\xc5G:\xb0\
\xe9o\xc0\xfe\xb5\x07\xb0\xa6y\x1aw\xddp\x01\x07\xce\
6\xdb\xce\xd2\xea!\x09\x14\xa9\x94\x11\x22X!\xb2I\
\xa0\x11)M\xbc\x8d\xda\x1b\xd7C\xd0\xa2\xd3\xa2\x11\xb9\
\xfaXq\x9e\x8c+\xb2\x91\xa1\x88\xeb,Q\xff,J\
4Iu%U\x8b'9TV\xf5`\xf3\xdf\x81;\
\xe7\x0d\xe2\xc8\xb9F\xd3\xd2Ix\x12\x1b\xc23\x95\x05\
\xcc\xe8{\xa6B\xa9\xfftt\x10S\x87\xce\x11Kr\
\xba\xf5R\xae\x8bT\xf8\x0c\xf2\x99b.\xb6W\x10\xb6\
\x0b\xb2jW\x91\xf8\xddh\x13\xf5\x87\xdc;\xa7\x9e\xe9\
\xd6O\x1a\x01\x8c]\x99\x04\x0b\x8c\x87\xee\x8a\xe8i\xe1\
}\xa8~Ax\x93\xcc\xc3\xc7\x5c\xa7\xe4\xba!i\xfa\
@\xc6B\xfb\xae\xbb#\x1e\x992\xef\xfa\x00)\xfd\xbb\
\xba\x1a\xd2\x0b\xd4\xce\x89\xc8\x0b\x10s\x8ah\xf5\x93\x14\
\xce\xb5XNP\x5c\xa95\xf7\x86\xa4j\xc7\xcc\xf7\x03\
f\x5c\xdaF\xc6<s\xbfS\x0f_\x92$\x94\xba\x0c\
c\xb4\x8b%.\xf1\x5c/\xafPQKG\xcc\xd5\x07\
\xf9\xe1\x96\xce`\xe1\x8f+\xa6\x97\xb1-\x18\x5c\x9e\x1b\
4\x83\xb8\x89\xe0(\xcdi^\xd80\x1eW'\xec8\
\x1d\x16\xba\x9d\x97\xa1\xf7\x92V\x98\x5c\x86\xd8\xd4\x11\x22\
\x94e\xbf\xb0\xf4\x89\xc4a\xce\x02NU\xbd\x98\xeb\x10\
\x88\x80\x10\xfd-hlx>^\xb6\xa4\xa5\xef_g\
F6\x97+\x22q\xc8;\xa9\xd4\xe7A+\x18\x8cI\
\xef\x8b\xd3\x0aC\xbc\xd4\x93\x8b\xce=a\x8a\xce\xf9\xe0\
 \xb3\xda\xee\x1c\xcb\xe7si\xc7\xea\xb6\xdd\xf1_\x0e\
\xee8\xd3\xf9\xb9m\x8f\x0d\x0dOn\x87\xeb\xdb\xf4\xcb\
\x96\x0f\xd2\xc5\x93\x05\x0e \x94S \xb0:4\x9e\xe6\
\xac`\xc0\x14\x90\x08\x1d\x11\xb3\xbf;W\xb7m\xdb\xf1\
\x93\x1f\x0ci%|\xfd\x95gvtmx\xa8\xf4\xbf\
\xe1\x89'\xcb\xa5R\x1c\xca\xa7;ne2\xc43\xdf\
\xc4WXC\xeeP\xe2\x102\xf1\xcfVAC\xd0|\
\xbe.]\xd7\xd9\xbem\xef3}{\xfe\xf8\xdc/\xc2\
\xe9\xf8\xc4\xa1\xa7vm\xfaZ\xef\xe1\x91\xf1\xf3\x0f\x16\
._\xb9\xfb\x22\x1d\x1a\xca\xe5\xc0\x81@*\x99\xd9\xa8\
\xcc\xb0>t\xc7\x9e\xa7\xcc\x90M\xb1\xbd\xb9\xa9a|\
Ac\xfd\xf3+\xdbo\xde\xbds\xfb\x8f\x86^\xf8\xad\
>\x1c\xe3\xff\x8f\xe1\xc4\xb3\x8cM\xcf\xaf\x00\x00\x00\x00\
IEND\xaeB`\x82\
\x00\x00\x00\xf9\
<\
?xml version=\x221.\
0\x22 standalone=\x22n\
o\x22?>\x0a<!DOCTYPE s\
vg PUBLIC \x22-//W3\
C//DTD SVG 1.1//\
EN\x22 \x22http://www.\
w3.org/Graphics/\
SVG/1.1/DTD/svg1\
1.dtd\x22>\x0a<svg vie\
wBox=\x220 0 24 24\x22\
 xmlns=\x22http://w\
ww.w3.org/2000/s\
vg\x22>\x0a    <path d\
=\x22M6 6h12v12H6z\x22\
 fill=\x22#202124\x22/\
>\x0a</svg>\
"

qt_resource_name = b"\
\x00\x05\
\x00o\xa6S\
\x00i\
\x00c\x00o\x00n\x00s\
\x00\x09\
\x0alxC\
\x00r\
\x00e\x00s\x00o\x00u\x00r\x00c\x00e\x00s\
\x00\x08\
\x02\x8cT'\
\x00p\
\x00l\x00a\x00y\x00.\x00s\x00v\x00g\
\x00\x0f\
\x04W\x87\x07\
\x00s\
\x00t\x00o\x00p\x00_\x00s\x00e\x00a\x00r\x00c\x00h\x00.\x00s\x00v\x00g\
\x00\x09\
\x0c\x98\xb7\xc7\
\x00p\
\x00a\x00u\x00s\x00e\x00.\x00s\x00v\x00g\
\x00\x08\
\x05\xa8\x5c'\
\x00c\
\x00o\x00d\x00e\x00.\x00j\x00p\x00g\
\x00\x08\
\x05\xe2Y'\
\x00l\
\x00o\x00g\x00o\x00.\x00p\x00n\x00g\
\x00\x12\
\x0e\xcfq\x07\
\x00d\
\x00r\x00o\x00p\x00d\x00o\x00w\x00n\x00_\x00a\x00r\x00r\x00o\x00w\x00.\x00s\x00v\
\x00g\
\x00\x0a\
\x08\x94m\xc7\
\x00s\
\x00e\x00a\x00r\x00c\x00h\x00.\x00s\x00v\x00g\
\x00\x0f\
\x04\x18\x9b\x87\
\x00f\
\x00o\x00l\x00d\x00e\x00r\x00_\x00o\x00p\x00e\x00n\x00.\x00s\x00v\x00g\
\x00\x08\
\x0aaZ\xa7\
\x00i\
\x00c\x00o\x00n\x00.\x00p\x00n\x00g\
\x00\x08\
\x0bcU\x87\
\x00s\
\x00t\x00o\x00p\x00.\x00s\x00v\x00g\
"

qt_resource_struct = b"\
\x00\x00\x00\x00\x00\x02\x00\x00\x00\x01\x00\x00\x00\x01\
\x00\x00\x00\x00\x00\x00\x00\x00\
\x00\x00\x00\x00\x00\x02\x00\x00\x00\x01\x00\x00\x00\x02\
\x00\x00\x00\x00\x00\x00\x00\x00\
\x00\x00\x00\x10\x00\x02\x00\x00\x00\x0a\x00\x00\x00\x03\
\x00\x00\x00\x00\x00\x00\x00\x00\
\x00\x00\x00(\x00\x00\x00\x00\x00\x01\x00\x00\x00\x00\
\x00\x00\x01\x9b\x11<\x80\xc0\
\x00\x00\x00\xea\x00\x00\x00\x00\x00\x01\x00\x03\x9c\xc2\
\x00\x00\x01\x9b\x05\xde\x84\xd3\
\x00\x00\x00>\x00\x00\x00\x00\x00\x01\x00\x00\x00\xfd\
\x00\x00\x01\x9b\x05\xde\xc4X\
\x00\x00\x00z\x00\x00\x00\x00\x00\x01\x00\x00\x03\x09\
\x00\x00\x01\x9bX\x92\xb3\xcb\
\x00\x00\x00\x90\x00\x00\x00\x00\x00\x01\x00\x00q&\
\x00\x00\x01\x9bX\x8a\xa9\xd6\
\x00\x00\x00\xd0\x00\x00\x00\x00\x00\x01\x00\x03\x9b\xa9\
\x00\x00\x01\x9b\x05\xde\xa8\x19\
\x00\x00\x01\x0e\x00\x00\x00\x00\x00\x01\x00\x03\x9e\x22\
\x00\x00\x01\x9bX\x96L\xf1\
\x00\x00\x01$\x00\x00\x00\x00\x00\x01\x00\x03\xa6O\
\x00\x00\x01\x9b\x11<\xd0\xe8\
\x00\x00\x00b\x00\x00\x00\x00\x00\x01\x00\x00\x01\xfa\
\x00\x00\x01\x9b\x11<\xa9\x04\
\x00\x00\x00\xa6\x00\x00\x00\x00\x00\x01\x00\x03\x9a\xad\
\x00\x00\x01\x9b\x11S\xc5N\
"

def qInitResources():
    QtCore.qRegisterResourceData(0x03, qt_resource_struct, qt_resource_name, qt_resource_data)

def qCleanupResources():
    QtCore.qUnregisterResourceData(0x03, qt_resource_struct, qt_resource_name, qt_resource_data)

qInitResources()
